{"type":"FeatureCollection","features":[{"type":"Feature","geometry":{"type":"MultiPolygon","coordinates":[[[[-114.050355,36.843142],[-114.050276,36.838325],[-114.050261,36.83742],[-114.050257,36.837185],[-114.050254,36.837021],[-114.050249,36.836714],[-114.050246,36.836501],[-114.050243,36.836311],[-114.05024,36.836145],[-114.050237,36.835945],[-114.050234,36.83578],[-114.050231,36.835616],[-114.050228,36.835451],[-114.050225,36.835229],[-114.050224,36.835158],[-114.05022,36.834937],[-114.050216,36.834707],[-114.050214,36.834578],[-114.050153,36.830857],[-114.050137,36.829864],[-114.050113,36.828385],[-114.050115,36.827407],[-114.050119,36.825437],[-114.050121,36.824926],[-114.050122,36.824426],[-114.050122,36.824193],[-114.050123,36.823616],[-114.050127,36.821813],[-114.050127,36.821812],[-114.050129,36.821144],[-114.050129,36.821073],[-114.050129,36.821023],[-114.050129,36.821009],[-114.050131,36.820408],[-114.050132,36.819878],[-114.050132,36.8198],[-114.050132,36.819658],[-114.050135,36.818303],[-114.050135,36.818188],[-114.050136,36.817884],[-114.050137,36.817571],[-114.050137,36.817559],[-114.050138,36.817151],[-114.050139,36.816709],[-114.050139,36.816422],[-114.050144,36.814563],[-114.050145,36.813893],[-114.050128,36.811469],[-114.050123,36.810934],[-114.050111,36.809837],[-114.050109,36.809747],[-114.050104,36.809291],[-114.050097,36.808665],[-114.050094,36.808398],[-114.050091,36.808132],[-114.050089,36.80794],[-114.050088,36.807857],[-114.050087,36.807814],[-114.050045,36.804141],[-114.050041,36.803722],[-114.050007,36.800787],[-114.050004,36.80053],[-114.050003,36.8004],[-114.049999,36.800075],[-114.049995,36.79968],[-114.052658,36.799565],[-114.054632,36.799479],[-114.05764,36.798744],[-114.058647,36.798497],[-114.062147,36.797641],[-114.064608,36.797039],[-114.066654,36.796538],[-114.06707,36.796437],[-114.071443,36.795367],[-114.072267,36.795165],[-114.073142,36.794951],[-114.073505,36.794862],[-114.075667,36.794333],[-114.076418,36.794149],[-114.077641,36.79385],[-114.079945,36.793286],[-114.079956,36.793283],[-114.080432,36.793166],[-114.081829,36.792824],[-114.084157,36.792254],[-114.084679,36.792126],[-114.085182,36.792003],[-114.085496,36.791926],[-114.087276,36.79149],[-114.088702,36.791141],[-114.08885,36.791105],[-114.088933,36.791084],[-114.089432,36.790962],[-114.091681,36.790932],[-114.09345,36.790909],[-114.093577,36.790907],[-114.093691,36.790906],[-114.093723,36.790906],[-114.093753,36.790905],[-114.093851,36.790904],[-114.095578,36.790882],[-114.10245,36.789863],[-114.102597,36.789841],[-114.102785,36.789813],[-114.105734,36.789376],[-114.10733,36.789139],[-114.107462,36.78912],[-114.111705,36.78849],[-114.111705,36.788665],[-114.114839,36.788237],[-114.116212,36.787766],[-114.120702,36.786224],[-114.12272,36.785531],[-114.123741,36.78518],[-114.125213,36.784674],[-114.126574,36.784207],[-114.129699,36.783133],[-114.131928,36.782367],[-114.132504,36.78197],[-114.133742,36.781098],[-114.133848,36.781024],[-114.134689,36.780431],[-114.134689,36.780431],[-114.137235,36.778639],[-114.137638,36.778355],[-114.137737,36.778285],[-114.139141,36.777296],[-114.139617,36.776961],[-114.142712,36.774781],[-114.143208,36.774431],[-114.143652,36.774118],[-114.145779,36.772617],[-114.147723,36.771246],[-114.147724,36.774759],[-114.147723,36.774772],[-114.147752,36.774759],[-114.149202,36.774068],[-114.14999,36.773713],[-114.150786,36.77337],[-114.151589,36.773038],[-114.152224,36.772781],[-114.156369,36.771104],[-114.156741,36.770953],[-114.157131,36.770796],[-114.157397,36.770685],[-114.157652,36.770575],[-114.157903,36.770461],[-114.158153,36.770344],[-114.158399,36.770223],[-114.158644,36.770099],[-114.158885,36.769972],[-114.159123,36.769841],[-114.159359,36.769707],[-114.159592,36.769569],[-114.159821,36.769428],[-114.161254,36.768534],[-114.162963,36.767466],[-114.165759,36.76581],[-114.16585,36.765756],[-114.166315,36.765479],[-114.166566,36.765333],[-114.16682,36.76519],[-114.167077,36.765051],[-114.167337,36.764915],[-114.1676,36.764783],[-114.167865,36.764655],[-114.168134,36.764531],[-114.168405,36.76441],[-114.168678,36.764293],[-114.168955,36.76418],[-114.169233,36.764071],[-114.169514,36.763966],[-114.169797,36.763865],[-114.169849,36.763847],[-114.170082,36.763767],[-114.170259,36.76371],[-114.17037,36.763674],[-114.170659,36.763585],[-114.17095,36.7635],[-114.171243,36.763419],[-114.171538,36.763342],[-114.171834,36.763269],[-114.172132,36.763201],[-114.172431,36.763137],[-114.172732,36.763076],[-114.173034,36.763021],[-114.173337,36.762969],[-114.173641,36.762921],[-114.173946,36.762878],[-114.174252,36.762839],[-114.174559,36.762805],[-114.174759,36.762785],[-114.174866,36.762775],[-114.175174,36.762749],[-114.175483,36.762727],[-114.175792,36.76271],[-114.176101,36.762697],[-114.176411,36.762689],[-114.176721,36.762684],[-114.177031,36.762685],[-114.17734,36.762689],[-114.17765,36.762698],[-114.177959,36.762711],[-114.178268,36.762729],[-114.178577,36.762751],[-114.178885,36.762777],[-114.179192,36.762807],[-114.17926,36.762815],[-114.179581,36.762852],[-114.183762,36.763373],[-114.18376,36.760224],[-114.183754,36.752971],[-114.188259,36.752969],[-114.192764,36.752967],[-114.197269,36.752965],[-114.201774,36.752963],[-114.201928,36.749471],[-114.202082,36.745979],[-114.219894,36.746037],[-114.220128,36.742579],[-114.220363,36.739121],[-114.215869,36.73909],[-114.215815,36.736482],[-114.215792,36.735398],[-114.219736,36.735419],[-114.219897,36.73542],[-114.220116,36.735422],[-114.2203,36.735424],[-114.2203,36.735422],[-114.22067,36.73542],[-114.220683,36.735438],[-114.22083,36.735652],[-114.220935,36.735804],[-114.221026,36.735962],[-114.221127,36.73614],[-114.221188,36.736274],[-114.221263,36.736478],[-114.221348,36.736706],[-114.221375,36.736756],[-114.221465,36.736922],[-114.221542,36.737071],[-114.221624,36.737185],[-114.221693,36.737277],[-114.221736,36.737341],[-114.221861,36.737488],[-114.222045,36.737689],[-114.222051,36.737695],[-114.2222,36.737827],[-114.22236,36.73795],[-114.222693,36.738195],[-114.223943,36.73908],[-114.223969,36.739099],[-114.224455,36.739096],[-114.224789,36.739094],[-114.229216,36.739066],[-114.233643,36.739038],[-114.23807,36.73901],[-114.237447,36.749442],[-114.237445,36.753063],[-114.237418,36.760313],[-114.237411,36.762126],[-114.237405,36.763938],[-114.237391,36.767564],[-114.23738,36.770569],[-114.237378,36.770974],[-114.237378,36.771121],[-114.237375,36.771713],[-114.237375,36.771853],[-114.237372,36.772691],[-114.23737,36.773136],[-114.237144,36.773152],[-114.237009,36.773167],[-114.236909,36.773174],[-114.236757,36.773181],[-114.236656,36.773181],[-114.236554,36.773179],[-114.236453,36.773174],[-114.236302,36.773161],[-114.236202,36.773149],[-114.236102,36.773134],[-114.236004,36.773116],[-114.235857,36.773084],[-114.23576,36.77306],[-114.235618,36.773018],[-114.235524,36.772987],[-114.235432,36.772953],[-114.235341,36.772916],[-114.235252,36.772877],[-114.235165,36.772836],[-114.23508,36.772792],[-114.234955,36.772722],[-114.234836,36.772646],[-114.234759,36.772593],[-114.234684,36.772538],[-114.234577,36.772452],[-114.234476,36.772361],[-114.234411,36.772298],[-114.23435,36.772233],[-114.234291,36.772167],[-114.234235,36.772099],[-114.234157,36.771994],[-114.234109,36.771922],[-114.234064,36.771849],[-114.232894,36.771649],[-114.232808,36.771634],[-114.232109,36.771529],[-114.231408,36.771433],[-114.229084,36.77114],[-114.228415,36.771055],[-114.223936,36.770489],[-114.219458,36.769924],[-114.215332,36.769416],[-114.210796,36.768859],[-114.206247,36.768299],[-114.201816,36.767754],[-114.199516,36.76747],[-114.197284,36.767196],[-114.192777,36.766641],[-114.192777,36.767474],[-114.189544,36.767475],[-114.188278,36.767476],[-114.188271,36.771114],[-114.186015,36.771116],[-114.186007,36.774755],[-114.18375,36.774757],[-114.174746,36.774755],[-114.174728,36.782035],[-114.174785,36.796654],[-114.174733,36.811024],[-114.165738,36.81101],[-114.165702,36.825507],[-114.165616,36.832776],[-114.165573,36.836411],[-114.16553,36.840046],[-114.165491,36.843394],[-114.16098,36.843395],[-114.15647,36.843395],[-114.15196,36.843396],[-114.147449,36.843396],[-114.143005,36.843352],[-114.13856,36.843308],[-114.134116,36.843264],[-114.129671,36.843219],[-114.127986,36.843218],[-114.127985,36.843218],[-114.120681,36.843213],[-114.118958,36.843212],[-114.115785,36.843208],[-114.115443,36.843208],[-114.111684,36.843203],[-114.109928,36.843201],[-114.102681,36.843196],[-114.102678,36.843196],[-114.10135,36.843195],[-114.100912,36.843195],[-114.095244,36.84319],[-114.095037,36.84319],[-114.094829,36.84319],[-114.093673,36.843189],[-114.092087,36.843188],[-114.091891,36.843188],[-114.090026,36.843186],[-114.089842,36.843186],[-114.089659,36.843186],[-114.089382,36.843186],[-114.088844,36.843185],[-114.088323,36.843185],[-114.087932,36.843184],[-114.08768,36.843184],[-114.087394,36.843184],[-114.087172,36.843184],[-114.08695,36.843184],[-114.086728,36.843183],[-114.086506,36.843183],[-114.086284,36.843183],[-114.086061,36.843183],[-114.085839,36.843183],[-114.085411,36.843182],[-114.085128,36.843182],[-114.084666,36.843176],[-114.082869,36.843174],[-114.079339,36.843171],[-114.078989,36.84317],[-114.076756,36.843168],[-114.075669,36.843167],[-114.073856,36.843166],[-114.072688,36.843164],[-114.072483,36.843164],[-114.067786,36.843159],[-114.067581,36.843159],[-114.066634,36.843158],[-114.064835,36.843156],[-114.062242,36.843154],[-114.062002,36.843154],[-114.057608,36.84315],[-114.057608,36.843149],[-114.054225,36.843146],[-114.051809,36.843143],[-114.051808,36.843143],[-114.050355,36.843142]]]]},"properties":{"neighborhood":"City of Mesquite"}},{"type":"Feature","geometry":{"type":"MultiPolygon","coordinates":[[[[-114.918987,35.923481],[-114.918886,35.923481],[-114.918867,35.925312],[-114.916628,35.925317],[-114.916627,35.925454],[-114.916596,35.928975],[-114.918826,35.92898],[-114.918824,35.931201],[-114.918823,35.932463],[-114.918827,35.932586],[-114.923282,35.932581],[-114.923261,35.936279],[-114.923241,35.939858],[-114.91434,35.939862],[-114.913163,35.939863],[-114.912114,35.939863],[-114.912132,35.941898],[-114.911792,35.943547],[-114.911033,35.947227],[-114.911018,35.947295],[-114.910896,35.947812],[-114.91084,35.948218],[-114.910793,35.948698],[-114.91076,35.949371],[-114.910755,35.949911],[-114.910785,35.950672],[-114.910803,35.950907],[-114.91109,35.95459],[-114.911246,35.95758],[-114.911281,35.958247],[-114.911471,35.961893],[-114.911654,35.963941],[-114.911669,35.964117],[-114.911676,35.9642],[-114.911681,35.964284],[-114.911684,35.964367],[-114.911685,35.96445],[-114.911684,35.964533],[-114.911682,35.964616],[-114.911678,35.964699],[-114.911672,35.964782],[-114.911664,35.964865],[-114.911655,35.964948],[-114.911643,35.965031],[-114.91163,35.965113],[-114.911616,35.965196],[-114.911599,35.965278],[-114.911581,35.96536],[-114.911539,35.96552],[-114.911539,35.965524],[-114.911537,35.965529],[-114.911536,35.965535],[-114.911535,35.96554],[-114.911534,35.965545],[-114.911532,35.965551],[-114.911531,35.965556],[-114.91153,35.965562],[-114.911529,35.965567],[-114.911527,35.965572],[-114.911526,35.965578],[-114.911525,35.965583],[-114.911523,35.965589],[-114.911522,35.965594],[-114.911521,35.965599],[-114.91152,35.965605],[-114.911518,35.96561],[-114.911517,35.965616],[-114.911516,35.965621],[-114.911514,35.965626],[-114.911513,35.965632],[-114.911512,35.965637],[-114.91151,35.965642],[-114.911509,35.965648],[-114.911507,35.965653],[-114.911506,35.965659],[-114.911505,35.965664],[-114.911503,35.965669],[-114.911502,35.965675],[-114.9115,35.96568],[-114.911499,35.965685],[-114.911498,35.965691],[-114.911496,35.965696],[-114.911495,35.965702],[-114.911493,35.965707],[-114.911492,35.965712],[-114.91149,35.965718],[-114.911489,35.965723],[-114.911488,35.965728],[-114.911486,35.965734],[-114.911485,35.965739],[-114.911483,35.965745],[-114.911482,35.96575],[-114.91148,35.965755],[-114.911477,35.965762],[-114.911054,35.967006],[-114.911056,35.967008],[-114.911054,35.967013],[-114.911052,35.967018],[-114.91105,35.967024],[-114.911048,35.967029],[-114.911046,35.967034],[-114.911044,35.967039],[-114.911042,35.967045],[-114.91104,35.96705],[-114.911038,35.967055],[-114.911036,35.96706],[-114.911034,35.967066],[-114.911032,35.967071],[-114.91103,35.967076],[-114.911028,35.967081],[-114.911026,35.967087],[-114.911024,35.967092],[-114.911022,35.967097],[-114.91102,35.967102],[-114.911018,35.967108],[-114.911016,35.967113],[-114.911014,35.967118],[-114.911012,35.967124],[-114.91101,35.967129],[-114.911008,35.967134],[-114.911007,35.967139],[-114.911005,35.967145],[-114.911003,35.96715],[-114.911001,35.967155],[-114.910999,35.96716],[-114.910997,35.967166],[-114.910995,35.967171],[-114.910993,35.967176],[-114.910992,35.967182],[-114.91099,35.967187],[-114.910988,35.967192],[-114.910986,35.967197],[-114.910984,35.967203],[-114.910982,35.967208],[-114.91098,35.967213],[-114.910979,35.967219],[-114.910977,35.967224],[-114.910975,35.967229],[-114.910973,35.967234],[-114.910971,35.96724],[-114.910969,35.967245],[-114.910968,35.96725],[-114.910966,35.967256],[-114.910964,35.967261],[-114.910962,35.967266],[-114.91096,35.967271],[-114.910959,35.967277],[-114.910957,35.967282],[-114.910955,35.967287],[-114.910953,35.967293],[-114.910952,35.967298],[-114.91095,35.967303],[-114.910948,35.967309],[-114.910946,35.967314],[-114.910945,35.967319],[-114.910943,35.967325],[-114.910941,35.96733],[-114.910939,35.967335],[-114.910938,35.96734],[-114.910936,35.967346],[-114.910934,35.967351],[-114.910933,35.967356],[-114.910931,35.967362],[-114.910929,35.967367],[-114.910927,35.967372],[-114.910926,35.967378],[-114.910924,35.967383],[-114.910922,35.967388],[-114.910921,35.967394],[-114.910919,35.967399],[-114.910917,35.967404],[-114.910916,35.96741],[-114.910914,35.967415],[-114.910912,35.96742],[-114.910911,35.967426],[-114.910909,35.967431],[-114.910908,35.967436],[-114.910906,35.967442],[-114.910904,35.967447],[-114.910903,35.967452],[-114.910901,35.967458],[-114.910899,35.967463],[-114.910898,35.967468],[-114.910896,35.967474],[-114.910895,35.967479],[-114.910893,35.967484],[-114.910892,35.96749],[-114.91089,35.967495],[-114.910888,35.9675],[-114.910887,35.967506],[-114.910885,35.967511],[-114.910884,35.967516],[-114.910882,35.967522],[-114.910881,35.967527],[-114.910879,35.967532],[-114.910877,35.967538],[-114.910876,35.967543],[-114.910874,35.967548],[-114.910873,35.967554],[-114.910871,35.967559],[-114.91087,35.967565],[-114.910868,35.96757],[-114.910867,35.967575],[-114.910865,35.967581],[-114.910864,35.967586],[-114.910862,35.967591],[-114.910861,35.967597],[-114.910859,35.967602],[-114.910858,35.967607],[-114.910856,35.967613],[-114.910855,35.967618],[-114.910854,35.967624],[-114.910852,35.967629],[-114.910851,35.967634],[-114.910849,35.96764],[-114.910848,35.967645],[-114.910846,35.96765],[-114.910845,35.967656],[-114.910843,35.967661],[-114.910842,35.967666],[-114.910841,35.967672],[-114.910839,35.967677],[-114.910838,35.967683],[-114.910836,35.967688],[-114.910835,35.967693],[-114.910834,35.967699],[-114.910832,35.967704],[-114.910831,35.967709],[-114.910829,35.967715],[-114.910828,35.96772],[-114.910827,35.967726],[-114.910825,35.967731],[-114.910824,35.967736],[-114.910823,35.967742],[-114.910821,35.967747],[-114.91082,35.967753],[-114.910819,35.967758],[-114.910817,35.967763],[-114.910816,35.967769],[-114.910815,35.967774],[-114.910813,35.967779],[-114.910812,35.967785],[-114.910811,35.96779],[-114.910809,35.967796],[-114.910808,35.967801],[-114.910807,35.967806],[-114.910806,35.967812],[-114.910804,35.967817],[-114.910803,35.967823],[-114.910802,35.967828],[-114.9108,35.967833],[-114.910799,35.967839],[-114.910798,35.967844],[-114.910797,35.96785],[-114.910795,35.967855],[-114.910794,35.96786],[-114.910793,35.967866],[-114.910792,35.967871],[-114.910791,35.967877],[-114.910789,35.967882],[-114.910788,35.967887],[-114.910787,35.967893],[-114.910786,35.967898],[-114.910784,35.967904],[-114.910783,35.967909],[-114.910782,35.967914],[-114.910781,35.96792],[-114.91078,35.967925],[-114.910779,35.967931],[-114.910777,35.967936],[-114.910776,35.967941],[-114.910775,35.967947],[-114.910774,35.967952],[-114.910773,35.967958],[-114.910772,35.967963],[-114.91077,35.967969],[-114.910769,35.967974],[-114.910768,35.967979],[-114.910767,35.967985],[-114.910766,35.96799],[-114.910765,35.967996],[-114.910764,35.968001],[-114.910763,35.968006],[-114.910761,35.968012],[-114.91076,35.968017],[-114.910759,35.968023],[-114.910758,35.968028],[-114.910757,35.968034],[-114.910756,35.968039],[-114.910755,35.968044],[-114.910754,35.96805],[-114.910753,35.968055],[-114.910752,35.968061],[-114.910751,35.968066],[-114.91075,35.968072],[-114.910749,35.968077],[-114.910748,35.968082],[-114.910747,35.968088],[-114.910746,35.968093],[-114.910745,35.968099],[-114.910744,35.968104],[-114.910743,35.96811],[-114.910742,35.968115],[-114.910741,35.96812],[-114.91074,35.968126],[-114.910739,35.968131],[-114.910738,35.968137],[-114.910737,35.968142],[-114.910736,35.968148],[-114.910735,35.968153],[-114.910734,35.968159],[-114.910733,35.968164],[-114.910732,35.968169],[-114.910731,35.968175],[-114.91073,35.96818],[-114.910729,35.968186],[-114.910728,35.968191],[-114.910727,35.968197],[-114.910726,35.968202],[-114.910725,35.968207],[-114.910724,35.968213],[-114.910723,35.968218],[-114.910722,35.968224],[-114.910722,35.968229],[-114.910721,35.968235],[-114.91072,35.96824],[-114.910719,35.968246],[-114.910718,35.968251],[-114.910717,35.968256],[-114.910716,35.968262],[-114.910715,35.968267],[-114.910715,35.968273],[-114.910714,35.968275],[-114.910714,35.968278],[-114.910713,35.968284],[-114.910712,35.968289],[-114.910711,35.968295],[-114.91071,35.9683],[-114.91071,35.968306],[-114.910709,35.968311],[-114.910708,35.968316],[-114.910707,35.968322],[-114.910706,35.968327],[-114.910705,35.968333],[-114.910705,35.968338],[-114.910704,35.968344],[-114.910703,35.968349],[-114.910702,35.968355],[-114.910701,35.96836],[-114.910701,35.968366],[-114.9107,35.968371],[-114.910699,35.968376],[-114.910698,35.968382],[-114.910698,35.968387],[-114.910697,35.968393],[-114.910696,35.968398],[-114.910695,35.968404],[-114.910695,35.968409],[-114.910694,35.968415],[-114.910693,35.96842],[-114.910693,35.968426],[-114.910692,35.968431],[-114.910691,35.968437],[-114.91069,35.968442],[-114.91069,35.968447],[-114.910689,35.968453],[-114.910688,35.968458],[-114.910688,35.968464],[-114.910687,35.968469],[-114.910686,35.968475],[-114.910686,35.96848],[-114.910685,35.968486],[-114.910684,35.968491],[-114.910684,35.968497],[-114.910683,35.968502],[-114.910682,35.968508],[-114.910682,35.968513],[-114.910681,35.968519],[-114.91068,35.968524],[-114.91068,35.96853],[-114.910679,35.968535],[-114.910679,35.96854],[-114.910678,35.968546],[-114.910677,35.968551],[-114.910677,35.968557],[-114.910676,35.968562],[-114.910676,35.968568],[-114.910675,35.968573],[-114.910674,35.968579],[-114.910674,35.968584],[-114.910673,35.96859],[-114.910673,35.968595],[-114.910672,35.968601],[-114.910672,35.968606],[-114.910671,35.968612],[-114.910671,35.968617],[-114.91067,35.968623],[-114.91067,35.968628],[-114.910669,35.968634],[-114.910668,35.968639],[-114.910668,35.968644],[-114.910667,35.96865],[-114.910667,35.968655],[-114.910666,35.968661],[-114.910666,35.968666],[-114.910665,35.968672],[-114.910665,35.968677],[-114.910664,35.968683],[-114.910664,35.968688],[-114.910664,35.968694],[-114.910663,35.968699],[-114.910663,35.968705],[-114.910662,35.96871],[-114.910662,35.968716],[-114.910661,35.968721],[-114.910661,35.968727],[-114.91066,35.968732],[-114.91066,35.968738],[-114.91066,35.968743],[-114.910659,35.968749],[-114.910659,35.968754],[-114.910658,35.96876],[-114.910658,35.968765],[-114.910658,35.968771],[-114.910657,35.968776],[-114.910657,35.968782],[-114.910656,35.968787],[-114.910656,35.968793],[-114.910656,35.968798],[-114.910655,35.968803],[-114.910655,35.968809],[-114.910654,35.968814],[-114.910654,35.96882],[-114.910654,35.968825],[-114.910653,35.968831],[-114.910653,35.968836],[-114.910653,35.968842],[-114.910652,35.968847],[-114.910652,35.968853],[-114.910652,35.968858],[-114.910651,35.968864],[-114.910651,35.968869],[-114.910651,35.968875],[-114.910651,35.96888],[-114.91065,35.968886],[-114.91065,35.968891],[-114.91065,35.968897],[-114.910649,35.968902],[-114.910649,35.968908],[-114.910649,35.968913],[-114.910649,35.968919],[-114.910648,35.968924],[-114.910648,35.96893],[-114.910648,35.968935],[-114.910648,35.968941],[-114.910647,35.968946],[-114.910647,35.968952],[-114.910647,35.968957],[-114.910647,35.968963],[-114.910647,35.968968],[-114.910646,35.968974],[-114.910646,35.968979],[-114.910646,35.968985],[-114.910646,35.96899],[-114.910646,35.968996],[-114.910645,35.969001],[-114.910645,35.969007],[-114.910645,35.969012],[-114.910645,35.969018],[-114.910645,35.969023],[-114.910644,35.969029],[-114.910644,35.969034],[-114.910644,35.96904],[-114.910644,35.969045],[-114.910644,35.969051],[-114.910644,35.969056],[-114.910644,35.969062],[-114.910643,35.969067],[-114.910643,35.969073],[-114.910643,35.969078],[-114.910643,35.969084],[-114.910643,35.969089],[-114.910643,35.969094],[-114.910643,35.9691],[-114.910643,35.969105],[-114.910643,35.969111],[-114.910643,35.969116],[-114.910643,35.969122],[-114.910642,35.969127],[-114.910642,35.969133],[-114.910642,35.969138],[-114.910642,35.969144],[-114.910642,35.969149],[-114.910642,35.969155],[-114.910642,35.96916],[-114.910642,35.969166],[-114.910642,35.969171],[-114.910642,35.969177],[-114.910642,35.969182],[-114.910639,35.969195],[-114.910638,35.969385],[-114.910545,35.969325],[-114.910369,35.969216],[-114.910336,35.969196],[-114.909921,35.969197],[-114.909915,35.9698],[-114.909913,35.970027],[-114.909908,35.970533],[-114.909902,35.971166],[-114.909893,35.972115],[-114.909889,35.972515],[-114.909887,35.972745],[-114.909886,35.972862],[-114.909949,35.972862],[-114.910329,35.972862],[-114.910703,35.972862],[-114.910764,35.972862],[-114.911069,35.972861],[-114.911053,35.972989],[-114.911044,35.973068],[-114.911028,35.973195],[-114.910998,35.973434],[-114.910956,35.973769],[-114.910933,35.973954],[-114.910652,35.976192],[-114.912083,35.97631],[-114.912082,35.976512],[-114.912049,35.98016],[-114.91203,35.982157],[-114.91022,35.982161],[-114.905326,35.98217],[-114.900866,35.982135],[-114.896407,35.982101],[-114.891947,35.982066],[-114.887446,35.98203],[-114.887444,35.982174],[-114.88582,35.982173],[-114.881358,35.982172],[-114.876897,35.982171],[-114.876455,35.982172],[-114.876449,35.985781],[-114.876442,35.98939],[-114.87647,35.992998],[-114.876475,35.992998],[-114.876445,35.996627],[-114.876454,36.000257],[-114.876463,36.003883],[-114.876472,36.007513],[-114.876464,36.011369],[-114.872453,36.011342],[-114.871168,36.011334],[-114.859091,36.011253],[-114.84137,36.011151],[-114.832451,36.011165],[-114.826577,36.011175],[-114.826114,36.011176],[-114.825979,36.011176],[-114.825887,36.011176],[-114.825568,36.011177],[-114.82486,36.011178],[-114.824775,36.011178],[-114.824691,36.011178],[-114.823913,36.011179],[-114.82368,36.01118],[-114.823524,36.01118],[-114.823522,36.010561],[-114.823521,36.010204],[-114.823521,36.010067],[-114.82352,36.00993],[-114.823519,36.009655],[-114.823519,36.009518],[-114.823518,36.00938],[-114.823517,36.009105],[-114.823517,36.008968],[-114.823517,36.008831],[-114.823516,36.008556],[-114.823515,36.008281],[-114.823514,36.008144],[-114.823514,36.008007],[-114.823513,36.007553],[-114.823512,36.007385],[-114.823512,36.007217],[-114.823511,36.006902],[-114.82351,36.006765],[-114.82351,36.006628],[-114.823509,36.006381],[-114.823508,36.006148],[-114.823508,36.006031],[-114.823507,36.005915],[-114.823507,36.005682],[-114.823506,36.005449],[-114.823505,36.005215],[-114.823504,36.004982],[-114.823504,36.004749],[-114.823503,36.004637],[-114.823503,36.004525],[-114.823502,36.004242],[-114.823501,36.004039],[-114.823501,36.003948],[-114.823501,36.003927],[-114.823501,36.003921],[-114.823501,36.003833],[-114.8235,36.003633],[-114.823499,36.003446],[-114.823499,36.003259],[-114.823489,36.000299],[-114.821757,36.0003],[-114.820928,36.000301],[-114.820134,36.000302],[-114.819312,36.000301],[-114.818032,36.0003],[-114.818032,36.0003],[-114.817715,36.0003],[-114.817398,36.0003],[-114.817217,36.0003],[-114.816316,36.000299],[-114.816314,36.000299],[-114.816312,36.000299],[-114.81631,36.000299],[-114.816309,36.000299],[-114.816307,36.000299],[-114.816305,36.000299],[-114.816303,36.000299],[-114.816157,36.000299],[-114.816011,36.000299],[-114.814564,36.000297],[-114.813238,36.000297],[-114.812867,36.000297],[-114.812867,36.000297],[-114.812789,36.000297],[-114.805639,36.000275],[-114.794705,36.000241],[-114.78774,36.000219],[-114.78774,36.000207],[-114.787739,36.000079],[-114.787708,35.995134],[-114.787694,35.992896],[-114.787719,35.98927],[-114.787744,35.985644],[-114.787754,35.98424],[-114.787788,35.979262],[-114.787794,35.978412],[-114.787719,35.9639],[-114.787751,35.960272],[-114.787782,35.956644],[-114.787814,35.953019],[-114.787846,35.949394],[-114.769945,35.94916],[-114.769982,35.940575],[-114.770007,35.93454],[-114.76961,35.920532],[-114.78744,35.920584],[-114.805435,35.920313],[-114.805538,35.906078],[-114.798886,35.906078],[-114.79889,35.898825],[-114.798892,35.895388],[-114.795163,35.895358],[-114.795162,35.891648],[-114.795157,35.880719],[-114.795151,35.866214],[-114.795145,35.851709],[-114.795139,35.837204],[-114.795133,35.822699],[-114.795126,35.808194],[-114.794977,35.808194],[-114.790525,35.808195],[-114.786074,35.808195],[-114.781622,35.808195],[-114.77717,35.808194],[-114.774858,35.808194],[-114.774885,35.807125],[-114.774982,35.803386],[-114.775079,35.799647],[-114.775175,35.795907],[-114.775183,35.795622],[-114.775253,35.7929],[-114.777176,35.7929],[-114.781627,35.7929],[-114.786077,35.792899],[-114.790528,35.792899],[-114.794979,35.792898],[-114.795095,35.792898],[-114.812896,35.792944],[-114.830714,35.792944],[-114.848505,35.792928],[-114.86306,35.792915],[-114.864074,35.792914],[-114.864074,35.792914],[-114.864725,35.792914],[-114.866308,35.792912],[-114.879534,35.79298],[-114.882968,35.792997],[-114.882964,35.800987],[-114.882963,35.803867],[-114.882962,35.808199],[-114.884157,35.808199],[-114.887708,35.808199],[-114.892454,35.808198],[-114.8972,35.808198],[-114.901946,35.808197],[-114.901947,35.815451],[-114.920258,35.815453],[-114.937507,35.815451],[-114.939317,35.81545],[-114.939853,35.815449],[-114.940201,35.815449],[-114.940688,35.815449],[-114.946412,35.815444],[-114.946398,35.808191],[-114.945287,35.808195],[-114.945285,35.803922],[-114.945279,35.794659],[-114.945278,35.793499],[-114.945278,35.79301],[-114.945278,35.792814],[-114.945277,35.792035],[-114.945276,35.790415],[-114.945276,35.789581],[-114.945275,35.788403],[-114.945269,35.778546],[-114.945266,35.773393],[-114.945264,35.771298],[-114.94431,35.771297],[-114.93637,35.77129],[-114.927483,35.77127],[-114.927481,35.764028],[-114.927473,35.749381],[-114.927465,35.735022],[-114.927458,35.723884],[-114.927456,35.720515],[-114.93184,35.720516],[-114.936351,35.720516],[-114.936347,35.71689],[-114.936335,35.705729],[-114.93632,35.691248],[-114.936304,35.676981],[-114.954259,35.676988],[-114.954373,35.676988],[-114.955607,35.676989],[-114.959697,35.67699],[-114.960039,35.67699],[-114.963809,35.676991],[-114.964062,35.676991],[-114.964904,35.676991],[-114.965156,35.676991],[-114.97214,35.676993],[-114.985455,35.676994],[-114.990084,35.676995],[-115.007724,35.676994],[-115.025363,35.67699],[-115.025368,35.69168],[-115.025374,35.706041],[-115.025378,35.716918],[-115.025379,35.720525],[-115.029816,35.720523],[-115.034252,35.720521],[-115.038689,35.720519],[-115.043126,35.720517],[-115.047572,35.720518],[-115.047597,35.720518],[-115.052019,35.720519],[-115.056466,35.72052],[-115.060913,35.720521],[-115.06536,35.720522],[-115.069807,35.720522],[-115.074254,35.720522],[-115.078701,35.720522],[-115.083114,35.720525],[-115.087527,35.720528],[-115.09194,35.72053],[-115.096353,35.720532],[-115.100766,35.720534],[-115.100766,35.724161],[-115.100765,35.727788],[-115.100765,35.731415],[-115.100764,35.735041],[-115.100767,35.73869],[-115.10077,35.742339],[-115.100773,35.745988],[-115.100776,35.749637],[-115.100779,35.753261],[-115.100779,35.75347],[-115.10078,35.754434],[-115.100782,35.756885],[-115.100785,35.759759],[-115.100785,35.760509],[-115.100788,35.764133],[-115.100791,35.767761],[-115.100794,35.771389],[-115.100797,35.775017],[-115.1008,35.778645],[-115.100807,35.78225],[-115.100814,35.785854],[-115.10082,35.789458],[-115.100827,35.793062],[-115.078825,35.793063],[-115.07885,35.808199],[-115.044358,35.808181],[-115.044351,35.851655],[-114.99092,35.851719],[-114.990918,35.895917],[-114.994756,35.89591],[-114.994749,35.897241],[-114.994737,35.899566],[-114.994719,35.903222],[-114.9947,35.906878],[-114.994681,35.910534],[-114.994662,35.91419],[-114.994643,35.917846],[-114.994625,35.921502],[-114.994606,35.925158],[-114.994587,35.928814],[-114.994568,35.93247],[-114.994549,35.936126],[-114.99453,35.939782],[-114.991816,35.939788],[-114.990071,35.939791],[-114.976652,35.939818],[-114.976738,35.9325],[-114.981196,35.932523],[-114.981398,35.897584],[-114.981408,35.895933],[-114.982183,35.895932],[-114.982182,35.8916],[-114.98218,35.887997],[-114.973267,35.887996],[-114.964355,35.887997],[-114.96436,35.891549],[-114.964365,35.895959],[-114.968046,35.895952],[-114.96799,35.903268],[-114.959067,35.903279],[-114.959005,35.910587],[-114.950114,35.910611],[-114.950125,35.919067],[-114.950132,35.92525],[-114.94114,35.925269],[-114.923322,35.925304],[-114.923341,35.923471],[-114.923172,35.923472],[-114.921113,35.923476],[-114.918987,35.923481]],[[-114.918886,35.923481],[-114.918895,35.922567],[-114.917623,35.922563],[-114.917287,35.922562],[-114.916919,35.923475],[-114.917415,35.923477],[-114.918886,35.923481]],[[-114.918895,35.922567],[-114.91891,35.922566],[-114.921123,35.922561],[-114.923181,35.922556],[-114.92335,35.922555],[-114.923359,35.921639],[-114.923112,35.92164],[-114.921132,35.921645],[-114.921141,35.920729],[-114.918914,35.920735],[-114.918904,35.921651],[-114.918895,35.922567]]]]},"properties":{"neighborhood":"Boulder City"}},{"type":"Feature","geometry":{"type":"MultiPolygon","coordinates":[[[[-115.183532,35.932154],[-115.185687,35.932197],[-115.185728,35.933108],[-115.185814,35.935003],[-115.18473,35.936529],[-115.183834,35.937792],[-115.183798,35.937792],[-115.1838,35.937833],[-115.183184,35.938741],[-115.181667,35.938752],[-115.181714,35.939705],[-115.182537,35.939695],[-115.181972,35.940655],[-115.181748,35.941056],[-115.181761,35.940659],[-115.179494,35.940513],[-115.179468,35.941404],[-115.179442,35.942296],[-115.177179,35.942175],[-115.177204,35.941271],[-115.174939,35.941137],[-115.172677,35.941002],[-115.172657,35.941933],[-115.172637,35.942864],[-115.172618,35.943795],[-115.174872,35.943887],[-115.174894,35.942971],[-115.177155,35.943079],[-115.177131,35.943983],[-115.180519,35.944127],[-115.180506,35.944558],[-115.180492,35.945012],[-115.180209,35.945001],[-115.179928,35.944991],[-115.179914,35.945451],[-115.179901,35.945879],[-115.179646,35.945872],[-115.174827,35.945721],[-115.174804,35.946638],[-115.174782,35.947555],[-115.174779,35.947664],[-115.174761,35.948483],[-115.174862,35.948485],[-115.17701,35.948525],[-115.177005,35.948721],[-115.176989,35.949333],[-115.176986,35.94945],[-115.176912,35.949449],[-115.176534,35.949443],[-115.174739,35.949412],[-115.174718,35.950341],[-115.174697,35.95127],[-115.174675,35.952199],[-115.174659,35.952883],[-115.174654,35.953127],[-115.174652,35.953184],[-115.174645,35.95349],[-115.174639,35.953755],[-115.174632,35.954056],[-115.174663,35.954057],[-115.176764,35.954075],[-115.176866,35.954076],[-115.17689,35.953151],[-115.176914,35.952226],[-115.178383,35.952244],[-115.178476,35.952245],[-115.17844,35.955013],[-115.178381,35.958712],[-115.177992,35.958711],[-115.17688,35.958707],[-115.17689,35.959633],[-115.176991,35.959633],[-115.177999,35.959636],[-115.178366,35.959637],[-115.178348,35.960561],[-115.177001,35.96056],[-115.176899,35.96056],[-115.176909,35.961497],[-115.174675,35.96149],[-115.174675,35.961573],[-115.174677,35.961941],[-115.174678,35.962309],[-115.174679,35.962372],[-115.174679,35.962419],[-115.174679,35.962474],[-115.174679,35.962529],[-115.174681,35.96289],[-115.174682,35.96336],[-115.174915,35.963362],[-115.175148,35.963363],[-115.175434,35.963365],[-115.175764,35.963367],[-115.176037,35.963369],[-115.176257,35.96337],[-115.176477,35.963372],[-115.176696,35.963373],[-115.176916,35.963374],[-115.176915,35.963472],[-115.176914,35.96368],[-115.175508,35.964307],[-115.174684,35.964299],[-115.174684,35.964674],[-115.173463,35.965219],[-115.173211,35.965331],[-115.173032,35.965411],[-115.172877,35.96548],[-115.17276,35.965532],[-115.172764,35.965921],[-115.172766,35.966144],[-115.172798,35.969867],[-115.172632,35.969864],[-115.172511,35.969862],[-115.170283,35.969912],[-115.168214,35.969959],[-115.168055,35.969962],[-115.168057,35.969161],[-115.168053,35.968625],[-115.167455,35.969052],[-115.166625,35.969072],[-115.165799,35.969091],[-115.165803,35.969682],[-115.165807,35.97023],[-115.165793,35.971093],[-115.165592,35.971095],[-115.165592,35.971191],[-115.165593,35.971287],[-115.165594,35.971385],[-115.165586,35.971486],[-115.16554,35.971585],[-115.165472,35.971665],[-115.165383,35.971729],[-115.165295,35.971792],[-115.165206,35.971856],[-115.165118,35.97192],[-115.165015,35.971993],[-115.16491,35.972068],[-115.164799,35.972148],[-115.164733,35.972196],[-115.164734,35.972253],[-115.164735,35.972375],[-115.164736,35.97249],[-115.164737,35.9726],[-115.164738,35.972699],[-115.164739,35.972795],[-115.16474,35.972891],[-115.164741,35.972987],[-115.164742,35.973084],[-115.164742,35.97318],[-115.164743,35.973276],[-115.164744,35.973372],[-115.164744,35.973373],[-115.164665,35.973367],[-115.164586,35.97336],[-115.16454,35.973356],[-115.164472,35.973351],[-115.164403,35.973349],[-115.164335,35.973348],[-115.164266,35.973349],[-115.164198,35.973353],[-115.164096,35.973361],[-115.164028,35.973369],[-115.163961,35.973379],[-115.163861,35.973397],[-115.163762,35.97342],[-115.163697,35.973438],[-115.16363,35.973456],[-115.163544,35.97343],[-115.163511,35.973444],[-115.163469,35.973628],[-115.163482,35.973655],[-115.163522,35.973744],[-115.163566,35.973865],[-115.163592,35.973958],[-115.163612,35.974051],[-115.163626,35.974146],[-115.163634,35.97424],[-115.163638,35.97466],[-115.163506,35.974662],[-115.163472,35.974663],[-115.163002,35.97467],[-115.162588,35.974677],[-115.162208,35.974684],[-115.161409,35.974697],[-115.161416,35.975613],[-115.160711,35.975624],[-115.160643,35.975672],[-115.160634,35.975718],[-115.160628,35.975751],[-115.159508,35.976556],[-115.159226,35.97656],[-115.158584,35.975969],[-115.156439,35.977509],[-115.155705,35.977518],[-115.155398,35.977522],[-115.154915,35.977527],[-115.154896,35.977528],[-115.154729,35.977531],[-115.154729,35.977532],[-115.15473,35.977635],[-115.154732,35.978012],[-115.154733,35.978174],[-115.154737,35.978742],[-115.154737,35.97935],[-115.154737,35.980266],[-115.154738,35.980309],[-115.154738,35.98031],[-115.154742,35.980947],[-115.154743,35.981117],[-115.154743,35.981196],[-115.154744,35.981265],[-115.154751,35.982108],[-115.154756,35.983023],[-115.15476,35.983948],[-115.154761,35.983948],[-115.154758,35.984764],[-115.154758,35.984791],[-115.154767,35.985692],[-115.154769,35.985814],[-115.154779,35.986597],[-115.15478,35.986607],[-115.154786,35.987052],[-115.154792,35.98741],[-115.154792,35.987416],[-115.154792,35.987418],[-115.154792,35.987429],[-115.154792,35.987432],[-115.154793,35.9875],[-115.154793,35.987511],[-115.154806,35.988414],[-115.15483,35.99013],[-115.154832,35.990237],[-115.154606,35.990235],[-115.152579,35.990211],[-115.15258,35.990293],[-115.152581,35.99032],[-115.152585,35.990687],[-115.152588,35.990922],[-115.15259,35.991087],[-115.15259,35.991117],[-115.152624,35.991118],[-115.152692,35.991118],[-115.152829,35.99112],[-115.153024,35.991122],[-115.153219,35.991124],[-115.153413,35.991127],[-115.153608,35.991129],[-115.153803,35.991131],[-115.153998,35.991133],[-115.154193,35.991135],[-115.154392,35.991138],[-115.154591,35.99114],[-115.154676,35.991141],[-115.154845,35.991143],[-115.154853,35.991803],[-115.154856,35.99205],[-115.154856,35.992052],[-115.154858,35.992159],[-115.154868,35.992958],[-115.154868,35.992958],[-115.1547,35.992955],[-115.154616,35.992954],[-115.154376,35.992951],[-115.154237,35.99295],[-115.154153,35.992949],[-115.153955,35.992946],[-115.153807,35.992945],[-115.153761,35.992944],[-115.153568,35.992942],[-115.153412,35.99294],[-115.153377,35.99294],[-115.153189,35.992937],[-115.153003,35.992935],[-115.152947,35.992934],[-115.152817,35.992933],[-115.152631,35.992931],[-115.152514,35.992929],[-115.152445,35.992928],[-115.152259,35.992926],[-115.152081,35.992924],[-115.152073,35.992924],[-115.151887,35.992922],[-115.151702,35.992919],[-115.151683,35.992919],[-115.151516,35.992917],[-115.151327,35.992915],[-115.151216,35.992914],[-115.150937,35.99291],[-115.150787,35.992908],[-115.150358,35.992903],[-115.150359,35.993054],[-115.150361,35.993184],[-115.150361,35.993201],[-115.150362,35.993335],[-115.150362,35.993352],[-115.150364,35.993486],[-115.150364,35.993503],[-115.150366,35.993638],[-115.150366,35.993654],[-115.150367,35.993805],[-115.150367,35.99381],[-115.149914,35.993804],[-115.149743,35.993802],[-115.149622,35.9938],[-115.149525,35.993799],[-115.149436,35.993798],[-115.14925,35.993795],[-115.149064,35.993793],[-115.148946,35.993791],[-115.148878,35.993791],[-115.148692,35.993788],[-115.148297,35.993783],[-115.14817,35.993781],[-115.148141,35.993781],[-115.14811,35.993781],[-115.147923,35.993778],[-115.147801,35.993777],[-115.147575,35.993775],[-115.147103,35.993769],[-115.146947,35.993767],[-115.146792,35.993765],[-115.146637,35.993763],[-115.146481,35.993761],[-115.146326,35.993759],[-115.14617,35.993757],[-115.146015,35.993755],[-115.145852,35.993753],[-115.145851,35.993725],[-115.14585,35.993598],[-115.145849,35.993472],[-115.145848,35.993346],[-115.145847,35.993219],[-115.145846,35.993093],[-115.145845,35.992966],[-115.145844,35.99284],[-115.145843,35.992714],[-115.145841,35.992587],[-115.14584,35.992461],[-115.145839,35.992335],[-115.145838,35.992208],[-115.145837,35.992082],[-115.145836,35.991939],[-115.145834,35.991785],[-115.145833,35.991639],[-115.145833,35.991582],[-115.145832,35.991475],[-115.14583,35.991273],[-115.145828,35.991083],[-115.145827,35.990957],[-115.145827,35.990899],[-115.145826,35.990845],[-115.145826,35.99074],[-115.145825,35.990732],[-115.145825,35.990619],[-115.145824,35.990507],[-115.145824,35.990503],[-115.145823,35.990394],[-115.145822,35.990281],[-115.145821,35.990169],[-115.14582,35.990132],[-115.14582,35.990056],[-115.145819,35.989944],[-115.145818,35.989831],[-115.145817,35.989718],[-115.145816,35.989624],[-115.145816,35.989606],[-115.145815,35.989493],[-115.145814,35.98938],[-115.145813,35.989268],[-115.145813,35.989241],[-115.145812,35.989155],[-115.145811,35.989042],[-115.14581,35.988975],[-115.14581,35.98893],[-115.145809,35.988817],[-115.145808,35.988706],[-115.145808,35.988701],[-115.145807,35.988597],[-115.145806,35.988487],[-115.145806,35.988432],[-115.145805,35.988377],[-115.145805,35.988284],[-115.145804,35.988267],[-115.145803,35.988152],[-115.145803,35.988098],[-115.145803,35.988068],[-115.145801,35.987869],[-115.145799,35.987669],[-115.145798,35.98747],[-115.145796,35.987271],[-115.145794,35.987072],[-115.145792,35.986873],[-115.145791,35.986674],[-115.145789,35.986474],[-115.145785,35.986024],[-115.145782,35.985686],[-115.145782,35.985631],[-115.145768,35.98563],[-115.145134,35.985619],[-115.145778,35.985158],[-115.146272,35.984738],[-115.145914,35.984733],[-115.14582,35.984732],[-115.145774,35.984731],[-115.145698,35.98473],[-115.145634,35.984729],[-115.143136,35.986517],[-115.14104,35.988017],[-115.139286,35.989281],[-115.138025,35.990189],[-115.136853,35.991034],[-115.136852,35.991034],[-115.136854,35.99134],[-115.136855,35.991518],[-115.136855,35.99155],[-115.136855,35.991553],[-115.136856,35.991557],[-115.136856,35.991566],[-115.136856,35.991578],[-115.136857,35.991744],[-115.136857,35.99178],[-115.136857,35.991823],[-115.136857,35.991824],[-115.136858,35.991877],[-115.13686,35.99221],[-115.136861,35.992292],[-115.136861,35.992375],[-115.136862,35.992457],[-115.136862,35.99254],[-115.136863,35.992622],[-115.136863,35.992705],[-115.136864,35.992709],[-115.136864,35.992787],[-115.136865,35.992869],[-115.136865,35.992952],[-115.136866,35.993034],[-115.136866,35.993117],[-115.136867,35.993199],[-115.136868,35.993281],[-115.136868,35.993364],[-115.136868,35.993403],[-115.136869,35.993446],[-115.136869,35.993529],[-115.13687,35.993611],[-115.13687,35.993694],[-115.136871,35.993776],[-115.136872,35.993858],[-115.136872,35.993941],[-115.136873,35.994023],[-115.136873,35.994106],[-115.136874,35.994188],[-115.136875,35.99427],[-115.136875,35.994353],[-115.136876,35.994435],[-115.136876,35.994518],[-115.136876,35.994532],[-115.136877,35.9946],[-115.136877,35.994683],[-115.136878,35.994765],[-115.136879,35.994847],[-115.136879,35.99493],[-115.13688,35.995012],[-115.13688,35.995095],[-115.136881,35.995177],[-115.136882,35.995259],[-115.136882,35.995342],[-115.136882,35.995369],[-115.136883,35.99545],[-115.136883,35.995451],[-115.136883,35.995533],[-115.136891,35.996561],[-115.136899,35.997769],[-115.136899,35.99778],[-115.136902,35.998171],[-115.136906,35.998694],[-115.136907,35.998841],[-115.136907,35.999003],[-115.136908,35.999078],[-115.136907,35.999078],[-115.136906,35.999078],[-115.136281,35.99907],[-115.134664,35.999049],[-115.132423,35.999019],[-115.132423,35.999019],[-115.130753,35.999005],[-115.130736,35.999005],[-115.130726,35.999005],[-115.130456,35.999009],[-115.130177,35.99903],[-115.129926,35.999065],[-115.129678,35.999114],[-115.129435,35.999176],[-115.12922,35.999245],[-115.128982,35.999337],[-115.128753,35.999444],[-115.127923,35.999862],[-115.127351,36.000153],[-115.127253,36.000016],[-115.127114,35.999859],[-115.126977,35.999738],[-115.126125,35.998941],[-115.125886,35.998718],[-115.125584,35.998934],[-115.125161,35.999232],[-115.120753,36.002392],[-115.120314,36.002713],[-115.119379,36.003383],[-115.118909,36.003377],[-115.118905,36.003722],[-115.118896,36.004437],[-115.118888,36.00506],[-115.118875,36.006093],[-115.118841,36.008727],[-115.11884,36.008809],[-115.118839,36.008878],[-115.118839,36.008891],[-115.11883,36.009557],[-115.118828,36.009713],[-115.118828,36.009714],[-115.118827,36.009778],[-115.118807,36.011395],[-115.118806,36.011476],[-115.118805,36.011489],[-115.118793,36.012428],[-115.118782,36.013334],[-115.118782,36.013335],[-115.118763,36.014199],[-115.118762,36.014229],[-115.11874,36.0151],[-115.11872,36.016],[-115.118703,36.0169],[-115.118684,36.017798],[-115.118664,36.018698],[-115.118642,36.019593],[-115.118624,36.020487],[-115.11862,36.020487],[-115.116381,36.020495],[-115.115163,36.0205],[-115.114648,36.020501],[-115.114137,36.020503],[-115.111893,36.020511],[-115.111881,36.020511],[-115.111389,36.020513],[-115.109649,36.020519],[-115.108711,36.020522],[-115.107426,36.020526],[-115.107405,36.020526],[-115.105166,36.020534],[-115.105166,36.020534],[-115.105161,36.020534],[-115.105136,36.020534],[-115.102928,36.020541],[-115.102917,36.020541],[-115.100674,36.020549],[-115.100673,36.020549],[-115.100673,36.020549],[-115.100648,36.021455],[-115.100622,36.022362],[-115.100618,36.022511],[-115.100597,36.023268],[-115.100592,36.02347],[-115.100592,36.02347],[-115.100585,36.023696],[-115.100573,36.024139],[-115.100572,36.024175],[-115.100572,36.024176],[-115.100572,36.024177],[-115.100547,36.025068],[-115.100547,36.025082],[-115.10053,36.025691],[-115.100522,36.025988],[-115.100497,36.026895],[-115.100472,36.027801],[-115.10061,36.027799],[-115.10084,36.027794],[-115.101556,36.02778],[-115.102704,36.027758],[-115.102722,36.027757],[-115.103213,36.027748],[-115.103367,36.027746],[-115.104967,36.027715],[-115.104972,36.027715],[-115.105192,36.02771],[-115.106829,36.027679],[-115.106917,36.027677],[-115.107159,36.027672],[-115.107322,36.027669],[-115.107379,36.027668],[-115.107401,36.027668],[-115.107484,36.027666],[-115.107485,36.027666],[-115.107701,36.027662],[-115.10776,36.027661],[-115.108727,36.027642],[-115.109473,36.027628],[-115.110844,36.027629],[-115.110942,36.02763],[-115.111088,36.02763],[-115.111721,36.027631],[-115.112569,36.027631],[-115.113966,36.027633],[-115.113964,36.027771],[-115.113963,36.028019],[-115.113956,36.028543],[-115.113942,36.029471],[-115.113937,36.02976],[-115.113936,36.029835],[-115.11393,36.030395],[-115.113922,36.030734],[-115.113922,36.030736],[-115.113912,36.031364],[-115.113902,36.032176],[-115.113893,36.032809],[-115.11389,36.032989],[-115.113888,36.03314],[-115.113984,36.033139],[-115.114236,36.03314],[-115.11428,36.033139],[-115.114437,36.033137],[-115.114646,36.033135],[-115.114851,36.033135],[-115.115052,36.033133],[-115.115096,36.033133],[-115.115253,36.033132],[-115.115449,36.033131],[-115.115457,36.033131],[-115.115658,36.03313],[-115.115792,36.033129],[-115.115867,36.033129],[-115.116124,36.033127],[-115.116158,36.033127],[-115.116232,36.033126],[-115.116432,36.033125],[-115.116656,36.033124],[-115.117082,36.03312],[-115.117332,36.033116],[-115.117439,36.033116],[-115.118214,36.03311],[-115.118382,36.033109],[-115.118382,36.033124],[-115.118368,36.034038],[-115.118355,36.034937],[-115.118353,36.035195],[-115.118344,36.03585],[-115.118333,36.036451],[-115.118327,36.03676],[-115.118304,36.038586],[-115.118272,36.040386],[-115.118272,36.040411],[-115.118102,36.040414],[-115.118082,36.040414],[-115.117578,36.040419],[-115.117348,36.040421],[-115.117116,36.040419],[-115.116884,36.040422],[-115.116663,36.040425],[-115.116434,36.040427],[-115.116208,36.04043],[-115.116032,36.040431],[-115.116029,36.040605],[-115.116027,36.04081],[-115.116028,36.040892],[-115.116026,36.04097],[-115.116024,36.041132],[-115.116017,36.041291],[-115.116018,36.041352],[-115.116015,36.041455],[-115.116014,36.041618],[-115.116012,36.041776],[-115.116012,36.041802],[-115.11601,36.041935],[-115.116008,36.04212],[-115.116005,36.042258],[-115.115774,36.04226],[-115.115674,36.04226],[-115.115001,36.042266],[-115.114264,36.042272],[-115.114114,36.042274],[-115.11377,36.042276],[-115.113757,36.042277],[-115.113754,36.042277],[-115.113754,36.042413],[-115.113754,36.042426],[-115.113754,36.042441],[-115.113753,36.042711],[-115.113753,36.042726],[-115.113752,36.042906],[-115.113752,36.042982],[-115.113751,36.043041],[-115.113751,36.043181],[-115.113751,36.043253],[-115.11375,36.043321],[-115.11375,36.043458],[-115.11375,36.043539],[-115.113749,36.043597],[-115.113749,36.043733],[-115.113749,36.043773],[-115.113748,36.044102],[-115.113853,36.044101],[-115.113996,36.0441],[-115.114138,36.044098],[-115.11428,36.044097],[-115.114422,36.044095],[-115.114564,36.044094],[-115.114631,36.044093],[-115.114773,36.044092],[-115.114916,36.04409],[-115.115058,36.044089],[-115.1152,36.044087],[-115.115342,36.044086],[-115.115484,36.044084],[-115.115626,36.044083],[-115.115768,36.044081],[-115.11591,36.04408],[-115.116052,36.044078],[-115.116175,36.044077],[-115.116194,36.044077],[-115.116336,36.044075],[-115.116478,36.044074],[-115.11662,36.044072],[-115.116762,36.044071],[-115.116904,36.044069],[-115.117046,36.044068],[-115.117048,36.044068],[-115.117189,36.044066],[-115.117355,36.044064],[-115.11746,36.044064],[-115.118053,36.044062],[-115.118231,36.044054],[-115.118225,36.044537],[-115.118207,36.045887],[-115.118207,36.045909],[-115.118207,36.045923],[-115.118205,36.045991],[-115.118203,36.046066],[-115.118204,36.047119],[-115.118192,36.047828],[-115.118165,36.049337],[-115.118162,36.04954],[-115.116636,36.049554],[-115.11531,36.049567],[-115.111621,36.049604],[-115.111437,36.049605],[-115.109261,36.049627],[-115.109261,36.049737],[-115.10926,36.050762],[-115.10926,36.050909],[-115.10926,36.050911],[-115.109261,36.051502],[-115.109262,36.051728],[-115.109262,36.051838],[-115.109262,36.051964],[-115.109261,36.052075],[-115.109261,36.052184],[-115.10926,36.052294],[-115.109261,36.052414],[-115.10926,36.052523],[-115.109259,36.05263],[-115.109259,36.052738],[-115.109259,36.052859],[-115.10926,36.052965],[-115.109259,36.053074],[-115.109259,36.053197],[-115.109258,36.053282],[-115.108798,36.053287],[-115.108013,36.053295],[-115.107556,36.053299],[-115.10705,36.053304],[-115.107033,36.053305],[-115.106562,36.05331],[-115.10656,36.05331],[-115.106461,36.053311],[-115.106329,36.053313],[-115.106197,36.053314],[-115.106065,36.053316],[-115.105933,36.053317],[-115.105801,36.053319],[-115.105669,36.05332],[-115.105538,36.053322],[-115.105406,36.053323],[-115.105274,36.053325],[-115.105135,36.053326],[-115.104993,36.053328],[-115.104973,36.053328],[-115.104796,36.05333],[-115.104597,36.05333],[-115.104267,36.053334],[-115.104089,36.053336],[-115.103961,36.053338],[-115.103646,36.053342],[-115.103603,36.053342],[-115.103423,36.053343],[-115.103292,36.053344],[-115.103151,36.053344],[-115.103104,36.053345],[-115.102676,36.05335],[-115.102554,36.053351],[-115.102539,36.053352],[-115.102463,36.053353],[-115.10241,36.053353],[-115.102204,36.053356],[-115.102038,36.053358],[-115.101988,36.053358],[-115.101756,36.053361],[-115.101721,36.053362],[-115.101516,36.053364],[-115.101276,36.053367],[-115.101086,36.05337],[-115.101046,36.05337],[-115.101022,36.05337],[-115.100774,36.053373],[-115.100708,36.053374],[-115.10047,36.053377],[-115.100303,36.053379],[-115.100301,36.053379],[-115.100302,36.053421],[-115.100303,36.053463],[-115.100302,36.053467],[-115.100308,36.053923],[-115.100308,36.053925],[-115.10032,36.055067],[-115.100316,36.055132],[-115.100312,36.055207],[-115.100314,36.055343],[-115.100316,36.055486],[-115.100319,36.055615],[-115.100319,36.055623],[-115.100333,36.057019],[-115.100333,36.057023],[-115.100333,36.057044],[-115.100333,36.057045],[-115.100336,36.057127],[-115.100339,36.057209],[-115.100346,36.057419],[-115.100368,36.058098],[-115.100374,36.058304],[-115.100381,36.05851],[-115.100404,36.059103],[-115.100426,36.059728],[-115.100458,36.060662],[-115.10029,36.060656],[-115.099483,36.06063],[-115.099027,36.060614],[-115.098537,36.060601],[-115.098082,36.060585],[-115.09765,36.060572],[-115.09724,36.06056],[-115.096813,36.060547],[-115.096341,36.060537],[-115.096017,36.060528],[-115.096026,36.060776],[-115.09604,36.061104],[-115.096052,36.061337],[-115.096053,36.061383],[-115.096059,36.061497],[-115.096067,36.061682],[-115.096069,36.061722],[-115.096075,36.061856],[-115.096099,36.06235],[-115.096102,36.062408],[-115.096103,36.062424],[-115.096104,36.062441],[-115.096149,36.06335],[-115.096182,36.064076],[-115.096188,36.064164],[-115.095548,36.064142],[-115.095044,36.064124],[-115.094554,36.064107],[-115.093916,36.064085],[-115.093903,36.064084],[-115.093878,36.064083],[-115.093658,36.064075],[-115.093486,36.064069],[-115.093337,36.064064],[-115.09333,36.064064],[-115.093318,36.064063],[-115.093207,36.064059],[-115.091623,36.064003],[-115.09168,36.06646],[-115.091689,36.066823],[-115.091692,36.066954],[-115.091708,36.067635],[-115.091622,36.067631],[-115.091132,36.067614],[-115.090781,36.067601],[-115.090495,36.067591],[-115.090463,36.067591],[-115.090202,36.067582],[-115.08996,36.067573],[-115.089737,36.067565],[-115.089518,36.067559],[-115.089391,36.067553],[-115.089392,36.068032],[-115.089392,36.068082],[-115.089398,36.068226],[-115.089403,36.068374],[-115.089403,36.068424],[-115.089415,36.069258],[-115.089417,36.069346],[-115.08909,36.069333],[-115.089067,36.069333],[-115.088954,36.069328],[-115.088598,36.069315],[-115.088538,36.069313],[-115.088503,36.069312],[-115.088505,36.069394],[-115.08853,36.070436],[-115.088532,36.070545],[-115.087676,36.070512],[-115.087616,36.07051],[-115.087626,36.070933],[-115.087627,36.070987],[-115.087629,36.07107],[-115.08742,36.071062],[-115.087223,36.071055],[-115.087191,36.071054],[-115.087092,36.07105],[-115.087089,36.07105],[-115.087067,36.071972],[-115.087067,36.071974],[-115.087045,36.072884],[-115.087045,36.0729],[-115.086944,36.072896],[-115.085945,36.072856],[-115.084702,36.072807],[-115.0847,36.07292],[-115.084696,36.073144],[-115.084694,36.073268],[-115.08469,36.07345],[-115.084685,36.07373],[-115.084471,36.073721],[-115.083997,36.073702],[-115.083508,36.073682],[-115.083193,36.07367],[-115.082517,36.073642],[-115.082348,36.073635],[-115.082336,36.07441],[-115.082334,36.074556],[-115.082307,36.076421],[-115.082313,36.076486],[-115.082322,36.07655],[-115.082333,36.076616],[-115.082346,36.076679],[-115.082362,36.076744],[-115.08238,36.076807],[-115.0824,36.076869],[-115.082422,36.076931],[-115.082447,36.076995],[-115.082467,36.07704],[-115.082491,36.077092],[-115.082525,36.077156],[-115.08256,36.077219],[-115.082592,36.07727],[-115.082619,36.077311],[-115.082662,36.077371],[-115.082707,36.07743],[-115.082754,36.077488],[-115.082804,36.077544],[-115.082856,36.077598],[-115.082911,36.077652],[-115.082968,36.077703],[-115.082876,36.077773],[-115.082832,36.077792],[-115.082773,36.077815],[-115.082713,36.077834],[-115.082652,36.077849],[-115.082589,36.077862],[-115.082454,36.077884],[-115.082285,36.077872],[-115.082282,36.078132],[-115.082281,36.078159],[-115.08228,36.078242],[-115.082178,36.078241],[-115.082111,36.07824],[-115.081221,36.078231],[-115.080954,36.078338],[-115.079971,36.078718],[-115.079965,36.079098],[-115.079964,36.07915],[-115.079964,36.079163],[-115.079963,36.079174],[-115.079822,36.079173],[-115.07954,36.07917],[-115.079096,36.079167],[-115.079092,36.079167],[-115.079092,36.079169],[-115.079088,36.079442],[-115.079056,36.07947],[-115.078994,36.079528],[-115.078964,36.079557],[-115.078906,36.079617],[-115.078877,36.079648],[-115.078823,36.079711],[-115.078772,36.079775],[-115.078725,36.079837],[-115.078559,36.080069],[-115.077815,36.080063],[-115.077716,36.080063],[-115.077744,36.078303],[-115.077746,36.078193],[-115.077724,36.078193],[-115.077664,36.078192],[-115.077572,36.078191],[-115.073718,36.078149],[-115.0736,36.078148],[-115.073388,36.078145],[-115.073218,36.078144],[-115.073149,36.078143],[-115.073049,36.078142],[-115.073049,36.078142],[-115.073042,36.078308],[-115.07304,36.078293],[-115.073035,36.078277],[-115.073034,36.078276],[-115.073026,36.078263],[-115.073025,36.078262],[-115.073013,36.07825],[-115.073012,36.078249],[-115.072998,36.07824],[-115.072997,36.078239],[-115.072996,36.078239],[-115.07298,36.078231],[-115.072977,36.078231],[-115.072963,36.078227],[-115.072962,36.078227],[-115.072961,36.078227],[-115.072942,36.078225],[-115.072462,36.078219],[-115.072455,36.078219],[-115.072421,36.07822],[-115.072416,36.07822],[-115.072415,36.07822],[-115.072408,36.078221],[-115.072373,36.078224],[-115.072369,36.078225],[-115.072324,36.078232],[-115.072323,36.078232],[-115.07232,36.078233],[-115.07228,36.078243],[-115.072279,36.078243],[-115.072276,36.078244],[-115.072243,36.078254],[-115.072236,36.078256],[-115.072232,36.078258],[-115.072202,36.07827],[-115.072196,36.078272],[-115.072195,36.078272],[-115.072191,36.078275],[-115.072161,36.078289],[-115.072156,36.078292],[-115.072155,36.078292],[-115.072151,36.078294],[-115.07212,36.078313],[-115.072118,36.078314],[-115.071981,36.078312],[-115.068875,36.078275],[-115.068817,36.078273],[-115.06876,36.078268],[-115.068703,36.07826],[-115.068648,36.078248],[-115.068593,36.078234],[-115.068539,36.078217],[-115.068487,36.078197],[-115.068435,36.078174],[-115.068264,36.078089],[-115.06826,36.078089],[-115.064279,36.078044],[-115.064255,36.078044],[-115.064255,36.078055],[-115.064125,36.08184],[-115.063994,36.085636],[-115.06172,36.08567],[-115.060566,36.085687],[-115.060276,36.085689],[-115.060269,36.085689],[-115.060069,36.085692],[-115.059739,36.085696],[-115.059737,36.085696],[-115.059452,36.085701],[-115.058335,36.085718],[-115.056118,36.085746],[-115.055461,36.08575],[-115.05514,36.085755],[-115.055002,36.085757],[-115.054902,36.085757],[-115.054738,36.085757],[-115.054279,36.085758],[-115.054055,36.085758],[-115.053265,36.085759],[-115.050976,36.085763],[-115.050536,36.085764],[-115.049864,36.085765],[-115.046174,36.085769],[-115.04614,36.085769],[-115.046081,36.085769],[-115.046005,36.08577],[-115.046013,36.084895],[-115.046018,36.084348],[-115.046021,36.083937],[-115.046021,36.083934],[-115.043893,36.083906],[-115.043892,36.083906],[-115.041769,36.083878],[-115.037405,36.083821],[-115.037399,36.083683],[-115.037398,36.083666],[-115.037386,36.08337],[-115.037369,36.082924],[-115.037366,36.082861],[-115.037365,36.08281],[-115.037362,36.082689],[-115.037357,36.082558],[-115.037352,36.082437],[-115.037347,36.082305],[-115.037342,36.08218],[-115.037336,36.082045],[-115.037334,36.081977],[-115.037333,36.081944],[-115.037327,36.081813],[-115.037323,36.081712],[-115.037318,36.081581],[-115.037314,36.08148],[-115.037309,36.081349],[-115.037305,36.081248],[-115.0373,36.081117],[-115.037296,36.081015],[-115.037291,36.080885],[-115.037287,36.080783],[-115.037281,36.080653],[-115.037277,36.080551],[-115.037272,36.080421],[-115.037268,36.080319],[-115.037263,36.080189],[-115.037259,36.080087],[-115.037254,36.079957],[-115.03725,36.079855],[-115.037245,36.079725],[-115.037241,36.079623],[-115.037236,36.079493],[-115.037232,36.079387],[-115.037228,36.079294],[-115.037225,36.0792],[-115.037221,36.079108],[-115.037217,36.079013],[-115.037214,36.078921],[-115.03721,36.078826],[-115.037206,36.078734],[-115.037203,36.07864],[-115.037199,36.078548],[-115.037195,36.078453],[-115.037192,36.078361],[-115.03719,36.07831],[-115.037056,36.078308],[-115.036674,36.078303],[-115.036572,36.078302],[-115.036466,36.0783],[-115.036357,36.078299],[-115.036251,36.078298],[-115.036142,36.078296],[-115.036036,36.078295],[-115.035927,36.078293],[-115.035821,36.078292],[-115.035712,36.07829],[-115.035606,36.078289],[-115.035497,36.078287],[-115.035391,36.078286],[-115.035282,36.078285],[-115.035176,36.078283],[-115.035066,36.078282],[-115.03496,36.07828],[-115.034851,36.078279],[-115.034745,36.078277],[-115.034636,36.078276],[-115.03453,36.078275],[-115.034421,36.078273],[-115.034315,36.078272],[-115.034206,36.07827],[-115.0341,36.078269],[-115.033991,36.078267],[-115.033885,36.078266],[-115.033776,36.078264],[-115.03367,36.078263],[-115.033561,36.078262],[-115.033455,36.07826],[-115.033345,36.078259],[-115.033239,36.078257],[-115.03313,36.078256],[-115.033042,36.078255],[-115.033024,36.078254],[-115.032915,36.078253],[-115.032809,36.078251],[-115.032732,36.07825],[-115.032644,36.078249],[-115.032564,36.078248],[-115.032463,36.078247],[-115.03237,36.078246],[-115.032282,36.078244],[-115.032202,36.078243],[-115.032101,36.078242],[-115.032008,36.078241],[-115.03192,36.078239],[-115.03184,36.078238],[-115.031739,36.078237],[-115.031646,36.078236],[-115.031558,36.078235],[-115.031478,36.078234],[-115.031363,36.078232],[-115.031257,36.078231],[-115.031169,36.078229],[-115.031089,36.078228],[-115.030988,36.078227],[-115.030895,36.078226],[-115.030807,36.078225],[-115.030727,36.078223],[-115.030639,36.078222],[-115.029978,36.078213],[-115.029774,36.078211],[-115.02966,36.078209],[-115.029096,36.078201],[-115.028909,36.078198],[-115.028892,36.078198],[-115.028859,36.076582],[-115.028859,36.07657],[-115.028858,36.076527],[-115.028856,36.076422],[-115.028854,36.07632],[-115.028853,36.076219],[-115.028851,36.076117],[-115.028849,36.076015],[-115.028847,36.075914],[-115.028846,36.075812],[-115.028844,36.075711],[-115.028842,36.075609],[-115.02884,36.075507],[-115.028839,36.075406],[-115.028837,36.075304],[-115.028835,36.075202],[-115.028833,36.075101],[-115.028832,36.075001],[-115.028829,36.074878],[-115.028827,36.074755],[-115.028824,36.074573],[-115.028824,36.074568],[-115.028687,36.074568],[-115.028557,36.074568],[-115.028426,36.074568],[-115.028295,36.074568],[-115.028164,36.074568],[-115.028033,36.074568],[-115.027902,36.074567],[-115.027771,36.074567],[-115.02764,36.074567],[-115.027509,36.074567],[-115.027379,36.074567],[-115.027248,36.074567],[-115.027111,36.074567],[-115.026897,36.074567],[-115.02469,36.074565],[-115.02469,36.074655],[-115.02469,36.074664],[-115.02469,36.07467],[-115.024691,36.075505],[-115.024693,36.076524],[-115.024694,36.077349],[-115.024694,36.077356],[-115.024694,36.077516],[-115.024695,36.07795],[-115.024695,36.078165],[-115.024672,36.078165],[-115.023823,36.078158],[-115.020667,36.078133],[-115.020634,36.078133],[-115.020619,36.078133],[-115.020498,36.078132],[-115.020492,36.078525],[-115.020474,36.079607],[-115.020469,36.079948],[-115.020469,36.079956],[-115.020454,36.080867],[-115.020319,36.080867],[-115.020287,36.080867],[-115.019876,36.080866],[-115.019851,36.080865],[-115.019641,36.080865],[-115.019489,36.080864],[-115.019425,36.080864],[-115.019336,36.080864],[-115.019184,36.080864],[-115.019032,36.080863],[-115.018998,36.080863],[-115.018879,36.080863],[-115.018727,36.080862],[-115.018572,36.080862],[-115.018563,36.080862],[-115.018407,36.080861],[-115.018217,36.080861],[-115.018206,36.080861],[-115.018146,36.080861],[-115.017878,36.08086],[-115.017791,36.080859],[-115.017719,36.080859],[-115.017432,36.080858],[-115.017293,36.080858],[-115.01696,36.080857],[-115.016869,36.080857],[-115.016475,36.080856],[-115.016473,36.080856],[-115.01644,36.080856],[-115.016021,36.080854],[-115.01602,36.080925],[-115.016019,36.080982],[-115.016018,36.08109],[-115.016018,36.081118],[-115.016016,36.081242],[-115.016015,36.081364],[-115.016015,36.081375],[-115.016015,36.081429],[-115.016014,36.081499],[-115.016011,36.081692],[-115.01601,36.081774],[-115.015807,36.081774],[-115.015604,36.081774],[-115.015401,36.081773],[-115.015198,36.081773],[-115.014995,36.081773],[-115.014792,36.081773],[-115.014589,36.081773],[-115.014386,36.081772],[-115.014183,36.081772],[-115.01398,36.081772],[-115.013777,36.081772],[-115.013574,36.081771],[-115.013371,36.081771],[-115.013167,36.081771],[-115.012964,36.081771],[-115.012761,36.08177],[-115.012558,36.08177],[-115.012355,36.08177],[-115.012147,36.08177],[-115.011748,36.081769],[-115.011589,36.081769],[-115.011584,36.081769],[-115.011579,36.081769],[-115.011554,36.08548],[-115.011458,36.085481],[-115.011452,36.085481],[-115.011441,36.085481],[-115.01144,36.085481],[-115.011439,36.085481],[-115.011216,36.085484],[-115.011188,36.085484],[-115.010752,36.085491],[-115.002648,36.085621],[-115.002641,36.085621],[-114.998193,36.085677],[-114.993737,36.085733],[-114.986007,36.085817],[-114.984724,36.085831],[-114.981782,36.085892],[-114.981678,36.085822],[-114.981575,36.085826],[-114.981507,36.085828],[-114.977686,36.085909],[-114.97753,36.085981],[-114.976007,36.086012],[-114.973565,36.086017],[-114.971027,36.086021],[-114.968685,36.086025],[-114.968576,36.086025],[-114.968467,36.086025],[-114.967061,36.086028],[-114.966933,36.089713],[-114.95933,36.089762],[-114.959239,36.091397],[-114.958139,36.091406],[-114.958123,36.091434],[-114.958081,36.091501],[-114.958037,36.091568],[-114.958019,36.091594],[-114.958018,36.091595],[-114.958018,36.091596],[-114.958017,36.091597],[-114.958016,36.091599],[-114.958015,36.0916],[-114.958014,36.091601],[-114.958013,36.091602],[-114.958013,36.091603],[-114.958012,36.091605],[-114.958011,36.091606],[-114.95801,36.091607],[-114.958009,36.091608],[-114.958009,36.091609],[-114.958008,36.091611],[-114.958007,36.091612],[-114.958006,36.091613],[-114.958005,36.091614],[-114.958004,36.091615],[-114.958004,36.091617],[-114.958003,36.091618],[-114.958002,36.091619],[-114.958001,36.09162],[-114.958,36.091621],[-114.957999,36.091623],[-114.957999,36.091624],[-114.957998,36.091625],[-114.957997,36.091626],[-114.957996,36.091627],[-114.957995,36.091629],[-114.957995,36.09163],[-114.957994,36.091631],[-114.957993,36.091632],[-114.957992,36.091633],[-114.957991,36.091634],[-114.95799,36.091636],[-114.95799,36.091637],[-114.957989,36.091638],[-114.957988,36.091639],[-114.957987,36.09164],[-114.957986,36.091642],[-114.957985,36.091643],[-114.957985,36.091644],[-114.957984,36.091645],[-114.957983,36.091646],[-114.957982,36.091648],[-114.957981,36.091649],[-114.95798,36.09165],[-114.957979,36.091651],[-114.957979,36.091652],[-114.957978,36.091654],[-114.957977,36.091655],[-114.957976,36.091656],[-114.957975,36.091657],[-114.957974,36.091658],[-114.957974,36.09166],[-114.957973,36.091661],[-114.957972,36.091662],[-114.957971,36.091663],[-114.95797,36.091664],[-114.957969,36.091666],[-114.957969,36.091667],[-114.957968,36.091668],[-114.957967,36.091669],[-114.957966,36.09167],[-114.957965,36.091671],[-114.957964,36.091673],[-114.957963,36.091674],[-114.957963,36.091675],[-114.957962,36.091676],[-114.957961,36.091677],[-114.95796,36.091679],[-114.957959,36.09168],[-114.957958,36.091681],[-114.957958,36.091682],[-114.957957,36.091683],[-114.957956,36.091685],[-114.957955,36.091686],[-114.957954,36.091687],[-114.957953,36.091688],[-114.957952,36.091689],[-114.957952,36.09169],[-114.957951,36.091692],[-114.95795,36.091693],[-114.957949,36.091694],[-114.957948,36.091695],[-114.957947,36.091696],[-114.957946,36.091698],[-114.957946,36.091699],[-114.957945,36.0917],[-114.957944,36.091701],[-114.957943,36.091702],[-114.957942,36.091704],[-114.957941,36.091705],[-114.95794,36.091706],[-114.95794,36.091707],[-114.957939,36.091708],[-114.957938,36.091709],[-114.957937,36.091711],[-114.957936,36.091712],[-114.957935,36.091713],[-114.957934,36.091714],[-114.957934,36.091715],[-114.957933,36.091717],[-114.957932,36.091718],[-114.957931,36.091719],[-114.95793,36.09172],[-114.957929,36.091721],[-114.957928,36.091722],[-114.957927,36.091724],[-114.957927,36.091725],[-114.957926,36.091726],[-114.957925,36.091727],[-114.957924,36.091728],[-114.957923,36.091729],[-114.957922,36.091731],[-114.957921,36.091732],[-114.957921,36.091733],[-114.95792,36.091734],[-114.957919,36.091735],[-114.957918,36.091737],[-114.957917,36.091738],[-114.957916,36.091739],[-114.957915,36.09174],[-114.957914,36.091741],[-114.957914,36.091742],[-114.957913,36.091744],[-114.957912,36.091745],[-114.957911,36.091746],[-114.95791,36.091747],[-114.957909,36.091748],[-114.957908,36.091749],[-114.957907,36.091751],[-114.957907,36.091752],[-114.957906,36.091753],[-114.957905,36.091754],[-114.957904,36.091755],[-114.957903,36.091757],[-114.957902,36.091758],[-114.957901,36.091759],[-114.9579,36.09176],[-114.9579,36.091761],[-114.957899,36.091762],[-114.957898,36.091764],[-114.957897,36.091765],[-114.957896,36.091766],[-114.957895,36.091767],[-114.957894,36.091768],[-114.957893,36.091769],[-114.957892,36.091771],[-114.957892,36.091772],[-114.957891,36.091773],[-114.95789,36.091774],[-114.957889,36.091775],[-114.957888,36.091776],[-114.957887,36.091778],[-114.957886,36.091779],[-114.957885,36.09178],[-114.957884,36.091781],[-114.957884,36.091782],[-114.957883,36.091783],[-114.957882,36.091785],[-114.957881,36.091786],[-114.95788,36.091787],[-114.957879,36.091788],[-114.957878,36.091789],[-114.957877,36.09179],[-114.957876,36.091792],[-114.957876,36.091793],[-114.957875,36.091794],[-114.957874,36.091795],[-114.957873,36.091796],[-114.957872,36.091797],[-114.957871,36.091799],[-114.95787,36.0918],[-114.957869,36.091801],[-114.957868,36.091802],[-114.957867,36.091803],[-114.957867,36.091804],[-114.957866,36.091806],[-114.957865,36.091807],[-114.957864,36.091808],[-114.957863,36.091809],[-114.957862,36.09181],[-114.957861,36.091811],[-114.95786,36.091813],[-114.957859,36.091814],[-114.957858,36.091815],[-114.957858,36.091816],[-114.957857,36.091817],[-114.957856,36.091818],[-114.957855,36.09182],[-114.957854,36.091821],[-114.957853,36.091822],[-114.957852,36.091823],[-114.957851,36.091824],[-114.95785,36.091825],[-114.957849,36.091827],[-114.957849,36.091828],[-114.957848,36.091829],[-114.957847,36.09183],[-114.957846,36.091831],[-114.957845,36.091832],[-114.957844,36.091833],[-114.957843,36.091835],[-114.957842,36.091836],[-114.957841,36.091837],[-114.95784,36.091838],[-114.957839,36.091839],[-114.957839,36.09184],[-114.957838,36.091842],[-114.957837,36.091843],[-114.957836,36.091844],[-114.957835,36.091845],[-114.957834,36.091846],[-114.957833,36.091847],[-114.957832,36.091849],[-114.957831,36.09185],[-114.95783,36.091851],[-114.957829,36.091852],[-114.957828,36.091853],[-114.957828,36.091854],[-114.957827,36.091855],[-114.957826,36.091857],[-114.957825,36.091858],[-114.957824,36.091859],[-114.957823,36.09186],[-114.957822,36.091861],[-114.957821,36.091862],[-114.95782,36.091864],[-114.957819,36.091865],[-114.957818,36.091866],[-114.957817,36.091867],[-114.957816,36.091868],[-114.957816,36.091869],[-114.957815,36.09187],[-114.957814,36.091872],[-114.957813,36.091873],[-114.957812,36.091874],[-114.957811,36.091875],[-114.95781,36.091876],[-114.957809,36.091877],[-114.957808,36.091878],[-114.957807,36.09188],[-114.957806,36.091881],[-114.957805,36.091882],[-114.957804,36.091883],[-114.957804,36.091884],[-114.957803,36.091885],[-114.957802,36.091887],[-114.957801,36.091888],[-114.9578,36.091889],[-114.957799,36.09189],[-114.957798,36.091891],[-114.957797,36.091892],[-114.957796,36.091893],[-114.957795,36.091895],[-114.957794,36.091896],[-114.957793,36.091897],[-114.957792,36.091898],[-114.957791,36.091899],[-114.95779,36.0919],[-114.95779,36.091901],[-114.957789,36.091903],[-114.957788,36.091904],[-114.957787,36.091905],[-114.957786,36.091906],[-114.957785,36.091907],[-114.957784,36.091908],[-114.957783,36.091909],[-114.957782,36.091911],[-114.957781,36.091912],[-114.95778,36.091913],[-114.957779,36.091914],[-114.957778,36.091915],[-114.957777,36.091916],[-114.957776,36.091917],[-114.957775,36.091919],[-114.957774,36.09192],[-114.957774,36.091921],[-114.957773,36.091922],[-114.957772,36.091923],[-114.957771,36.091924],[-114.95777,36.091925],[-114.957769,36.091927],[-114.957768,36.091928],[-114.957767,36.091929],[-114.957766,36.09193],[-114.957765,36.091931],[-114.957764,36.091932],[-114.957763,36.091933],[-114.957762,36.091935],[-114.957774,36.091735],[-114.95778,36.091635],[-114.956644,36.091644],[-114.956379,36.091647],[-114.955811,36.091651],[-114.953323,36.091672],[-114.953215,36.093532],[-114.952127,36.093541],[-114.95114,36.093548],[-114.951039,36.093549],[-114.950988,36.093549],[-114.949951,36.093557],[-114.949874,36.093558],[-114.94988,36.093447],[-114.949927,36.092629],[-114.949979,36.0917],[-114.950032,36.090771],[-114.95008,36.089924],[-114.950084,36.089844],[-114.950084,36.089843],[-114.9512,36.089832],[-114.951301,36.089831],[-114.953329,36.089812],[-114.953431,36.089812],[-114.953619,36.086091],[-114.95335,36.086094],[-114.953005,36.086098],[-114.952666,36.086101],[-114.952328,36.086105],[-114.951881,36.08611],[-114.951106,36.086118],[-114.949759,36.086132],[-114.949174,36.086138],[-114.949066,36.086139],[-114.948114,36.08615],[-114.946939,36.086162],[-114.946753,36.083378],[-114.945624,36.083392],[-114.945562,36.082464],[-114.945243,36.082467],[-114.944433,36.082477],[-114.944424,36.082354],[-114.944397,36.081986],[-114.944371,36.081634],[-114.944329,36.081054],[-114.944297,36.080623],[-114.944155,36.080631],[-114.943952,36.080634],[-114.943749,36.080638],[-114.943546,36.08064],[-114.943343,36.080642],[-114.94314,36.080644],[-114.942937,36.080646],[-114.942734,36.080648],[-114.942531,36.080649],[-114.942328,36.080651],[-114.94211,36.080653],[-114.941935,36.080652],[-114.941711,36.080656],[-114.941507,36.080659],[-114.941302,36.080662],[-114.941097,36.080665],[-114.940892,36.080664],[-114.940693,36.080667],[-114.940493,36.08067],[-114.940291,36.080673],[-114.940089,36.080676],[-114.939858,36.080678],[-114.939764,36.080679],[-114.939831,36.081471],[-114.940239,36.086234],[-114.940157,36.087801],[-114.940143,36.088083],[-114.94013,36.088329],[-114.940078,36.089322],[-114.940046,36.089933],[-114.939854,36.093633],[-114.939694,36.096777],[-114.939665,36.097334],[-114.93962,36.098216],[-114.93962,36.098226],[-114.939534,36.099896],[-114.939527,36.100039],[-114.93952,36.100185],[-114.939476,36.101032],[-114.93769,36.101025],[-114.937707,36.101764],[-114.937778,36.104686],[-114.939576,36.104694],[-114.939677,36.108355],[-114.939731,36.11033],[-114.939738,36.110565],[-114.939744,36.110765],[-114.939778,36.112007],[-114.939782,36.112165],[-114.939817,36.113406],[-114.939866,36.115168],[-114.93988,36.115658],[-114.939844,36.116495],[-114.939727,36.119241],[-114.939723,36.119327],[-114.939686,36.120203],[-114.939566,36.122994],[-114.939547,36.126646],[-114.939527,36.130298],[-114.936061,36.130287],[-114.931385,36.130272],[-114.930291,36.130268],[-114.924594,36.13026],[-114.921049,36.130255],[-114.911825,36.130272],[-114.911861,36.129292],[-114.911932,36.127316],[-114.911958,36.126595],[-114.908506,36.126598],[-114.90854,36.125679],[-114.906239,36.12568],[-114.906347,36.122936],[-114.906392,36.121759],[-114.906426,36.120869],[-114.90649,36.119265],[-114.90649,36.119257],[-114.907636,36.119257],[-114.907721,36.117079],[-114.907749,36.116356],[-114.907753,36.116252],[-114.907778,36.115593],[-114.907788,36.115183],[-114.907805,36.114442],[-114.907809,36.11431],[-114.907853,36.112443],[-114.907865,36.111927],[-114.907898,36.110552],[-114.907917,36.109746],[-114.907922,36.109541],[-114.907926,36.109349],[-114.907931,36.109156],[-114.907935,36.108964],[-114.90794,36.108772],[-114.907944,36.10858],[-114.907949,36.108387],[-114.907952,36.108261],[-114.907954,36.108195],[-114.907958,36.108003],[-114.907963,36.107811],[-114.907967,36.107618],[-114.907972,36.107426],[-114.907976,36.107234],[-114.907981,36.107041],[-114.907985,36.106849],[-114.90799,36.106657],[-114.907995,36.106465],[-114.907999,36.106272],[-114.908004,36.10608],[-114.908008,36.105888],[-114.908013,36.105696],[-114.908017,36.105503],[-114.908026,36.105123],[-114.908034,36.104806],[-114.908034,36.104805],[-114.908038,36.104629],[-114.908039,36.104595],[-114.908041,36.104488],[-114.908059,36.10373],[-114.908061,36.103641],[-114.908064,36.103552],[-114.908072,36.103209],[-114.908075,36.103053],[-114.908079,36.102898],[-114.908087,36.102583],[-114.90809,36.102415],[-114.908094,36.102248],[-114.908103,36.101893],[-114.908107,36.101734],[-114.90811,36.101575],[-114.908126,36.100928],[-114.903798,36.100919],[-114.903615,36.100919],[-114.903658,36.09995],[-114.903659,36.099932],[-114.903691,36.099311],[-114.904182,36.089923],[-114.904374,36.086258],[-114.904374,36.086257],[-114.904374,36.086187],[-114.904376,36.085196],[-114.90436,36.084374],[-114.903259,36.082899],[-114.904279,36.082186],[-114.904276,36.082071],[-114.903957,36.082108],[-114.90233,36.078205],[-114.903352,36.078085],[-114.90281,36.076784],[-114.904206,36.076621],[-114.904204,36.076513],[-114.904178,36.075199],[-114.904105,36.071537],[-114.90458,36.071535],[-114.912368,36.071499],[-114.912474,36.0715],[-114.920404,36.071599],[-114.920852,36.071605],[-114.922903,36.071558],[-114.922907,36.070074],[-114.922921,36.064922],[-114.922925,36.06353],[-114.922926,36.063161],[-114.922941,36.056284],[-114.922943,36.055483],[-114.922957,36.049034],[-114.922975,36.042822],[-114.922978,36.041782],[-114.913985,36.041755],[-114.914014,36.034506],[-114.909522,36.034492],[-114.909554,36.027243],[-114.914042,36.027255],[-114.91411,36.012768],[-114.91413,36.009138],[-114.91415,36.005503],[-114.914148,36.001888],[-114.914168,35.998311],[-114.905261,35.998249],[-114.905271,35.994643],[-114.905283,35.99104],[-114.905295,35.987441],[-114.905307,35.98383],[-114.914226,35.983805],[-114.914282,35.980152],[-114.914297,35.978445],[-114.914299,35.978131],[-114.9143,35.978002],[-114.914303,35.97766],[-114.914306,35.97739],[-114.914306,35.977347],[-114.914313,35.976497],[-114.91399,35.976499],[-114.913471,35.976502],[-114.913286,35.976504],[-114.912941,35.976506],[-114.912567,35.976508],[-114.912562,35.976498],[-114.912503,35.976345],[-114.912083,35.97631],[-114.910652,35.976192],[-114.910933,35.973954],[-114.910956,35.973769],[-114.910998,35.973434],[-114.911028,35.973195],[-114.911044,35.973068],[-114.911053,35.972989],[-114.911069,35.972861],[-114.910764,35.972862],[-114.910703,35.972862],[-114.910329,35.972862],[-114.909949,35.972862],[-114.909886,35.972862],[-114.909887,35.972745],[-114.909889,35.972515],[-114.909893,35.972115],[-114.909902,35.971166],[-114.909908,35.970533],[-114.909913,35.970027],[-114.909915,35.9698],[-114.909921,35.969197],[-114.910336,35.969196],[-114.910369,35.969216],[-114.910545,35.969325],[-114.910638,35.969385],[-114.910639,35.969195],[-114.912301,35.969192],[-114.913176,35.96919],[-114.914375,35.969187],[-114.914353,35.971815],[-114.914344,35.972842],[-114.914499,35.972841],[-114.923261,35.972815],[-114.923243,35.976463],[-114.935462,35.976466],[-114.93686,35.975657],[-114.940199,35.974644],[-114.941044,35.974645],[-114.952169,35.974599],[-114.952164,35.978237],[-114.954392,35.978229],[-114.954391,35.983678],[-114.954961,35.983676],[-114.95564,35.983673],[-114.955821,35.983673],[-114.956324,35.983671],[-114.95685,35.98367],[-114.957019,35.983668],[-114.957195,35.983668],[-114.957623,35.983665],[-114.958245,35.983663],[-114.958847,35.983662],[-114.958946,35.98366],[-114.960926,35.983662],[-114.96103,35.983664],[-114.961129,35.983663],[-114.962933,35.983666],[-114.963077,35.983664],[-114.963248,35.983665],[-114.963275,35.983666],[-114.963418,35.983668],[-114.963525,35.983667],[-114.964025,35.983663],[-114.964645,35.983658],[-114.964706,35.983658],[-114.964712,35.983658],[-114.965279,35.983654],[-114.965844,35.98365],[-114.965851,35.98365],[-114.965949,35.983651],[-114.965957,35.983651],[-114.966006,35.983649],[-114.966064,35.983647],[-114.966258,35.983646],[-114.96679,35.983643],[-114.967201,35.983641],[-114.967301,35.98364],[-114.967666,35.983638],[-114.967753,35.983639],[-114.967767,35.983639],[-114.967773,35.983639],[-114.967874,35.983639],[-114.968336,35.983636],[-114.968818,35.983633],[-114.968855,35.983636],[-114.969634,35.983633],[-114.969671,35.983633],[-114.969773,35.983632],[-114.970499,35.98363],[-114.971226,35.983627],[-114.971328,35.983626],[-114.971429,35.983626],[-114.972037,35.983624],[-114.972176,35.983623],[-114.972966,35.98362],[-114.973068,35.98362],[-114.973168,35.983619],[-114.973169,35.983619],[-114.973966,35.983616],[-114.974765,35.983613],[-114.974796,35.983613],[-114.974867,35.983613],[-114.974968,35.983613],[-114.975498,35.983611],[-114.976276,35.983608],[-114.976537,35.983607],[-114.976673,35.983606],[-114.976824,35.983606],[-114.976875,35.983606],[-114.977954,35.983603],[-114.978921,35.9836],[-114.980021,35.983597],[-114.98103,35.983594],[-114.98115,35.983594],[-114.982254,35.98359],[-114.98337,35.983587],[-114.983385,35.983587],[-114.983964,35.983585],[-114.985337,35.983582],[-114.985352,35.983582],[-114.985413,35.983581],[-114.985533,35.983581],[-114.985575,35.983581],[-114.985615,35.983581],[-114.985689,35.983581],[-114.989734,35.98357],[-114.989819,35.98357],[-114.992058,35.983563],[-114.994315,35.983556],[-114.994314,35.983638],[-114.994311,35.984086],[-114.994309,35.984258],[-114.994308,35.984431],[-114.994307,35.984603],[-114.994307,35.984603],[-114.994306,35.984775],[-114.994304,35.984948],[-114.994303,35.985112],[-114.994302,35.985292],[-114.994301,35.985362],[-114.994301,35.985432],[-114.994299,35.985707],[-114.994297,35.985899],[-114.994296,35.986097],[-114.994294,35.986262],[-114.994293,35.986426],[-114.994292,35.986591],[-114.994291,35.986756],[-114.994289,35.986921],[-114.994288,35.9871],[-114.994288,35.98717],[-114.994287,35.98724],[-114.994285,35.987527],[-114.994284,35.987671],[-114.994282,35.987958],[-114.994281,35.988013],[-114.99428,35.988184],[-114.994279,35.988362],[-114.994277,35.988541],[-114.994276,35.988719],[-114.994275,35.988884],[-114.994274,35.988912],[-114.994274,35.988978],[-114.994273,35.989051],[-114.994273,35.989064],[-114.994273,35.989065],[-114.99427,35.989497],[-114.994267,35.98993],[-114.994263,35.990362],[-114.99426,35.990795],[-114.994256,35.991537],[-114.994249,35.992608],[-114.994247,35.992955],[-114.994245,35.993169],[-114.994243,35.993515],[-114.994238,35.994421],[-114.994232,35.995325],[-114.994232,35.995328],[-114.99423,35.99561],[-114.994228,35.996025],[-114.994226,35.996236],[-114.994225,35.996423],[-114.994223,35.996736],[-114.994221,35.997074],[-114.994221,35.997085],[-114.994218,35.997514],[-114.994216,35.997843],[-114.994216,35.997911],[-114.994215,35.998048],[-114.996074,35.998062],[-114.996774,35.998067],[-114.997979,35.998076],[-114.99842,35.998079],[-114.99842,35.998191],[-114.99866,35.998193],[-115.003153,35.998186],[-115.007894,35.998199],[-115.012089,35.99821],[-115.02093,35.998292],[-115.029877,35.998289],[-115.03435,35.998299],[-115.036853,35.998305],[-115.0388,35.998309],[-115.038823,35.998309],[-115.039192,35.99831],[-115.039356,35.99831],[-115.040805,35.998313],[-115.041237,35.998314],[-115.043289,35.998318],[-115.044036,35.998319],[-115.047731,35.998325],[-115.047756,35.998325],[-115.047756,35.998321],[-115.047756,35.998255],[-115.047756,35.998243],[-115.047759,35.99483],[-115.047759,35.9947],[-115.04776,35.993851],[-115.047762,35.991076],[-115.047802,35.987465],[-115.047821,35.985753],[-115.047827,35.985278],[-115.047842,35.983905],[-115.052238,35.983921],[-115.056708,35.983938],[-115.056709,35.983938],[-115.056739,35.983938],[-115.060679,35.983964],[-115.065632,35.98401],[-115.065655,35.98401],[-115.065656,35.98401],[-115.069237,35.984026],[-115.069245,35.984026],[-115.074569,35.98405],[-115.074576,35.98405],[-115.074664,35.984051],[-115.076796,35.984063],[-115.076998,35.984064],[-115.079024,35.984076],[-115.08086,35.984087],[-115.08086,35.984087],[-115.081251,35.98409],[-115.081292,35.98409],[-115.081616,35.984092],[-115.08187,35.984093],[-115.082123,35.984095],[-115.082377,35.984097],[-115.08263,35.984098],[-115.082884,35.9841],[-115.083137,35.984101],[-115.083391,35.984103],[-115.083487,35.984103],[-115.083467,35.982784],[-115.083456,35.981656],[-115.083455,35.981565],[-115.083454,35.981484],[-115.083454,35.981426],[-115.081223,35.980899],[-115.081219,35.980466],[-115.081211,35.979553],[-115.077873,35.979522],[-115.077865,35.978494],[-115.077864,35.978311],[-115.077862,35.978146],[-115.077861,35.97799],[-115.07786,35.977826],[-115.077858,35.977661],[-115.077857,35.977496],[-115.077856,35.977331],[-115.077854,35.977166],[-115.077853,35.977001],[-115.077851,35.976782],[-115.077767,35.976781],[-115.077292,35.976777],[-115.07674,35.976772],[-115.076735,35.976223],[-115.076733,35.975954],[-115.076732,35.975858],[-115.076732,35.975748],[-115.07673,35.975542],[-115.076728,35.975336],[-115.076727,35.97513],[-115.076726,35.975075],[-115.076725,35.974945],[-115.076465,35.974942],[-115.076212,35.974939],[-115.075958,35.974936],[-115.075705,35.974934],[-115.075451,35.974931],[-115.075198,35.974928],[-115.074707,35.974923],[-115.074503,35.974921],[-115.0745,35.974496],[-115.074499,35.974441],[-115.074498,35.974235],[-115.074496,35.974026],[-115.074496,35.974008],[-115.073385,35.973999],[-115.073379,35.973086],[-115.072267,35.973077],[-115.072263,35.972369],[-115.07226,35.971993],[-115.07226,35.971911],[-115.07226,35.971856],[-115.072257,35.971433],[-115.072256,35.97125],[-115.074477,35.971269],[-115.074787,35.971272],[-115.075587,35.97128],[-115.075573,35.969453],[-115.075564,35.96854],[-115.074454,35.96853],[-115.073344,35.96852],[-115.073335,35.967607],[-115.071116,35.967587],[-115.071099,35.966008],[-115.071097,35.96576],[-115.071082,35.964353],[-115.071061,35.962333],[-115.071061,35.962333],[-115.071031,35.959413],[-115.071021,35.958453],[-115.070993,35.95571],[-115.073212,35.955725],[-115.073203,35.95483],[-115.074296,35.954839],[-115.075806,35.954847],[-115.077628,35.954856],[-115.078751,35.954866],[-115.079847,35.954875],[-115.079847,35.953829],[-115.079848,35.95306],[-115.077628,35.953041],[-115.077628,35.952664],[-115.077628,35.952573],[-115.077628,35.952208],[-115.077628,35.952184],[-115.077628,35.951684],[-115.077628,35.951116],[-115.077628,35.948604],[-115.077628,35.948595],[-115.077628,35.948476],[-115.077628,35.947388],[-115.077628,35.945082],[-115.077628,35.94482],[-115.075408,35.944801],[-115.075408,35.94229],[-115.075407,35.94134],[-115.075407,35.941147],[-115.076224,35.941154],[-115.076514,35.941156],[-115.076785,35.941159],[-115.076962,35.94116],[-115.07714,35.941161],[-115.077318,35.941163],[-115.077461,35.941164],[-115.07798,35.941168],[-115.078206,35.94117],[-115.078507,35.941172],[-115.078739,35.941174],[-115.078739,35.940678],[-115.078739,35.940366],[-115.078739,35.940261],[-115.078832,35.938434],[-115.078846,35.938142],[-115.081601,35.937807],[-115.081695,35.937796],[-115.083299,35.9376],[-115.087229,35.937122],[-115.086937,35.936998],[-115.08637,35.936756],[-115.083433,35.935505],[-115.083421,35.935496],[-115.082393,35.934724],[-115.081544,35.934576],[-115.081261,35.934527],[-115.079993,35.934463],[-115.079063,35.933866],[-115.079109,35.932952],[-115.081337,35.93297],[-115.082487,35.932295],[-115.082526,35.931531],[-115.082535,35.931352],[-115.081538,35.930319],[-115.080472,35.930325],[-115.079264,35.929842],[-115.078731,35.929629],[-115.078202,35.92934],[-115.07803,35.929247],[-115.077093,35.928676],[-115.077146,35.927596],[-115.077551,35.927577],[-115.078041,35.927674],[-115.079354,35.928137],[-115.079796,35.928292],[-115.081753,35.928607],[-115.08271,35.927989],[-115.082744,35.927346],[-115.082826,35.92577],[-115.082831,35.925669],[-115.082831,35.925062],[-115.083982,35.925086],[-115.085193,35.925111],[-115.086227,35.924503],[-115.086825,35.922915],[-115.090792,35.922884],[-115.0915,35.922879],[-115.092888,35.922868],[-115.095123,35.921945],[-115.100545,35.921906],[-115.100531,35.923721],[-115.100526,35.924394],[-115.101812,35.925506],[-115.110548,35.925745],[-115.110483,35.918458],[-115.119158,35.918627],[-115.119127,35.916788],[-115.132155,35.916833],[-115.132229,35.918679],[-115.136586,35.918696],[-115.154061,35.919138],[-115.162502,35.911459],[-115.162908,35.904158],[-115.167325,35.904076],[-115.169533,35.904035],[-115.171823,35.902206],[-115.171904,35.900418],[-115.172059,35.897013],[-115.172067,35.896844],[-115.176432,35.896839],[-115.180807,35.896834],[-115.185182,35.896829],[-115.189557,35.896824],[-115.189557,35.896824],[-115.193896,35.896819],[-115.198235,35.896813],[-115.202574,35.896808],[-115.206489,35.896802],[-115.206913,35.896802],[-115.211387,35.896788],[-115.21208,35.896786],[-115.212505,35.896785],[-115.212837,35.896784],[-115.212496,35.897307],[-115.20706,35.905663],[-115.207034,35.905703],[-115.202925,35.911495],[-115.20101,35.914194],[-115.200489,35.914188],[-115.200516,35.915096],[-115.19832,35.915071],[-115.198406,35.91765],[-115.197601,35.918699],[-115.194003,35.918663],[-115.194163,35.923181],[-115.192049,35.925935],[-115.189837,35.925913],[-115.187636,35.925875],[-115.187675,35.926782],[-115.189875,35.926845],[-115.189986,35.929544],[-115.187792,35.929505],[-115.185598,35.929466],[-115.185564,35.929465],[-115.183404,35.929427],[-115.183447,35.930336],[-115.183489,35.931245],[-115.183532,35.932154]],[[-115.183575,35.933063],[-115.183532,35.932154],[-115.183431,35.932152],[-115.182437,35.932132],[-115.181478,35.932112],[-115.181343,35.93211],[-115.181387,35.933017],[-115.183473,35.933061],[-115.183575,35.933063]],[[-115.174827,35.945721],[-115.174849,35.944804],[-115.174748,35.944801],[-115.172761,35.944727],[-115.172598,35.944726],[-115.172579,35.945657],[-115.174726,35.945718],[-115.174827,35.945721]],[[-115.174675,35.96149],[-115.174674,35.961408],[-115.17467,35.961024],[-115.173184,35.96102],[-115.173174,35.96102],[-115.173089,35.96102],[-115.172912,35.96102],[-115.172751,35.961019],[-115.172433,35.961022],[-115.172437,35.961484],[-115.172749,35.961485],[-115.17288,35.961486],[-115.174675,35.96149]],[[-115.006264,36.036862],[-115.005859,36.034757],[-115.005754,36.034589],[-115.00389,36.03483],[-115.003696,36.034856],[-115.002957,36.034949],[-115.002958,36.035115],[-115.002901,36.035122],[-115.000329,36.03546],[-114.998913,36.035646],[-114.997424,36.035849],[-114.997454,36.036006],[-114.998025,36.038978],[-114.998037,36.039043],[-114.99576,36.039332],[-114.994005,36.039554],[-114.993612,36.039604],[-114.98848,36.040254],[-114.988232,36.040286],[-114.988262,36.040441],[-114.988264,36.040449],[-114.988265,36.040457],[-114.98832,36.040743],[-114.988432,36.041328],[-114.988642,36.041533],[-114.9888,36.042376],[-114.988979,36.04333],[-114.989305,36.045032],[-114.989494,36.0452],[-114.992393,36.047795],[-114.993551,36.048825],[-114.993873,36.049111],[-114.993872,36.049212],[-114.993869,36.049515],[-114.994796,36.050339],[-114.994927,36.050456],[-114.995753,36.050305],[-114.995849,36.050288],[-114.995918,36.050277],[-114.995988,36.050267],[-114.996129,36.050251],[-114.99627,36.050238],[-114.99634,36.050233],[-114.996411,36.050229],[-114.996553,36.050225],[-114.996624,36.050224],[-114.996766,36.050225],[-114.996907,36.050231],[-114.996978,36.050235],[-114.997119,36.050246],[-114.99719,36.050254],[-114.99733,36.050271],[-114.997469,36.050292],[-114.997539,36.050304],[-114.997676,36.050332],[-114.997745,36.050347],[-114.997881,36.05038],[-114.998015,36.050417],[-114.998082,36.050437],[-114.998213,36.050479],[-114.998279,36.050502],[-114.998408,36.05055],[-114.998471,36.050575],[-114.998534,36.050602],[-114.998659,36.050657],[-114.998781,36.050716],[-114.998841,36.050746],[-114.999816,36.051254],[-115.000058,36.051389],[-115.000806,36.051755],[-115.001572,36.052145],[-115.002684,36.05264],[-115.003244,36.052889],[-115.004335,36.053356],[-115.005127,36.053679],[-115.005912,36.053968],[-115.006722,36.054279],[-115.007953,36.054706],[-115.01123,36.0558],[-115.012664,36.056274],[-115.012949,36.056346],[-115.013154,36.056395],[-115.013335,36.056432],[-115.013544,36.056458],[-115.013822,36.056485],[-115.015177,36.056516],[-115.015176,36.056461],[-115.015174,36.056378],[-115.015174,36.056331],[-115.015174,36.056323],[-115.015159,36.055311],[-115.011341,36.053202],[-115.011342,36.053182],[-115.014176,36.053206],[-115.014192,36.052857],[-115.014218,36.052228],[-115.015116,36.052435],[-115.015314,36.052007],[-115.016497,36.049438],[-115.016517,36.049394],[-115.016592,36.04923],[-115.017175,36.047959],[-115.017175,36.047958],[-115.017672,36.046874],[-115.017743,36.046719],[-115.017743,36.046718],[-115.018253,36.045602],[-115.018446,36.045177],[-115.018987,36.045107],[-115.019122,36.045089],[-115.018059,36.03945],[-115.018004,36.039201],[-115.017941,36.038977],[-115.018062,36.038942],[-115.018077,36.038939],[-115.018986,36.03865],[-115.018857,36.038517],[-115.017884,36.038825],[-115.017697,36.038885],[-115.017652,36.038647],[-115.017631,36.03861],[-115.01433,36.038636],[-115.012358,36.038794],[-115.012003,36.035671],[-115.011819,36.03566],[-115.01168,36.035657],[-115.01151,36.035659],[-115.011228,36.03568],[-115.009568,36.035895],[-115.009363,36.035918],[-115.009261,36.035922],[-115.009158,36.03592],[-115.009005,36.035907],[-115.008855,36.035881],[-115.008677,36.035831],[-115.008443,36.035861],[-115.008579,36.036569],[-115.006264,36.036862]],[[-115.172401,35.954036],[-115.170273,35.954134],[-115.170171,35.954139],[-115.168482,35.954216],[-115.167943,35.954241],[-115.165714,35.954343],[-115.165705,35.955267],[-115.16793,35.955167],[-115.170155,35.955068],[-115.170156,35.955205],[-115.170162,35.955996],[-115.170169,35.956924],[-115.170175,35.957852],[-115.172405,35.957761],[-115.172413,35.958692],[-115.172421,35.959623],[-115.172429,35.960554],[-115.172754,35.960554],[-115.172941,35.960554],[-115.173092,35.960555],[-115.173176,35.960555],[-115.174665,35.960557],[-115.174656,35.959628],[-115.174647,35.958782],[-115.174647,35.958699],[-115.174646,35.958617],[-115.174638,35.957771],[-115.175755,35.957776],[-115.176871,35.95778],[-115.176861,35.956854],[-115.174629,35.956842],[-115.173335,35.956835],[-115.173178,35.956835],[-115.172996,35.956834],[-115.172397,35.956831],[-115.172388,35.9559],[-115.172429,35.9559],[-115.173083,35.955904],[-115.173432,35.955906],[-115.173783,35.955909],[-115.176759,35.955927],[-115.17686,35.955928],[-115.176855,35.955263],[-115.176853,35.955001],[-115.176842,35.955001],[-115.17674,35.955001],[-115.174611,35.954985],[-115.17419,35.954982],[-115.174164,35.954982],[-115.174159,35.954982],[-115.173939,35.95498],[-115.173804,35.954979],[-115.173579,35.954978],[-115.173473,35.954977],[-115.173445,35.954977],[-115.173444,35.954977],[-115.172761,35.954972],[-115.172396,35.954969],[-115.172381,35.954969],[-115.172384,35.954831],[-115.172401,35.954036]],[[-115.154616,35.960295],[-115.154608,35.959389],[-115.152402,35.959321],[-115.152402,35.959239],[-115.152396,35.95842],[-115.154601,35.958482],[-115.154594,35.957575],[-115.154587,35.956669],[-115.154756,35.956661],[-115.15681,35.956573],[-115.156806,35.9558],[-115.156805,35.955663],[-115.154796,35.955752],[-115.15458,35.955762],[-115.153989,35.955749],[-115.153234,35.955733],[-115.152377,35.955715],[-115.152378,35.95587],[-115.152383,35.956617],[-115.152282,35.956614],[-115.151531,35.956597],[-115.151282,35.956591],[-115.150782,35.956579],[-115.150281,35.956567],[-115.150175,35.956564],[-115.150183,35.957461],[-115.149084,35.957433],[-115.148083,35.957407],[-115.147982,35.957404],[-115.147987,35.958296],[-115.148088,35.958298],[-115.149089,35.958327],[-115.15009,35.958355],[-115.15019,35.958358],[-115.150198,35.959254],[-115.150205,35.960149],[-115.150306,35.960153],[-115.151307,35.960186],[-115.152308,35.960219],[-115.15241,35.960222],[-115.152511,35.960226],[-115.154445,35.96029],[-115.154616,35.960295]],[[-115.165743,35.960797],[-115.163525,35.960877],[-115.163528,35.961255],[-115.163532,35.961796],[-115.163397,35.9618],[-115.163272,35.961805],[-115.161297,35.961874],[-115.161302,35.962603],[-115.161302,35.96268],[-115.161303,35.96279],[-115.162938,35.962735],[-115.16354,35.962714],[-115.165755,35.96264],[-115.165749,35.961718],[-115.165743,35.960797]],[[-115.163525,35.960877],[-115.163518,35.959959],[-115.163383,35.959964],[-115.162384,35.960001],[-115.161386,35.960039],[-115.161285,35.960043],[-115.161291,35.960959],[-115.163525,35.960877]],[[-115.161285,35.960043],[-115.161279,35.959127],[-115.161279,35.959045],[-115.161273,35.958212],[-115.159047,35.958302],[-115.159042,35.957389],[-115.156816,35.957482],[-115.156213,35.957508],[-115.156215,35.95759],[-115.156215,35.958417],[-115.15672,35.958396],[-115.156821,35.958392],[-115.156826,35.959302],[-115.157433,35.959278],[-115.157436,35.95936],[-115.157439,35.960188],[-115.157945,35.960169],[-115.157942,35.959341],[-115.157939,35.959258],[-115.159053,35.959215],[-115.159053,35.959297],[-115.159059,35.960127],[-115.15916,35.960123],[-115.160172,35.960085],[-115.160678,35.960066],[-115.161184,35.960047],[-115.161285,35.960043]],[[-115.156826,35.959302],[-115.155721,35.959345],[-115.155721,35.959427],[-115.155723,35.960253],[-115.155725,35.961079],[-115.155725,35.961162],[-115.156836,35.961121],[-115.156831,35.960211],[-115.156826,35.959302]],[[-115.011345,36.070991],[-115.011262,36.070991],[-115.00852,36.070992],[-115.008518,36.071047],[-115.008517,36.071129],[-115.008505,36.071637],[-115.008486,36.072488],[-115.00602,36.072478],[-115.006012,36.073191],[-115.005572,36.073191],[-115.005568,36.073603],[-115.004959,36.073603],[-115.00495,36.07458],[-115.007047,36.074563],[-115.008439,36.074553],[-115.011368,36.074527],[-115.011496,36.074526],[-115.011563,36.072767],[-115.011583,36.072574],[-115.011651,36.072397],[-115.011712,36.070991],[-115.01147,36.070991],[-115.011345,36.070991]],[[-115.161363,35.952708],[-115.161262,35.952713],[-115.161257,35.954548],[-115.161359,35.954543],[-115.162372,35.954497],[-115.163351,35.954452],[-115.163486,35.954446],[-115.163497,35.952606],[-115.163362,35.952612],[-115.161363,35.952708]],[[-115.161262,35.952713],[-115.161264,35.951796],[-115.161163,35.951801],[-115.159127,35.951901],[-115.159025,35.951906],[-115.156786,35.952016],[-115.156791,35.952928],[-115.159027,35.952821],[-115.159128,35.952816],[-115.161161,35.952718],[-115.161262,35.952713]],[[-115.161264,35.951796],[-115.162384,35.951741],[-115.162384,35.951658],[-115.162388,35.950822],[-115.161368,35.950874],[-115.161267,35.950879],[-115.161264,35.951796]],[[-115.161267,35.950879],[-115.161269,35.949962],[-115.159023,35.950077],[-115.159024,35.950992],[-115.161267,35.950879]],[[-115.170236,35.950421],[-115.167994,35.950536],[-115.167981,35.951463],[-115.17022,35.951351],[-115.170236,35.950421]],[[-115.167994,35.950536],[-115.168007,35.94961],[-115.167905,35.949615],[-115.166884,35.949669],[-115.165761,35.949728],[-115.165751,35.950651],[-115.165853,35.950646],[-115.166872,35.950594],[-115.167892,35.950542],[-115.167994,35.950536]],[[-115.165751,35.950651],[-115.16565,35.950656],[-115.16463,35.950709],[-115.163644,35.950759],[-115.163509,35.950766],[-115.163503,35.951686],[-115.164623,35.95163],[-115.165742,35.951574],[-115.165751,35.950651]],[[-115.146435,35.962694],[-115.145793,35.962669],[-115.145798,35.963578],[-115.145802,35.964504],[-115.145813,35.964504],[-115.145903,35.964507],[-115.148024,35.964585],[-115.148021,35.963664],[-115.148017,35.962853],[-115.148017,35.962756],[-115.147422,35.962733],[-115.146928,35.962713],[-115.146928,35.962588],[-115.146923,35.961813],[-115.14643,35.961794],[-115.146434,35.962568],[-115.146435,35.962694]],[[-115.145793,35.962669],[-115.145793,35.962666],[-115.14579,35.961769],[-115.145666,35.961765],[-115.145166,35.961746],[-115.144665,35.961729],[-115.144165,35.96171],[-115.144165,35.96248],[-115.144165,35.962604],[-115.144166,35.962604],[-115.145793,35.962669]],[[-115.156888,35.968398],[-115.154676,35.968455],[-115.154683,35.969362],[-115.154684,35.969487],[-115.154684,35.969542],[-115.154688,35.970093],[-115.154688,35.970131],[-115.154689,35.970188],[-115.154689,35.970202],[-115.154689,35.97025],[-115.154689,35.970253],[-115.154689,35.970256],[-115.154689,35.970266],[-115.154689,35.970268],[-115.155041,35.97026],[-115.155789,35.970243],[-115.155789,35.970106],[-115.155789,35.970092],[-115.155787,35.969335],[-115.156782,35.96931],[-115.156902,35.969307],[-115.156888,35.968398]],[[-115.154676,35.968455],[-115.15467,35.967548],[-115.1545,35.967543],[-115.153564,35.967515],[-115.15256,35.967485],[-115.152459,35.967482],[-115.152464,35.968394],[-115.154507,35.96845],[-115.154676,35.968455]],[[-115.174861,35.93747],[-115.177115,35.93758],[-115.177077,35.936651],[-115.177039,35.93572],[-115.174794,35.935636],[-115.174828,35.936554],[-115.174861,35.93747]],[[-115.141346,35.958108],[-115.141245,35.958105],[-115.140237,35.958077],[-115.140242,35.957286],[-115.140245,35.957203],[-115.139615,35.957187],[-115.139139,35.957174],[-115.139128,35.958045],[-115.139117,35.958916],[-115.141341,35.958984],[-115.141346,35.958108]],[[-115.181621,35.937799],[-115.181574,35.936845],[-115.179326,35.936748],[-115.179368,35.937689],[-115.181621,35.937799]],[[-115.168032,35.947758],[-115.165779,35.947882],[-115.16577,35.948805],[-115.168019,35.948684],[-115.168032,35.947758]],[[-115.159019,35.947334],[-115.159018,35.94642],[-115.156758,35.946546],[-115.156763,35.947458],[-115.159019,35.947334]],[[-115.167939,35.956092],[-115.167493,35.956111],[-115.167048,35.956131],[-115.166602,35.95615],[-115.166157,35.956169],[-115.165711,35.956188],[-115.165718,35.95711],[-115.166164,35.957091],[-115.166609,35.957073],[-115.167055,35.957054],[-115.167501,35.957035],[-115.167947,35.957017],[-115.167939,35.956092]],[[-115.178913,35.927533],[-115.178909,35.927451],[-115.178872,35.926627],[-115.178771,35.926625],[-115.17777,35.926607],[-115.176769,35.926589],[-115.176668,35.926587],[-115.176704,35.927493],[-115.178913,35.927533]],[[-115.164203,35.966452],[-115.164206,35.96729],[-115.164699,35.967277],[-115.165192,35.967264],[-115.16519,35.966426],[-115.16518,35.966293],[-115.165175,35.966293],[-115.16476,35.966278],[-115.164336,35.966256],[-115.164201,35.966238],[-115.164203,35.966452]],[[-115.142458,35.957261],[-115.143565,35.957289],[-115.143565,35.956408],[-115.143464,35.956406],[-115.142962,35.956394],[-115.142461,35.956382],[-115.14246,35.95678],[-115.142458,35.957178],[-115.142458,35.957261]],[[-115.14136,35.95592],[-115.141259,35.955917],[-115.140257,35.955893],[-115.139256,35.95587],[-115.139154,35.955868],[-115.139149,35.956303],[-115.13925,35.956306],[-115.140253,35.95633],[-115.141256,35.956353],[-115.141357,35.956356],[-115.14136,35.95592],[-115.14136,35.95592]],[[-115.150228,35.962843],[-115.15022,35.961939],[-115.150154,35.961937],[-115.150119,35.961935],[-115.149617,35.961916],[-115.149623,35.962698],[-115.149624,35.962819],[-115.150228,35.962843]]]]},"properties":{"neighborhood":"City of Henderson"}},{"type":"Feature","geometry":{"type":"MultiPolygon","coordinates":[[[[-115.346944,36.251493],[-115.351509,36.251487],[-115.351503,36.24965],[-115.351508,36.24965],[-115.355999,36.249726],[-115.355993,36.247889],[-115.36045,36.247964],[-115.36045,36.247876],[-115.36046,36.246138],[-115.360517,36.246139],[-115.362777,36.246155],[-115.365004,36.24617],[-115.367254,36.246186],[-115.369485,36.246202],[-115.369486,36.246202],[-115.369486,36.248015],[-115.369485,36.248015],[-115.364987,36.24799],[-115.364944,36.251619],[-115.360467,36.251575],[-115.360445,36.255236],[-115.358218,36.255217],[-115.358207,36.258892],[-115.35599,36.258878],[-115.355989,36.262558],[-115.351577,36.262543],[-115.351564,36.269859],[-115.351555,36.277248],[-115.351543,36.280812],[-115.347003,36.280786],[-115.346991,36.284384],[-115.344722,36.284388],[-115.34471,36.288003],[-115.34244,36.288024],[-115.342429,36.291656],[-115.344698,36.291618],[-115.344775,36.295271],[-115.342503,36.295302],[-115.342723,36.30618],[-115.342725,36.306208],[-115.342709,36.307102],[-115.342693,36.308049],[-115.342692,36.308061],[-115.338117,36.308091],[-115.333542,36.308124],[-115.333495,36.309938],[-115.333399,36.313605],[-115.333431,36.317253],[-115.333463,36.320902],[-115.33459,36.32092],[-115.335716,36.320938],[-115.336843,36.320956],[-115.33797,36.320974],[-115.339097,36.320992],[-115.340224,36.32101],[-115.34135,36.321028],[-115.342341,36.321044],[-115.342477,36.321046],[-115.343603,36.321064],[-115.344729,36.321081],[-115.345292,36.32109],[-115.345855,36.321098],[-115.346981,36.321116],[-115.346978,36.321253],[-115.346941,36.322999],[-115.346932,36.323408],[-115.346926,36.323714],[-115.346919,36.324001],[-115.346901,36.324882],[-115.346899,36.324965],[-115.346881,36.325824],[-115.346863,36.326683],[-115.346861,36.326766],[-115.346841,36.327707],[-115.346823,36.328539],[-115.346821,36.328649],[-115.347953,36.328655],[-115.348983,36.328661],[-115.349085,36.328661],[-115.349087,36.328552],[-115.349103,36.327723],[-115.34912,36.326866],[-115.349122,36.326784],[-115.350252,36.326793],[-115.350253,36.32671],[-115.35027,36.325855],[-115.349242,36.325846],[-115.34914,36.325845],[-115.349157,36.324988],[-115.349158,36.324906],[-115.350287,36.324918],[-115.350289,36.324835],[-115.350323,36.323043],[-115.350325,36.322937],[-115.35033,36.322656],[-115.350336,36.322344],[-115.350356,36.321305],[-115.350358,36.321168],[-115.351314,36.321182],[-115.351484,36.321185],[-115.351482,36.321322],[-115.351475,36.321694],[-115.351469,36.32199],[-115.351465,36.322209],[-115.351464,36.322286],[-115.351464,36.322305],[-115.351459,36.322582],[-115.351453,36.322878],[-115.35145,36.323057],[-115.351416,36.324929],[-115.351384,36.326715],[-115.351382,36.326802],[-115.351365,36.327738],[-115.35135,36.328564],[-115.35135,36.328588],[-115.351348,36.328674],[-115.351313,36.330545],[-115.35018,36.330541],[-115.350179,36.330624],[-115.350146,36.332332],[-115.350144,36.332415],[-115.34901,36.332413],[-115.349008,36.332496],[-115.348975,36.334164],[-115.348974,36.334207],[-115.348973,36.334289],[-115.348971,36.334372],[-115.348954,36.335227],[-115.348945,36.335664],[-115.348938,36.336028],[-115.348935,36.336165],[-115.347799,36.336169],[-115.346662,36.336173],[-115.345526,36.336176],[-115.344389,36.33618],[-115.343253,36.336183],[-115.342116,36.336187],[-115.341549,36.336187],[-115.340982,36.336187],[-115.339848,36.336187],[-115.338714,36.336187],[-115.337581,36.336187],[-115.336447,36.336186],[-115.335313,36.336186],[-115.334179,36.336186],[-115.333045,36.336186],[-115.331907,36.336186],[-115.330769,36.336186],[-115.329632,36.336186],[-115.328494,36.336186],[-115.327925,36.336186],[-115.327356,36.336186],[-115.326218,36.336185],[-115.32508,36.336185],[-115.323942,36.336185],[-115.322806,36.336192],[-115.321669,36.3362],[-115.321545,36.336201],[-115.321528,36.336201],[-115.320688,36.336206],[-115.32063,36.336207],[-115.320533,36.336207],[-115.320173,36.33621],[-115.319849,36.336212],[-115.319838,36.336212],[-115.319397,36.336215],[-115.31826,36.336222],[-115.317124,36.336229],[-115.315987,36.336237],[-115.314851,36.336244],[-115.314664,36.35115],[-115.314373,36.366153],[-115.332466,36.365307],[-115.35047,36.365355],[-115.352899,36.365379],[-115.355002,36.3654],[-115.355011,36.3654],[-115.35552,36.365405],[-115.355975,36.36541],[-115.368758,36.365537],[-115.368897,36.365538],[-115.368901,36.365538],[-115.368909,36.376111],[-115.369401,36.376519],[-115.374414,36.380679],[-115.37877,36.384282],[-115.386967,36.391059],[-115.387447,36.391456],[-115.392556,36.39568],[-115.399338,36.40132],[-115.399286,36.401321],[-115.398923,36.401326],[-115.398382,36.401334],[-115.397474,36.401346],[-115.387047,36.401493],[-115.382537,36.40147],[-115.382495,36.399541],[-115.377981,36.399516],[-115.377935,36.397585],[-115.373416,36.397559],[-115.373365,36.395627],[-115.368841,36.395599],[-115.368812,36.395599],[-115.366561,36.395599],[-115.366569,36.393733],[-115.364289,36.39373],[-115.364296,36.391866],[-115.362014,36.391863],[-115.359733,36.39186],[-115.359741,36.389063],[-115.357459,36.389059],[-115.357463,36.387194],[-115.35518,36.38719],[-115.352896,36.387185],[-115.352899,36.38532],[-115.350615,36.385315],[-115.350617,36.383449],[-115.348329,36.38345],[-115.348333,36.381585],[-115.341471,36.381592],[-115.341475,36.380661],[-115.341475,36.380661],[-115.340768,36.380661],[-115.332329,36.380671],[-115.3263,36.380746],[-115.314065,36.380897],[-115.309648,36.38069],[-115.305232,36.380483],[-115.300816,36.380276],[-115.2964,36.380068],[-115.296316,36.380064],[-115.278595,36.379376],[-115.278339,36.379366],[-115.26039,36.379355],[-115.260389,36.379286],[-115.260422,36.364978],[-115.260422,36.364934],[-115.260456,36.350465],[-115.260456,36.350441],[-115.260713,36.335823],[-115.256237,36.335782],[-115.251761,36.335739],[-115.247284,36.335697],[-115.242808,36.335654],[-115.23833,36.335612],[-115.233852,36.33557],[-115.230494,36.335539],[-115.230271,36.335537],[-115.222975,36.335468],[-115.220419,36.335443],[-115.215941,36.335401],[-115.211463,36.335358],[-115.206985,36.335315],[-115.207001,36.331669],[-115.207018,36.328023],[-115.20702,36.327443],[-115.207034,36.324377],[-115.207051,36.32073],[-115.207067,36.317084],[-115.207075,36.315378],[-115.207084,36.313548],[-115.207084,36.313438],[-115.207092,36.31163],[-115.207092,36.311615],[-115.207092,36.311531],[-115.207098,36.310225],[-115.2071,36.309821],[-115.2071,36.309792],[-115.207105,36.308812],[-115.207109,36.307969],[-115.207111,36.307696],[-115.207111,36.307585],[-115.207114,36.307058],[-115.207118,36.306229],[-115.207118,36.306147],[-115.207055,36.304087],[-115.207016,36.302852],[-115.207008,36.302586],[-115.207006,36.302508],[-115.207003,36.302426],[-115.206892,36.298846],[-115.206888,36.298705],[-115.206771,36.295311],[-115.206764,36.295112],[-115.206759,36.294978],[-115.206667,36.291516],[-115.206659,36.291263],[-115.206659,36.29125],[-115.206638,36.289387],[-115.206638,36.289385],[-115.20662,36.287788],[-115.206617,36.287539],[-115.206577,36.284112],[-115.206573,36.283811],[-115.206572,36.283693],[-115.20655,36.281806],[-115.206533,36.280375],[-115.206532,36.28032],[-115.20653,36.280161],[-115.206517,36.279143],[-115.206507,36.278331],[-115.206496,36.277542],[-115.206484,36.276582],[-115.206483,36.276507],[-115.206492,36.276326],[-115.206515,36.275854],[-115.206539,36.275357],[-115.206547,36.275196],[-115.206562,36.274882],[-115.206592,36.274258],[-115.206649,36.273093],[-115.206754,36.270917],[-115.206796,36.270051],[-115.206845,36.269048],[-115.207027,36.265317],[-115.207073,36.264385],[-115.207118,36.263455],[-115.207156,36.262682],[-115.207203,36.26173],[-115.207206,36.261668],[-115.207206,36.261662],[-115.20721,36.26159],[-115.20721,36.26159],[-115.20721,36.261586],[-115.20721,36.261582],[-115.207211,36.261475],[-115.207211,36.261474],[-115.207216,36.261302],[-115.207219,36.26119],[-115.207239,36.260516],[-115.207277,36.259246],[-115.207301,36.25843],[-115.207318,36.25788],[-115.207318,36.257879],[-115.207319,36.257849],[-115.20732,36.257813],[-115.20732,36.257798],[-115.207337,36.257207],[-115.207353,36.256673],[-115.207363,36.256319],[-115.207376,36.255894],[-115.207425,36.254198],[-115.207426,36.254162],[-115.207473,36.252321],[-115.207498,36.251364],[-115.207499,36.251288],[-115.2075,36.251256],[-115.20752,36.250472],[-115.207521,36.250449],[-115.207523,36.250144],[-115.207529,36.24911],[-115.20753,36.248951],[-115.207532,36.248728],[-115.207533,36.248545],[-115.207534,36.248385],[-115.207544,36.246736],[-115.207544,36.246736],[-115.207544,36.246736],[-115.207557,36.245505],[-115.207561,36.245133],[-115.207566,36.244748],[-115.207571,36.244197],[-115.207579,36.243522],[-115.207587,36.242755],[-115.207599,36.241794],[-115.207599,36.24173],[-115.2076,36.241561],[-115.207601,36.241392],[-115.207605,36.240856],[-115.207605,36.240848],[-115.207626,36.238919],[-115.207627,36.238831],[-115.207627,36.238746],[-115.207627,36.238745],[-115.207627,36.238729],[-115.207625,36.238663],[-115.207578,36.237077],[-115.207567,36.236695],[-115.207556,36.236332],[-115.207548,36.236058],[-115.207543,36.235906],[-115.207542,36.235872],[-115.207538,36.235735],[-115.207529,36.235437],[-115.207528,36.235384],[-115.207527,36.235366],[-115.207525,36.235289],[-115.207521,36.235142],[-115.207515,36.234952],[-115.207511,36.234815],[-115.20751,36.234784],[-115.207507,36.234677],[-115.207505,36.234599],[-115.207493,36.234219],[-115.207484,36.2339],[-115.207478,36.233685],[-115.20746,36.233077],[-115.207456,36.232972],[-115.207444,36.232537],[-115.207428,36.232004],[-115.207437,36.231146],[-115.207445,36.23031],[-115.207447,36.230197],[-115.207456,36.22929],[-115.207465,36.228429],[-115.207465,36.228392],[-115.207466,36.228353],[-115.207469,36.228054],[-115.207469,36.228025],[-115.207475,36.227492],[-115.207475,36.227478],[-115.20748,36.227],[-115.207483,36.226719],[-115.207484,36.226601],[-115.207485,36.226528],[-115.207492,36.225846],[-115.2075,36.22503],[-115.207504,36.224672],[-115.207504,36.224589],[-115.207499,36.223387],[-115.207498,36.22281],[-115.207494,36.2219],[-115.207493,36.221738],[-115.207493,36.221585],[-115.207493,36.221577],[-115.207492,36.221486],[-115.20749,36.220974],[-115.207489,36.220559],[-115.207484,36.219208],[-115.207484,36.219207],[-115.207485,36.219136],[-115.207477,36.217411],[-115.207477,36.217275],[-115.211811,36.21714],[-115.211846,36.217139],[-115.212091,36.21713],[-115.208544,36.213248],[-115.207798,36.212431],[-115.206852,36.211378],[-115.206161,36.210619],[-115.205933,36.21037],[-115.205609,36.210017],[-115.205474,36.20987],[-115.205353,36.209734],[-115.205265,36.209635],[-115.202713,36.206842],[-115.199419,36.203238],[-115.199001,36.202778],[-115.198918,36.202685],[-115.197489,36.20112],[-115.196883,36.200456],[-115.196661,36.200214],[-115.194546,36.197895],[-115.192464,36.195613],[-115.192407,36.195613],[-115.192208,36.195615],[-115.191618,36.19562],[-115.189892,36.195637],[-115.188526,36.19565],[-115.188524,36.19565],[-115.188523,36.19565],[-115.188521,36.19565],[-115.188519,36.19565],[-115.188518,36.19565],[-115.188516,36.195649],[-115.188514,36.195649],[-115.188512,36.195649],[-115.188511,36.195649],[-115.188509,36.195649],[-115.188507,36.195649],[-115.188506,36.195649],[-115.188376,36.195651],[-115.188117,36.195652],[-115.187852,36.195654],[-115.187284,36.195656],[-115.187148,36.195658],[-115.186763,36.195664],[-115.186765,36.195577],[-115.186765,36.195522],[-115.186764,36.194967],[-115.186766,36.194546],[-115.186675,36.194477],[-115.185554,36.194482],[-115.185555,36.194414],[-115.185417,36.194414],[-115.18542,36.193882],[-115.185424,36.193352],[-115.185428,36.193287],[-115.18519,36.193285],[-115.185037,36.193285],[-115.184644,36.193285],[-115.184553,36.193286],[-115.184448,36.193286],[-115.184031,36.193287],[-115.183815,36.193288],[-115.183815,36.193351],[-115.183812,36.193777],[-115.183352,36.193776],[-115.183352,36.193846],[-115.18335,36.194166],[-115.183354,36.194409],[-115.183353,36.194482],[-115.183353,36.194552],[-115.183349,36.19559],[-115.183349,36.195674],[-115.18334,36.195674],[-115.183193,36.195674],[-115.182227,36.195678],[-115.181463,36.195683],[-115.181099,36.195682],[-115.180393,36.195684],[-115.179944,36.195686],[-115.179944,36.195618],[-115.179945,36.195618],[-115.179942,36.19386],[-115.179301,36.193864],[-115.179301,36.194131],[-115.179301,36.194264],[-115.1793,36.194398],[-115.1793,36.194667],[-115.1793,36.194933],[-115.179074,36.194932],[-115.17895,36.194931],[-115.17885,36.194931],[-115.178848,36.195608],[-115.178848,36.195691],[-115.176848,36.195699],[-115.176023,36.195703],[-115.175473,36.195705],[-115.175462,36.195705],[-115.175047,36.195706],[-115.171683,36.195724],[-115.171314,36.195727],[-115.171308,36.195726],[-115.171153,36.195835],[-115.170849,36.195791],[-115.170492,36.195751],[-115.170085,36.195729],[-115.169818,36.195729],[-115.169718,36.195728],[-115.169154,36.195727],[-115.168702,36.195726],[-115.167598,36.195723],[-115.165306,36.195718],[-115.165303,36.196575],[-115.165301,36.19727],[-115.1653,36.197942],[-115.1653,36.197957],[-115.1653,36.198633],[-115.1653,36.199343],[-115.165301,36.202163],[-115.165301,36.202834],[-115.165301,36.202835],[-115.165301,36.20289],[-115.16529,36.202972],[-115.163145,36.202988],[-115.163144,36.202988],[-115.161465,36.203],[-115.160927,36.203005],[-115.160846,36.203005],[-115.16082,36.203005],[-115.160792,36.203005],[-115.160635,36.203007],[-115.160361,36.203011],[-115.1602,36.203013],[-115.158476,36.203036],[-115.158315,36.203038],[-115.158095,36.203041],[-115.157875,36.203044],[-115.157553,36.203047],[-115.157439,36.203049],[-115.156989,36.203055],[-115.156901,36.203056],[-115.156362,36.203067],[-115.156289,36.203068],[-115.15627,36.203069],[-115.15625,36.203069],[-115.155329,36.203079],[-115.154036,36.203094],[-115.15402,36.203094],[-115.151784,36.203122],[-115.151788,36.202077],[-115.151802,36.201483],[-115.151809,36.201173],[-115.151824,36.200266],[-115.151824,36.200265],[-115.151824,36.200265],[-115.151823,36.200217],[-115.151823,36.20017],[-115.151825,36.199404],[-115.151825,36.199333],[-115.151836,36.1984],[-115.151836,36.1984],[-115.151836,36.198327],[-115.151841,36.197598],[-115.15184,36.197543],[-115.15184,36.197488],[-115.151855,36.196606],[-115.151855,36.196586],[-115.151859,36.196245],[-115.15186,36.196138],[-115.151861,36.195965],[-115.151863,36.195791],[-115.151866,36.195684],[-115.147416,36.195716],[-115.146949,36.195716],[-115.144132,36.195735],[-115.14401,36.195735],[-115.143776,36.195734],[-115.143399,36.195733],[-115.142969,36.195732],[-115.14282,36.195733],[-115.142864,36.195612],[-115.142903,36.192075],[-115.143015,36.192074],[-115.143015,36.192041],[-115.143017,36.19186],[-115.143022,36.19156],[-115.143022,36.191475],[-115.143023,36.191389],[-115.143025,36.191217],[-115.143026,36.191049],[-115.14303,36.190886],[-115.143029,36.190863],[-115.143031,36.19075],[-115.143031,36.190714],[-115.143034,36.190543],[-115.143035,36.190461],[-115.143037,36.190378],[-115.143037,36.190378],[-115.143038,36.190101],[-115.14304,36.189682],[-115.14304,36.189681],[-115.143042,36.189648],[-115.143043,36.189615],[-115.143043,36.189612],[-115.143047,36.189096],[-115.143051,36.188571],[-115.143051,36.188555],[-115.143052,36.188417],[-115.142821,36.188418],[-115.142444,36.188419],[-115.142188,36.18842],[-115.142157,36.188419],[-115.141532,36.188421],[-115.141345,36.188422],[-115.141334,36.188422],[-115.141329,36.188422],[-115.141286,36.188422],[-115.141162,36.188422],[-115.140993,36.188422],[-115.140991,36.188422],[-115.139896,36.188426],[-115.139742,36.188426],[-115.138508,36.18843],[-115.138208,36.18843],[-115.138207,36.18843],[-115.137909,36.188431],[-115.137906,36.188431],[-115.13652,36.188434],[-115.136494,36.188434],[-115.135561,36.188441],[-115.135392,36.188441],[-115.135237,36.188441],[-115.135231,36.188441],[-115.134935,36.188438],[-115.134762,36.188438],[-115.134597,36.188438],[-115.134581,36.188438],[-115.134434,36.188439],[-115.134296,36.188439],[-115.134195,36.18844],[-115.134187,36.18844],[-115.134168,36.188439],[-115.134137,36.188438],[-115.134032,36.188439],[-115.133873,36.188441],[-115.132476,36.188451],[-115.130737,36.188464],[-115.130732,36.188464],[-115.130653,36.188463],[-115.13057,36.188462],[-115.130561,36.188462],[-115.12973,36.188463],[-115.129618,36.188463],[-115.129567,36.188463],[-115.129517,36.188463],[-115.127864,36.188469],[-115.127517,36.18847],[-115.127516,36.18847],[-115.127057,36.188466],[-115.125035,36.188448],[-115.125035,36.188426],[-115.125035,36.188365],[-115.125049,36.187622],[-115.125073,36.186385],[-115.125074,36.186313],[-115.125074,36.186278],[-115.125098,36.184917],[-115.125098,36.184826],[-115.124972,36.184821],[-115.120581,36.184842],[-115.120582,36.186651],[-115.120583,36.188401],[-115.120586,36.1885],[-115.119514,36.188504],[-115.118336,36.188508],[-115.118053,36.18851],[-115.11777,36.188511],[-115.117143,36.188516],[-115.11611,36.188519],[-115.116032,36.188517],[-115.116008,36.188517],[-115.115994,36.188516],[-115.115975,36.188516],[-115.115003,36.188497],[-115.113424,36.188466],[-115.11271,36.188452],[-115.111658,36.188432],[-115.111216,36.188422],[-115.110807,36.188413],[-115.110533,36.188406],[-115.110349,36.188403],[-115.109505,36.188385],[-115.109063,36.188376],[-115.108655,36.188369],[-115.108219,36.188363],[-115.107715,36.188354],[-115.107212,36.188346],[-115.105982,36.18832],[-115.103754,36.188272],[-115.103087,36.188257],[-115.102994,36.188255],[-115.102988,36.188255],[-115.102808,36.188251],[-115.10278,36.18825],[-115.102392,36.188242],[-115.100683,36.188207],[-115.100013,36.188192],[-115.098306,36.188153],[-115.097101,36.188179],[-115.096688,36.188188],[-115.096002,36.188201],[-115.095409,36.188214],[-115.094407,36.188235],[-115.093692,36.18825],[-115.093136,36.188262],[-115.092292,36.188281],[-115.092208,36.188283],[-115.091782,36.188293],[-115.091734,36.188291],[-115.091452,36.188296],[-115.09138,36.188297],[-115.089199,36.188344],[-115.08915,36.188346],[-115.089101,36.188347],[-115.08849,36.188358],[-115.087947,36.188368],[-115.086797,36.18839],[-115.086392,36.188397],[-115.086273,36.188399],[-115.086226,36.1884],[-115.086221,36.1884],[-115.085991,36.188404],[-115.084489,36.188431],[-115.084437,36.188432],[-115.084385,36.188433],[-115.084071,36.188439],[-115.083887,36.188442],[-115.083336,36.188453],[-115.082572,36.188467],[-115.082186,36.188474],[-115.0816,36.188485],[-115.08005,36.188514],[-115.080016,36.188514],[-115.07988,36.188517],[-115.079778,36.188516],[-115.078629,36.188512],[-115.078272,36.18851],[-115.077515,36.188507],[-115.077266,36.188506],[-115.0771,36.188505],[-115.075344,36.1885],[-115.074848,36.188497],[-115.073885,36.188493],[-115.073076,36.188489],[-115.072229,36.188485],[-115.070806,36.188479],[-115.069734,36.188522],[-115.06758,36.18861],[-115.066493,36.188647],[-115.065417,36.188688],[-115.064969,36.188705],[-115.064342,36.188729],[-115.063735,36.188754],[-115.063275,36.188772],[-115.062323,36.188808],[-115.062185,36.188813],[-115.062182,36.186935],[-115.062182,36.186932],[-115.062181,36.185119],[-115.062177,36.183278],[-115.062177,36.183253],[-115.062177,36.181835],[-115.062177,36.181436],[-115.062174,36.180002],[-115.062173,36.179551],[-115.062169,36.177741],[-115.062165,36.175897],[-115.062161,36.17405],[-115.062149,36.172987],[-115.062146,36.172778],[-115.062139,36.172159],[-115.062121,36.170278],[-115.062114,36.169458],[-115.062101,36.168339],[-115.062083,36.166603],[-115.062082,36.16652],[-115.062085,36.166438],[-115.062134,36.164697],[-115.062192,36.16277],[-115.0622,36.162467],[-115.062211,36.162065],[-115.06223,36.161383],[-115.062235,36.161189],[-115.06224,36.160995],[-115.062293,36.15915],[-115.062293,36.159139],[-115.062298,36.159051],[-115.062299,36.159018],[-115.062317,36.159018],[-115.062332,36.159018],[-115.062434,36.159017],[-115.063552,36.159013],[-115.06475,36.159009],[-115.064839,36.159009],[-115.065087,36.159008],[-115.065469,36.159007],[-115.067596,36.158992],[-115.067725,36.158991],[-115.069965,36.158975],[-115.069973,36.158975],[-115.071245,36.158975],[-115.071249,36.158975],[-115.071305,36.158975],[-115.072211,36.158973],[-115.074458,36.158968],[-115.078944,36.158956],[-115.078972,36.158956],[-115.079901,36.158949],[-115.080199,36.158946],[-115.081909,36.158931],[-115.081994,36.15893],[-115.081996,36.15893],[-115.082083,36.158929],[-115.083454,36.158919],[-115.084676,36.15891],[-115.085232,36.158907],[-115.085793,36.158905],[-115.086355,36.158899],[-115.086908,36.158894],[-115.087332,36.158892],[-115.087365,36.158892],[-115.089,36.158875],[-115.08914,36.158874],[-115.089211,36.158873],[-115.090497,36.158872],[-115.090623,36.15887],[-115.090654,36.15887],[-115.09152,36.15886],[-115.091536,36.15886],[-115.091737,36.158858],[-115.091776,36.158857],[-115.09231,36.158851],[-115.092315,36.158851],[-115.093581,36.158853],[-115.094706,36.158844],[-115.095801,36.158835],[-115.096471,36.158831],[-115.09679,36.15883],[-115.097428,36.158829],[-115.097923,36.158829],[-115.098017,36.15883],[-115.098435,36.15883],[-115.099457,36.158829],[-115.100465,36.158829],[-115.100589,36.158828],[-115.100985,36.158828],[-115.101037,36.158829],[-115.101061,36.158829],[-115.10109,36.158829],[-115.103361,36.158831],[-115.103361,36.158831],[-115.103361,36.158831],[-115.103483,36.158831],[-115.105449,36.158833],[-115.105465,36.158833],[-115.106078,36.158832],[-115.106077,36.15872],[-115.106077,36.158692],[-115.106084,36.158297],[-115.106082,36.158079],[-115.106082,36.157871],[-115.10608,36.15773],[-115.10608,36.157455],[-115.105553,36.157454],[-115.105452,36.157454],[-115.105453,36.157042],[-115.105555,36.157042],[-115.106635,36.157042],[-115.106636,36.157042],[-115.106636,36.156654],[-115.106635,36.156278],[-115.106636,36.155524],[-115.1077,36.15552],[-115.1077,36.155814],[-115.107702,36.156955],[-115.107712,36.158694],[-115.107712,36.158722],[-115.107712,36.15883],[-115.108026,36.15883],[-115.109893,36.158832],[-115.111516,36.158836],[-115.111517,36.158911],[-115.111516,36.159011],[-115.111512,36.159315],[-115.111508,36.159473],[-115.111507,36.15974],[-115.111506,36.159811],[-115.111506,36.159815],[-115.111476,36.161673],[-115.111463,36.162637],[-115.11147,36.162722],[-115.111584,36.162727],[-115.112719,36.16274],[-115.113781,36.162755],[-115.113838,36.162752],[-115.11389,36.162746],[-115.113901,36.161705],[-115.1139,36.161472],[-115.116008,36.16149],[-115.116039,36.160762],[-115.11605,36.160507],[-115.116122,36.158945],[-115.116125,36.158828],[-115.116168,36.158828],[-115.116195,36.158828],[-115.116443,36.158826],[-115.116474,36.158826],[-115.116551,36.158825],[-115.116432,36.158738],[-115.11624,36.158608],[-115.11598,36.158405],[-115.115869,36.158309],[-115.115336,36.157841],[-115.114427,36.157015],[-115.114423,36.157012],[-115.113825,36.156517],[-115.112871,36.15577],[-115.112502,36.155465],[-115.111911,36.154979],[-115.110323,36.153575],[-115.10939,36.152745],[-115.109654,36.152555],[-115.109968,36.152331],[-115.110272,36.15211],[-115.110576,36.151887],[-115.110577,36.151783],[-115.110576,36.151783],[-115.110444,36.151784],[-115.11042,36.151783],[-115.109948,36.151777],[-115.109948,36.151777],[-115.109941,36.151691],[-115.10993,36.151612],[-115.10978,36.151469],[-115.109565,36.151278],[-115.109379,36.151118],[-115.109236,36.150989],[-115.109088,36.150857],[-115.10895,36.150735],[-115.108812,36.150614],[-115.108674,36.150491],[-115.10858,36.150411],[-115.108535,36.150369],[-115.108398,36.150248],[-115.108344,36.150201],[-115.108259,36.150124],[-115.108121,36.150002],[-115.10801,36.149906],[-115.107982,36.149881],[-115.107844,36.149757],[-115.107701,36.149629],[-115.107666,36.149599],[-115.107564,36.149511],[-115.107429,36.14939],[-115.107288,36.149267],[-115.107215,36.149199],[-115.10715,36.149143],[-115.107029,36.149037],[-115.107013,36.149021],[-115.106876,36.1489],[-115.106684,36.148727],[-115.106573,36.148628],[-115.106507,36.148569],[-115.106437,36.148507],[-115.106344,36.148423],[-115.106006,36.148124],[-115.10587,36.148006],[-115.105759,36.147911],[-115.105542,36.14772],[-115.105425,36.147618],[-115.105287,36.147496],[-115.10515,36.147372],[-115.105112,36.147336],[-115.105046,36.147278],[-115.10498,36.147221],[-115.104846,36.147103],[-115.104829,36.147087],[-115.104709,36.146979],[-115.104704,36.146975],[-115.104613,36.146892],[-115.104575,36.146857],[-115.104466,36.146759],[-115.104441,36.146736],[-115.104304,36.146615],[-115.104263,36.146577],[-115.104122,36.146452],[-115.104039,36.146379],[-115.103861,36.14622],[-115.103806,36.146167],[-115.10358,36.145964],[-115.103364,36.145767],[-115.103271,36.145684],[-115.102591,36.145086],[-115.102501,36.145002],[-115.102457,36.144962],[-115.102327,36.14484],[-115.102366,36.144814],[-115.102172,36.144649],[-115.102009,36.144755],[-115.102008,36.144583],[-115.102007,36.144416],[-115.102595,36.144401],[-115.102728,36.144398],[-115.10274,36.144406],[-115.102803,36.144462],[-115.102983,36.144655],[-115.103046,36.144628],[-115.103236,36.14456],[-115.103418,36.144505],[-115.103586,36.144464],[-115.103752,36.14443],[-115.103913,36.144409],[-115.104185,36.144387],[-115.10469,36.144368],[-115.105437,36.144357],[-115.105539,36.144354],[-115.106304,36.144339],[-115.10656,36.144334],[-115.107675,36.144312],[-115.109921,36.144275],[-115.109921,36.144275],[-115.109945,36.144276],[-115.109981,36.144276],[-115.110018,36.144277],[-115.110041,36.144278],[-115.110253,36.144279],[-115.111014,36.144285],[-115.112104,36.144297],[-115.11318,36.144311],[-115.114364,36.144323],[-115.114466,36.144325],[-115.116577,36.144348],[-115.118532,36.14437],[-115.118637,36.144372],[-115.118703,36.144372],[-115.118769,36.144373],[-115.119708,36.144379],[-115.120595,36.144385],[-115.121477,36.144392],[-115.122351,36.144398],[-115.12327,36.144404],[-115.124545,36.144415],[-115.1255,36.144423],[-115.126849,36.14441],[-115.127614,36.144404],[-115.127703,36.144403],[-115.127882,36.1444],[-115.12806,36.144396],[-115.128488,36.14439],[-115.131784,36.144339],[-115.132293,36.144332],[-115.132817,36.144324],[-115.133813,36.144309],[-115.13481,36.144294],[-115.136698,36.144265],[-115.136867,36.144259],[-115.136881,36.144259],[-115.13691,36.144258],[-115.137015,36.144257],[-115.137306,36.144252],[-115.138876,36.144215],[-115.140175,36.144183],[-115.141584,36.144149],[-115.141589,36.144149],[-115.141692,36.144147],[-115.141768,36.144144],[-115.142431,36.14412],[-115.144703,36.144035],[-115.145703,36.143998],[-115.146655,36.143962],[-115.14727,36.143945],[-115.147512,36.143939],[-115.147874,36.143926],[-115.147932,36.143924],[-115.148358,36.143908],[-115.148396,36.143907],[-115.148473,36.143904],[-115.148602,36.143898],[-115.149092,36.143877],[-115.149267,36.143871],[-115.149686,36.143858],[-115.149687,36.143858],[-115.15026,36.143835],[-115.1503,36.143836],[-115.151479,36.143794],[-115.151678,36.143786],[-115.151679,36.143786],[-115.15175,36.143784],[-115.152511,36.143755],[-115.15259,36.143753],[-115.153566,36.143723],[-115.153574,36.143723],[-115.153991,36.143709],[-115.154593,36.143689],[-115.154593,36.143689],[-115.154625,36.143686],[-115.154736,36.143682],[-115.15475,36.143681],[-115.154779,36.14368],[-115.154799,36.143679],[-115.154837,36.143677],[-115.154895,36.143674],[-115.156335,36.143611],[-115.15719,36.143645],[-115.15734,36.143653],[-115.157372,36.143654],[-115.157387,36.143655],[-115.158019,36.143679],[-115.158037,36.143679],[-115.158498,36.143697],[-115.158504,36.143697],[-115.158727,36.143704],[-115.159113,36.143717],[-115.160525,36.143779],[-115.160568,36.143781],[-115.161961,36.143834],[-115.162671,36.143861],[-115.163246,36.14388],[-115.1637,36.143895],[-115.164094,36.143909],[-115.164677,36.14393],[-115.164772,36.143934],[-115.164809,36.143936],[-115.164835,36.143937],[-115.165977,36.143993],[-115.166051,36.143995],[-115.173225,36.132999],[-115.173224,36.133391],[-115.173224,36.133463],[-115.173211,36.135252],[-115.174212,36.135266],[-115.17437,36.135268],[-115.17437,36.135268],[-115.173322,36.136872],[-115.173201,36.137063],[-115.17335,36.137065],[-115.175383,36.137096],[-115.175505,36.137098],[-115.17562,36.1371],[-115.175725,36.137101],[-115.176685,36.137116],[-115.176848,36.137118],[-115.177199,36.137124],[-115.177244,36.137125],[-115.177537,36.137128],[-115.177866,36.137132],[-115.177863,36.137135],[-115.177964,36.137137],[-115.178257,36.136789],[-115.178565,36.136403],[-115.178688,36.13624],[-115.178812,36.136076],[-115.179051,36.135734],[-115.179355,36.135259],[-115.179388,36.135203],[-115.179603,36.134835],[-115.179886,36.134314],[-115.180056,36.133965],[-115.180241,36.133552],[-115.180275,36.133467],[-115.180447,36.13303],[-115.180575,36.132667],[-115.180684,36.132331],[-115.180806,36.131889],[-115.180929,36.131387],[-115.181024,36.130888],[-115.181051,36.130715],[-115.181077,36.130552],[-115.181097,36.130385],[-115.181109,36.130284],[-115.181117,36.130216],[-115.181134,36.130055],[-115.181444,36.129935],[-115.181821,36.129822],[-115.182028,36.129779],[-115.182172,36.129757],[-115.182318,36.129738],[-115.182465,36.129724],[-115.182726,36.129712],[-115.182875,36.129712],[-115.183137,36.129723],[-115.183398,36.129734],[-115.183682,36.129746],[-115.183829,36.129751],[-115.183963,36.129759],[-115.184241,36.12977],[-115.184523,36.129778],[-115.184932,36.129797],[-115.185502,36.129826],[-115.185624,36.129832],[-115.186024,36.129846],[-115.186427,36.129862],[-115.186926,36.129884],[-115.187453,36.129903],[-115.187863,36.129923],[-115.188591,36.129953],[-115.189943,36.130014],[-115.190242,36.130144],[-115.190242,36.130144],[-115.190241,36.130257],[-115.190241,36.130257],[-115.190243,36.130297],[-115.190247,36.130388],[-115.190259,36.130697],[-115.190276,36.131145],[-115.19029,36.131492],[-115.190311,36.132027],[-115.190326,36.132418],[-115.190339,36.1327],[-115.190347,36.132904],[-115.190358,36.133176],[-115.190361,36.133251],[-115.190375,36.133641],[-115.190383,36.133796],[-115.19055,36.133791],[-115.192589,36.133755],[-115.192613,36.133756],[-115.192685,36.133754],[-115.19351,36.13374],[-115.194331,36.133726],[-115.194825,36.133718],[-115.194829,36.133718],[-115.198757,36.133657],[-115.199147,36.133651],[-115.199181,36.13365],[-115.199284,36.133648],[-115.199377,36.135458],[-115.19947,36.137286],[-115.199471,36.137296],[-115.19957,36.137296],[-115.201625,36.137288],[-115.202135,36.137285],[-115.202359,36.137283],[-115.203392,36.137278],[-115.204177,36.13727],[-115.2054,36.137269],[-115.205403,36.137269],[-115.205399,36.137159],[-115.205405,36.137123],[-115.205405,36.137044],[-115.205396,36.136947],[-115.205379,36.136856],[-115.205356,36.136771],[-115.205292,36.136618],[-115.205206,36.13647],[-115.205161,36.136377],[-115.205119,36.13626],[-115.205089,36.136128],[-115.205076,36.135992],[-115.205076,36.135449],[-115.205066,36.135116],[-115.205243,36.135115],[-115.207003,36.135108],[-115.207887,36.135102],[-115.207889,36.135102],[-115.208092,36.135101],[-115.208093,36.135419],[-115.208095,36.135776],[-115.208103,36.137257],[-115.208103,36.137257],[-115.208108,36.138309],[-115.208112,36.139078],[-115.20812,36.140893],[-115.207919,36.140893],[-115.207762,36.140892],[-115.206823,36.14089],[-115.206791,36.140889],[-115.206663,36.14089],[-115.206536,36.14089],[-115.206352,36.140891],[-115.206168,36.140892],[-115.205936,36.140893],[-115.20571,36.140895],[-115.205481,36.140896],[-115.205258,36.140898],[-115.205029,36.140898],[-115.204718,36.140902],[-115.204386,36.140904],[-115.204262,36.140905],[-115.20427,36.141225],[-115.204281,36.141596],[-115.204293,36.141959],[-115.204303,36.142321],[-115.204316,36.142662],[-115.204316,36.14269],[-115.204323,36.142998],[-115.204324,36.143043],[-115.204333,36.143394],[-115.20435,36.144301],[-115.20435,36.144398],[-115.204315,36.144507],[-115.204317,36.144507],[-115.205066,36.144512],[-115.207764,36.144529],[-115.208136,36.144531],[-115.208137,36.144531],[-115.208225,36.144529],[-115.208497,36.144525],[-115.208941,36.144517],[-115.20971,36.144504],[-115.209977,36.144499],[-115.210566,36.144488],[-115.212404,36.144456],[-115.212505,36.144455],[-115.212659,36.144453],[-115.213294,36.144441],[-115.213388,36.14444],[-115.213471,36.144438],[-115.213484,36.144438],[-115.214564,36.144419],[-115.214616,36.144418],[-115.214621,36.144418],[-115.214667,36.144417],[-115.215446,36.144404],[-115.215619,36.144401],[-115.216712,36.144382],[-115.217763,36.144364],[-115.217764,36.144364],[-115.217782,36.144364],[-115.218233,36.144356],[-115.218455,36.144353],[-115.21885,36.144348],[-115.218853,36.144348],[-115.219913,36.144331],[-115.220996,36.14431],[-115.222037,36.144291],[-115.222847,36.144277],[-115.223116,36.144273],[-115.223624,36.144264],[-115.224196,36.144253],[-115.225276,36.144234],[-115.226342,36.144209],[-115.226578,36.144205],[-115.226578,36.144205],[-115.226813,36.1442],[-115.22715,36.144193],[-115.227311,36.14419],[-115.227411,36.144188],[-115.22848,36.144164],[-115.229563,36.14414],[-115.230632,36.144118],[-115.231701,36.144094],[-115.232486,36.144076],[-115.232637,36.144073],[-115.232787,36.144071],[-115.233863,36.144046],[-115.234995,36.144064],[-115.235272,36.144067],[-115.23555,36.14407],[-115.236111,36.144077],[-115.237233,36.144089],[-115.237823,36.144095],[-115.238355,36.144101],[-115.239478,36.144113],[-115.23963,36.144115],[-115.240489,36.144125],[-115.240604,36.144126],[-115.24076,36.144128],[-115.241748,36.144138],[-115.242745,36.144151],[-115.24283,36.144154],[-115.24291,36.144157],[-115.242955,36.144155],[-115.24308,36.144152],[-115.243164,36.144149],[-115.243651,36.144136],[-115.24403,36.144126],[-115.245157,36.144095],[-115.245849,36.144076],[-115.246291,36.144064],[-115.24692,36.144046],[-115.247413,36.144033],[-115.248531,36.144002],[-115.248542,36.144002],[-115.249668,36.143971],[-115.250181,36.143957],[-115.250517,36.143947],[-115.250785,36.14394],[-115.25192,36.143909],[-115.253045,36.143878],[-115.253598,36.143863],[-115.254038,36.143851],[-115.254162,36.143847],[-115.254265,36.143844],[-115.255288,36.143816],[-115.256426,36.143785],[-115.257551,36.143754],[-115.25812,36.143739],[-115.258664,36.143724],[-115.259242,36.143708],[-115.259428,36.143703],[-115.259808,36.143692],[-115.259808,36.143692],[-115.260931,36.143662],[-115.261212,36.143668],[-115.262042,36.143685],[-115.262058,36.143686],[-115.262616,36.143702],[-115.262892,36.143708],[-115.263168,36.143715],[-115.263185,36.143715],[-115.264274,36.14374],[-115.26431,36.143741],[-115.265392,36.143765],[-115.265437,36.143766],[-115.266528,36.143792],[-115.266565,36.143793],[-115.267659,36.143819],[-115.267691,36.14382],[-115.268795,36.143849],[-115.268818,36.143849],[-115.269691,36.143873],[-115.269945,36.14388],[-115.269946,36.14388],[-115.271077,36.143908],[-115.271641,36.143923],[-115.271917,36.143929],[-115.272193,36.143935],[-115.272202,36.143935],[-115.272304,36.143938],[-115.273326,36.143961],[-115.274444,36.143989],[-115.274455,36.143989],[-115.275094,36.144003],[-115.275106,36.144004],[-115.275218,36.144006],[-115.275578,36.144014],[-115.275582,36.144014],[-115.276006,36.144025],[-115.276696,36.144043],[-115.27671,36.144043],[-115.277299,36.144056],[-115.277827,36.144068],[-115.277838,36.144069],[-115.278966,36.144097],[-115.278966,36.143266],[-115.278964,36.142278],[-115.278964,36.142243],[-115.278963,36.142085],[-115.27896,36.140458],[-115.27896,36.140356],[-115.278957,36.138636],[-115.278957,36.137731],[-115.278957,36.137721],[-115.278956,36.136819],[-115.278955,36.135218],[-115.278954,36.134873],[-115.278952,36.133191],[-115.278949,36.131454],[-115.278948,36.131107],[-115.278947,36.130452],[-115.278946,36.12956],[-115.280069,36.129573],[-115.280257,36.129575],[-115.281191,36.129586],[-115.281573,36.129591],[-115.282286,36.129599],[-115.282314,36.129599],[-115.283435,36.129612],[-115.283864,36.129617],[-115.284557,36.129625],[-115.285265,36.129633],[-115.285528,36.129636],[-115.285745,36.129639],[-115.286802,36.129651],[-115.287925,36.129663],[-115.288061,36.129666],[-115.288185,36.129668],[-115.2886,36.129676],[-115.289133,36.129686],[-115.290019,36.129702],[-115.290206,36.129706],[-115.290357,36.129709],[-115.290815,36.129717],[-115.291344,36.129727],[-115.292483,36.129748],[-115.292678,36.129752],[-115.293619,36.12977],[-115.294304,36.129782],[-115.294503,36.129786],[-115.294757,36.129791],[-115.295895,36.129812],[-115.29704,36.129833],[-115.29718,36.129833],[-115.297183,36.129833],[-115.297325,36.129833],[-115.2977,36.129833],[-115.298186,36.129833],[-115.29923,36.129833],[-115.299332,36.129833],[-115.299847,36.129833],[-115.300347,36.129833],[-115.300477,36.129833],[-115.301623,36.129833],[-115.302159,36.129833],[-115.302768,36.129832],[-115.30339,36.129832],[-115.303625,36.129832],[-115.303914,36.129832],[-115.303916,36.129832],[-115.303928,36.129832],[-115.305068,36.129832],[-115.306195,36.129832],[-115.306205,36.129832],[-115.306419,36.129832],[-115.307045,36.129832],[-115.307307,36.129831],[-115.307329,36.129831],[-115.307612,36.129831],[-115.307743,36.129831],[-115.307968,36.129831],[-115.308448,36.129831],[-115.30849,36.129831],[-115.309636,36.129831],[-115.309814,36.129831],[-115.310693,36.129831],[-115.310784,36.129831],[-115.311931,36.12983],[-115.312549,36.12983],[-115.313079,36.12983],[-115.313226,36.12983],[-115.314227,36.12983],[-115.314966,36.129829],[-115.315169,36.129829],[-115.315237,36.133468],[-115.315282,36.135779],[-115.315305,36.13693],[-115.315305,36.136953],[-115.315306,36.136958],[-115.315309,36.137107],[-115.315343,36.138693],[-115.315382,36.140571],[-115.315386,36.140753],[-115.315405,36.141642],[-115.315465,36.144398],[-115.315475,36.144787],[-115.315545,36.147506],[-115.315556,36.147939],[-115.315573,36.148593],[-115.315576,36.148708],[-115.315604,36.149803],[-115.315652,36.151685],[-115.315673,36.152514],[-115.315741,36.155147],[-115.315746,36.155366],[-115.315756,36.155761],[-115.315759,36.155846],[-115.315782,36.156767],[-115.315814,36.157987],[-115.315834,36.15877],[-115.315838,36.158948],[-115.318497,36.158944],[-115.323095,36.158937],[-115.324783,36.158934],[-115.326865,36.158941],[-115.328619,36.158946],[-115.330654,36.158953],[-115.331364,36.158955],[-115.332144,36.158958],[-115.332147,36.158958],[-115.333577,36.158962],[-115.333847,36.158963],[-115.333941,36.158964],[-115.336419,36.158965],[-115.336428,36.158965],[-115.337082,36.158965],[-115.337096,36.158965],[-115.3374,36.158965],[-115.337443,36.158965],[-115.33784,36.158965],[-115.338386,36.158965],[-115.341199,36.158966],[-115.342773,36.158959],[-115.342882,36.158958],[-115.344428,36.158957],[-115.346241,36.158955],[-115.350253,36.158952],[-115.352044,36.158951],[-115.356795,36.158971],[-115.357113,36.158972],[-115.357125,36.158971],[-115.357436,36.158944],[-115.357665,36.158919],[-115.357957,36.158876],[-115.358217,36.15883],[-115.358388,36.158793],[-115.358558,36.158751],[-115.358809,36.158679],[-115.359055,36.158597],[-115.359216,36.158536],[-115.359452,36.158437],[-115.359682,36.158327],[-115.359904,36.158208],[-115.360047,36.158124],[-115.360256,36.15799],[-115.36043,36.157866],[-115.360583,36.157747],[-115.360767,36.157591],[-115.360786,36.157573],[-115.361181,36.157218],[-115.361223,36.157181],[-115.361461,36.156966],[-115.361998,36.156481],[-115.362986,36.155588],[-115.363139,36.15545],[-115.36347,36.155445],[-115.363715,36.155447],[-115.365827,36.15546],[-115.365975,36.155463],[-115.366055,36.155465],[-115.366998,36.155486],[-115.370251,36.155507],[-115.370251,36.155508],[-115.370837,36.155501],[-115.37279,36.155476],[-115.374805,36.155451],[-115.378769,36.155418],[-115.379313,36.155413],[-115.386682,36.158868],[-115.386683,36.158868],[-115.394124,36.162605],[-115.405677,36.166685],[-115.406578,36.174456],[-115.406512,36.175746],[-115.406208,36.18168],[-115.406021,36.184837],[-115.405781,36.188905],[-115.406141,36.196129],[-115.401348,36.196097],[-115.39729,36.196065],[-115.397658,36.203276],[-115.3977,36.209821],[-115.397704,36.210514],[-115.388799,36.210447],[-115.384915,36.210503],[-115.370633,36.210707],[-115.370604,36.212187],[-115.370581,36.213348],[-115.370523,36.218204],[-115.351971,36.217963],[-115.347625,36.218077],[-115.34757,36.218078],[-115.342498,36.218211],[-115.339082,36.218301],[-115.334152,36.21843],[-115.334171,36.219297],[-115.33419,36.220164],[-115.334227,36.221898],[-115.334263,36.223632],[-115.334299,36.225367],[-115.334336,36.227102],[-115.334449,36.232316],[-115.334148,36.236202],[-115.334148,36.236203],[-115.334151,36.236203],[-115.336364,36.236236],[-115.336225,36.238176],[-115.336086,36.240118],[-115.338322,36.24014],[-115.338197,36.242045],[-115.340443,36.242068],[-115.342682,36.242092],[-115.344937,36.242115],[-115.347184,36.242138],[-115.349431,36.242161],[-115.351678,36.242184],[-115.351617,36.244091],[-115.35385,36.244129],[-115.356078,36.244166],[-115.356084,36.244166],[-115.358309,36.244203],[-115.358307,36.24431],[-115.358301,36.246048],[-115.356036,36.246032],[-115.355984,36.246031],[-115.351555,36.246],[-115.351497,36.247811],[-115.351497,36.247813],[-115.350767,36.247813],[-115.346931,36.247814],[-115.346933,36.248461],[-115.346937,36.249654],[-115.346944,36.251493]],[[-115.346951,36.253329],[-115.346944,36.251493],[-115.342378,36.2515],[-115.337816,36.251506],[-115.33782,36.253339],[-115.333254,36.253344],[-115.333254,36.251512],[-115.332114,36.251512],[-115.330974,36.251512],[-115.329835,36.251513],[-115.328695,36.251513],[-115.328695,36.251595],[-115.328692,36.25335],[-115.327552,36.253351],[-115.326412,36.253353],[-115.325272,36.253354],[-115.324132,36.253355],[-115.324137,36.251595],[-115.324137,36.251513],[-115.322995,36.251521],[-115.321853,36.251529],[-115.320711,36.251537],[-115.319569,36.251545],[-115.319569,36.251628],[-115.319563,36.253388],[-115.31842,36.253396],[-115.317786,36.2534],[-115.317462,36.253403],[-115.317278,36.253404],[-115.316136,36.253412],[-115.315163,36.253419],[-115.314993,36.25342],[-115.314992,36.253826],[-115.314987,36.25491],[-115.314986,36.255124],[-115.314986,36.25521],[-115.314986,36.255263],[-115.315017,36.255263],[-115.315063,36.255262],[-115.315155,36.255262],[-115.315937,36.255256],[-115.316128,36.255255],[-115.317271,36.255247],[-115.317594,36.255244],[-115.318481,36.255238],[-115.31885,36.255235],[-115.31932,36.255232],[-115.319362,36.255232],[-115.324126,36.255197],[-115.325267,36.255195],[-115.32869,36.255187],[-115.333253,36.255176],[-115.337823,36.255172],[-115.342393,36.255167],[-115.342386,36.253333],[-115.346951,36.253329]],[[-115.306023,36.280977],[-115.30589,36.280976],[-115.305889,36.281227],[-115.305888,36.282808],[-115.307013,36.282817],[-115.307013,36.282735],[-115.307013,36.282318],[-115.307014,36.281901],[-115.307015,36.281484],[-115.307015,36.281066],[-115.307015,36.280985],[-115.307015,36.280984],[-115.306023,36.280977]],[[-115.30589,36.280976],[-115.30589,36.280567],[-115.30589,36.280291],[-115.305891,36.279611],[-115.305891,36.279145],[-115.304764,36.279139],[-115.303637,36.279129],[-115.302511,36.279122],[-115.301948,36.279119],[-115.301384,36.279115],[-115.301382,36.277287],[-115.302482,36.277294],[-115.30251,36.277294],[-115.302513,36.277156],[-115.302524,36.276768],[-115.302534,36.27638],[-115.303046,36.276382],[-115.303557,36.276385],[-115.303635,36.276385],[-115.303659,36.276385],[-115.303659,36.276385],[-115.303637,36.2773],[-115.30475,36.277307],[-115.304765,36.277307],[-115.305892,36.277313],[-115.308148,36.277325],[-115.308175,36.275492],[-115.3093,36.275497],[-115.310425,36.275502],[-115.311551,36.275507],[-115.311532,36.277343],[-115.31266,36.277349],[-115.312677,36.275512],[-115.312685,36.274594],[-115.312584,36.274593],[-115.312072,36.274591],[-115.31156,36.274589],[-115.31156,36.274589],[-115.311568,36.273753],[-115.31157,36.27367],[-115.312078,36.273673],[-115.312693,36.273676],[-115.312694,36.273594],[-115.312698,36.273259],[-115.312702,36.272927],[-115.312706,36.272594],[-115.31271,36.272262],[-115.312715,36.271921],[-115.312714,36.271842],[-115.313292,36.271843],[-115.313836,36.271844],[-115.313814,36.273679],[-115.313813,36.273761],[-115.31381,36.27418],[-115.313807,36.274598],[-115.313804,36.275012],[-115.313804,36.275017],[-115.313801,36.275435],[-115.313801,36.275517],[-115.315029,36.275523],[-115.315042,36.273684],[-115.316183,36.273671],[-115.316183,36.273753],[-115.316174,36.275427],[-115.316173,36.275509],[-115.317317,36.275496],[-115.317318,36.27518],[-115.317324,36.273657],[-115.317425,36.273656],[-115.318465,36.273644],[-115.319607,36.273631],[-115.319607,36.273549],[-115.319607,36.271876],[-115.319608,36.271794],[-115.320746,36.271781],[-115.320746,36.271864],[-115.320747,36.2727],[-115.320748,36.273535],[-115.320748,36.273612],[-115.320748,36.273618],[-115.320748,36.2737],[-115.320749,36.274537],[-115.32075,36.275372],[-115.32075,36.275455],[-115.32075,36.275537],[-115.32075,36.275812],[-115.32075,36.275819],[-115.320752,36.277154],[-115.320752,36.277291],[-115.321325,36.277284],[-115.321797,36.277279],[-115.321898,36.277277],[-115.321899,36.277277],[-115.323046,36.277263],[-115.323045,36.277126],[-115.323045,36.276799],[-115.323045,36.276727],[-115.323045,36.276483],[-115.323044,36.276316],[-115.323044,36.276167],[-115.323044,36.275903],[-115.323043,36.275851],[-115.323038,36.275511],[-115.323043,36.27543],[-115.323038,36.275345],[-115.323035,36.274702],[-115.323034,36.27451],[-115.323033,36.274213],[-115.323032,36.274093],[-115.32303,36.273676],[-115.32303,36.273592],[-115.321889,36.273605],[-115.321888,36.273522],[-115.321886,36.272687],[-115.321884,36.271851],[-115.321884,36.271768],[-115.321878,36.269932],[-115.321868,36.268691],[-115.321863,36.268095],[-115.321858,36.267432],[-115.321848,36.266258],[-115.322987,36.266247],[-115.322987,36.26633],[-115.32299,36.266703],[-115.322993,36.267075],[-115.322995,36.267445],[-115.322999,36.268048],[-115.323,36.268085],[-115.323899,36.268076],[-115.324002,36.268075],[-115.324137,36.268073],[-115.324132,36.267095],[-115.324127,36.266237],[-115.324116,36.264401],[-115.32398,36.264402],[-115.322974,36.264411],[-115.321833,36.26442],[-115.320691,36.26443],[-115.32069,36.264347],[-115.320682,36.263511],[-115.320675,36.262729],[-115.320674,36.262592],[-115.320674,36.262454],[-115.320675,36.262062],[-115.320677,36.26167],[-115.32068,36.260832],[-115.32068,36.260749],[-115.319536,36.260758],[-115.319533,36.261679],[-115.319532,36.262071],[-115.31953,36.262463],[-115.31953,36.2626],[-115.318386,36.262609],[-115.318393,36.260766],[-115.318393,36.260766],[-115.318393,36.260684],[-115.318395,36.260264],[-115.318396,36.259845],[-115.318398,36.259339],[-115.3184,36.258924],[-115.317256,36.258932],[-115.316113,36.25894],[-115.316113,36.259023],[-115.316112,36.259329],[-115.316111,36.259442],[-115.31611,36.259862],[-115.316108,36.260281],[-115.316106,36.260701],[-115.316106,36.260783],[-115.31611,36.260866],[-115.316106,36.261423],[-115.316104,36.261769],[-115.316101,36.262127],[-115.316099,36.262488],[-115.316098,36.262626],[-115.314954,36.262634],[-115.313762,36.262638],[-115.313669,36.262638],[-115.312675,36.262641],[-115.312603,36.262641],[-115.311615,36.262644],[-115.311589,36.262644],[-115.311588,36.262644],[-115.311589,36.262507],[-115.311589,36.26248],[-115.311591,36.262044],[-115.311593,36.261608],[-115.311596,36.261173],[-115.311597,36.260806],[-115.312535,36.260805],[-115.312637,36.260805],[-115.312638,36.260723],[-115.312659,36.259881],[-115.312666,36.259313],[-115.31267,36.258983],[-115.312672,36.258862],[-115.312687,36.257893],[-115.312697,36.257225],[-115.312699,36.257142],[-115.311615,36.257158],[-115.311603,36.257159],[-115.311567,36.257159],[-115.310525,36.257175],[-115.31051,36.257175],[-115.309432,36.257192],[-115.30836,36.257209],[-115.307433,36.257223],[-115.307262,36.257226],[-115.306306,36.257241],[-115.306201,36.257242],[-115.30617,36.257243],[-115.305089,36.257255],[-115.305092,36.257333],[-115.305088,36.257803],[-115.305085,36.258144],[-115.305076,36.25905],[-115.303975,36.259062],[-115.303988,36.257271],[-115.303988,36.257188],[-115.304,36.255554],[-115.304,36.255472],[-115.302899,36.255489],[-115.302899,36.255405],[-115.302899,36.255379],[-115.302901,36.254816],[-115.302903,36.254305],[-115.302904,36.25371],[-115.302904,36.253639],[-115.304,36.253616],[-115.304018,36.253615],[-115.305098,36.253592],[-115.305097,36.253677],[-115.305095,36.254099],[-115.305092,36.25452],[-115.305087,36.255363],[-115.305085,36.255452],[-115.306176,36.255428],[-115.306182,36.253575],[-115.306188,36.251758],[-115.306188,36.251728],[-115.30619,36.251182],[-115.30619,36.251179],[-115.306191,36.250804],[-115.306194,36.24989],[-115.306194,36.249879],[-115.307286,36.249861],[-115.308379,36.249843],[-115.308375,36.250767],[-115.308371,36.250767],[-115.308273,36.250769],[-115.307778,36.250777],[-115.307283,36.250785],[-115.307282,36.250955],[-115.307282,36.250965],[-115.307281,36.251206],[-115.30728,36.251418],[-115.307279,36.251627],[-115.307279,36.25171],[-115.307279,36.251791],[-115.307277,36.252213],[-115.307276,36.252634],[-115.307275,36.252716],[-115.307273,36.253476],[-115.307272,36.253558],[-115.308363,36.253539],[-115.308363,36.253457],[-115.308366,36.252615],[-115.308368,36.252194],[-115.30837,36.251773],[-115.30837,36.251691],[-115.309424,36.251673],[-115.309462,36.251672],[-115.309452,36.253522],[-115.310543,36.253504],[-115.310553,36.251653],[-115.311645,36.251635],[-115.312736,36.251616],[-115.312705,36.25347],[-115.312703,36.255312],[-115.313796,36.255295],[-115.313817,36.25345],[-115.313817,36.253367],[-115.313822,36.252518],[-115.313827,36.25168],[-115.313828,36.251618],[-115.313828,36.251597],[-115.313828,36.251577],[-115.313828,36.251515],[-115.313832,36.251095],[-115.313835,36.250675],[-115.313838,36.250255],[-115.313841,36.249835],[-115.313841,36.249753],[-115.315009,36.249734],[-115.315011,36.249174],[-115.315017,36.247891],[-115.31506,36.246053],[-115.315104,36.24418],[-115.315104,36.24418],[-115.315193,36.240471],[-115.315279,36.238611],[-115.315332,36.236755],[-115.315437,36.233043],[-115.314207,36.233088],[-115.313104,36.233128],[-115.312002,36.233168],[-115.310899,36.233209],[-115.309805,36.233246],[-115.308715,36.233285],[-115.308693,36.233286],[-115.307598,36.233325],[-115.30759,36.233325],[-115.307587,36.233463],[-115.307581,36.233802],[-115.307574,36.23414],[-115.307567,36.234479],[-115.307561,36.234817],[-115.307554,36.235156],[-115.306452,36.235192],[-115.306416,36.237025],[-115.307519,36.236991],[-115.307487,36.238808],[-115.306381,36.238837],[-115.305279,36.23888],[-115.305312,36.23714],[-115.305313,36.237058],[-115.304211,36.23709],[-115.303109,36.237123],[-115.301994,36.237155],[-115.302014,36.236247],[-115.302034,36.235339],[-115.302074,36.233523],[-115.300971,36.233563],[-115.29987,36.233603],[-115.298767,36.233642],[-115.297664,36.233682],[-115.297656,36.233949],[-115.297639,36.234589],[-115.297612,36.235491],[-115.297602,36.235958],[-115.297593,36.236389],[-115.297593,36.236398],[-115.297568,36.237292],[-115.296419,36.237299],[-115.29642,36.237216],[-115.296421,36.237206],[-115.29643,36.236812],[-115.29643,36.236806],[-115.296439,36.236431],[-115.29644,36.236402],[-115.296049,36.236404],[-115.295863,36.236404],[-115.295668,36.236405],[-115.295389,36.236406],[-115.295287,36.236407],[-115.295283,36.236604],[-115.295279,36.236813],[-115.295276,36.236925],[-115.29527,36.237211],[-115.29527,36.237223],[-115.295269,36.237265],[-115.295268,36.237306],[-115.295167,36.237306],[-115.294118,36.237313],[-115.292968,36.23732],[-115.292953,36.238222],[-115.292852,36.238222],[-115.292845,36.238222],[-115.292828,36.238222],[-115.292677,36.238224],[-115.292329,36.238226],[-115.29187,36.238229],[-115.291806,36.23823],[-115.291812,36.23782],[-115.291813,36.237748],[-115.291817,36.237419],[-115.291817,36.237409],[-115.291817,36.237405],[-115.291818,36.237327],[-115.290668,36.237333],[-115.290669,36.237251],[-115.29067,36.237237],[-115.290674,36.236839],[-115.290675,36.236718],[-115.290678,36.236428],[-115.290577,36.236429],[-115.290172,36.236431],[-115.290052,36.236432],[-115.289619,36.236434],[-115.289526,36.236435],[-115.289067,36.236437],[-115.289018,36.236437],[-115.28851,36.23644],[-115.288374,36.236441],[-115.288239,36.236442],[-115.288238,36.236442],[-115.287726,36.236445],[-115.287572,36.236445],[-115.287215,36.236447],[-115.287102,36.236448],[-115.286687,36.23645],[-115.286686,36.23674],[-115.286685,36.236863],[-115.286836,36.236862],[-115.287213,36.23686],[-115.28721,36.237272],[-115.28721,36.237355],[-115.286054,36.237362],[-115.2849,36.237368],[-115.2849,36.237448],[-115.284898,36.238273],[-115.284896,36.239182],[-115.28604,36.239174],[-115.286028,36.240081],[-115.287197,36.240072],[-115.287192,36.240977],[-115.287174,36.241898],[-115.287022,36.241899],[-115.286726,36.241902],[-115.2866,36.241903],[-115.286313,36.241906],[-115.286025,36.24191],[-115.286016,36.240987],[-115.284891,36.240997],[-115.28375,36.241006],[-115.283744,36.241006],[-115.283747,36.240098],[-115.283653,36.240099],[-115.283126,36.240103],[-115.2826,36.240107],[-115.282599,36.239694],[-115.282597,36.239281],[-115.282597,36.239199],[-115.282597,36.239109],[-115.282595,36.238696],[-115.282592,36.238291],[-115.282592,36.237883],[-115.282593,36.237464],[-115.282592,36.237382],[-115.282592,36.2373],[-115.282592,36.236945],[-115.282592,36.236602],[-115.282592,36.236473],[-115.282592,36.236431],[-115.282592,36.236249],[-115.282591,36.235563],[-115.281747,36.235567],[-115.281523,36.235569],[-115.281433,36.235569],[-115.281434,36.23549],[-115.281435,36.235308],[-115.281439,36.234656],[-115.28144,36.233887],[-115.28144,36.233873],[-115.28144,36.233755],[-115.28144,36.233749],[-115.281412,36.233749],[-115.280293,36.233754],[-115.280272,36.233754],[-115.279604,36.233757],[-115.279111,36.233759],[-115.277961,36.233718],[-115.277653,36.233707],[-115.276812,36.233678],[-115.276052,36.233651],[-115.275662,36.233637],[-115.275662,36.233777],[-115.275662,36.233777],[-115.275662,36.233795],[-115.275661,36.23415],[-115.27566,36.234208],[-115.27566,36.234455],[-115.275659,36.234555],[-115.275659,36.234716],[-115.275658,36.234963],[-115.275658,36.234964],[-115.275658,36.235378],[-115.275652,36.23546],[-115.274493,36.235425],[-115.273349,36.23539],[-115.273323,36.235389],[-115.272169,36.23535],[-115.271021,36.235313],[-115.270022,36.235281],[-115.269887,36.235277],[-115.269882,36.235731],[-115.269877,36.23619],[-115.269877,36.236194],[-115.269868,36.237119],[-115.269704,36.237114],[-115.267514,36.237048],[-115.26693,36.237031],[-115.26638,36.237014],[-115.265197,36.236978],[-115.265144,36.236977],[-115.262871,36.236908],[-115.262868,36.236991],[-115.262852,36.237451],[-115.262951,36.237454],[-115.263517,36.23747],[-115.263504,36.237855],[-115.262937,36.237838],[-115.262839,36.237835],[-115.262806,36.238764],[-115.262746,36.240413],[-115.262743,36.24048],[-115.262743,36.240481],[-115.262742,36.240506],[-115.262742,36.240509],[-115.262742,36.240523],[-115.262738,36.240619],[-115.262714,36.240618],[-115.262114,36.240603],[-115.261558,36.240588],[-115.261557,36.240726],[-115.261554,36.241501],[-115.26054,36.241475],[-115.260373,36.241471],[-115.260371,36.241928],[-115.26037,36.242384],[-115.26037,36.242413],[-115.260366,36.243298],[-115.260363,36.244212],[-115.26036,36.245116],[-115.260523,36.245116],[-115.260543,36.245116],[-115.260892,36.245124],[-115.261231,36.245133],[-115.26157,36.245141],[-115.261909,36.245149],[-115.262248,36.245157],[-115.262587,36.245165],[-115.262608,36.245166],[-115.262705,36.245168],[-115.26272,36.244266],[-115.26272,36.244266],[-115.263899,36.244293],[-115.265078,36.24432],[-115.266871,36.244361],[-115.267435,36.244373],[-115.269792,36.244427],[-115.269786,36.245039],[-115.269783,36.245331],[-115.26978,36.245627],[-115.269645,36.245623],[-115.269282,36.245613],[-115.26907,36.245607],[-115.268936,36.245603],[-115.268585,36.245594],[-115.268582,36.245913],[-115.268582,36.245979],[-115.268579,36.246231],[-115.268578,36.246363],[-115.268576,36.24655],[-115.268574,36.246748],[-115.268573,36.246869],[-115.26857,36.247133],[-115.26857,36.247187],[-115.268567,36.247517],[-115.269625,36.247546],[-115.269759,36.247549],[-115.269755,36.247934],[-115.269755,36.247936],[-115.269754,36.248071],[-115.271285,36.248113],[-115.272108,36.248135],[-115.272389,36.248143],[-115.272669,36.248151],[-115.272669,36.248151],[-115.272668,36.248287],[-115.272667,36.248672],[-115.272665,36.249032],[-115.272665,36.249191],[-115.272662,36.249365],[-115.272658,36.249646],[-115.273198,36.249663],[-115.273738,36.24968],[-115.27384,36.249681],[-115.273846,36.249362],[-115.27387,36.248183],[-115.274454,36.248199],[-115.274454,36.248063],[-115.274454,36.248062],[-115.274458,36.247272],[-115.274459,36.246845],[-115.274461,36.246377],[-115.274461,36.246369],[-115.274461,36.246346],[-115.274463,36.245919],[-115.274468,36.244636],[-115.274468,36.244627],[-115.274469,36.244553],[-115.275637,36.244585],[-115.275637,36.244666],[-115.275636,36.245007],[-115.275635,36.245322],[-115.275635,36.245348],[-115.275635,36.245644],[-115.275634,36.245689],[-115.275634,36.245965],[-115.275634,36.24603],[-115.275633,36.246286],[-115.275633,36.24637],[-115.275632,36.246608],[-115.275632,36.246711],[-115.275631,36.246929],[-115.275631,36.247052],[-115.275631,36.247251],[-115.27563,36.247393],[-115.27563,36.247572],[-115.27563,36.247627],[-115.275629,36.247734],[-115.275629,36.248094],[-115.275661,36.248232],[-115.276244,36.248248],[-115.27624,36.248384],[-115.276232,36.248689],[-115.276231,36.248711],[-115.276222,36.249027],[-115.276214,36.249296],[-115.276213,36.249344],[-115.276205,36.249599],[-115.276202,36.249704],[-115.276191,36.250117],[-115.276189,36.250153],[-115.275579,36.25013],[-115.27502,36.250116],[-115.27502,36.250089],[-115.274469,36.250074],[-115.273921,36.25006],[-115.273832,36.250057],[-115.273822,36.250467],[-115.273808,36.251066],[-115.273707,36.251064],[-115.273176,36.251052],[-115.272646,36.251039],[-115.272641,36.251394],[-115.27264,36.251414],[-115.272635,36.251775],[-115.272632,36.251858],[-115.273788,36.251882],[-115.274398,36.251895],[-115.275562,36.251919],[-115.276112,36.251931],[-115.276716,36.251943],[-115.276725,36.251943],[-115.279051,36.251992],[-115.279026,36.252902],[-115.279022,36.253078],[-115.279001,36.253823],[-115.279001,36.253828],[-115.278975,36.25474],[-115.278947,36.255654],[-115.278923,36.256575],[-115.278909,36.256989],[-115.279081,36.256988],[-115.279612,36.256983],[-115.279622,36.256569],[-115.280112,36.256565],[-115.28009,36.257391],[-115.280088,36.257474],[-115.278893,36.25749],[-115.278868,36.258401],[-115.278839,36.25932],[-115.278823,36.25979],[-115.278808,36.26024],[-115.278777,36.261142],[-115.278743,36.262063],[-115.278734,36.262979],[-115.279946,36.262943],[-115.279944,36.263081],[-115.279944,36.263095],[-115.279942,36.263494],[-115.279941,36.263892],[-115.279942,36.26429],[-115.279943,36.264658],[-115.279943,36.264736],[-115.279456,36.264752],[-115.278749,36.264775],[-115.278764,36.266573],[-115.277636,36.266577],[-115.277635,36.266577],[-115.276508,36.266582],[-115.276506,36.266582],[-115.275246,36.266589],[-115.275245,36.266589],[-115.274229,36.266592],[-115.274175,36.266592],[-115.274159,36.266592],[-115.274127,36.266592],[-115.273672,36.266594],[-115.273219,36.266595],[-115.272926,36.266596],[-115.272689,36.266597],[-115.272451,36.266598],[-115.272214,36.266599],[-115.271976,36.2666],[-115.271739,36.266601],[-115.271501,36.266601],[-115.271264,36.266602],[-115.271026,36.266603],[-115.270789,36.266604],[-115.270551,36.266605],[-115.270182,36.266606],[-115.269877,36.266607],[-115.269875,36.266607],[-115.269832,36.266607],[-115.269742,36.266608],[-115.269746,36.267463],[-115.26975,36.268291],[-115.269751,36.268414],[-115.269751,36.268466],[-115.269751,36.268484],[-115.26975,36.268757],[-115.269757,36.270139],[-115.269758,36.270235],[-115.272017,36.270218],[-115.274272,36.270201],[-115.275388,36.270193],[-115.276487,36.270186],[-115.27652,36.270186],[-115.278793,36.270169],[-115.279962,36.270157],[-115.279966,36.270156],[-115.281122,36.270144],[-115.281117,36.270658],[-115.281109,36.271461],[-115.281104,36.271945],[-115.282275,36.271935],[-115.28262,36.271932],[-115.282618,36.27185],[-115.282613,36.271502],[-115.282613,36.271447],[-115.282625,36.271447],[-115.282813,36.271445],[-115.28293,36.271524],[-115.283339,36.271803],[-115.283441,36.271803],[-115.283439,36.271924],[-115.284553,36.271912],[-115.285753,36.271904],[-115.286901,36.271896],[-115.288085,36.271882],[-115.288082,36.271964],[-115.288021,36.273681],[-115.287362,36.273692],[-115.286852,36.2737],[-115.286852,36.273783],[-115.286837,36.274185],[-115.286822,36.274596],[-115.287257,36.274593],[-115.287319,36.274593],[-115.287301,36.274965],[-115.287286,36.275417],[-115.287285,36.275496],[-115.287347,36.275496],[-115.287937,36.275494],[-115.287937,36.275498],[-115.287914,36.275959],[-115.287894,36.276391],[-115.287893,36.276399],[-115.28785,36.277302],[-115.288256,36.2773],[-115.288978,36.277297],[-115.288979,36.277289],[-115.289022,36.276395],[-115.289041,36.275984],[-115.28906,36.275572],[-115.289064,36.27549],[-115.290192,36.275485],[-115.29017,36.275978],[-115.290152,36.276386],[-115.290132,36.276774],[-115.290106,36.27728],[-115.290105,36.277292],[-115.290105,36.277728],[-115.290105,36.278221],[-115.290104,36.278782],[-115.290104,36.278903],[-115.290104,36.278991],[-115.290004,36.278942],[-115.289873,36.278861],[-115.289732,36.278781],[-115.289635,36.278731],[-115.289486,36.278661],[-115.289384,36.278618],[-115.289228,36.278559],[-115.289122,36.278523],[-115.288977,36.27848],[-115.288976,36.27903],[-115.288976,36.279109],[-115.288976,36.279147],[-115.288955,36.279143],[-115.288658,36.279105],[-115.287848,36.279026],[-115.287847,36.279113],[-115.287846,36.279765],[-115.287846,36.27985],[-115.287845,36.28071],[-115.287844,36.280924],[-115.288109,36.280923],[-115.288974,36.280922],[-115.290104,36.28092],[-115.290104,36.280776],[-115.290105,36.280179],[-115.290105,36.280094],[-115.290105,36.279386],[-115.290105,36.279106],[-115.292363,36.279099],[-115.292363,36.279915],[-115.292364,36.280221],[-115.292364,36.28037],[-115.292364,36.280552],[-115.292364,36.280916],[-115.293494,36.280914],[-115.294318,36.280913],[-115.294625,36.280912],[-115.295754,36.28091],[-115.296714,36.280908],[-115.296884,36.280908],[-115.296882,36.280404],[-115.296881,36.280121],[-115.29688,36.279795],[-115.296878,36.279085],[-115.296872,36.277399],[-115.296872,36.277261],[-115.295744,36.277266],[-115.294617,36.277271],[-115.294622,36.277148],[-115.294691,36.275536],[-115.294695,36.275454],[-115.295822,36.275447],[-115.296946,36.275439],[-115.298068,36.275444],[-115.29919,36.27545],[-115.299188,36.275532],[-115.299131,36.27715],[-115.299128,36.277274],[-115.299128,36.277398],[-115.299128,36.277412],[-115.299128,36.277439],[-115.299128,36.277647],[-115.299129,36.277798],[-115.299129,36.277999],[-115.299129,36.27815],[-115.29913,36.27835],[-115.29913,36.278501],[-115.299131,36.2787],[-115.299131,36.278845],[-115.299131,36.279001],[-115.299131,36.279018],[-115.299132,36.27908],[-115.299132,36.2791],[-115.300257,36.279108],[-115.300258,36.27979],[-115.300259,36.280021],[-115.300259,36.280121],[-115.300259,36.280395],[-115.30026,36.280934],[-115.300823,36.280938],[-115.301386,36.280943],[-115.301949,36.280947],[-115.302512,36.280951],[-115.303638,36.280959],[-115.304764,36.280968],[-115.30589,36.280976]],[[-115.269754,36.248071],[-115.26741,36.248009],[-115.267404,36.248009],[-115.267404,36.248009],[-115.267403,36.248144],[-115.267411,36.249889],[-115.267419,36.251751],[-115.269746,36.251798],[-115.269752,36.249924],[-115.269753,36.248207],[-115.269754,36.248071]],[[-115.261459,36.309296],[-115.260138,36.30922],[-115.260138,36.309301],[-115.260138,36.309301],[-115.260146,36.310316],[-115.260151,36.310864],[-115.260155,36.311413],[-115.260324,36.311418],[-115.260326,36.311418],[-115.260349,36.311419],[-115.26083,36.311435],[-115.261314,36.311451],[-115.261313,36.311533],[-115.261315,36.311891],[-115.261317,36.312248],[-115.261319,36.312527],[-115.26132,36.312604],[-115.262366,36.312639],[-115.262468,36.312643],[-115.262467,36.312547],[-115.262456,36.310921],[-115.262454,36.310505],[-115.26245,36.310028],[-115.262447,36.309354],[-115.261459,36.309296]],[[-115.260138,36.30922],[-115.260138,36.309219],[-115.260104,36.305116],[-115.257861,36.30512],[-115.257863,36.305257],[-115.257871,36.306145],[-115.257879,36.30717],[-115.256759,36.307172],[-115.256758,36.307089],[-115.256755,36.306556],[-115.256752,36.306147],[-115.256637,36.306147],[-115.256366,36.306147],[-115.256094,36.306148],[-115.255823,36.306149],[-115.255731,36.306149],[-115.255633,36.306149],[-115.255527,36.306149],[-115.255416,36.306149],[-115.255144,36.306148],[-115.255018,36.306148],[-115.255017,36.306148],[-115.254873,36.306148],[-115.254601,36.306148],[-115.254508,36.306148],[-115.25433,36.306148],[-115.254058,36.306147],[-115.253998,36.306147],[-115.253787,36.306147],[-115.25349,36.306147],[-115.253488,36.306147],[-115.253456,36.306147],[-115.253388,36.306147],[-115.253387,36.306147],[-115.25338,36.30528],[-115.25338,36.305267],[-115.25338,36.305267],[-115.253379,36.305129],[-115.251272,36.305134],[-115.251137,36.305134],[-115.251155,36.307172],[-115.251165,36.308198],[-115.251301,36.308199],[-115.252303,36.3082],[-115.253305,36.308201],[-115.253407,36.308201],[-115.253415,36.309135],[-115.253416,36.309223],[-115.254535,36.309223],[-115.254537,36.309223],[-115.255656,36.309222],[-115.256776,36.309222],[-115.256775,36.309138],[-115.256766,36.308196],[-115.257275,36.308196],[-115.257786,36.308195],[-115.257888,36.308195],[-115.257892,36.308707],[-115.257896,36.309138],[-115.257896,36.309221],[-115.257897,36.309221],[-115.259017,36.30922],[-115.259963,36.30922],[-115.260138,36.30922]],[[-115.251137,36.305134],[-115.251168,36.301491],[-115.251184,36.299672],[-115.251199,36.297848],[-115.248978,36.297844],[-115.246713,36.29784],[-115.244449,36.297836],[-115.243348,36.297834],[-115.243347,36.297944],[-115.243341,36.298749],[-115.242389,36.298748],[-115.242219,36.298747],[-115.242226,36.297832],[-115.242242,36.295994],[-115.242253,36.294172],[-115.242254,36.294138],[-115.242271,36.292341],[-115.242284,36.290514],[-115.246719,36.290535],[-115.246772,36.290536],[-115.246773,36.290536],[-115.246775,36.290399],[-115.246801,36.288943],[-115.246814,36.28818],[-115.246834,36.287025],[-115.246836,36.286943],[-115.246836,36.28693],[-115.246865,36.285229],[-115.246867,36.285147],[-115.246968,36.285151],[-115.247843,36.28519],[-115.247983,36.285196],[-115.247988,36.285196],[-115.248706,36.285228],[-115.249108,36.285245],[-115.249113,36.285246],[-115.249117,36.285246],[-115.24998,36.285284],[-115.250246,36.285295],[-115.250247,36.285295],[-115.251254,36.285339],[-115.251389,36.285345],[-115.251392,36.285345],[-115.251394,36.285345],[-115.251527,36.285351],[-115.252056,36.285375],[-115.252062,36.285255],[-115.252063,36.285247],[-115.252072,36.284902],[-115.252607,36.284926],[-115.252596,36.285316],[-115.252593,36.285398],[-115.255805,36.285539],[-115.255907,36.285544],[-115.255922,36.285078],[-115.255934,36.284701],[-115.25596,36.283863],[-115.257445,36.28395],[-115.258227,36.283995],[-115.259839,36.284089],[-115.260495,36.284127],[-115.260496,36.284118],[-115.260544,36.282839],[-115.260558,36.282495],[-115.260558,36.282495],[-115.260563,36.282362],[-115.260563,36.282357],[-115.260569,36.282205],[-115.260573,36.282084],[-115.260589,36.281684],[-115.260589,36.281684],[-115.260589,36.281684],[-115.260604,36.281278],[-115.26062,36.280873],[-115.260623,36.280813],[-115.260623,36.280813],[-115.260625,36.280785],[-115.260626,36.280769],[-115.260626,36.280768],[-115.260654,36.280065],[-115.260654,36.28006],[-115.260653,36.28006],[-115.260487,36.280047],[-115.260484,36.280047],[-115.259999,36.280011],[-115.259513,36.279974],[-115.259527,36.279607],[-115.259541,36.279241],[-115.259544,36.279158],[-115.259024,36.279117],[-115.258504,36.279076],[-115.25849,36.279075],[-115.258471,36.279074],[-115.258404,36.279068],[-115.258347,36.280627],[-115.258344,36.280709],[-115.258344,36.28071],[-115.258314,36.280708],[-115.256068,36.280547],[-115.25607,36.28046],[-115.256095,36.279707],[-115.256095,36.27969],[-115.256121,36.278889],[-115.25602,36.27888],[-115.253941,36.278715],[-115.25384,36.278707],[-115.253795,36.2803],[-115.253792,36.280383],[-115.251515,36.28022],[-115.251379,36.28021],[-115.251046,36.280186],[-115.251046,36.280104],[-115.251064,36.279338],[-115.251399,36.279363],[-115.251538,36.279373],[-115.251539,36.279329],[-115.251547,36.278967],[-115.251547,36.27895],[-115.251557,36.278558],[-115.251558,36.278526],[-115.25142,36.278516],[-115.250413,36.278438],[-115.250422,36.277665],[-115.250424,36.277584],[-115.250792,36.277614],[-115.250792,36.277614],[-115.250792,36.277532],[-115.250808,36.276902],[-115.250811,36.276768],[-115.251598,36.276836],[-115.253885,36.277033],[-115.253883,36.276449],[-115.253883,36.276326],[-115.253883,36.276294],[-115.253882,36.276027],[-115.253881,36.275545],[-115.253881,36.275475],[-115.25388,36.275356],[-115.25388,36.275282],[-115.251743,36.275127],[-115.251591,36.275116],[-115.25149,36.275108],[-115.251455,36.275106],[-115.25111,36.27508],[-115.25111,36.275078],[-115.251111,36.275002],[-115.251114,36.274235],[-115.250956,36.274225],[-115.250768,36.274211],[-115.250772,36.274976],[-115.250772,36.275054],[-115.250772,36.275055],[-115.249397,36.274952],[-115.249302,36.274946],[-115.249302,36.274947],[-115.24929,36.274947],[-115.247114,36.274786],[-115.247013,36.274778],[-115.247017,36.275096],[-115.24691,36.275092],[-115.246104,36.275129],[-115.246062,36.274995],[-115.246057,36.274977],[-115.245792,36.275035],[-115.245581,36.275024],[-115.245554,36.274967],[-115.245396,36.274631],[-115.245397,36.273791],[-115.244383,36.273728],[-115.244384,36.27398],[-115.244386,36.274453],[-115.244388,36.274906],[-115.244388,36.274921],[-115.244008,36.274889],[-115.243966,36.274885],[-115.243703,36.274863],[-115.243398,36.274836],[-115.243094,36.27481],[-115.242619,36.274769],[-115.242609,36.274768],[-115.242438,36.274754],[-115.24244,36.275193],[-115.242441,36.275582],[-115.242443,36.27591],[-115.242444,36.276048],[-115.24021,36.276029],[-115.239379,36.276022],[-115.237981,36.27601],[-115.237981,36.27597],[-115.237987,36.275498],[-115.237991,36.275115],[-115.237994,36.274936],[-115.237995,36.274774],[-115.237997,36.274636],[-115.238,36.274389],[-115.238001,36.274331],[-115.237652,36.274322],[-115.236935,36.274304],[-115.236527,36.274294],[-115.236213,36.274286],[-115.235462,36.274267],[-115.235132,36.274258],[-115.234806,36.27425],[-115.233995,36.274229],[-115.233736,36.274223],[-115.233702,36.274222],[-115.233565,36.274218],[-115.233538,36.275078],[-115.233526,36.275468],[-115.233511,36.275964],[-115.233511,36.275967],[-115.2335,36.275967],[-115.228999,36.275926],[-115.224863,36.275889],[-115.22472,36.275887],[-115.224671,36.275887],[-115.224551,36.275886],[-115.22455,36.275902],[-115.224484,36.279506],[-115.224652,36.279507],[-115.225212,36.279512],[-115.227054,36.279529],[-115.228863,36.279546],[-115.228966,36.279547],[-115.228964,36.279662],[-115.228942,36.280787],[-115.22893,36.281369],[-115.228914,36.282257],[-115.228901,36.282917],[-115.228898,36.283052],[-115.228898,36.283065],[-115.228897,36.283108],[-115.227386,36.283104],[-115.22737,36.283836],[-115.227356,36.284524],[-115.227341,36.285212],[-115.227327,36.285901],[-115.227685,36.285903],[-115.227673,36.286734],[-115.227676,36.286818],[-115.227149,36.286816],[-115.226569,36.286813],[-115.224361,36.286804],[-115.224339,36.287719],[-115.224317,36.288636],[-115.224486,36.288637],[-115.225417,36.288637],[-115.225974,36.288639],[-115.225973,36.288728],[-115.225958,36.289561],[-115.225397,36.289563],[-115.224916,36.289566],[-115.224894,36.290353],[-115.22489,36.290488],[-115.226496,36.290486],[-115.227631,36.290484],[-115.228738,36.290483],[-115.228758,36.290483],[-115.228755,36.290621],[-115.228753,36.290759],[-115.228753,36.290775],[-115.228748,36.291132],[-115.228745,36.29132],[-115.228743,36.291501],[-115.228742,36.291567],[-115.228738,36.291814],[-115.228737,36.291869],[-115.228735,36.292062],[-115.228732,36.292237],[-115.22873,36.292409],[-115.228727,36.292606],[-115.228724,36.292811],[-115.228721,36.292974],[-115.228719,36.293155],[-115.228716,36.293342],[-115.228714,36.293459],[-115.228711,36.293711],[-115.22871,36.293767],[-115.228707,36.294035],[-115.228707,36.294108],[-115.228704,36.294275],[-115.228701,36.294523],[-115.228697,36.29477],[-115.228693,36.295017],[-115.228689,36.295342],[-115.22868,36.295916],[-115.228671,36.296578],[-115.228668,36.296795],[-115.228666,36.296919],[-115.228661,36.297259],[-115.228656,36.2976],[-115.228656,36.297617],[-115.228656,36.29762],[-115.228655,36.297727],[-115.228641,36.297832],[-115.228617,36.299524],[-115.228605,36.300433],[-115.228616,36.300433],[-115.228717,36.300434],[-115.229746,36.300444],[-115.229741,36.300855],[-115.229736,36.301267],[-115.229735,36.301352],[-115.229735,36.301352],[-115.229715,36.301351],[-115.228593,36.301339],[-115.228579,36.302383],[-115.228569,36.303159],[-115.228572,36.303243],[-115.228547,36.304961],[-115.228553,36.305098],[-115.22862,36.306881],[-115.228656,36.307842],[-115.228692,36.308813],[-115.230951,36.308859],[-115.230883,36.306923],[-115.23202,36.306944],[-115.232019,36.30702],[-115.232036,36.307568],[-115.232036,36.307591],[-115.232047,36.307908],[-115.232057,36.308219],[-115.232058,36.308249],[-115.232075,36.308797],[-115.232078,36.308882],[-115.233203,36.308904],[-115.234329,36.30893],[-115.234331,36.309009],[-115.234346,36.309631],[-115.234353,36.309906],[-115.233363,36.309885],[-115.233228,36.309882],[-115.233228,36.309882],[-115.233253,36.31085],[-115.233278,36.311828],[-115.233301,36.312723],[-115.233303,36.312816],[-115.235565,36.312881],[-115.237795,36.312945],[-115.239898,36.313006],[-115.239918,36.313007],[-115.240001,36.313009],[-115.240018,36.31301],[-115.242236,36.313073],[-115.242232,36.312646],[-115.242231,36.312532],[-115.242203,36.309113],[-115.242203,36.309112],[-115.242203,36.309099],[-115.242203,36.309085],[-115.242198,36.308561],[-115.242198,36.308561],[-115.242173,36.305702],[-115.242168,36.305151],[-115.242176,36.304234],[-115.242183,36.303326],[-115.242189,36.302437],[-115.242197,36.301492],[-115.242198,36.301485],[-115.242364,36.301572],[-115.242388,36.301596],[-115.245837,36.305],[-115.245835,36.305144],[-115.246653,36.305143],[-115.247727,36.30514],[-115.248914,36.305138],[-115.250998,36.305134],[-115.251033,36.305134],[-115.251067,36.305134],[-115.251137,36.305134]],[[-115.233303,36.312816],[-115.232192,36.312773],[-115.232185,36.312773],[-115.231073,36.312741],[-115.228839,36.312676],[-115.228836,36.312676],[-115.227719,36.312643],[-115.2266,36.312611],[-115.2266,36.31262],[-115.226604,36.312721],[-115.226605,36.312743],[-115.226621,36.313101],[-115.226622,36.313121],[-115.22664,36.313511],[-115.226642,36.313564],[-115.226655,36.313854],[-115.226657,36.313897],[-115.226672,36.314231],[-115.22668,36.31442],[-115.226682,36.314462],[-115.226686,36.314545],[-115.225573,36.314505],[-115.224447,36.314474],[-115.224491,36.315433],[-115.224491,36.315446],[-115.224535,36.316391],[-115.225663,36.31644],[-115.226773,36.316489],[-115.227857,36.316536],[-115.22786,36.316618],[-115.227897,36.317505],[-115.2279,36.317571],[-115.227903,36.317651],[-115.227921,36.318063],[-115.227935,36.318393],[-115.227936,36.318434],[-115.227936,36.318434],[-115.227938,36.318475],[-115.228535,36.318504],[-115.228583,36.318506],[-115.228687,36.318511],[-115.228904,36.318522],[-115.229044,36.318529],[-115.229046,36.318595],[-115.229048,36.318642],[-115.229063,36.319036],[-115.229066,36.319119],[-115.229079,36.319478],[-115.22908,36.319502],[-115.22908,36.31951],[-115.22908,36.31951],[-115.229081,36.319538],[-115.229102,36.320107],[-115.22911,36.320321],[-115.229111,36.320366],[-115.229115,36.320458],[-115.229116,36.320476],[-115.229117,36.320476],[-115.229139,36.320477],[-115.2292,36.320481],[-115.231319,36.320601],[-115.231346,36.320603],[-115.233522,36.320727],[-115.233516,36.319729],[-115.233488,36.318748],[-115.233488,36.318739],[-115.233459,36.317765],[-115.233431,36.31678],[-115.233398,36.315645],[-115.233373,36.314785],[-115.233303,36.312816]],[[-115.262115,36.24786],[-115.261741,36.247851],[-115.261696,36.24785],[-115.261617,36.247849],[-115.261524,36.247846],[-115.260351,36.247813],[-115.258454,36.247818],[-115.258039,36.24782],[-115.256915,36.247823],[-115.256917,36.24796],[-115.256925,36.248368],[-115.25591,36.248371],[-115.255813,36.248371],[-115.255802,36.247826],[-115.253527,36.247831],[-115.253519,36.247831],[-115.251253,36.247838],[-115.251256,36.247981],[-115.251287,36.249639],[-115.251289,36.249732],[-115.251324,36.251509],[-115.251327,36.251649],[-115.251362,36.253547],[-115.251401,36.255461],[-115.253675,36.255445],[-115.255966,36.255429],[-115.258196,36.255413],[-115.260531,36.255396],[-115.260768,36.255399],[-115.261722,36.255413],[-115.262847,36.255429],[-115.265135,36.255461],[-115.265135,36.25546],[-115.265134,36.255378],[-115.265115,36.253668],[-115.265114,36.253583],[-115.265104,36.252643],[-115.265103,36.252526],[-115.265099,36.25217],[-115.265092,36.25217],[-115.265092,36.252157],[-115.265087,36.251701],[-115.265662,36.251713],[-115.265668,36.251714],[-115.265668,36.251713],[-115.265667,36.251631],[-115.265664,36.251309],[-115.265661,36.250926],[-115.26566,36.250837],[-115.26566,36.250835],[-115.26566,36.250833],[-115.265659,36.250775],[-115.265178,36.250764],[-115.265076,36.250761],[-115.265065,36.249821],[-115.264966,36.249823],[-115.264966,36.249823],[-115.264966,36.249823],[-115.264963,36.249823],[-115.264565,36.249812],[-115.263979,36.249797],[-115.263945,36.249796],[-115.263943,36.249657],[-115.263938,36.24928],[-115.263933,36.248992],[-115.263931,36.248853],[-115.263965,36.248854],[-115.264553,36.24887],[-115.26496,36.248881],[-115.26496,36.248881],[-115.26496,36.248881],[-115.265055,36.248884],[-115.26506,36.249313],[-115.265159,36.249316],[-115.265715,36.24933],[-115.266231,36.249344],[-115.26623,36.249164],[-115.266228,36.248915],[-115.266227,36.248815],[-115.266225,36.248467],[-115.266222,36.248111],[-115.266224,36.247975],[-115.265052,36.247942],[-115.263953,36.247911],[-115.263936,36.247911],[-115.263933,36.247911],[-115.263885,36.247909],[-115.26387,36.247909],[-115.263869,36.247909],[-115.263277,36.247894],[-115.262779,36.247881],[-115.26277,36.24788],[-115.262696,36.247878],[-115.262638,36.247876],[-115.262115,36.24786]],[[-115.212962,36.206432],[-115.212963,36.206395],[-115.212975,36.206029],[-115.212988,36.205418],[-115.213008,36.204702],[-115.213023,36.204239],[-115.213024,36.204194],[-115.212679,36.204187],[-115.212695,36.203438],[-115.212676,36.203438],[-115.212684,36.203015],[-115.212686,36.202961],[-115.212687,36.202879],[-115.212682,36.20274],[-115.212697,36.202249],[-115.213083,36.202256],[-115.213098,36.201761],[-115.2131,36.201679],[-115.213936,36.201694],[-115.214668,36.201707],[-115.214773,36.201705],[-115.214807,36.200485],[-115.214814,36.199917],[-115.214833,36.199258],[-115.214866,36.198076],[-115.214869,36.19796],[-115.214889,36.196851],[-115.214921,36.195603],[-115.212675,36.19557],[-115.212677,36.195492],[-115.212679,36.195437],[-115.212687,36.195107],[-115.212695,36.194788],[-115.212696,36.194706],[-115.212698,36.194651],[-115.212703,36.194446],[-115.212711,36.1941],[-115.21272,36.193737],[-115.212726,36.193506],[-115.212728,36.19341],[-115.212731,36.19327],[-115.212736,36.193067],[-115.212738,36.193041],[-115.212743,36.192811],[-115.212653,36.19281],[-115.212642,36.19281],[-115.212325,36.192806],[-115.211957,36.192803],[-115.211692,36.1928],[-115.211605,36.1928],[-115.211391,36.192798],[-115.211008,36.192794],[-115.210603,36.19279],[-115.210602,36.19279],[-115.210501,36.192782],[-115.210509,36.192469],[-115.210512,36.192333],[-115.210522,36.191914],[-115.210523,36.191873],[-115.210523,36.191873],[-115.210523,36.191865],[-115.210535,36.191467],[-115.210535,36.191427],[-115.210636,36.191426],[-115.211133,36.191426],[-115.211126,36.191877],[-115.211373,36.191879],[-115.211628,36.191881],[-115.211823,36.191883],[-115.211912,36.191884],[-115.212231,36.191886],[-115.212277,36.191887],[-115.212761,36.191891],[-115.212765,36.19173],[-115.21277,36.191549],[-115.212774,36.191425],[-115.212733,36.191425],[-115.212288,36.191424],[-115.211998,36.191424],[-115.212006,36.190971],[-115.212298,36.190974],[-115.212312,36.190516],[-115.212433,36.190517],[-115.2128,36.190521],[-115.212801,36.190475],[-115.212806,36.190297],[-115.212811,36.190117],[-115.212813,36.190047],[-115.212359,36.190045],[-115.212325,36.190044],[-115.211907,36.190043],[-115.211765,36.190043],[-115.211456,36.190043],[-115.211215,36.190043],[-115.211011,36.190042],[-115.210671,36.19004],[-115.21057,36.190039],[-115.21059,36.189238],[-115.210593,36.189124],[-115.210492,36.189124],[-115.210493,36.189067],[-115.209906,36.189063],[-115.209905,36.189121],[-115.209875,36.189121],[-115.209423,36.189118],[-115.209055,36.189117],[-115.208755,36.189116],[-115.208453,36.189114],[-115.208352,36.189114],[-115.208342,36.189502],[-115.20833,36.190028],[-115.208317,36.190579],[-115.208308,36.190946],[-115.208298,36.191451],[-115.20829,36.191838],[-115.208289,36.191852],[-115.208188,36.191852],[-115.207414,36.191847],[-115.207407,36.192074],[-115.207397,36.192304],[-115.208178,36.192311],[-115.208279,36.192312],[-115.208269,36.192759],[-115.208248,36.193673],[-115.208228,36.194598],[-115.208221,36.194879],[-115.208153,36.194878],[-115.208119,36.194878],[-115.207794,36.194876],[-115.207785,36.195361],[-115.207785,36.195417],[-115.207792,36.195498],[-115.207638,36.195496],[-115.207485,36.195493],[-115.207481,36.195605],[-115.207481,36.195632],[-115.207468,36.19613],[-115.207116,36.196124],[-115.206763,36.196118],[-115.206758,36.196296],[-115.206748,36.196639],[-115.206766,36.196722],[-115.206766,36.196804],[-115.206756,36.197158],[-115.206756,36.197215],[-115.206752,36.197334],[-115.206747,36.19751],[-115.206745,36.19767],[-115.206739,36.197859],[-115.206749,36.197937],[-115.206642,36.197935],[-115.206627,36.198022],[-115.206619,36.198355],[-115.206615,36.198525],[-115.206612,36.198694],[-115.206607,36.198865],[-115.206603,36.199037],[-115.2066,36.19912],[-115.206715,36.199121],[-115.206713,36.199203],[-115.206704,36.199548],[-115.206699,36.199724],[-115.20705,36.199731],[-115.207035,36.200259],[-115.207033,36.200341],[-115.206686,36.200336],[-115.206684,36.200417],[-115.206675,36.200778],[-115.206672,36.200949],[-115.206667,36.201126],[-115.206033,36.201115],[-115.206,36.201114],[-115.20583,36.201111],[-115.205822,36.201355],[-115.205816,36.201548],[-115.206419,36.201557],[-115.206419,36.201563],[-115.206417,36.201639],[-115.206405,36.202136],[-115.20678,36.202144],[-115.206764,36.202635],[-115.206764,36.20269],[-115.206761,36.202771],[-115.206536,36.202768],[-115.206535,36.202851],[-115.206535,36.202851],[-115.206534,36.202906],[-115.206526,36.20318],[-115.20652,36.203366],[-115.20652,36.203383],[-115.206515,36.203573],[-115.206501,36.204034],[-115.206501,36.204058],[-115.206498,36.204111],[-115.206741,36.204115],[-115.206743,36.204062],[-115.206761,36.20337],[-115.206888,36.203372],[-115.207261,36.203378],[-115.207259,36.203486],[-115.207241,36.204071],[-115.207239,36.204123],[-115.207382,36.204127],[-115.207383,36.204185],[-115.207367,36.204702],[-115.207017,36.204699],[-115.207001,36.20519],[-115.206999,36.205272],[-115.207017,36.205353],[-115.207002,36.205799],[-115.207777,36.205807],[-115.207767,36.206335],[-115.207764,36.206417],[-115.208539,36.206431],[-115.209028,36.206441],[-115.210165,36.206464],[-115.210177,36.206464],[-115.21018,36.206379],[-115.21019,36.205844],[-115.210197,36.205465],[-115.210719,36.205475],[-115.21121,36.205485],[-115.211311,36.205487],[-115.2113,36.205997],[-115.211293,36.2064],[-115.211288,36.206485],[-115.212622,36.206512],[-115.212961,36.206519],[-115.212962,36.206432]],[[-115.224885,36.227948],[-115.22481,36.227869],[-115.224296,36.227296],[-115.224371,36.227251],[-115.225493,36.227277],[-115.225603,36.227279],[-115.225613,36.227013],[-115.225713,36.227022],[-115.225781,36.227027],[-115.226203,36.227059],[-115.226646,36.227093],[-115.227109,36.227131],[-115.22753,36.227166],[-115.227556,36.227169],[-115.227659,36.227177],[-115.227759,36.227185],[-115.227957,36.227201],[-115.228242,36.227225],[-115.228387,36.227237],[-115.228696,36.227263],[-115.22881,36.227272],[-115.229169,36.227302],[-115.229237,36.227308],[-115.229668,36.227344],[-115.229772,36.22736],[-115.229794,36.226427],[-115.229794,36.226418],[-115.229843,36.224597],[-115.229956,36.224607],[-115.230868,36.224682],[-115.231333,36.22472],[-115.231335,36.224583],[-115.23134,36.224192],[-115.231798,36.224229],[-115.231896,36.224237],[-115.231891,36.224766],[-115.232568,36.224821],[-115.232592,36.224824],[-115.232915,36.22485],[-115.233248,36.224876],[-115.233951,36.224933],[-115.233957,36.224464],[-115.23396,36.224113],[-115.23397,36.22307],[-115.23398,36.22214],[-115.233983,36.221741],[-115.233989,36.221219],[-115.236057,36.221396],[-115.236491,36.221432],[-115.236922,36.221469],[-115.237747,36.221538],[-115.238096,36.221567],[-115.238122,36.221569],[-115.239363,36.22167],[-115.240204,36.22174],[-115.240205,36.221659],[-115.240209,36.220806],[-115.24028,36.220814],[-115.24031,36.220816],[-115.240702,36.220848],[-115.240779,36.220854],[-115.240811,36.220856],[-115.240811,36.220817],[-115.241203,36.220831],[-115.241205,36.220627],[-115.241247,36.220627],[-115.241313,36.220627],[-115.241316,36.220455],[-115.241284,36.220432],[-115.241287,36.22043],[-115.242114,36.220446],[-115.242283,36.220448],[-115.242282,36.220198],[-115.242282,36.22004],[-115.242112,36.220027],[-115.241222,36.219954],[-115.241225,36.21988],[-115.241225,36.219612],[-115.241226,36.219507],[-115.241226,36.219332],[-115.240318,36.219256],[-115.240217,36.21925],[-115.240221,36.218612],[-115.24012,36.218604],[-115.239649,36.218568],[-115.23918,36.218528],[-115.239181,36.218876],[-115.23872,36.218836],[-115.238726,36.218444],[-115.238726,36.218373],[-115.238727,36.218051],[-115.238728,36.217912],[-115.238157,36.217865],[-115.238157,36.217984],[-115.238158,36.218392],[-115.238047,36.218382],[-115.237589,36.218347],[-115.23754,36.218343],[-115.237541,36.218737],[-115.237111,36.218704],[-115.237118,36.218511],[-115.237118,36.218242],[-115.237121,36.217917],[-115.237122,36.217779],[-115.237375,36.2178],[-115.23737,36.217667],[-115.237357,36.217357],[-115.238036,36.217337],[-115.238135,36.217334],[-115.238006,36.214223],[-115.237192,36.214166],[-115.235989,36.214086],[-115.234774,36.214008],[-115.234767,36.214093],[-115.23472,36.214554],[-115.234838,36.214562],[-115.234793,36.215025],[-115.234786,36.215091],[-115.234629,36.21508],[-115.234633,36.215148],[-115.234646,36.215447],[-115.234647,36.215513],[-115.234659,36.215774],[-115.23466,36.215838],[-115.234671,36.2161],[-115.234673,36.21616],[-115.234683,36.216426],[-115.234687,36.216491],[-115.234696,36.216749],[-115.234698,36.216812],[-115.234708,36.217071],[-115.234712,36.217137],[-115.234722,36.217441],[-115.23472,36.21758],[-115.235054,36.217608],[-115.235383,36.217635],[-115.23538,36.217456],[-115.23537,36.217201],[-115.235454,36.217199],[-115.236029,36.217187],[-115.23603,36.217231],[-115.236045,36.217558],[-115.236051,36.21769],[-115.236102,36.217695],[-115.236102,36.217695],[-115.2361,36.217832],[-115.236096,36.218164],[-115.236096,36.218245],[-115.236095,36.218251],[-115.235995,36.218244],[-115.235534,36.218206],[-115.235053,36.218167],[-115.235052,36.218071],[-115.234945,36.218071],[-115.234945,36.218138],[-115.234156,36.218073],[-115.23402,36.218063],[-115.234017,36.218383],[-115.233879,36.218371],[-115.233464,36.218335],[-115.232984,36.218295],[-115.232984,36.218361],[-115.232517,36.218322],[-115.232511,36.218779],[-115.232048,36.218744],[-115.231947,36.218741],[-115.231939,36.219574],[-115.232041,36.219583],[-115.232971,36.219659],[-115.23297,36.219758],[-115.232967,36.220091],[-115.232037,36.220017],[-115.231935,36.220009],[-115.231934,36.220126],[-115.231833,36.220118],[-115.231365,36.22008],[-115.231224,36.220068],[-115.230902,36.220042],[-115.230903,36.219969],[-115.230907,36.219575],[-115.230907,36.219514],[-115.23091,36.219118],[-115.230428,36.219078],[-115.22998,36.219041],[-115.229878,36.219033],[-115.229893,36.217181],[-115.229214,36.217125],[-115.228376,36.217055],[-115.228376,36.217193],[-115.228374,36.218826],[-115.228374,36.218908],[-115.228318,36.218904],[-115.227916,36.21887],[-115.227829,36.218863],[-115.227743,36.218856],[-115.227704,36.218853],[-115.227332,36.218822],[-115.227237,36.218814],[-115.227077,36.218801],[-115.226782,36.218776],[-115.22678,36.21901],[-115.225918,36.218945],[-115.225911,36.218944],[-115.225748,36.218931],[-115.225747,36.219153],[-115.225916,36.219167],[-115.226779,36.219239],[-115.226778,36.219286],[-115.226777,36.219463],[-115.226776,36.219687],[-115.225913,36.219618],[-115.225744,36.219604],[-115.225741,36.220058],[-115.225737,36.220543],[-115.225901,36.220557],[-115.225907,36.220557],[-115.226313,36.220591],[-115.226314,36.220672],[-115.22632,36.221104],[-115.225898,36.221063],[-115.225734,36.221047],[-115.225727,36.222138],[-115.225725,36.222394],[-115.225888,36.222407],[-115.226748,36.222484],[-115.226742,36.222941],[-115.226742,36.223402],[-115.226406,36.223374],[-115.225882,36.22333],[-115.225719,36.223316],[-115.225713,36.224248],[-115.223493,36.224306],[-115.223409,36.226198],[-115.223357,36.226233],[-115.223826,36.226772],[-115.223733,36.226829],[-115.22298,36.227276],[-115.223182,36.227491],[-115.223384,36.227712],[-115.223543,36.227887],[-115.223625,36.227977],[-115.223787,36.228153],[-115.22419,36.228595],[-115.224768,36.228092],[-115.224836,36.228033],[-115.224885,36.227948]],[[-115.28313,36.315756],[-115.283125,36.316677],[-115.283121,36.317612],[-115.283096,36.317612],[-115.281963,36.317609],[-115.28083,36.317607],[-115.279698,36.317604],[-115.278734,36.317601],[-115.278565,36.317601],[-115.278559,36.318528],[-115.278553,36.319372],[-115.278553,36.319455],[-115.278552,36.319537],[-115.278547,36.320382],[-115.278546,36.320479],[-115.278541,36.321171],[-115.278541,36.321308],[-115.278546,36.322184],[-115.278699,36.322185],[-115.280693,36.322194],[-115.280795,36.322195],[-115.280795,36.322198],[-115.280794,36.322233],[-115.280785,36.323077],[-115.280886,36.323078],[-115.281919,36.323085],[-115.282952,36.323093],[-115.283054,36.323093],[-115.283053,36.323159],[-115.283045,36.323982],[-115.282943,36.323981],[-115.28191,36.323971],[-115.280876,36.323961],[-115.280775,36.32396],[-115.280764,36.324843],[-115.278813,36.324817],[-115.278795,36.324817],[-115.278563,36.324813],[-115.278564,36.324986],[-115.27857,36.325906],[-115.278574,36.326566],[-115.278575,36.326825],[-115.278581,36.327745],[-115.278585,36.328318],[-115.279239,36.328334],[-115.279713,36.328346],[-115.280732,36.328371],[-115.280837,36.328373],[-115.281966,36.328401],[-115.283001,36.328426],[-115.283102,36.328429],[-115.285268,36.328482],[-115.285346,36.328484],[-115.28537,36.328484],[-115.286417,36.32851],[-115.287463,36.328536],[-115.2876,36.328539],[-115.287601,36.326922],[-115.287601,36.326866],[-115.287601,36.326734],[-115.287602,36.325941],[-115.287602,36.3251],[-115.287602,36.325067],[-115.287602,36.325018],[-115.287602,36.324931],[-115.287605,36.321807],[-115.287605,36.321323],[-115.287611,36.320398],[-115.287616,36.319555],[-115.287616,36.319473],[-115.287622,36.318548],[-115.287486,36.318548],[-115.286489,36.318545],[-115.286494,36.317703],[-115.286495,36.31762],[-115.286516,36.31762],[-115.287492,36.317622],[-115.287627,36.317623],[-115.287633,36.316697],[-115.287638,36.315773],[-115.287503,36.315772],[-115.286523,36.31577],[-115.285474,36.315767],[-115.285375,36.315766],[-115.284241,36.315757],[-115.28424,36.315681],[-115.284242,36.315368],[-115.284242,36.315285],[-115.284244,36.315015],[-115.284245,36.314825],[-115.284246,36.314683],[-115.284249,36.314338],[-115.284251,36.314011],[-115.284251,36.313994],[-115.284251,36.31391],[-115.283711,36.313908],[-115.283711,36.313991],[-115.28371,36.314018],[-115.283708,36.314377],[-115.283706,36.314824],[-115.283228,36.314822],[-115.283131,36.314822],[-115.28313,36.315756]],[[-115.21618,36.151667],[-115.216173,36.151271],[-115.216035,36.151272],[-115.215703,36.151276],[-115.215705,36.151666],[-115.215691,36.151776],[-115.216182,36.151777],[-115.21618,36.151667]],[[-115.216173,36.151271],[-115.216311,36.15127],[-115.216645,36.151267],[-115.21678,36.151268],[-115.216785,36.151778],[-115.216786,36.151886],[-115.216788,36.152093],[-115.216791,36.152445],[-115.216793,36.152592],[-115.216794,36.152722],[-115.216928,36.152728],[-115.217891,36.152735],[-115.217889,36.153014],[-115.217892,36.153161],[-115.217895,36.153588],[-115.217904,36.153671],[-115.217912,36.153753],[-115.217913,36.153831],[-115.217915,36.154009],[-115.218477,36.15401],[-115.218922,36.154011],[-115.219023,36.15401],[-115.219026,36.15415],[-115.21903,36.154399],[-115.218929,36.154398],[-115.21792,36.154397],[-115.21792,36.154411],[-115.217922,36.154612],[-115.217922,36.154622],[-115.217926,36.154783],[-115.218938,36.154786],[-115.219039,36.154786],[-115.219048,36.15525],[-115.219054,36.155567],[-115.21906,36.15587],[-115.219063,36.156037],[-115.219065,36.156107],[-115.218963,36.156104],[-115.218454,36.156104],[-115.218448,36.155651],[-115.21845,36.155566],[-115.217936,36.155565],[-115.217437,36.155563],[-115.217436,36.155654],[-115.217439,36.156031],[-115.217931,36.156026],[-115.21794,36.156367],[-115.217946,36.156696],[-115.217581,36.156694],[-115.217455,36.156694],[-115.216963,36.156694],[-115.216833,36.156688],[-115.216832,36.156966],[-115.216831,36.157311],[-115.216832,36.157368],[-115.216969,36.157369],[-115.217585,36.15737],[-115.217962,36.15737],[-115.217963,36.157464],[-115.217963,36.157481],[-115.217966,36.157975],[-115.217986,36.157975],[-115.21899,36.157975],[-115.219102,36.15798],[-115.219091,36.157461],[-115.219646,36.157462],[-115.220207,36.157461],[-115.221326,36.157459],[-115.221325,36.157372],[-115.221305,36.156515],[-115.221408,36.156512],[-115.221917,36.156512],[-115.222427,36.156513],[-115.222418,36.156215],[-115.222418,36.156153],[-115.222402,36.155657],[-115.222397,36.155576],[-115.223411,36.155579],[-115.223518,36.155568],[-115.223619,36.155568],[-115.224129,36.155569],[-115.224158,36.155569],[-115.224442,36.15557],[-115.224634,36.15557],[-115.224634,36.15557],[-115.22463,36.155466],[-115.224624,36.155314],[-115.224614,36.155044],[-115.224605,36.154808],[-115.224602,36.154613],[-115.224595,36.154443],[-115.224593,36.154366],[-115.224586,36.154189],[-115.224571,36.153767],[-115.224567,36.153685],[-115.224562,36.153601],[-115.22451,36.152241],[-115.224498,36.151903],[-115.224482,36.151794],[-115.224482,36.151794],[-115.224482,36.151794],[-115.223611,36.151791],[-115.223534,36.151791],[-115.223488,36.151791],[-115.223406,36.15179],[-115.223397,36.15179],[-115.223392,36.15179],[-115.223284,36.15179],[-115.222821,36.151789],[-115.222821,36.15168],[-115.222818,36.151258],[-115.223266,36.151255],[-115.223368,36.151255],[-115.223354,36.150841],[-115.223338,36.15042],[-115.223323,36.149995],[-115.22332,36.149913],[-115.22442,36.14991],[-115.224417,36.149828],[-115.224417,36.149828],[-115.224417,36.149825],[-115.224402,36.149392],[-115.224388,36.148969],[-115.224042,36.148969],[-115.224032,36.148679],[-115.224021,36.148396],[-115.224011,36.14811],[-115.224009,36.148027],[-115.224338,36.148024],[-115.225267,36.148016],[-115.225434,36.148015],[-115.225395,36.147061],[-115.225385,36.14683],[-115.225216,36.146834],[-115.224295,36.146851],[-115.224307,36.147217],[-115.223325,36.147224],[-115.223226,36.147225],[-115.223213,36.146892],[-115.223187,36.14615],[-115.223084,36.146151],[-115.222102,36.146165],[-115.222101,36.146131],[-115.221617,36.146138],[-115.221618,36.146171],[-115.221633,36.146612],[-115.221205,36.146614],[-115.221154,36.146614],[-115.221053,36.146614],[-115.221044,36.146178],[-115.220064,36.146192],[-115.219967,36.146193],[-115.219949,36.146192],[-115.218887,36.146205],[-115.218885,36.146141],[-115.218784,36.146143],[-115.218499,36.146146],[-115.21836,36.146148],[-115.218358,36.146019],[-115.218336,36.146004],[-115.218264,36.145953],[-115.218129,36.145898],[-115.218063,36.145895],[-115.218007,36.145893],[-115.218005,36.145752],[-115.217802,36.145755],[-115.217802,36.145756],[-115.217803,36.145835],[-115.217808,36.146218],[-115.217808,36.146218],[-115.217809,36.146308],[-115.21781,36.146731],[-115.217812,36.147147],[-115.217813,36.147457],[-115.217813,36.147659],[-115.217401,36.147661],[-115.216877,36.147666],[-115.216744,36.147669],[-115.216735,36.146686],[-115.2166,36.146696],[-115.216095,36.1467],[-115.21609,36.146243],[-115.215995,36.146244],[-115.215631,36.146249],[-115.215153,36.146253],[-115.214681,36.146256],[-115.214576,36.146257],[-115.214579,36.146622],[-115.214478,36.146624],[-115.213851,36.146629],[-115.213852,36.146907],[-115.214582,36.146902],[-115.214584,36.14718],[-115.214483,36.147181],[-115.213853,36.147185],[-115.213854,36.147464],[-115.214485,36.147456],[-115.214587,36.147456],[-115.21459,36.147746],[-115.214593,36.148101],[-115.214593,36.148101],[-115.214593,36.148101],[-115.213859,36.148108],[-115.213509,36.148111],[-115.213017,36.148114],[-115.212441,36.148117],[-115.212444,36.149019],[-115.212444,36.149027],[-115.212454,36.149873],[-115.212454,36.149937],[-115.212455,36.149945],[-115.212455,36.149948],[-115.212455,36.149982],[-115.212458,36.150402],[-115.21256,36.150404],[-115.21299,36.150406],[-115.213062,36.150407],[-115.213539,36.150411],[-115.213531,36.15003],[-115.213527,36.149943],[-115.213716,36.149942],[-115.21461,36.14994],[-115.214611,36.150034],[-115.214619,36.150866],[-115.214721,36.150862],[-115.21569,36.150866],[-115.216165,36.150868],[-115.21617,36.151151],[-115.216173,36.151271]],[[-115.307007,36.286486],[-115.307007,36.286403],[-115.307008,36.285834],[-115.307008,36.285568],[-115.306021,36.285558],[-115.305877,36.285557],[-115.30588,36.286467],[-115.305879,36.287388],[-115.305879,36.288303],[-115.305879,36.288309],[-115.308128,36.288334],[-115.308127,36.28925],[-115.308122,36.290164],[-115.307,36.290155],[-115.307,36.290237],[-115.306999,36.290794],[-115.306999,36.291044],[-115.306998,36.291278],[-115.306997,36.291844],[-115.306997,36.291982],[-115.306997,36.29212],[-115.306997,36.292671],[-115.306996,36.292927],[-115.306996,36.293178],[-115.306996,36.293734],[-115.306997,36.293816],[-115.305872,36.2938],[-115.305867,36.2938],[-115.305868,36.293893],[-115.305869,36.295638],[-115.305867,36.296759],[-115.305866,36.297427],[-115.306052,36.29743],[-115.306426,36.297435],[-115.306442,36.297436],[-115.3068,36.297441],[-115.306818,36.297441],[-115.30694,36.297442],[-115.306989,36.297443],[-115.307173,36.297446],[-115.307192,36.297446],[-115.307535,36.297451],[-115.307546,36.297451],[-115.307565,36.297451],[-115.307562,36.297591],[-115.307559,36.297708],[-115.307557,36.297832],[-115.307556,36.297889],[-115.307555,36.29794],[-115.307593,36.29794],[-115.307773,36.297943],[-115.308167,36.297949],[-115.308231,36.29795],[-115.308205,36.297884],[-115.308174,36.297819],[-115.308139,36.297747],[-115.308132,36.297729],[-115.308123,36.297708],[-115.30811,36.297674],[-115.308102,36.297649],[-115.308098,36.297637],[-115.308085,36.2976],[-115.308071,36.297544],[-115.308066,36.297525],[-115.30813,36.297526],[-115.308548,36.297531],[-115.308733,36.297534],[-115.308815,36.297535],[-115.308847,36.297535],[-115.308958,36.297537],[-115.309134,36.297539],[-115.309367,36.297542],[-115.309534,36.297545],[-115.309646,36.297546],[-115.309777,36.297548],[-115.309846,36.297549],[-115.309935,36.29755],[-115.310187,36.297554],[-115.310386,36.297556],[-115.310386,36.297537],[-115.310598,36.29754],[-115.311006,36.297545],[-115.31141,36.297551],[-115.311469,36.297552],[-115.311816,36.297557],[-115.31222,36.297562],[-115.312647,36.297568],[-115.312644,36.297132],[-115.312641,36.296697],[-115.312637,36.296262],[-115.312634,36.2958],[-115.312633,36.295731],[-115.312632,36.295646],[-115.312629,36.295228],[-115.312626,36.29481],[-115.312623,36.294393],[-115.31262,36.293975],[-115.312619,36.293892],[-115.312608,36.292057],[-115.312614,36.290219],[-115.313737,36.290233],[-115.313737,36.29015],[-115.31374,36.289313],[-115.313743,36.288476],[-115.313743,36.288394],[-115.313208,36.288388],[-115.312619,36.288381],[-115.311496,36.288369],[-115.31136,36.288368],[-115.310375,36.288358],[-115.309251,36.288346],[-115.309253,36.286508],[-115.30813,36.286497],[-115.307007,36.286486],[-115.307007,36.286486]],[[-115.225806,36.210003],[-115.22472,36.20995],[-115.224805,36.210513],[-115.22485,36.210815],[-115.225013,36.210823],[-115.225395,36.210842],[-115.225467,36.210847],[-115.225936,36.210869],[-115.225997,36.211303],[-115.225532,36.21128],[-115.225082,36.211258],[-115.224915,36.21125],[-115.224954,36.21151],[-115.224982,36.211686],[-115.225147,36.211692],[-115.225601,36.211717],[-115.225674,36.211722],[-115.226056,36.21174],[-115.226476,36.211764],[-115.226541,36.212193],[-115.22587,36.212153],[-115.225919,36.2125],[-115.22593,36.212583],[-115.226177,36.212598],[-115.226238,36.213001],[-115.226293,36.213381],[-115.226304,36.213464],[-115.227373,36.213534],[-115.228413,36.213599],[-115.22895,36.213634],[-115.228941,36.213549],[-115.228939,36.213549],[-115.228892,36.213154],[-115.228352,36.213122],[-115.228336,36.212986],[-115.228303,36.212724],[-115.228811,36.212755],[-115.228846,36.212757],[-115.22928,36.212784],[-115.229388,36.212791],[-115.229433,36.213187],[-115.229488,36.213669],[-115.230566,36.213739],[-115.231468,36.213797],[-115.23163,36.213807],[-115.231623,36.213724],[-115.231587,36.213325],[-115.231551,36.212925],[-115.231445,36.212918],[-115.230959,36.212889],[-115.230476,36.212859],[-115.230438,36.212459],[-115.230397,36.212055],[-115.230388,36.21197],[-115.231448,36.212028],[-115.231362,36.211143],[-115.231261,36.211137],[-115.230813,36.211114],[-115.230721,36.211109],[-115.230409,36.211094],[-115.230255,36.211087],[-115.230153,36.211082],[-115.229933,36.211071],[-115.229782,36.211063],[-115.229714,36.211059],[-115.229614,36.211054],[-115.229494,36.211048],[-115.229304,36.211038],[-115.229292,36.211037],[-115.229284,36.211037],[-115.229181,36.211033],[-115.229178,36.211032],[-115.229079,36.211028],[-115.229072,36.211028],[-115.229058,36.211027],[-115.228826,36.211016],[-115.228617,36.211005],[-115.228606,36.211005],[-115.228242,36.210987],[-115.228087,36.210979],[-115.228056,36.210678],[-115.228046,36.210572],[-115.228014,36.210267],[-115.228009,36.21022],[-115.228008,36.210208],[-115.228006,36.210188],[-115.228006,36.210182],[-115.227998,36.210107],[-115.226904,36.210057],[-115.226899,36.210056],[-115.226899,36.210047],[-115.22687,36.209823],[-115.226834,36.209551],[-115.226786,36.209185],[-115.226889,36.20919],[-115.226894,36.20919],[-115.226909,36.209191],[-115.22691,36.209191],[-115.226914,36.209191],[-115.22717,36.209203],[-115.22739,36.209214],[-115.227392,36.209214],[-115.227708,36.209231],[-115.227892,36.209241],[-115.228145,36.209253],[-115.228418,36.209266],[-115.228437,36.209266],[-115.228488,36.209268],[-115.228708,36.209278],[-115.228882,36.209286],[-115.228903,36.209287],[-115.228907,36.209287],[-115.229004,36.209291],[-115.228946,36.208738],[-115.228911,36.208405],[-115.228859,36.207936],[-115.228815,36.207537],[-115.228749,36.207535],[-115.228711,36.207535],[-115.228196,36.207514],[-115.22769,36.207496],[-115.22773,36.207891],[-115.227767,36.208275],[-115.227775,36.208359],[-115.226673,36.208315],[-115.226613,36.207853],[-115.226562,36.207452],[-115.226459,36.207449],[-115.225947,36.207429],[-115.22544,36.207411],[-115.225497,36.207796],[-115.225497,36.207798],[-115.225026,36.207769],[-115.225078,36.208167],[-115.225112,36.208253],[-115.225576,36.208272],[-115.225588,36.208355],[-115.22559,36.208372],[-115.225613,36.208533],[-115.225637,36.20871],[-115.225642,36.208744],[-115.225662,36.208888],[-115.225687,36.209065],[-115.225697,36.209134],[-115.225701,36.209167],[-115.225712,36.209243],[-115.225737,36.20942],[-115.22575,36.209513],[-115.225794,36.209827],[-115.2258,36.209876],[-115.225803,36.209892],[-115.225807,36.20992],[-115.225806,36.210003]],[[-115.22472,36.20995],[-115.224638,36.209399],[-115.22459,36.209083],[-115.224462,36.208227],[-115.224295,36.208226],[-115.223972,36.208223],[-115.223499,36.208221],[-115.223064,36.208218],[-115.223064,36.208149],[-115.223067,36.207873],[-115.223069,36.207659],[-115.22307,36.207478],[-115.223666,36.207478],[-115.224179,36.207478],[-115.224226,36.207478],[-115.224246,36.207478],[-115.224348,36.207478],[-115.224332,36.207374],[-115.224332,36.207374],[-115.224272,36.206975],[-115.224439,36.20698],[-115.2249,36.206992],[-115.225386,36.207006],[-115.225348,36.206626],[-115.225342,36.206545],[-115.224199,36.206506],[-115.224099,36.206505],[-115.224029,36.206505],[-115.223652,36.206502],[-115.223515,36.206501],[-115.223497,36.206501],[-115.223084,36.206498],[-115.223037,36.206498],[-115.222805,36.206495],[-115.222713,36.206495],[-115.222565,36.206494],[-115.222348,36.206493],[-115.222336,36.206493],[-115.222104,36.20649],[-115.221979,36.206487],[-115.221951,36.206487],[-115.221877,36.206486],[-115.221645,36.206483],[-115.22162,36.206483],[-115.22142,36.206482],[-115.221263,36.20648],[-115.221184,36.206479],[-115.220957,36.206476],[-115.220901,36.206476],[-115.220718,36.206475],[-115.22054,36.206472],[-115.220528,36.20698],[-115.220527,36.207049],[-115.220036,36.207048],[-115.220045,36.206467],[-115.219957,36.206466],[-115.219727,36.206464],[-115.219598,36.206464],[-115.219221,36.206461],[-115.218848,36.206456],[-115.218482,36.206452],[-115.218003,36.206448],[-115.217514,36.206443],[-115.217503,36.206443],[-115.217485,36.206443],[-115.217304,36.206441],[-115.217156,36.20644],[-115.217116,36.206439],[-115.216926,36.206437],[-115.216793,36.206435],[-115.216738,36.206434],[-115.21655,36.206433],[-115.216431,36.206431],[-115.216362,36.206431],[-115.216174,36.206429],[-115.216073,36.206428],[-115.215987,36.206427],[-115.215799,36.206425],[-115.215711,36.206424],[-115.215611,36.206423],[-115.21539,36.20642],[-115.215356,36.20642],[-115.215257,36.206419],[-115.215345,36.207001],[-115.215521,36.208171],[-115.215522,36.208174],[-115.215604,36.208753],[-115.215692,36.209373],[-115.21577,36.209925],[-115.215876,36.209925],[-115.215904,36.209925],[-115.216219,36.209928],[-115.216601,36.209929],[-115.21698,36.20993],[-115.217365,36.209931],[-115.21774,36.209932],[-115.218157,36.209934],[-115.218547,36.209936],[-115.218748,36.209937],[-115.218933,36.20994],[-115.21932,36.209942],[-115.219708,36.209944],[-115.220141,36.209944],[-115.22025,36.209944],[-115.220346,36.209943],[-115.220696,36.209944],[-115.221075,36.209945],[-115.221457,36.209944],[-115.221832,36.209944],[-115.222214,36.209945],[-115.222601,36.209946],[-115.222992,36.209947],[-115.223377,36.209946],[-115.223768,36.209946],[-115.224162,36.209947],[-115.22459,36.209949],[-115.22462,36.209949],[-115.22472,36.20995]],[[-115.196915,36.195482],[-115.196915,36.195457],[-115.196918,36.195219],[-115.196919,36.195119],[-115.196921,36.194962],[-115.196923,36.194715],[-115.196925,36.194668],[-115.196928,36.19446],[-115.19693,36.194219],[-115.196934,36.193998],[-115.196935,36.193862],[-115.196937,36.193761],[-115.196942,36.193316],[-115.196941,36.193296],[-115.196946,36.193034],[-115.196947,36.192859],[-115.196948,36.192773],[-115.196952,36.192517],[-115.196952,36.192407],[-115.196955,36.192269],[-115.196957,36.192031],[-115.196956,36.192024],[-115.196957,36.191955],[-115.19696,36.19176],[-115.196963,36.191679],[-115.196963,36.191501],[-115.196966,36.191239],[-115.19697,36.190956],[-115.19697,36.190946],[-115.19697,36.190873],[-115.196971,36.190806],[-115.196972,36.190791],[-115.196974,36.190556],[-115.196975,36.190513],[-115.196978,36.19031],[-115.196979,36.190237],[-115.19698,36.190062],[-115.196982,36.189961],[-115.196983,36.189814],[-115.196986,36.189685],[-115.196985,36.189605],[-115.196986,36.189564],[-115.196987,36.189521],[-115.196989,36.189315],[-115.19699,36.189252],[-115.196993,36.189072],[-115.196995,36.188992],[-115.196995,36.188986],[-115.196997,36.188742],[-115.197,36.188456],[-115.197001,36.188346],[-115.196332,36.188357],[-115.196225,36.188359],[-115.19609,36.188361],[-115.193422,36.188404],[-115.193423,36.188516],[-115.193434,36.189047],[-115.193095,36.189053],[-115.193084,36.188521],[-115.193084,36.188409],[-115.192743,36.188415],[-115.192745,36.188527],[-115.192756,36.189059],[-115.192394,36.189065],[-115.192362,36.189066],[-115.192276,36.189067],[-115.192272,36.188906],[-115.192187,36.188907],[-115.191863,36.188911],[-115.191716,36.188913],[-115.191719,36.189052],[-115.191722,36.189329],[-115.191515,36.189331],[-115.191523,36.189055],[-115.191531,36.188547],[-115.191531,36.188519],[-115.191531,36.188439],[-115.190128,36.188468],[-115.189814,36.188475],[-115.189673,36.188478],[-115.1895,36.188482],[-115.189398,36.188482],[-115.189391,36.18909],[-115.189826,36.189084],[-115.190164,36.189077],[-115.190153,36.189629],[-115.190155,36.189698],[-115.189816,36.189703],[-115.189457,36.189709],[-115.189396,36.189713],[-115.189389,36.189756],[-115.189375,36.189798],[-115.189352,36.189853],[-115.189341,36.189915],[-115.18934,36.189985],[-115.189408,36.190021],[-115.189467,36.190067],[-115.189579,36.190186],[-115.190504,36.191215],[-115.190664,36.191393],[-115.190725,36.191471],[-115.190759,36.191525],[-115.190826,36.191498],[-115.190912,36.191456],[-115.191004,36.191407],[-115.191235,36.191259],[-115.191559,36.191063],[-115.191714,36.190971],[-115.191791,36.190939],[-115.191856,36.190921],[-115.191884,36.190914],[-115.191969,36.190899],[-115.192052,36.190894],[-115.192134,36.190899],[-115.192215,36.190909],[-115.192284,36.190922],[-115.192346,36.190936],[-115.192419,36.19094],[-115.19242,36.191023],[-115.192417,36.191561],[-115.192415,36.191785],[-115.192413,36.192013],[-115.192412,36.192235],[-115.19241,36.192459],[-115.192409,36.192683],[-115.192407,36.192911],[-115.192407,36.193028],[-115.192405,36.193285],[-115.192405,36.193367],[-115.192403,36.193436],[-115.192403,36.193449],[-115.1924,36.193812],[-115.192872,36.193808],[-115.192958,36.19381],[-115.192957,36.194028],[-115.192957,36.194261],[-115.193058,36.19426],[-115.19347,36.194256],[-115.193522,36.194255],[-115.193524,36.194255],[-115.193525,36.193804],[-115.193993,36.193798],[-115.194094,36.193797],[-115.194093,36.194249],[-115.194091,36.194697],[-115.194192,36.194696],[-115.194661,36.194691],[-115.194658,36.195146],[-115.194656,36.195478],[-115.194664,36.195586],[-115.19521,36.195581],[-115.19636,36.195571],[-115.196914,36.195566],[-115.196915,36.195482]],[[-115.233719,36.268962],[-115.23377,36.267257],[-115.233822,36.265541],[-115.233237,36.265474],[-115.233237,36.265386],[-115.23325,36.264774],[-115.233709,36.264824],[-115.233843,36.264839],[-115.233848,36.264669],[-115.233869,36.263962],[-115.233874,36.263819],[-115.23389,36.263281],[-115.233921,36.262258],[-115.233921,36.26223],[-115.233925,36.26212],[-115.232867,36.261983],[-115.232869,36.262124],[-115.232868,36.262165],[-115.232863,36.26233],[-115.232857,36.262546],[-115.23285,36.262762],[-115.232847,36.26287],[-115.232844,36.262979],[-115.232838,36.263179],[-115.232838,36.263195],[-115.232833,36.263411],[-115.232831,36.26349],[-115.232827,36.263583],[-115.232821,36.26371],[-115.232819,36.263797],[-115.232819,36.2638],[-115.232815,36.263975],[-115.232812,36.264113],[-115.23281,36.264191],[-115.232803,36.264407],[-115.232803,36.264421],[-115.232794,36.26473],[-115.232791,36.264835],[-115.232785,36.265051],[-115.232778,36.265323],[-115.232777,36.26534],[-115.232774,36.26542],[-115.23225,36.26537],[-115.231734,36.265318],[-115.231773,36.263583],[-115.231773,36.263577],[-115.231798,36.262496],[-115.231699,36.262483],[-115.23119,36.262421],[-115.230741,36.262366],[-115.230746,36.262119],[-115.23075,36.261896],[-115.230751,36.261855],[-115.230751,36.261852],[-115.230751,36.261823],[-115.230753,36.261715],[-115.229695,36.261586],[-115.229665,36.26334],[-115.229561,36.263337],[-115.228589,36.263218],[-115.228582,36.263664],[-115.228579,36.263837],[-115.228579,36.263838],[-115.228579,36.26384],[-115.228574,36.264121],[-115.228567,36.26456],[-115.228566,36.264579],[-115.228559,36.264922],[-115.228558,36.265004],[-115.227534,36.264903],[-115.227519,36.26581],[-115.227621,36.265819],[-115.228049,36.265862],[-115.228092,36.265866],[-115.228538,36.26591],[-115.228564,36.265912],[-115.228556,36.266308],[-115.228556,36.266317],[-115.228548,36.266721],[-115.228547,36.266804],[-115.229599,36.266895],[-115.229598,36.266978],[-115.22957,36.268649],[-115.230606,36.268727],[-115.231646,36.268805],[-115.232681,36.268884],[-115.233584,36.268952],[-115.233719,36.268962]],[[-115.223212,36.264898],[-115.223154,36.264897],[-115.223154,36.265173],[-115.223153,36.265295],[-115.223174,36.26529],[-115.223173,36.265448],[-115.223212,36.265448],[-115.223275,36.265448],[-115.22339,36.265447],[-115.22373,36.265447],[-115.223928,36.265447],[-115.22393,36.265172],[-115.223932,36.264897],[-115.223922,36.264897],[-115.223279,36.264898],[-115.223253,36.264898],[-115.223212,36.264898]],[[-115.223154,36.264897],[-115.223153,36.264349],[-115.223212,36.264349],[-115.223254,36.264349],[-115.223922,36.264347],[-115.224621,36.264345],[-115.22468,36.264345],[-115.224677,36.264894],[-115.224687,36.264897],[-115.224684,36.265322],[-115.224683,36.265434],[-115.224683,36.265445],[-115.224681,36.265831],[-115.224679,36.266],[-115.224679,36.266106],[-115.224677,36.266381],[-115.224676,36.266553],[-115.224675,36.266655],[-115.224673,36.26693],[-115.224672,36.267101],[-115.224672,36.267205],[-115.22467,36.267493],[-115.224669,36.267648],[-115.224666,36.268161],[-115.224665,36.268189],[-115.224665,36.268225],[-115.224665,36.26823],[-115.224664,36.268336],[-115.225246,36.268335],[-115.225416,36.268335],[-115.225417,36.268227],[-115.225418,36.268018],[-115.225421,36.267453],[-115.225429,36.266518],[-115.225429,36.266511],[-115.225429,36.266495],[-115.225429,36.266435],[-115.22543,36.26641],[-115.225434,36.265606],[-115.225437,36.265153],[-115.225439,36.264892],[-115.225439,36.26478],[-115.225439,36.264697],[-115.225442,36.264614],[-115.225448,36.263872],[-115.225461,36.262357],[-115.225472,36.261155],[-115.225464,36.261052],[-115.225464,36.261051],[-115.224696,36.26105],[-115.223935,36.261049],[-115.223936,36.26113],[-115.223938,36.261187],[-115.223934,36.261589],[-115.223262,36.261593],[-115.223219,36.261593],[-115.223161,36.261593],[-115.223163,36.261132],[-115.223167,36.261052],[-115.223167,36.261052],[-115.223165,36.261052],[-115.223164,36.261052],[-115.223111,36.261052],[-115.222426,36.261052],[-115.222425,36.261132],[-115.222425,36.261187],[-115.222426,36.261595],[-115.222424,36.262158],[-115.222423,36.262705],[-115.221754,36.26271],[-115.221727,36.26271],[-115.221668,36.262712],[-115.221676,36.261051],[-115.220935,36.261052],[-115.220935,36.261132],[-115.220934,36.261186],[-115.22093,36.261529],[-115.22093,36.261599],[-115.220929,36.261834],[-115.220927,36.262139],[-115.220927,36.262162],[-115.220924,36.262444],[-115.220922,36.262711],[-115.220922,36.262749],[-115.220924,36.262892],[-115.220923,36.263057],[-115.220922,36.263244],[-115.220922,36.263359],[-115.22092,36.263661],[-115.220919,36.263805],[-115.220917,36.263964],[-115.220912,36.264305],[-115.220912,36.264343],[-115.22091,36.264619],[-115.22091,36.264701],[-115.22091,36.264899],[-115.220907,36.265456],[-115.220903,36.26601],[-115.220899,36.266511],[-115.220899,36.266562],[-115.220899,36.266602],[-115.220896,36.267098],[-115.220896,36.267103],[-115.220892,36.26765],[-115.220889,36.268207],[-115.220888,36.268234],[-115.220888,36.268344],[-115.221629,36.268343],[-115.2224,36.268341],[-115.222401,36.268232],[-115.222401,36.268191],[-115.222402,36.268035],[-115.222405,36.267646],[-115.222406,36.267541],[-115.222407,36.267267],[-115.222408,36.267101],[-115.222409,36.266992],[-115.222411,36.266717],[-115.222412,36.266558],[-115.222412,36.266443],[-115.222414,36.266168],[-115.222415,36.266006],[-115.221738,36.266008],[-115.221711,36.266008],[-115.221654,36.266007],[-115.221656,36.265453],[-115.221715,36.265453],[-115.222419,36.265451],[-115.222419,36.265343],[-115.222422,36.264898],[-115.223075,36.264898],[-115.223094,36.264898],[-115.223118,36.264898],[-115.223154,36.264897]],[[-115.263641,36.313726],[-115.263641,36.313617],[-115.262576,36.313597],[-115.262559,36.313596],[-115.262474,36.313595],[-115.262485,36.314413],[-115.262383,36.314414],[-115.261348,36.314397],[-115.26135,36.314755],[-115.261353,36.31511],[-115.261355,36.315471],[-115.261192,36.315469],[-115.260786,36.315463],[-115.260375,36.315457],[-115.26029,36.315456],[-115.260188,36.315455],[-115.260188,36.315463],[-115.260191,36.315925],[-115.260193,36.316134],[-115.260195,36.316402],[-115.260199,36.316886],[-115.260201,36.317175],[-115.260203,36.317373],[-115.260203,36.317374],[-115.260203,36.317456],[-115.260204,36.317467],[-115.26021,36.318329],[-115.260218,36.319284],[-115.26032,36.319285],[-115.260388,36.319286],[-115.260944,36.319291],[-115.26115,36.319293],[-115.261364,36.319295],[-115.262408,36.319305],[-115.262509,36.319306],[-115.262611,36.319307],[-115.263035,36.319311],[-115.264314,36.319323],[-115.264699,36.319327],[-115.264801,36.319327],[-115.264801,36.319245],[-115.264801,36.319235],[-115.264797,36.318379],[-115.264793,36.31752],[-115.264793,36.317513],[-115.264793,36.317431],[-115.264817,36.317431],[-115.264816,36.317349],[-115.264815,36.317218],[-115.264807,36.316467],[-115.264796,36.315522],[-115.264703,36.315519],[-115.263655,36.315504],[-115.263641,36.313726]],[[-115.287593,36.336077],[-115.287594,36.335156],[-115.287595,36.334235],[-115.287595,36.333911],[-115.287595,36.333315],[-115.287596,36.332394],[-115.287597,36.332102],[-115.287461,36.332097],[-115.286473,36.332062],[-115.28536,36.332021],[-115.285335,36.33202],[-115.285234,36.332017],[-115.284788,36.332001],[-115.284226,36.33198],[-115.283906,36.331969],[-115.283204,36.331943],[-115.283,36.331936],[-115.282967,36.331935],[-115.282963,36.332275],[-115.282962,36.33236],[-115.282961,36.332444],[-115.282961,36.332445],[-115.282952,36.333291],[-115.282947,36.3337],[-115.282947,36.333706],[-115.283106,36.333713],[-115.284081,36.333755],[-115.28408,36.333841],[-115.284076,36.334204],[-115.284072,36.33465],[-115.284064,36.335403],[-115.284059,36.335906],[-115.284059,36.335909],[-115.284057,36.336044],[-115.284186,36.336045],[-115.284232,36.336045],[-115.285196,36.336054],[-115.285353,36.336056],[-115.287457,36.336075],[-115.287593,36.336077]],[[-115.253465,36.294212],[-115.255713,36.29422],[-115.255729,36.292398],[-115.255743,36.290722],[-115.255743,36.290722],[-115.255744,36.290584],[-115.255303,36.290582],[-115.255302,36.290719],[-115.255297,36.291216],[-115.254958,36.291214],[-115.254962,36.290717],[-115.254963,36.29058],[-115.254963,36.29058],[-115.254907,36.290579],[-115.253502,36.290571],[-115.251399,36.290558],[-115.251397,36.290558],[-115.251261,36.290557],[-115.251246,36.292379],[-115.25123,36.294202],[-115.251368,36.294205],[-115.253465,36.294212]],[[-115.249956,36.273297],[-115.249955,36.27324],[-115.249955,36.273234],[-115.249953,36.272952],[-115.250037,36.272956],[-115.250739,36.272987],[-115.250738,36.27271],[-115.250037,36.272678],[-115.249953,36.272674],[-115.249952,36.272415],[-115.249951,36.272144],[-115.249949,36.271872],[-115.250034,36.271875],[-115.250738,36.271904],[-115.250735,36.271632],[-115.250734,36.271365],[-115.250735,36.271092],[-115.250733,36.270828],[-115.250732,36.270564],[-115.251439,36.270589],[-115.251574,36.27059],[-115.251574,36.270851],[-115.251577,36.27167],[-115.25158,36.272531],[-115.25158,36.272535],[-115.251716,36.272542],[-115.252374,36.272578],[-115.252576,36.27259],[-115.252709,36.272598],[-115.252858,36.272606],[-115.253142,36.272623],[-115.253769,36.272656],[-115.25387,36.272661],[-115.253867,36.27178],[-115.253863,36.270659],[-115.253762,36.270656],[-115.253388,36.270644],[-115.253389,36.270685],[-115.253054,36.270672],[-115.253051,36.270127],[-115.253051,36.270016],[-115.251572,36.269961],[-115.249943,36.2699],[-115.24847,36.269845],[-115.248471,36.270244],[-115.248387,36.270244],[-115.24773,36.270218],[-115.247732,36.270495],[-115.247104,36.270477],[-115.247083,36.270478],[-115.246996,36.270477],[-115.247002,36.271336],[-115.247087,36.271337],[-115.247735,36.271363],[-115.247735,36.271639],[-115.247736,36.271929],[-115.247738,36.272215],[-115.247739,36.272496],[-115.247095,36.272473],[-115.247009,36.27247],[-115.247012,36.273032],[-115.247012,36.273115],[-115.248482,36.273206],[-115.249295,36.273256],[-115.249956,36.273297]],[[-115.258146,36.239615],[-115.258114,36.240545],[-115.259249,36.240552],[-115.259255,36.240414],[-115.259263,36.240239],[-115.25927,36.24009],[-115.259292,36.239623],[-115.259311,36.23915],[-115.259325,36.238791],[-115.259329,36.238708],[-115.260288,36.23872],[-115.260457,36.238723],[-115.260459,36.238669],[-115.260539,36.236841],[-115.260539,36.236838],[-115.2606,36.235488],[-115.260428,36.235487],[-115.259933,36.235486],[-115.259951,36.235062],[-115.259954,36.23498],[-115.258338,36.234974],[-115.258265,36.236823],[-115.25826,36.236906],[-115.258217,36.237752],[-115.257421,36.237744],[-115.257092,36.237742],[-115.256064,36.237739],[-115.255962,36.237738],[-115.255934,36.238667],[-115.257065,36.23868],[-115.257062,36.238778],[-115.257053,36.239055],[-115.257043,36.23933],[-115.257034,36.239609],[-115.257344,36.23961],[-115.257384,36.239611],[-115.25769,36.239612],[-115.25804,36.239614],[-115.258146,36.239615]],[[-115.317236,36.328783],[-115.316198,36.328796],[-115.316086,36.328797],[-115.316073,36.329742],[-115.316067,36.330222],[-115.315956,36.330102],[-115.31511,36.329178],[-115.314934,36.328986],[-115.314923,36.329898],[-115.314923,36.329958],[-115.314917,36.330456],[-115.314915,36.33067],[-115.314913,36.330774],[-115.314913,36.330811],[-115.316043,36.33205],[-115.316465,36.332513],[-115.317168,36.333284],[-115.317164,36.33357],[-115.317152,36.334368],[-115.31773,36.334363],[-115.317878,36.334362],[-115.318149,36.33436],[-115.318478,36.334357],[-115.318939,36.334353],[-115.319571,36.334348],[-115.319845,36.334346],[-115.320554,36.33512],[-115.320555,36.335121],[-115.320571,36.33434],[-115.320571,36.334309],[-115.32057,36.334258],[-115.320582,36.333774],[-115.32059,36.333407],[-115.319551,36.333408],[-115.319449,36.333408],[-115.319449,36.333421],[-115.31944,36.333903],[-115.319268,36.334011],[-115.318859,36.334267],[-115.3183,36.333655],[-115.318721,36.333403],[-115.318889,36.333303],[-115.318879,36.333292],[-115.318877,36.33329],[-115.318889,36.332759],[-115.318893,36.332559],[-115.318894,36.33249],[-115.318323,36.332495],[-115.318151,36.332497],[-115.318139,36.332497],[-115.317987,36.332588],[-115.317559,36.332843],[-115.317251,36.332505],[-115.315873,36.330996],[-115.316376,36.330695],[-115.316456,36.330647],[-115.316458,36.33065],[-115.316461,36.330652],[-115.316537,36.330652],[-115.317208,36.330644],[-115.317236,36.328783]],[[-115.28127,36.293579],[-115.280924,36.29358],[-115.279225,36.293578],[-115.278852,36.293578],[-115.278683,36.293578],[-115.278668,36.29542],[-115.278803,36.29542],[-115.278837,36.295421],[-115.278871,36.295421],[-115.278994,36.295421],[-115.279027,36.295422],[-115.27911,36.295422],[-115.279142,36.295422],[-115.279217,36.295423],[-115.279252,36.295423],[-115.279285,36.295423],[-115.279368,36.295423],[-115.2794,36.295423],[-115.27951,36.295424],[-115.279542,36.295424],[-115.279658,36.295425],[-115.279814,36.295425],[-115.279929,36.295426],[-115.280085,36.295427],[-115.280201,36.295427],[-115.280343,36.295428],[-115.280459,36.295429],[-115.280601,36.295429],[-115.280757,36.29543],[-115.280914,36.295431],[-115.281029,36.295431],[-115.281171,36.295432],[-115.281287,36.295433],[-115.281429,36.295433],[-115.281586,36.295434],[-115.281624,36.295434],[-115.281742,36.295435],[-115.281884,36.295436],[-115.282,36.295436],[-115.282127,36.295437],[-115.282331,36.295438],[-115.282483,36.295439],[-115.282638,36.29544],[-115.282738,36.29544],[-115.282969,36.295442],[-115.283219,36.295443],[-115.283222,36.295175],[-115.283223,36.295011],[-115.283229,36.294445],[-115.283231,36.294259],[-115.283233,36.293577],[-115.282608,36.293576],[-115.282434,36.293576],[-115.281758,36.293578],[-115.28127,36.293579]],[[-115.330982,36.264347],[-115.330992,36.266177],[-115.332136,36.266167],[-115.333281,36.266157],[-115.33327,36.264329],[-115.33327,36.264329],[-115.332128,36.264338],[-115.332127,36.264338],[-115.332126,36.264338],[-115.332126,36.264338],[-115.332115,36.262509],[-115.332114,36.260676],[-115.330971,36.260683],[-115.330971,36.262517],[-115.330982,36.264347]],[[-115.325255,36.260212],[-115.325254,36.260845],[-115.32525,36.262303],[-115.325249,36.262558],[-115.32525,36.262695],[-115.325253,36.263085],[-115.325255,36.263475],[-115.325257,36.263893],[-115.32526,36.26431],[-115.32526,36.264392],[-115.326405,36.264383],[-115.326394,36.26255],[-115.326489,36.262549],[-115.32678,36.262547],[-115.326781,36.262547],[-115.327087,36.262545],[-115.327392,36.262543],[-115.327538,36.262542],[-115.327539,36.262679],[-115.32754,36.262804],[-115.327543,36.263458],[-115.327544,36.263601],[-115.327548,36.264292],[-115.327549,36.264374],[-115.327739,36.264373],[-115.328031,36.26437],[-115.32831,36.264368],[-115.328467,36.264367],[-115.328456,36.264285],[-115.328452,36.264259],[-115.328369,36.26386],[-115.328271,36.263589],[-115.328221,36.263453],[-115.328105,36.263131],[-115.327922,36.262705],[-115.327906,36.262676],[-115.327832,36.26254],[-115.327728,36.262349],[-115.327539,36.261993],[-115.327516,36.261949],[-115.327224,36.261474],[-115.327193,36.261427],[-115.327044,36.261201],[-115.326852,36.260951],[-115.326636,36.260709],[-115.326398,36.260443],[-115.326233,36.260256],[-115.325659,36.25973],[-115.325257,36.25938],[-115.325256,36.259879],[-115.325255,36.260212]],[[-115.222902,36.216883],[-115.222889,36.216801],[-115.22288,36.216744],[-115.222827,36.216368],[-115.223345,36.216364],[-115.223445,36.216366],[-115.223262,36.215147],[-115.223262,36.215142],[-115.223253,36.215142],[-115.223244,36.215088],[-115.223244,36.215083],[-115.223193,36.214745],[-115.223188,36.214709],[-115.223143,36.214409],[-115.223122,36.21427],[-115.223093,36.214074],[-115.223043,36.213737],[-115.222995,36.213409],[-115.222501,36.213412],[-115.222433,36.213413],[-115.221866,36.213418],[-115.221314,36.21342],[-115.220758,36.213424],[-115.220807,36.213752],[-115.220827,36.213876],[-115.220853,36.214063],[-115.220857,36.214092],[-115.22088,36.214253],[-115.220906,36.214427],[-115.22091,36.214448],[-115.220939,36.214638],[-115.220954,36.214761],[-115.220966,36.214827],[-115.220994,36.215018],[-115.221,36.215062],[-115.221016,36.215165],[-115.221271,36.216825],[-115.221283,36.216908],[-115.222902,36.216883]],[[-115.242568,36.265889],[-115.242398,36.265873],[-115.242398,36.265887],[-115.242399,36.266166],[-115.2424,36.266401],[-115.2424,36.266403],[-115.242571,36.266405],[-115.242587,36.266406],[-115.2429,36.26641],[-115.243341,36.266415],[-115.243546,36.266418],[-115.243565,36.266418],[-115.243563,36.266336],[-115.243558,36.266163],[-115.243557,36.266113],[-115.243551,36.265902],[-115.243543,36.265902],[-115.242568,36.265889]],[[-115.242398,36.265873],[-115.242396,36.265587],[-115.242395,36.265192],[-115.242393,36.264796],[-115.242392,36.264716],[-115.24223,36.264714],[-115.241297,36.264709],[-115.241299,36.26446],[-115.241301,36.264352],[-115.241303,36.264132],[-115.241305,36.263999],[-115.241312,36.26365],[-115.241314,36.263483],[-115.241318,36.263211],[-115.241318,36.263197],[-115.24132,36.263054],[-115.2403,36.262925],[-115.239219,36.262788],[-115.23922,36.262928],[-115.239219,36.262972],[-115.239217,36.263242],[-115.239214,36.263506],[-115.239214,36.263531],[-115.239208,36.263819],[-115.239206,36.263936],[-115.239204,36.264107],[-115.2392,36.26436],[-115.2392,36.264396],[-115.239195,36.264684],[-115.239191,36.264968],[-115.240169,36.265075],[-115.240273,36.265076],[-115.240258,36.265856],[-115.240344,36.265859],[-115.242398,36.265873]],[[-115.216163,36.190507],[-115.21605,36.190507],[-115.215595,36.190493],[-115.215592,36.19059],[-115.215174,36.19058],[-115.215144,36.19058],[-115.215042,36.19058],[-115.215037,36.190776],[-115.215015,36.191568],[-115.21501,36.191912],[-115.214994,36.192542],[-115.215098,36.192542],[-115.215134,36.192542],[-115.215731,36.192552],[-115.215724,36.192832],[-115.215129,36.192818],[-115.215092,36.192817],[-115.214988,36.192817],[-115.214986,36.192892],[-115.21498,36.193209],[-115.214969,36.193921],[-115.214963,36.194135],[-115.215056,36.194143],[-115.215088,36.194143],[-115.215697,36.194142],[-115.215691,36.194425],[-115.215684,36.194707],[-115.215679,36.194974],[-115.216326,36.194979],[-115.216429,36.194979],[-115.216441,36.194424],[-115.216543,36.194426],[-115.217186,36.194438],[-115.217192,36.194207],[-115.217198,36.193948],[-115.217198,36.193937],[-115.217204,36.19369],[-115.217205,36.193661],[-115.217208,36.193406],[-115.217208,36.193364],[-115.217211,36.193226],[-115.217212,36.19314],[-115.217212,36.193128],[-115.217863,36.193146],[-115.217963,36.193148],[-115.217973,36.192729],[-115.217976,36.192591],[-115.217876,36.192589],[-115.217222,36.192575],[-115.217227,36.192301],[-115.216594,36.192292],[-115.216491,36.19229],[-115.216497,36.191943],[-115.216128,36.191935],[-115.216135,36.191623],[-115.216021,36.191622],[-115.215562,36.191616],[-115.215563,36.191602],[-115.21557,36.191388],[-115.216028,36.191398],[-115.216141,36.191399],[-115.216157,36.190754],[-115.216163,36.190507]],[[-115.243324,36.245979],[-115.243319,36.246305],[-115.242339,36.246305],[-115.24217,36.246305],[-115.242166,36.246628],[-115.243314,36.24663],[-115.243382,36.246632],[-115.244364,36.246633],[-115.244464,36.246633],[-115.244465,36.246633],[-115.244466,36.246315],[-115.244464,36.245996],[-115.24457,36.245994],[-115.245563,36.245996],[-115.245596,36.245999],[-115.245605,36.245019],[-115.245572,36.245019],[-115.244576,36.245017],[-115.244474,36.245016],[-115.244477,36.244692],[-115.244578,36.244693],[-115.245574,36.244696],[-115.245608,36.244696],[-115.245612,36.244205],[-115.245598,36.244205],[-115.245601,36.244118],[-115.245607,36.24391],[-115.245611,36.24369],[-115.245619,36.243265],[-115.245384,36.243264],[-115.245384,36.243047],[-115.245386,36.242802],[-115.244588,36.242804],[-115.244486,36.242804],[-115.244483,36.243273],[-115.244481,36.243686],[-115.244479,36.244199],[-115.242194,36.244191],[-115.242189,36.244673],[-115.242356,36.244675],[-115.243343,36.244684],[-115.243338,36.245015],[-115.243333,36.245344],[-115.243329,36.245657],[-115.243324,36.245979]],[[-115.216206,36.188141],[-115.216206,36.188251],[-115.216759,36.188267],[-115.217324,36.188284],[-115.217892,36.188299],[-115.217889,36.188192],[-115.217884,36.187845],[-115.217884,36.18781],[-115.217781,36.187811],[-115.217318,36.187816],[-115.217318,36.187794],[-115.216849,36.187793],[-115.216762,36.187793],[-115.216757,36.1874],[-115.216757,36.187399],[-115.216844,36.187399],[-115.217316,36.187395],[-115.217316,36.187367],[-115.217314,36.187118],[-115.217314,36.187084],[-115.217304,36.186771],[-115.217768,36.186769],[-115.217869,36.186768],[-115.217976,36.18677],[-115.21842,36.18677],[-115.21842,36.186644],[-115.218417,36.186476],[-115.218417,36.186454],[-115.218417,36.186411],[-115.218415,36.186265],[-115.218412,36.18609],[-115.218411,36.186079],[-115.218411,36.186054],[-115.218407,36.185775],[-115.218406,36.185695],[-115.218404,36.185582],[-115.218962,36.185569],[-115.218959,36.185371],[-115.218401,36.185382],[-115.2184,36.185329],[-115.2184,36.18519],[-115.218878,36.185179],[-115.218956,36.185195],[-115.219517,36.185184],[-115.21951,36.185015],[-115.21951,36.184987],[-115.218953,36.184994],[-115.218868,36.184987],[-115.218394,36.184992],[-115.218395,36.184802],[-115.218769,36.1848],[-115.218831,36.184829],[-115.218843,36.184816],[-115.218856,36.184806],[-115.218868,36.184797],[-115.218877,36.184792],[-115.218886,36.184787],[-115.218897,36.184783],[-115.218912,36.184779],[-115.21893,36.184774],[-115.21895,36.184773],[-115.218965,36.184773],[-115.218988,36.184777],[-115.219005,36.184781],[-115.219028,36.18479],[-115.219048,36.184802],[-115.219056,36.184808],[-115.219073,36.184825],[-115.219133,36.1848],[-115.219508,36.184796],[-115.219504,36.184688],[-115.219503,36.184607],[-115.219301,36.184606],[-115.219041,36.184606],[-115.218947,36.184606],[-115.2189,36.184605],[-115.218863,36.184605],[-115.21866,36.184604],[-115.218416,36.184602],[-115.2184,36.184602],[-115.218181,36.1846],[-115.21801,36.184601],[-115.217943,36.184601],[-115.217834,36.1846],[-115.217732,36.1846],[-115.217702,36.1846],[-115.217677,36.1846],[-115.217473,36.184598],[-115.217287,36.184598],[-115.217016,36.184597],[-115.217009,36.184597],[-115.216914,36.184597],[-115.216735,36.184596],[-115.216183,36.184596],[-115.216184,36.184679],[-115.216186,36.185019],[-115.216186,36.185025],[-115.216189,36.185225],[-115.216189,36.185377],[-115.216656,36.185376],[-115.21674,36.185376],[-115.216742,36.185722],[-115.216658,36.185722],[-115.216188,36.185726],[-115.216191,36.186063],[-115.216195,36.186413],[-115.216197,36.186775],[-115.216664,36.186771],[-115.216749,36.186771],[-115.216752,36.187096],[-115.216667,36.187095],[-115.2162,36.187096],[-115.216201,36.187448],[-115.216204,36.1878],[-115.216206,36.188141]],[[-115.324945,36.23237],[-115.324945,36.232681],[-115.324932,36.232933],[-115.324929,36.232984],[-115.324926,36.233057],[-115.324919,36.23318],[-115.324913,36.233304],[-115.324906,36.233427],[-115.3249,36.233551],[-115.324894,36.233674],[-115.324887,36.233798],[-115.324881,36.233921],[-115.324874,36.234059],[-115.324866,36.234213],[-115.324847,36.234578],[-115.324828,36.234925],[-115.32481,36.235281],[-115.324792,36.235619],[-115.324774,36.235953],[-115.324756,36.236312],[-115.324747,36.236477],[-115.325243,36.236463],[-115.325624,36.236453],[-115.325921,36.236445],[-115.325926,36.236362],[-115.326023,36.234622],[-115.326027,36.23454],[-115.326133,36.232635],[-115.326132,36.232416],[-115.326132,36.232297],[-115.326131,36.232199],[-115.326131,36.232102],[-115.326131,36.232004],[-115.32613,36.231907],[-115.32613,36.231809],[-115.326129,36.231712],[-115.326129,36.231614],[-115.326128,36.231517],[-115.326128,36.231419],[-115.326127,36.231322],[-115.326127,36.231224],[-115.326126,36.231127],[-115.326126,36.231029],[-115.326126,36.230932],[-115.326125,36.230851],[-115.325624,36.230868],[-115.325286,36.230879],[-115.324942,36.230891],[-115.324942,36.231035],[-115.324942,36.2312],[-115.324943,36.231364],[-115.324943,36.231529],[-115.324943,36.231694],[-115.324944,36.231859],[-115.324944,36.232024],[-115.324944,36.232188],[-115.324945,36.23237]],[[-115.242429,36.272833],[-115.242428,36.272749],[-115.242422,36.271299],[-115.242414,36.269618],[-115.241293,36.269534],[-115.241293,36.269644],[-115.241293,36.270039],[-115.241293,36.270162],[-115.240815,36.270126],[-115.240338,36.27009],[-115.240237,36.270082],[-115.240224,36.27266],[-115.240224,36.27274],[-115.240224,36.272742],[-115.240225,36.272742],[-115.240251,36.272743],[-115.242429,36.272833]],[[-115.258236,36.221872],[-115.258221,36.221029],[-115.258202,36.220176],[-115.258203,36.220148],[-115.258204,36.220148],[-115.258204,36.220099],[-115.257069,36.220099],[-115.257069,36.220146],[-115.257068,36.220173],[-115.257075,36.220596],[-115.257082,36.221025],[-115.256044,36.221027],[-115.255932,36.221027],[-115.255947,36.221871],[-115.255951,36.221947],[-115.255954,36.22203],[-115.255963,36.222766],[-115.255965,36.22287],[-115.256073,36.222869],[-115.25652,36.222871],[-115.256604,36.222872],[-115.256956,36.222873],[-115.257119,36.222874],[-115.257399,36.222876],[-115.257641,36.222876],[-115.258128,36.22288],[-115.258147,36.22288],[-115.258244,36.222883],[-115.258344,36.222888],[-115.258861,36.222888],[-115.259381,36.222892],[-115.259379,36.222585],[-115.259378,36.222467],[-115.259378,36.222461],[-115.259376,36.222045],[-115.259376,36.222037],[-115.259375,36.221957],[-115.258876,36.221953],[-115.258236,36.221954],[-115.258236,36.221872]],[[-115.282588,36.233751],[-115.282588,36.233868],[-115.282588,36.233882],[-115.282588,36.234653],[-115.283747,36.234649],[-115.284906,36.234643],[-115.284905,36.235098],[-115.284904,36.235469],[-115.284904,36.235552],[-115.285432,36.235549],[-115.285959,36.235546],[-115.286061,36.235546],[-115.286063,36.235087],[-115.286065,36.234638],[-115.286169,36.234638],[-115.286638,36.234636],[-115.287105,36.234633],[-115.287224,36.234633],[-115.287573,36.234631],[-115.288249,36.234628],[-115.288385,36.234628],[-115.28839,36.233721],[-115.288289,36.233721],[-115.287228,36.233726],[-115.287115,36.233726],[-115.286986,36.233727],[-115.286068,36.23373],[-115.285973,36.233731],[-115.284908,36.233735],[-115.284839,36.233735],[-115.284137,36.233738],[-115.283748,36.23374],[-115.283696,36.23374],[-115.282588,36.233745],[-115.282588,36.233751]],[[-115.263574,36.232292],[-115.264097,36.23231],[-115.264094,36.232008],[-115.264092,36.231872],[-115.26409,36.231744],[-115.264087,36.231481],[-115.264085,36.231365],[-115.264083,36.231217],[-115.26408,36.230953],[-115.264079,36.230857],[-115.264077,36.230689],[-115.264073,36.230432],[-115.264073,36.230426],[-115.26407,36.230162],[-115.264068,36.229991],[-115.264065,36.229802],[-115.264062,36.229565],[-115.264062,36.229506],[-115.262906,36.22947],[-115.262921,36.230388],[-115.26282,36.230383],[-115.262299,36.230365],[-115.261775,36.230347],[-115.261782,36.230795],[-115.26179,36.231293],[-115.261798,36.231805],[-115.261805,36.232231],[-115.262349,36.232249],[-115.262848,36.232265],[-115.26295,36.232269],[-115.263051,36.232273],[-115.263574,36.232292]],[[-115.258264,36.224742],[-115.258249,36.223817],[-115.258147,36.223816],[-115.257113,36.223813],[-115.255973,36.223802],[-115.255988,36.224742],[-115.257112,36.224745],[-115.25711,36.225555],[-115.25711,36.22567],[-115.258282,36.225674],[-115.259423,36.225677],[-115.260564,36.22568],[-115.260549,36.224749],[-115.258264,36.224742]],[[-115.308665,36.219417],[-115.308665,36.219334],[-115.307191,36.219357],[-115.306508,36.219368],[-115.306372,36.21937],[-115.30638,36.220303],[-115.306391,36.221242],[-115.306527,36.221239],[-115.306806,36.221234],[-115.306955,36.221231],[-115.307964,36.221213],[-115.308247,36.221208],[-115.308572,36.221202],[-115.308673,36.2212],[-115.308666,36.220264],[-115.308665,36.219417]],[[-115.25725,36.232178],[-115.257227,36.23125],[-115.258372,36.231246],[-115.259514,36.23125],[-115.259512,36.231165],[-115.25949,36.230322],[-115.259342,36.230323],[-115.259327,36.230323],[-115.259045,36.230322],[-115.259028,36.230322],[-115.258961,36.230323],[-115.258825,36.230324],[-115.258806,36.230324],[-115.258603,36.230325],[-115.258583,36.230325],[-115.258458,36.230324],[-115.258381,36.230324],[-115.25836,36.230324],[-115.258347,36.230324],[-115.258326,36.230325],[-115.258162,36.230325],[-115.25814,36.230325],[-115.257945,36.230325],[-115.257922,36.230325],[-115.257725,36.230325],[-115.257701,36.230325],[-115.257508,36.230325],[-115.257483,36.230325],[-115.257292,36.230326],[-115.257265,36.230326],[-115.257205,36.230324],[-115.25707,36.230325],[-115.257042,36.230325],[-115.256848,36.230326],[-115.256819,36.230326],[-115.256666,36.230325],[-115.256628,36.230325],[-115.256598,36.230325],[-115.256213,36.230328],[-115.256182,36.230328],[-115.256166,36.230328],[-115.256137,36.230328],[-115.256065,36.230328],[-115.256077,36.231256],[-115.256083,36.231716],[-115.256088,36.232042],[-115.25609,36.232173],[-115.256415,36.232175],[-115.25725,36.232178]],[[-115.319575,36.281883],[-115.319575,36.281905],[-115.319574,36.282007],[-115.319572,36.282364],[-115.319569,36.282824],[-115.319563,36.283744],[-115.319556,36.284659],[-115.320707,36.284643],[-115.320708,36.284537],[-115.320711,36.284097],[-115.320713,36.283728],[-115.320713,36.283686],[-115.320716,36.283273],[-115.320718,36.282891],[-115.320718,36.282809],[-115.320721,36.282349],[-115.320723,36.282069],[-115.320724,36.28189],[-115.320725,36.281713],[-115.320725,36.281677],[-115.320727,36.28143],[-115.320727,36.281372],[-115.320727,36.2813],[-115.320729,36.281001],[-115.320729,36.28097],[-115.320155,36.280978],[-115.319581,36.280985],[-115.319578,36.281445],[-115.319577,36.281471],[-115.319577,36.281598],[-115.319575,36.281883]],[[-115.3138,36.284715],[-115.312659,36.284704],[-115.31262,36.284704],[-115.311518,36.284694],[-115.3115,36.284693],[-115.311496,36.286531],[-115.312625,36.286543],[-115.313777,36.286555],[-115.3138,36.284715]],[[-115.326438,36.269994],[-115.326437,36.269884],[-115.325391,36.269895],[-115.325293,36.269896],[-115.324148,36.269908],[-115.32416,36.271744],[-115.324804,36.271737],[-115.325874,36.271725],[-115.325874,36.271725],[-115.325874,36.271725],[-115.326451,36.271719],[-115.32645,36.271657],[-115.32645,36.271649],[-115.326448,36.271412],[-115.326447,36.271217],[-115.326447,36.271182],[-115.326445,36.270958],[-115.326445,36.270951],[-115.326443,36.270698],[-115.326443,36.270688],[-115.326441,36.270457],[-115.326441,36.270439],[-115.326439,36.270227],[-115.326439,36.270214],[-115.326438,36.269999],[-115.326438,36.269994]],[[-115.313765,36.297552],[-115.313765,36.297576],[-115.313767,36.297765],[-115.31377,36.297978],[-115.313772,36.298191],[-115.313775,36.298404],[-115.313777,36.298617],[-115.31378,36.29883],[-115.313783,36.299042],[-115.313786,36.299293],[-115.313787,36.299416],[-115.314917,36.299432],[-115.314911,36.297604],[-115.314911,36.297596],[-115.314905,36.295759],[-115.31376,36.295744],[-115.31376,36.295813],[-115.313761,36.296063],[-115.313761,36.296275],[-115.313762,36.296488],[-115.313762,36.296701],[-115.313763,36.296914],[-115.313763,36.297127],[-115.313764,36.29734],[-115.313765,36.297552]],[[-115.26937,36.309139],[-115.269371,36.309676],[-115.269371,36.309762],[-115.271686,36.309869],[-115.271685,36.309791],[-115.271685,36.309763],[-115.271686,36.308552],[-115.271592,36.308547],[-115.271389,36.308538],[-115.271186,36.308528],[-115.270982,36.308519],[-115.270779,36.308509],[-115.270576,36.3085],[-115.270372,36.30849],[-115.270169,36.308481],[-115.269966,36.308471],[-115.269762,36.308462],[-115.269525,36.30845],[-115.269505,36.308449],[-115.269369,36.308443],[-115.26937,36.309139]],[[-115.326489,36.277222],[-115.326488,36.277049],[-115.326466,36.277085],[-115.326379,36.277224],[-115.325341,36.277236],[-115.325341,36.277373],[-115.325337,36.278155],[-115.325336,36.278515],[-115.325163,36.278684],[-115.325053,36.278786],[-115.324941,36.278886],[-115.324827,36.278985],[-115.32471,36.279083],[-115.325295,36.279076],[-115.325333,36.279075],[-115.325663,36.279071],[-115.326482,36.279061],[-115.326482,36.278978],[-115.326483,36.278885],[-115.326483,36.278884],[-115.326485,36.278213],[-115.326487,36.277806],[-115.326489,36.277222]],[[-115.315016,36.277362],[-115.313764,36.277355],[-115.313764,36.277464],[-115.313743,36.279088],[-115.313742,36.279171],[-115.314997,36.279184],[-115.315016,36.277362]],[[-115.328638,36.271695],[-115.328193,36.2717],[-115.327914,36.271703],[-115.327594,36.271706],[-115.327448,36.271707],[-115.327448,36.271796],[-115.327449,36.271958],[-115.327451,36.272226],[-115.327453,36.272494],[-115.327455,36.272761],[-115.327456,36.272993],[-115.32746,36.273541],[-115.327925,36.273537],[-115.328197,36.273534],[-115.328653,36.273529],[-115.328633,36.272726],[-115.328638,36.271695]],[[-115.328163,36.268034],[-115.327864,36.268037],[-115.327608,36.268039],[-115.32757,36.26804],[-115.327424,36.268041],[-115.327427,36.268515],[-115.327429,36.268746],[-115.32743,36.268968],[-115.327432,36.269199],[-115.327433,36.269421],[-115.327435,36.269643],[-115.327436,36.269873],[-115.32758,36.269872],[-115.327876,36.269869],[-115.328176,36.269866],[-115.328612,36.269861],[-115.328613,36.26803],[-115.328163,36.268034]],[[-115.324159,36.2846],[-115.323009,36.28461],[-115.323008,36.284666],[-115.323008,36.28472],[-115.323006,36.285069],[-115.323006,36.285126],[-115.323004,36.285462],[-115.323004,36.285547],[-115.323002,36.285852],[-115.323001,36.285959],[-115.323,36.286211],[-115.322999,36.286366],[-115.322999,36.286449],[-115.323001,36.286449],[-115.323092,36.286448],[-115.323507,36.286442],[-115.323551,36.286441],[-115.323979,36.286435],[-115.324019,36.286434],[-115.324049,36.286434],[-115.324151,36.286432],[-115.324155,36.285529],[-115.324159,36.2846]],[[-115.322962,36.262437],[-115.322963,36.262045],[-115.322964,36.261653],[-115.322965,36.261234],[-115.322967,36.260815],[-115.322967,36.260732],[-115.321823,36.260741],[-115.32182,36.261662],[-115.321818,36.262446],[-115.321818,36.262583],[-115.322961,36.262575],[-115.322962,36.262437]],[[-115.326112,36.227851],[-115.326112,36.227733],[-115.326111,36.227615],[-115.326111,36.227497],[-115.32611,36.227379],[-115.32611,36.227286],[-115.325971,36.227289],[-115.325621,36.227297],[-115.325231,36.227305],[-115.324935,36.227312],[-115.324935,36.227325],[-115.324936,36.22741],[-115.324936,36.227495],[-115.324936,36.227641],[-115.324937,36.227843],[-115.324937,36.228054],[-115.324938,36.228238],[-115.324938,36.228447],[-115.324938,36.22863],[-115.324939,36.228837],[-115.324939,36.22902],[-115.324939,36.229034],[-115.324938,36.229102],[-115.325276,36.229093],[-115.32562,36.229084],[-115.325974,36.229075],[-115.326117,36.229071],[-115.326117,36.229044],[-115.326116,36.228914],[-115.326116,36.228796],[-115.326115,36.228678],[-115.326115,36.22856],[-115.326114,36.228442],[-115.326114,36.228324],[-115.326114,36.228206],[-115.326113,36.228088],[-115.326113,36.227969],[-115.326112,36.227851]],[[-115.328708,36.26687],[-115.328714,36.268029],[-115.329859,36.268017],[-115.329848,36.266187],[-115.328704,36.266197],[-115.328708,36.26687]],[[-115.327226,36.218725],[-115.327228,36.21905],[-115.32723,36.21927],[-115.327434,36.21927],[-115.327801,36.219272],[-115.327818,36.219272],[-115.328352,36.219274],[-115.328752,36.219276],[-115.329548,36.219279],[-115.329538,36.218534],[-115.329536,36.218396],[-115.329273,36.218394],[-115.328657,36.21839],[-115.32848,36.218389],[-115.32838,36.218388],[-115.328039,36.218386],[-115.327713,36.218384],[-115.327521,36.218383],[-115.32734,36.218381],[-115.327224,36.218381],[-115.327224,36.218382],[-115.327225,36.218518],[-115.327226,36.218633],[-115.327226,36.218725]],[[-115.253373,36.241672],[-115.253388,36.24066],[-115.253392,36.24052],[-115.252604,36.240514],[-115.252068,36.240511],[-115.25207,36.240651],[-115.252062,36.241329],[-115.25142,36.241324],[-115.251301,36.241319],[-115.251274,36.241423],[-115.251267,36.241478],[-115.25126,36.241585],[-115.251258,36.241659],[-115.251562,36.241661],[-115.251732,36.241662],[-115.251901,36.241663],[-115.252071,36.241664],[-115.252337,36.241666],[-115.252659,36.241668],[-115.253085,36.24167],[-115.253373,36.241672]],[[-115.226851,36.250178],[-115.226514,36.250145],[-115.225833,36.250077],[-115.225659,36.25006],[-115.225653,36.250059],[-115.225553,36.250049],[-115.225552,36.250086],[-115.225545,36.250975],[-115.225654,36.250987],[-115.225721,36.250994],[-115.226519,36.251074],[-115.226848,36.251107],[-115.227187,36.251142],[-115.227183,36.250211],[-115.226851,36.250178]],[[-115.316099,36.325956],[-115.316099,36.325875],[-115.316092,36.325875],[-115.316075,36.325876],[-115.316071,36.325877],[-115.316046,36.325788],[-115.316021,36.325719],[-115.31597,36.325606],[-115.315908,36.325497],[-115.315833,36.325394],[-115.315748,36.325296],[-115.315653,36.325204],[-115.315563,36.325131],[-115.31531,36.325138],[-115.315373,36.325178],[-115.315414,36.325206],[-115.315453,36.325235],[-115.31551,36.325281],[-115.315546,36.325313],[-115.315597,36.325362],[-115.315645,36.325414],[-115.31569,36.325468],[-115.315718,36.325504],[-115.315757,36.325561],[-115.315781,36.3256],[-115.315813,36.325659],[-115.315833,36.325699],[-115.315859,36.32576],[-115.315881,36.325822],[-115.315899,36.325885],[-115.314943,36.325933],[-115.314943,36.325935],[-115.314942,36.326484],[-115.314942,36.326512],[-115.314941,36.326535],[-115.31494,36.32698],[-115.31494,36.327034],[-115.31494,36.327034],[-115.315992,36.326981],[-115.316094,36.326976],[-115.316097,36.326433],[-115.316097,36.326417],[-115.316099,36.325956]],[[-115.320738,36.326192],[-115.320733,36.325917],[-115.320749,36.324989],[-115.319587,36.325021],[-115.319574,36.325975],[-115.319569,36.326251],[-115.320738,36.326192]],[[-115.324218,36.325466],[-115.324233,36.324893],[-115.323071,36.324925],[-115.323049,36.3258],[-115.323044,36.326077],[-115.323052,36.326076],[-115.324204,36.326019],[-115.324204,36.326012],[-115.324211,36.325742],[-115.324218,36.325466]],[[-115.264761,36.310454],[-115.264757,36.309566],[-115.264757,36.30949],[-115.26325,36.309402],[-115.263251,36.309484],[-115.263255,36.310075],[-115.263956,36.310116],[-115.263957,36.310405],[-115.264659,36.310446],[-115.264761,36.310454]],[[-115.246296,36.269763],[-115.246992,36.269789],[-115.246992,36.269679],[-115.24699,36.268468],[-115.246989,36.268092],[-115.246989,36.268067],[-115.246886,36.268063],[-115.246576,36.268053],[-115.246282,36.268042],[-115.246283,36.268458],[-115.246283,36.268481],[-115.246284,36.268631],[-115.246286,36.268684],[-115.246285,36.268858],[-115.246285,36.268881],[-115.246285,36.268973],[-115.246286,36.269238],[-115.246286,36.269262],[-115.246286,36.2693],[-115.246284,36.269653],[-115.246285,36.269653],[-115.246294,36.269653],[-115.246296,36.269763]],[[-115.327655,36.324835],[-115.326514,36.324854],[-115.326494,36.325627],[-115.326487,36.325904],[-115.327629,36.325847],[-115.327629,36.325839],[-115.327636,36.325569],[-115.327655,36.324835]],[[-115.189182,36.192005],[-115.18788,36.190576],[-115.187878,36.190862],[-115.187873,36.191772],[-115.187427,36.191768],[-115.187426,36.19199],[-115.187427,36.192071],[-115.187872,36.192069],[-115.188946,36.19206],[-115.189015,36.192057],[-115.189069,36.192049],[-115.189119,36.192035],[-115.189182,36.192005]],[[-115.286262,36.275504],[-115.285632,36.27551],[-115.285616,36.275996],[-115.285602,36.276404],[-115.285592,36.276784],[-115.285697,36.276781],[-115.285745,36.27678],[-115.286207,36.276777],[-115.286222,36.276401],[-115.286758,36.276403],[-115.286774,36.275993],[-115.286239,36.275994],[-115.286257,36.275588],[-115.286262,36.275504],[-115.286262,36.275504]],[[-115.211109,36.188317],[-115.21109,36.189041],[-115.211087,36.189124],[-115.211439,36.189123],[-115.211474,36.189123],[-115.211779,36.189124],[-115.21212,36.189124],[-115.212123,36.189041],[-115.212143,36.18832],[-115.212145,36.188293],[-115.212146,36.188211],[-115.211966,36.188211],[-115.211793,36.18821],[-115.211457,36.188209],[-115.211109,36.188208],[-115.211108,36.18829],[-115.211109,36.188317]],[[-115.215628,36.18938],[-115.215624,36.189449],[-115.215622,36.189602],[-115.215621,36.189643],[-115.215614,36.18983],[-115.215614,36.18984],[-115.215162,36.189831],[-115.21506,36.18983],[-115.215049,36.190215],[-115.215152,36.190215],[-115.215604,36.190222],[-115.215604,36.190269],[-115.216053,36.190282],[-115.216168,36.190283],[-115.216172,36.190121],[-115.216183,36.189666],[-115.216195,36.189167],[-115.216087,36.189163],[-115.215635,36.189156],[-115.215632,36.18926],[-115.215628,36.18938]],[[-115.2607,36.233118],[-115.260687,36.232343],[-115.260684,36.23219],[-115.260513,36.23219],[-115.259565,36.232186],[-115.259565,36.232569],[-115.260045,36.232571],[-115.260045,36.232978],[-115.260042,36.233115],[-115.260042,36.233115],[-115.260095,36.233115],[-115.260698,36.233118],[-115.2607,36.233118]],[[-115.213025,36.151769],[-115.213024,36.15166],[-115.213021,36.151269],[-115.213058,36.151269],[-115.213476,36.15127],[-115.213546,36.15127],[-115.213542,36.150867],[-115.21306,36.150865],[-115.213019,36.150864],[-115.212563,36.150862],[-115.212461,36.15086],[-115.212465,36.151768],[-115.213025,36.151769]],[[-115.262238,36.225617],[-115.262235,36.225727],[-115.262861,36.225744],[-115.262848,36.224812],[-115.262747,36.224809],[-115.262223,36.224795],[-115.262225,36.224906],[-115.262231,36.22526],[-115.262238,36.225617]],[[-115.256473,36.240535],[-115.256494,36.240535],[-115.256494,36.240529],[-115.256495,36.240398],[-115.256496,36.240381],[-115.256512,36.239878],[-115.256512,36.239876],[-115.256521,36.239606],[-115.256035,36.239603],[-115.256008,36.239603],[-115.255986,36.239603],[-115.255906,36.239602],[-115.255894,36.239979],[-115.255878,36.240531],[-115.256223,36.240533],[-115.256473,36.240535]],[[-115.238626,36.264908],[-115.238232,36.264868],[-115.238126,36.264857],[-115.238123,36.264981],[-115.238125,36.265146],[-115.238112,36.265887],[-115.238111,36.265972],[-115.238218,36.265983],[-115.23826,36.265987],[-115.238301,36.265991],[-115.238384,36.265996],[-115.238467,36.265998],[-115.23855,36.265999],[-115.238609,36.265997],[-115.238612,36.265918],[-115.238626,36.264908]],[[-115.275145,36.309093],[-115.275145,36.309074],[-115.275145,36.30907],[-115.274609,36.309041],[-115.274604,36.309862],[-115.274607,36.309887],[-115.274607,36.309924],[-115.274607,36.310004],[-115.275144,36.310029],[-115.275144,36.309942],[-115.275144,36.309917],[-115.275144,36.309901],[-115.275144,36.309754],[-115.275144,36.309589],[-115.275143,36.309424],[-115.275143,36.309259],[-115.275145,36.309093]],[[-115.225503,36.213412],[-115.225777,36.213429],[-115.225764,36.213348],[-115.225648,36.212567],[-115.225648,36.212566],[-115.225272,36.212543],[-115.225111,36.212533],[-115.225156,36.21283],[-115.22523,36.213319],[-115.225241,36.213395],[-115.225503,36.213412]],[[-115.226586,36.264891],[-115.226573,36.265713],[-115.227051,36.265761],[-115.227067,36.264857],[-115.226583,36.264809],[-115.226586,36.264891]],[[-115.170779,36.189843],[-115.17078,36.189388],[-115.170545,36.189387],[-115.169934,36.189385],[-115.169832,36.189386],[-115.169832,36.189386],[-115.16983,36.18984],[-115.169831,36.18984],[-115.170779,36.189843]],[[-115.233843,36.215027],[-115.234383,36.215064],[-115.23439,36.214997],[-115.234433,36.214534],[-115.234313,36.214526],[-115.233934,36.214499],[-115.233805,36.214505],[-115.233843,36.215027]],[[-115.215711,36.188234],[-115.215455,36.188227],[-115.215451,36.188305],[-115.21545,36.188333],[-115.215446,36.188677],[-115.215189,36.188668],[-115.21509,36.188665],[-115.215085,36.188871],[-115.215186,36.188871],[-115.215642,36.188877],[-115.21586,36.188879],[-115.215862,36.188879],[-115.215862,36.188864],[-115.215862,36.188832],[-115.215865,36.188688],[-115.215706,36.188684],[-115.21571,36.18834],[-115.215711,36.188309],[-115.215711,36.188234]],[[-115.20696,36.19275],[-115.206235,36.192744],[-115.20605,36.192741],[-115.206049,36.192742],[-115.206045,36.192881],[-115.206041,36.193021],[-115.206042,36.193021],[-115.206228,36.193022],[-115.206956,36.193031],[-115.20696,36.19275]],[[-115.30635,36.285301],[-115.306679,36.285304],[-115.30668,36.284757],[-115.306681,36.284647],[-115.306352,36.284644],[-115.306351,36.284754],[-115.30635,36.285301]],[[-115.171256,36.189387],[-115.170847,36.189388],[-115.170844,36.189843],[-115.171254,36.189845],[-115.171256,36.189387]],[[-115.185883,36.192074],[-115.185885,36.191992],[-115.185885,36.191649],[-115.185609,36.191653],[-115.185611,36.191992],[-115.185611,36.192074],[-115.185883,36.192074]],[[-115.324511,36.258881],[-115.324352,36.258778],[-115.324121,36.25864],[-115.324116,36.258638],[-115.324116,36.258884],[-115.324511,36.258881]]]]},"properties":{"neighborhood":"City of Las Vegas"}},{"type":"Feature","geometry":{"type":"MultiPolygon","coordinates":[[[[-115.178913,35.927533],[-115.176704,35.927493],[-115.176668,35.926587],[-115.176769,35.926589],[-115.17777,35.926607],[-115.178771,35.926625],[-115.178872,35.926627],[-115.178909,35.927451],[-115.178913,35.927533]]],[[[-114.91891,35.922566],[-114.918895,35.922567],[-114.918904,35.921651],[-114.918914,35.920735],[-114.921141,35.920729],[-114.921132,35.921645],[-114.923112,35.92164],[-114.923359,35.921639],[-114.92335,35.922555],[-114.923181,35.922556],[-114.921123,35.922561],[-114.91891,35.922566]]],[[[-114.918895,35.922567],[-114.918886,35.923481],[-114.917415,35.923477],[-114.916919,35.923475],[-114.917287,35.922562],[-114.917623,35.922563],[-114.918895,35.922567]]],[[[-115.183532,35.932154],[-115.183575,35.933063],[-115.183473,35.933061],[-115.181387,35.933017],[-115.181343,35.93211],[-115.181478,35.932112],[-115.182437,35.932132],[-115.183431,35.932152],[-115.183532,35.932154]]],[[[-115.174849,35.944804],[-115.174827,35.945721],[-115.174726,35.945718],[-115.172579,35.945657],[-115.172598,35.944726],[-115.172761,35.944727],[-115.174748,35.944801],[-115.174849,35.944804]]],[[[-115.177115,35.93758],[-115.174861,35.93747],[-115.174828,35.936554],[-115.174794,35.935636],[-115.177039,35.93572],[-115.177077,35.936651],[-115.177115,35.93758]]],[[[-115.181621,35.937799],[-115.179368,35.937689],[-115.179326,35.936748],[-115.181574,35.936845],[-115.181621,35.937799]]],[[[-115.159019,35.947334],[-115.156763,35.947458],[-115.156758,35.946546],[-115.159018,35.94642],[-115.159019,35.947334]]],[[[-115.165779,35.947882],[-115.168032,35.947758],[-115.168019,35.948684],[-115.16577,35.948805],[-115.165779,35.947882]]],[[[-115.167994,35.950536],[-115.167892,35.950542],[-115.166872,35.950594],[-115.165853,35.950646],[-115.165751,35.950651],[-115.165761,35.949728],[-115.166884,35.949669],[-115.167905,35.949615],[-115.168007,35.94961],[-115.167994,35.950536]]],[[[-115.161267,35.950879],[-115.159024,35.950992],[-115.159023,35.950077],[-115.161269,35.949962],[-115.161267,35.950879]]],[[[-115.167994,35.950536],[-115.170236,35.950421],[-115.17022,35.951351],[-115.167981,35.951463],[-115.167994,35.950536]]],[[[-115.165751,35.950651],[-115.165742,35.951574],[-115.164623,35.95163],[-115.163503,35.951686],[-115.163509,35.950766],[-115.163644,35.950759],[-115.16463,35.950709],[-115.16565,35.950656],[-115.165751,35.950651]]],[[[-115.161264,35.951796],[-115.161267,35.950879],[-115.161368,35.950874],[-115.162388,35.950822],[-115.162384,35.951658],[-115.162384,35.951741],[-115.161264,35.951796]]],[[[-115.161262,35.952713],[-115.161161,35.952718],[-115.159128,35.952816],[-115.159027,35.952821],[-115.156791,35.952928],[-115.156786,35.952016],[-115.159025,35.951906],[-115.159127,35.951901],[-115.161163,35.951801],[-115.161264,35.951796],[-115.161262,35.952713]]],[[[-115.161257,35.954548],[-115.161262,35.952713],[-115.161363,35.952708],[-115.163362,35.952612],[-115.163497,35.952606],[-115.163486,35.954446],[-115.163351,35.954452],[-115.162372,35.954497],[-115.161359,35.954543],[-115.161257,35.954548]]],[[[-115.140253,35.95633],[-115.13925,35.956306],[-115.139149,35.956303],[-115.139154,35.955868],[-115.139256,35.95587],[-115.140257,35.955893],[-115.141259,35.955917],[-115.14136,35.95592],[-115.14136,35.95592],[-115.141357,35.956356],[-115.141256,35.956353],[-115.140253,35.95633]]],[[[-115.167493,35.956111],[-115.167939,35.956092],[-115.167947,35.957017],[-115.167501,35.957035],[-115.167055,35.957054],[-115.166609,35.957073],[-115.166164,35.957091],[-115.165718,35.95711],[-115.165711,35.956188],[-115.166157,35.956169],[-115.166602,35.95615],[-115.167048,35.956131],[-115.167493,35.956111]]],[[[-115.142458,35.957261],[-115.142458,35.957178],[-115.14246,35.95678],[-115.142461,35.956382],[-115.142962,35.956394],[-115.143464,35.956406],[-115.143565,35.956408],[-115.143565,35.957289],[-115.142458,35.957261]]],[[[-115.139128,35.958045],[-115.139139,35.957174],[-115.139615,35.957187],[-115.140245,35.957203],[-115.140242,35.957286],[-115.140237,35.958077],[-115.141245,35.958105],[-115.141346,35.958108],[-115.141341,35.958984],[-115.139117,35.958916],[-115.139128,35.958045]]],[[[-115.174675,35.96149],[-115.17288,35.961486],[-115.172749,35.961485],[-115.172437,35.961484],[-115.172433,35.961022],[-115.172751,35.961019],[-115.172912,35.96102],[-115.173089,35.96102],[-115.173174,35.96102],[-115.173184,35.96102],[-115.17467,35.961024],[-115.174674,35.961408],[-115.174675,35.96149]]],[[[-115.164699,35.967277],[-115.164206,35.96729],[-115.164203,35.966452],[-115.164201,35.966238],[-115.164336,35.966256],[-115.16476,35.966278],[-115.165175,35.966293],[-115.16518,35.966293],[-115.16519,35.966426],[-115.165192,35.967264],[-115.164699,35.967277]]],[[[-115.145793,35.962669],[-115.144166,35.962604],[-115.144165,35.962604],[-115.144165,35.96248],[-115.144165,35.96171],[-115.144665,35.961729],[-115.145166,35.961746],[-115.145666,35.961765],[-115.14579,35.961769],[-115.145793,35.962666],[-115.145793,35.962669]]],[[[-115.150228,35.962843],[-115.149624,35.962819],[-115.149623,35.962698],[-115.149617,35.961916],[-115.150119,35.961935],[-115.150154,35.961937],[-115.15022,35.961939],[-115.150228,35.962843]]],[[[-115.145798,35.963578],[-115.145793,35.962669],[-115.146435,35.962694],[-115.146434,35.962568],[-115.14643,35.961794],[-115.146923,35.961813],[-115.146928,35.962588],[-115.146928,35.962713],[-115.147422,35.962733],[-115.148017,35.962756],[-115.148017,35.962853],[-115.148021,35.963664],[-115.148024,35.964585],[-115.145903,35.964507],[-115.145813,35.964504],[-115.145802,35.964504],[-115.145798,35.963578]]],[[[-115.163528,35.961255],[-115.163525,35.960877],[-115.165743,35.960797],[-115.165749,35.961718],[-115.165755,35.96264],[-115.16354,35.962714],[-115.162938,35.962735],[-115.161303,35.96279],[-115.161302,35.96268],[-115.161302,35.962603],[-115.161297,35.961874],[-115.163272,35.961805],[-115.163397,35.9618],[-115.163532,35.961796],[-115.163528,35.961255]]],[[[-115.161285,35.960043],[-115.161184,35.960047],[-115.160678,35.960066],[-115.160172,35.960085],[-115.15916,35.960123],[-115.159059,35.960127],[-115.159053,35.959297],[-115.159053,35.959215],[-115.157939,35.959258],[-115.157942,35.959341],[-115.157945,35.960169],[-115.157439,35.960188],[-115.157436,35.95936],[-115.157433,35.959278],[-115.156826,35.959302],[-115.156821,35.958392],[-115.15672,35.958396],[-115.156215,35.958417],[-115.156215,35.95759],[-115.156213,35.957508],[-115.156816,35.957482],[-115.159042,35.957389],[-115.159047,35.958302],[-115.161273,35.958212],[-115.161279,35.959045],[-115.161279,35.959127],[-115.161285,35.960043]]],[[[-115.172429,35.960554],[-115.172421,35.959623],[-115.172413,35.958692],[-115.172405,35.957761],[-115.170175,35.957852],[-115.170169,35.956924],[-115.170162,35.955996],[-115.170156,35.955205],[-115.170155,35.955068],[-115.16793,35.955167],[-115.165705,35.955267],[-115.165714,35.954343],[-115.167943,35.954241],[-115.168482,35.954216],[-115.170171,35.954139],[-115.170273,35.954134],[-115.172401,35.954036],[-115.172384,35.954831],[-115.172381,35.954969],[-115.172396,35.954969],[-115.172761,35.954972],[-115.173444,35.954977],[-115.173445,35.954977],[-115.173473,35.954977],[-115.173579,35.954978],[-115.173804,35.954979],[-115.173939,35.95498],[-115.174159,35.954982],[-115.174164,35.954982],[-115.17419,35.954982],[-115.174611,35.954985],[-115.17674,35.955001],[-115.176842,35.955001],[-115.176853,35.955001],[-115.176855,35.955263],[-115.17686,35.955928],[-115.176759,35.955927],[-115.173783,35.955909],[-115.173432,35.955906],[-115.173083,35.955904],[-115.172429,35.9559],[-115.172388,35.9559],[-115.172397,35.956831],[-115.172996,35.956834],[-115.173178,35.956835],[-115.173335,35.956835],[-115.174629,35.956842],[-115.176861,35.956854],[-115.176871,35.95778],[-115.175755,35.957776],[-115.174638,35.957771],[-115.174646,35.958617],[-115.174647,35.958699],[-115.174647,35.958782],[-115.174656,35.959628],[-115.174665,35.960557],[-115.173176,35.960555],[-115.173092,35.960555],[-115.172941,35.960554],[-115.172754,35.960554],[-115.172429,35.960554]]],[[[-115.150306,35.960153],[-115.150205,35.960149],[-115.150198,35.959254],[-115.15019,35.958358],[-115.15009,35.958355],[-115.149089,35.958327],[-115.148088,35.958298],[-115.147987,35.958296],[-115.147982,35.957404],[-115.148083,35.957407],[-115.149084,35.957433],[-115.150183,35.957461],[-115.150175,35.956564],[-115.150281,35.956567],[-115.150782,35.956579],[-115.151282,35.956591],[-115.151531,35.956597],[-115.152282,35.956614],[-115.152383,35.956617],[-115.152378,35.95587],[-115.152377,35.955715],[-115.153234,35.955733],[-115.153989,35.955749],[-115.15458,35.955762],[-115.154796,35.955752],[-115.156805,35.955663],[-115.156806,35.9558],[-115.15681,35.956573],[-115.154756,35.956661],[-115.154587,35.956669],[-115.154594,35.957575],[-115.154601,35.958482],[-115.152396,35.95842],[-115.152402,35.959239],[-115.152402,35.959321],[-115.154608,35.959389],[-115.154616,35.960295],[-115.154445,35.96029],[-115.152511,35.960226],[-115.15241,35.960222],[-115.152308,35.960219],[-115.151307,35.960186],[-115.150306,35.960153]]],[[[-115.156826,35.959302],[-115.156831,35.960211],[-115.156836,35.961121],[-115.155725,35.961162],[-115.155725,35.961079],[-115.155723,35.960253],[-115.155721,35.959427],[-115.155721,35.959345],[-115.156826,35.959302]]],[[[-115.163525,35.960877],[-115.161291,35.960959],[-115.161285,35.960043],[-115.161386,35.960039],[-115.162384,35.960001],[-115.163383,35.959964],[-115.163518,35.959959],[-115.163525,35.960877]]],[[[-115.154676,35.968455],[-115.154507,35.96845],[-115.152464,35.968394],[-115.152459,35.967482],[-115.15256,35.967485],[-115.153564,35.967515],[-115.1545,35.967543],[-115.15467,35.967548],[-115.154676,35.968455]]],[[[-115.154683,35.969362],[-115.154676,35.968455],[-115.156888,35.968398],[-115.156902,35.969307],[-115.156782,35.96931],[-115.155787,35.969335],[-115.155789,35.970092],[-115.155789,35.970106],[-115.155789,35.970243],[-115.155041,35.97026],[-115.154689,35.970268],[-115.154689,35.970266],[-115.154689,35.970256],[-115.154689,35.970253],[-115.154689,35.97025],[-115.154689,35.970202],[-115.154689,35.970188],[-115.154688,35.970131],[-115.154688,35.970093],[-115.154684,35.969542],[-115.154684,35.969487],[-115.154683,35.969362]]],[[[-115.005912,36.053968],[-115.005127,36.053679],[-115.004335,36.053356],[-115.003244,36.052889],[-115.002684,36.05264],[-115.001572,36.052145],[-115.000806,36.051755],[-115.000058,36.051389],[-114.999816,36.051254],[-114.998841,36.050746],[-114.998781,36.050716],[-114.998659,36.050657],[-114.998534,36.050602],[-114.998471,36.050575],[-114.998408,36.05055],[-114.998279,36.050502],[-114.998213,36.050479],[-114.998082,36.050437],[-114.998015,36.050417],[-114.997881,36.05038],[-114.997745,36.050347],[-114.997676,36.050332],[-114.997539,36.050304],[-114.997469,36.050292],[-114.99733,36.050271],[-114.99719,36.050254],[-114.997119,36.050246],[-114.996978,36.050235],[-114.996907,36.050231],[-114.996766,36.050225],[-114.996624,36.050224],[-114.996553,36.050225],[-114.996411,36.050229],[-114.99634,36.050233],[-114.99627,36.050238],[-114.996129,36.050251],[-114.995988,36.050267],[-114.995918,36.050277],[-114.995849,36.050288],[-114.995753,36.050305],[-114.994927,36.050456],[-114.994796,36.050339],[-114.993869,36.049515],[-114.993872,36.049212],[-114.993873,36.049111],[-114.993551,36.048825],[-114.992393,36.047795],[-114.989494,36.0452],[-114.989305,36.045032],[-114.988979,36.04333],[-114.9888,36.042376],[-114.988642,36.041533],[-114.988432,36.041328],[-114.98832,36.040743],[-114.988265,36.040457],[-114.988264,36.040449],[-114.988262,36.040441],[-114.988232,36.040286],[-114.98848,36.040254],[-114.993612,36.039604],[-114.994005,36.039554],[-114.99576,36.039332],[-114.998037,36.039043],[-114.998025,36.038978],[-114.997454,36.036006],[-114.997424,36.035849],[-114.998913,36.035646],[-115.000329,36.03546],[-115.002901,36.035122],[-115.002958,36.035115],[-115.002957,36.034949],[-115.003696,36.034856],[-115.00389,36.03483],[-115.005754,36.034589],[-115.005859,36.034757],[-115.006264,36.036862],[-115.008579,36.036569],[-115.008443,36.035861],[-115.008677,36.035831],[-115.008855,36.035881],[-115.009005,36.035907],[-115.009158,36.03592],[-115.009261,36.035922],[-115.009363,36.035918],[-115.009568,36.035895],[-115.011228,36.03568],[-115.01151,36.035659],[-115.01168,36.035657],[-115.011819,36.03566],[-115.012003,36.035671],[-115.012358,36.038794],[-115.01433,36.038636],[-115.017631,36.03861],[-115.017652,36.038647],[-115.017697,36.038885],[-115.017884,36.038825],[-115.018857,36.038517],[-115.018986,36.03865],[-115.018077,36.038939],[-115.018062,36.038942],[-115.017941,36.038977],[-115.018004,36.039201],[-115.018059,36.03945],[-115.019122,36.045089],[-115.018987,36.045107],[-115.018446,36.045177],[-115.018253,36.045602],[-115.017743,36.046718],[-115.017743,36.046719],[-115.017672,36.046874],[-115.017175,36.047958],[-115.017175,36.047959],[-115.016592,36.04923],[-115.016517,36.049394],[-115.016497,36.049438],[-115.015314,36.052007],[-115.015116,36.052435],[-115.014218,36.052228],[-115.014192,36.052857],[-115.014176,36.053206],[-115.011342,36.053182],[-115.011341,36.053202],[-115.015159,36.055311],[-115.015174,36.056323],[-115.015174,36.056331],[-115.015174,36.056378],[-115.015176,36.056461],[-115.015177,36.056516],[-115.013822,36.056485],[-115.013544,36.056458],[-115.013335,36.056432],[-115.013154,36.056395],[-115.012949,36.056346],[-115.012664,36.056274],[-115.01123,36.0558],[-115.007953,36.054706],[-115.006722,36.054279],[-115.005912,36.053968]]],[[[-115.01147,36.070991],[-115.011712,36.070991],[-115.011651,36.072397],[-115.011583,36.072574],[-115.011563,36.072767],[-115.011496,36.074526],[-115.011368,36.074527],[-115.008439,36.074553],[-115.007047,36.074563],[-115.00495,36.07458],[-115.004959,36.073603],[-115.005568,36.073603],[-115.005572,36.073191],[-115.006012,36.073191],[-115.00602,36.072478],[-115.008486,36.072488],[-115.008505,36.071637],[-115.008517,36.071129],[-115.008518,36.071047],[-115.00852,36.070992],[-115.011262,36.070991],[-115.011345,36.070991],[-115.01147,36.070991]]],[[[-115.213025,36.151769],[-115.212465,36.151768],[-115.212461,36.15086],[-115.212563,36.150862],[-115.213019,36.150864],[-115.21306,36.150865],[-115.213542,36.150867],[-115.213546,36.15127],[-115.213476,36.15127],[-115.213058,36.151269],[-115.213021,36.151269],[-115.213024,36.15166],[-115.213025,36.151769]]],[[[-115.216173,36.151271],[-115.21618,36.151667],[-115.216182,36.151777],[-115.215691,36.151776],[-115.215705,36.151666],[-115.215703,36.151276],[-115.216035,36.151272],[-115.216173,36.151271]]],[[[-115.216311,36.15127],[-115.216173,36.151271],[-115.21617,36.151151],[-115.216165,36.150868],[-115.21569,36.150866],[-115.214721,36.150862],[-115.214619,36.150866],[-115.214611,36.150034],[-115.21461,36.14994],[-115.213716,36.149942],[-115.213527,36.149943],[-115.213531,36.15003],[-115.213539,36.150411],[-115.213062,36.150407],[-115.21299,36.150406],[-115.21256,36.150404],[-115.212458,36.150402],[-115.212455,36.149982],[-115.212455,36.149948],[-115.212455,36.149945],[-115.212454,36.149937],[-115.212454,36.149873],[-115.212444,36.149027],[-115.212444,36.149019],[-115.212441,36.148117],[-115.213017,36.148114],[-115.213509,36.148111],[-115.213859,36.148108],[-115.214593,36.148101],[-115.214593,36.148101],[-115.214593,36.148101],[-115.21459,36.147746],[-115.214587,36.147456],[-115.214485,36.147456],[-115.213854,36.147464],[-115.213853,36.147185],[-115.214483,36.147181],[-115.214584,36.14718],[-115.214582,36.146902],[-115.213852,36.146907],[-115.213851,36.146629],[-115.214478,36.146624],[-115.214579,36.146622],[-115.214576,36.146257],[-115.214681,36.146256],[-115.215153,36.146253],[-115.215631,36.146249],[-115.215995,36.146244],[-115.21609,36.146243],[-115.216095,36.1467],[-115.2166,36.146696],[-115.216735,36.146686],[-115.216744,36.147669],[-115.216877,36.147666],[-115.217401,36.147661],[-115.217813,36.147659],[-115.217813,36.147457],[-115.217812,36.147147],[-115.21781,36.146731],[-115.217809,36.146308],[-115.217808,36.146218],[-115.217808,36.146218],[-115.217803,36.145835],[-115.217802,36.145756],[-115.217802,36.145755],[-115.218005,36.145752],[-115.218007,36.145893],[-115.218063,36.145895],[-115.218129,36.145898],[-115.218264,36.145953],[-115.218336,36.146004],[-115.218358,36.146019],[-115.21836,36.146148],[-115.218499,36.146146],[-115.218784,36.146143],[-115.218885,36.146141],[-115.218887,36.146205],[-115.219949,36.146192],[-115.219967,36.146193],[-115.220064,36.146192],[-115.221044,36.146178],[-115.221053,36.146614],[-115.221154,36.146614],[-115.221205,36.146614],[-115.221633,36.146612],[-115.221618,36.146171],[-115.221617,36.146138],[-115.222101,36.146131],[-115.222102,36.146165],[-115.223084,36.146151],[-115.223187,36.14615],[-115.223213,36.146892],[-115.223226,36.147225],[-115.223325,36.147224],[-115.224307,36.147217],[-115.224295,36.146851],[-115.225216,36.146834],[-115.225385,36.14683],[-115.225395,36.147061],[-115.225434,36.148015],[-115.225267,36.148016],[-115.224338,36.148024],[-115.224009,36.148027],[-115.224011,36.14811],[-115.224021,36.148396],[-115.224032,36.148679],[-115.224042,36.148969],[-115.224388,36.148969],[-115.224402,36.149392],[-115.224417,36.149825],[-115.224417,36.149828],[-115.224417,36.149828],[-115.22442,36.14991],[-115.22332,36.149913],[-115.223323,36.149995],[-115.223338,36.15042],[-115.223354,36.150841],[-115.223368,36.151255],[-115.223266,36.151255],[-115.222818,36.151258],[-115.222821,36.15168],[-115.222821,36.151789],[-115.223284,36.15179],[-115.223392,36.15179],[-115.223397,36.15179],[-115.223406,36.15179],[-115.223488,36.151791],[-115.223534,36.151791],[-115.223611,36.151791],[-115.224482,36.151794],[-115.224482,36.151794],[-115.224482,36.151794],[-115.224498,36.151903],[-115.22451,36.152241],[-115.224562,36.153601],[-115.224567,36.153685],[-115.224571,36.153767],[-115.224586,36.154189],[-115.224593,36.154366],[-115.224595,36.154443],[-115.224602,36.154613],[-115.224605,36.154808],[-115.224614,36.155044],[-115.224624,36.155314],[-115.22463,36.155466],[-115.224634,36.15557],[-115.224634,36.15557],[-115.224442,36.15557],[-115.224158,36.155569],[-115.224129,36.155569],[-115.223619,36.155568],[-115.223518,36.155568],[-115.223411,36.155579],[-115.222397,36.155576],[-115.222402,36.155657],[-115.222418,36.156153],[-115.222418,36.156215],[-115.222427,36.156513],[-115.221917,36.156512],[-115.221408,36.156512],[-115.221305,36.156515],[-115.221325,36.157372],[-115.221326,36.157459],[-115.220207,36.157461],[-115.219646,36.157462],[-115.219091,36.157461],[-115.219102,36.15798],[-115.21899,36.157975],[-115.217986,36.157975],[-115.217966,36.157975],[-115.217963,36.157481],[-115.217963,36.157464],[-115.217962,36.15737],[-115.217585,36.15737],[-115.216969,36.157369],[-115.216832,36.157368],[-115.216831,36.157311],[-115.216832,36.156966],[-115.216833,36.156688],[-115.216963,36.156694],[-115.217455,36.156694],[-115.217581,36.156694],[-115.217946,36.156696],[-115.21794,36.156367],[-115.217931,36.156026],[-115.217439,36.156031],[-115.217436,36.155654],[-115.217437,36.155563],[-115.217936,36.155565],[-115.21845,36.155566],[-115.218448,36.155651],[-115.218454,36.156104],[-115.218963,36.156104],[-115.219065,36.156107],[-115.219063,36.156037],[-115.21906,36.15587],[-115.219054,36.155567],[-115.219048,36.15525],[-115.219039,36.154786],[-115.218938,36.154786],[-115.217926,36.154783],[-115.217922,36.154622],[-115.217922,36.154612],[-115.21792,36.154411],[-115.21792,36.154397],[-115.218929,36.154398],[-115.21903,36.154399],[-115.219026,36.15415],[-115.219023,36.15401],[-115.218922,36.154011],[-115.218477,36.15401],[-115.217915,36.154009],[-115.217913,36.153831],[-115.217912,36.153753],[-115.217904,36.153671],[-115.217895,36.153588],[-115.217892,36.153161],[-115.217889,36.153014],[-115.217891,36.152735],[-115.216928,36.152728],[-115.216794,36.152722],[-115.216793,36.152592],[-115.216791,36.152445],[-115.216788,36.152093],[-115.216786,36.151886],[-115.216785,36.151778],[-115.21678,36.151268],[-115.216645,36.151267],[-115.216311,36.15127]]],[[[-115.170545,36.189387],[-115.17078,36.189388],[-115.170779,36.189843],[-115.169831,36.18984],[-115.16983,36.18984],[-115.169832,36.189386],[-115.169832,36.189386],[-115.169934,36.189385],[-115.170545,36.189387]]],[[[-115.170847,36.189388],[-115.171256,36.189387],[-115.171254,36.189845],[-115.170844,36.189843],[-115.170847,36.189388]]],[[[-115.216759,36.188267],[-115.216206,36.188251],[-115.216206,36.188141],[-115.216204,36.1878],[-115.216201,36.187448],[-115.2162,36.187096],[-115.216667,36.187095],[-115.216752,36.187096],[-115.216749,36.186771],[-115.216664,36.186771],[-115.216197,36.186775],[-115.216195,36.186413],[-115.216191,36.186063],[-115.216188,36.185726],[-115.216658,36.185722],[-115.216742,36.185722],[-115.21674,36.185376],[-115.216656,36.185376],[-115.216189,36.185377],[-115.216189,36.185225],[-115.216186,36.185025],[-115.216186,36.185019],[-115.216184,36.184679],[-115.216183,36.184596],[-115.216735,36.184596],[-115.216914,36.184597],[-115.217009,36.184597],[-115.217016,36.184597],[-115.217287,36.184598],[-115.217473,36.184598],[-115.217677,36.1846],[-115.217702,36.1846],[-115.217732,36.1846],[-115.217834,36.1846],[-115.217943,36.184601],[-115.21801,36.184601],[-115.218181,36.1846],[-115.2184,36.184602],[-115.218416,36.184602],[-115.21866,36.184604],[-115.218863,36.184605],[-115.2189,36.184605],[-115.218947,36.184606],[-115.219041,36.184606],[-115.219301,36.184606],[-115.219503,36.184607],[-115.219504,36.184688],[-115.219508,36.184796],[-115.219133,36.1848],[-115.219073,36.184825],[-115.219056,36.184808],[-115.219048,36.184802],[-115.219028,36.18479],[-115.219005,36.184781],[-115.218988,36.184777],[-115.218965,36.184773],[-115.21895,36.184773],[-115.21893,36.184774],[-115.218912,36.184779],[-115.218897,36.184783],[-115.218886,36.184787],[-115.218877,36.184792],[-115.218868,36.184797],[-115.218856,36.184806],[-115.218843,36.184816],[-115.218831,36.184829],[-115.218769,36.1848],[-115.218395,36.184802],[-115.218394,36.184992],[-115.218868,36.184987],[-115.218953,36.184994],[-115.21951,36.184987],[-115.21951,36.185015],[-115.219517,36.185184],[-115.218956,36.185195],[-115.218878,36.185179],[-115.2184,36.18519],[-115.2184,36.185329],[-115.218401,36.185382],[-115.218959,36.185371],[-115.218962,36.185569],[-115.218404,36.185582],[-115.218406,36.185695],[-115.218407,36.185775],[-115.218411,36.186054],[-115.218411,36.186079],[-115.218412,36.18609],[-115.218415,36.186265],[-115.218417,36.186411],[-115.218417,36.186454],[-115.218417,36.186476],[-115.21842,36.186644],[-115.21842,36.18677],[-115.217976,36.18677],[-115.217869,36.186768],[-115.217768,36.186769],[-115.217304,36.186771],[-115.217314,36.187084],[-115.217314,36.187118],[-115.217316,36.187367],[-115.217316,36.187395],[-115.216844,36.187399],[-115.216757,36.187399],[-115.216757,36.1874],[-115.216762,36.187793],[-115.216849,36.187793],[-115.217318,36.187794],[-115.217318,36.187816],[-115.217781,36.187811],[-115.217884,36.18781],[-115.217884,36.187845],[-115.217889,36.188192],[-115.217892,36.188299],[-115.217324,36.188284],[-115.216759,36.188267]]],[[[-115.215862,36.188879],[-115.21586,36.188879],[-115.215642,36.188877],[-115.215186,36.188871],[-115.215085,36.188871],[-115.21509,36.188665],[-115.215189,36.188668],[-115.215446,36.188677],[-115.21545,36.188333],[-115.215451,36.188305],[-115.215455,36.188227],[-115.215711,36.188234],[-115.215711,36.188309],[-115.21571,36.18834],[-115.215706,36.188684],[-115.215865,36.188688],[-115.215862,36.188832],[-115.215862,36.188864],[-115.215862,36.188879]]],[[[-115.22472,36.20995],[-115.22462,36.209949],[-115.22459,36.209949],[-115.224162,36.209947],[-115.223768,36.209946],[-115.223377,36.209946],[-115.222992,36.209947],[-115.222601,36.209946],[-115.222214,36.209945],[-115.221832,36.209944],[-115.221457,36.209944],[-115.221075,36.209945],[-115.220696,36.209944],[-115.220346,36.209943],[-115.22025,36.209944],[-115.220141,36.209944],[-115.219708,36.209944],[-115.21932,36.209942],[-115.218933,36.20994],[-115.218748,36.209937],[-115.218547,36.209936],[-115.218157,36.209934],[-115.21774,36.209932],[-115.217365,36.209931],[-115.21698,36.20993],[-115.216601,36.209929],[-115.216219,36.209928],[-115.215904,36.209925],[-115.215876,36.209925],[-115.21577,36.209925],[-115.215692,36.209373],[-115.215604,36.208753],[-115.215522,36.208174],[-115.215521,36.208171],[-115.215345,36.207001],[-115.215257,36.206419],[-115.215356,36.20642],[-115.21539,36.20642],[-115.215611,36.206423],[-115.215711,36.206424],[-115.215799,36.206425],[-115.215987,36.206427],[-115.216073,36.206428],[-115.216174,36.206429],[-115.216362,36.206431],[-115.216431,36.206431],[-115.21655,36.206433],[-115.216738,36.206434],[-115.216793,36.206435],[-115.216926,36.206437],[-115.217116,36.206439],[-115.217156,36.20644],[-115.217304,36.206441],[-115.217485,36.206443],[-115.217503,36.206443],[-115.217514,36.206443],[-115.218003,36.206448],[-115.218482,36.206452],[-115.218848,36.206456],[-115.219221,36.206461],[-115.219598,36.206464],[-115.219727,36.206464],[-115.219957,36.206466],[-115.220045,36.206467],[-115.220036,36.207048],[-115.220527,36.207049],[-115.220528,36.20698],[-115.22054,36.206472],[-115.220718,36.206475],[-115.220901,36.206476],[-115.220957,36.206476],[-115.221184,36.206479],[-115.221263,36.20648],[-115.22142,36.206482],[-115.22162,36.206483],[-115.221645,36.206483],[-115.221877,36.206486],[-115.221951,36.206487],[-115.221979,36.206487],[-115.222104,36.20649],[-115.222336,36.206493],[-115.222348,36.206493],[-115.222565,36.206494],[-115.222713,36.206495],[-115.222805,36.206495],[-115.223037,36.206498],[-115.223084,36.206498],[-115.223497,36.206501],[-115.223515,36.206501],[-115.223652,36.206502],[-115.224029,36.206505],[-115.224099,36.206505],[-115.224199,36.206506],[-115.225342,36.206545],[-115.225348,36.206626],[-115.225386,36.207006],[-115.2249,36.206992],[-115.224439,36.20698],[-115.224272,36.206975],[-115.224332,36.207374],[-115.224332,36.207374],[-115.224348,36.207478],[-115.224246,36.207478],[-115.224226,36.207478],[-115.224179,36.207478],[-115.223666,36.207478],[-115.22307,36.207478],[-115.223069,36.207659],[-115.223067,36.207873],[-115.223064,36.208149],[-115.223064,36.208218],[-115.223499,36.208221],[-115.223972,36.208223],[-115.224295,36.208226],[-115.224462,36.208227],[-115.22459,36.209083],[-115.224638,36.209399],[-115.22472,36.20995]]],[[[-115.327226,36.218633],[-115.327225,36.218518],[-115.327224,36.218382],[-115.327224,36.218381],[-115.32734,36.218381],[-115.327521,36.218383],[-115.327713,36.218384],[-115.328039,36.218386],[-115.32838,36.218388],[-115.32848,36.218389],[-115.328657,36.21839],[-115.329273,36.218394],[-115.329536,36.218396],[-115.329538,36.218534],[-115.329548,36.219279],[-115.328752,36.219276],[-115.328352,36.219274],[-115.327818,36.219272],[-115.327801,36.219272],[-115.327434,36.21927],[-115.32723,36.21927],[-115.327228,36.21905],[-115.327226,36.218725],[-115.327226,36.218633]]],[[[-115.307191,36.219357],[-115.308665,36.219334],[-115.308665,36.219417],[-115.308666,36.220264],[-115.308673,36.2212],[-115.308572,36.221202],[-115.308247,36.221208],[-115.307964,36.221213],[-115.306955,36.221231],[-115.306806,36.221234],[-115.306527,36.221239],[-115.306391,36.221242],[-115.30638,36.220303],[-115.306372,36.21937],[-115.306508,36.219368],[-115.307191,36.219357]]],[[[-115.262238,36.225617],[-115.262231,36.22526],[-115.262225,36.224906],[-115.262223,36.224795],[-115.262747,36.224809],[-115.262848,36.224812],[-115.262861,36.225744],[-115.262235,36.225727],[-115.262238,36.225617]]],[[[-115.258282,36.225674],[-115.25711,36.22567],[-115.25711,36.225555],[-115.257112,36.224745],[-115.255988,36.224742],[-115.255973,36.223802],[-115.257113,36.223813],[-115.258147,36.223816],[-115.258249,36.223817],[-115.258264,36.224742],[-115.260549,36.224749],[-115.260564,36.22568],[-115.259423,36.225677],[-115.258282,36.225674]]],[[[-115.234383,36.215064],[-115.233843,36.215027],[-115.233805,36.214505],[-115.233934,36.214499],[-115.234313,36.214526],[-115.234433,36.214534],[-115.23439,36.214997],[-115.234383,36.215064]]],[[[-115.259381,36.222892],[-115.258861,36.222888],[-115.258344,36.222888],[-115.258244,36.222883],[-115.258147,36.22288],[-115.258128,36.22288],[-115.257641,36.222876],[-115.257399,36.222876],[-115.257119,36.222874],[-115.256956,36.222873],[-115.256604,36.222872],[-115.25652,36.222871],[-115.256073,36.222869],[-115.255965,36.22287],[-115.255963,36.222766],[-115.255954,36.22203],[-115.255951,36.221947],[-115.255947,36.221871],[-115.255932,36.221027],[-115.256044,36.221027],[-115.257082,36.221025],[-115.257075,36.220596],[-115.257068,36.220173],[-115.257069,36.220146],[-115.257069,36.220099],[-115.258204,36.220099],[-115.258204,36.220148],[-115.258203,36.220148],[-115.258202,36.220176],[-115.258221,36.221029],[-115.258236,36.221872],[-115.258236,36.221954],[-115.258876,36.221953],[-115.259375,36.221957],[-115.259376,36.222037],[-115.259376,36.222045],[-115.259378,36.222461],[-115.259378,36.222467],[-115.259379,36.222585],[-115.259381,36.222892]]],[[[-115.225241,36.213395],[-115.22523,36.213319],[-115.225156,36.21283],[-115.225111,36.212533],[-115.225272,36.212543],[-115.225648,36.212566],[-115.225648,36.212567],[-115.225764,36.213348],[-115.225777,36.213429],[-115.225503,36.213412],[-115.225241,36.213395]]],[[[-115.224805,36.210513],[-115.22472,36.20995],[-115.225806,36.210003],[-115.225807,36.20992],[-115.225803,36.209892],[-115.2258,36.209876],[-115.225794,36.209827],[-115.22575,36.209513],[-115.225737,36.20942],[-115.225712,36.209243],[-115.225701,36.209167],[-115.225697,36.209134],[-115.225687,36.209065],[-115.225662,36.208888],[-115.225642,36.208744],[-115.225637,36.20871],[-115.225613,36.208533],[-115.22559,36.208372],[-115.225588,36.208355],[-115.225576,36.208272],[-115.225112,36.208253],[-115.225078,36.208167],[-115.225026,36.207769],[-115.225497,36.207798],[-115.225497,36.207796],[-115.22544,36.207411],[-115.225947,36.207429],[-115.226459,36.207449],[-115.226562,36.207452],[-115.226613,36.207853],[-115.226673,36.208315],[-115.227775,36.208359],[-115.227767,36.208275],[-115.22773,36.207891],[-115.22769,36.207496],[-115.228196,36.207514],[-115.228711,36.207535],[-115.228749,36.207535],[-115.228815,36.207537],[-115.228859,36.207936],[-115.228911,36.208405],[-115.228946,36.208738],[-115.229004,36.209291],[-115.228907,36.209287],[-115.228903,36.209287],[-115.228882,36.209286],[-115.228708,36.209278],[-115.228488,36.209268],[-115.228437,36.209266],[-115.228418,36.209266],[-115.228145,36.209253],[-115.227892,36.209241],[-115.227708,36.209231],[-115.227392,36.209214],[-115.22739,36.209214],[-115.22717,36.209203],[-115.226914,36.209191],[-115.22691,36.209191],[-115.226909,36.209191],[-115.226894,36.20919],[-115.226889,36.20919],[-115.226786,36.209185],[-115.226834,36.209551],[-115.22687,36.209823],[-115.226899,36.210047],[-115.226899,36.210056],[-115.226904,36.210057],[-115.227998,36.210107],[-115.228006,36.210182],[-115.228006,36.210188],[-115.228008,36.210208],[-115.228009,36.21022],[-115.228014,36.210267],[-115.228046,36.210572],[-115.228056,36.210678],[-115.228087,36.210979],[-115.228242,36.210987],[-115.228606,36.211005],[-115.228617,36.211005],[-115.228826,36.211016],[-115.229058,36.211027],[-115.229072,36.211028],[-115.229079,36.211028],[-115.229178,36.211032],[-115.229181,36.211033],[-115.229284,36.211037],[-115.229292,36.211037],[-115.229304,36.211038],[-115.229494,36.211048],[-115.229614,36.211054],[-115.229714,36.211059],[-115.229782,36.211063],[-115.229933,36.211071],[-115.230153,36.211082],[-115.230255,36.211087],[-115.230409,36.211094],[-115.230721,36.211109],[-115.230813,36.211114],[-115.231261,36.211137],[-115.231362,36.211143],[-115.231448,36.212028],[-115.230388,36.21197],[-115.230397,36.212055],[-115.230438,36.212459],[-115.230476,36.212859],[-115.230959,36.212889],[-115.231445,36.212918],[-115.231551,36.212925],[-115.231587,36.213325],[-115.231623,36.213724],[-115.23163,36.213807],[-115.231468,36.213797],[-115.230566,36.213739],[-115.229488,36.213669],[-115.229433,36.213187],[-115.229388,36.212791],[-115.22928,36.212784],[-115.228846,36.212757],[-115.228811,36.212755],[-115.228303,36.212724],[-115.228336,36.212986],[-115.228352,36.213122],[-115.228892,36.213154],[-115.228939,36.213549],[-115.228941,36.213549],[-115.22895,36.213634],[-115.228413,36.213599],[-115.227373,36.213534],[-115.226304,36.213464],[-115.226293,36.213381],[-115.226238,36.213001],[-115.226177,36.212598],[-115.22593,36.212583],[-115.225919,36.2125],[-115.22587,36.212153],[-115.226541,36.212193],[-115.226476,36.211764],[-115.226056,36.21174],[-115.225674,36.211722],[-115.225601,36.211717],[-115.225147,36.211692],[-115.224982,36.211686],[-115.224954,36.21151],[-115.224915,36.21125],[-115.225082,36.211258],[-115.225532,36.21128],[-115.225997,36.211303],[-115.225936,36.210869],[-115.225467,36.210847],[-115.225395,36.210842],[-115.225013,36.210823],[-115.22485,36.210815],[-115.224805,36.210513]]],[[[-115.222902,36.216883],[-115.221283,36.216908],[-115.221271,36.216825],[-115.221016,36.215165],[-115.221,36.215062],[-115.220994,36.215018],[-115.220966,36.214827],[-115.220954,36.214761],[-115.220939,36.214638],[-115.22091,36.214448],[-115.220906,36.214427],[-115.22088,36.214253],[-115.220857,36.214092],[-115.220853,36.214063],[-115.220827,36.213876],[-115.220807,36.213752],[-115.220758,36.213424],[-115.221314,36.21342],[-115.221866,36.213418],[-115.222433,36.213413],[-115.222501,36.213412],[-115.222995,36.213409],[-115.223043,36.213737],[-115.223093,36.214074],[-115.223122,36.21427],[-115.223143,36.214409],[-115.223188,36.214709],[-115.223193,36.214745],[-115.223244,36.215083],[-115.223244,36.215088],[-115.223253,36.215142],[-115.223262,36.215142],[-115.223262,36.215147],[-115.223445,36.216366],[-115.223345,36.216364],[-115.222827,36.216368],[-115.22288,36.216744],[-115.222889,36.216801],[-115.222902,36.216883]]],[[[-115.215604,36.190222],[-115.215152,36.190215],[-115.215049,36.190215],[-115.21506,36.18983],[-115.215162,36.189831],[-115.215614,36.18984],[-115.215614,36.18983],[-115.215621,36.189643],[-115.215622,36.189602],[-115.215624,36.189449],[-115.215628,36.18938],[-115.215632,36.18926],[-115.215635,36.189156],[-115.216087,36.189163],[-115.216195,36.189167],[-115.216183,36.189666],[-115.216172,36.190121],[-115.216168,36.190283],[-115.216053,36.190282],[-115.215604,36.190269],[-115.215604,36.190222]]],[[[-115.187872,36.192069],[-115.187427,36.192071],[-115.187426,36.19199],[-115.187427,36.191768],[-115.187873,36.191772],[-115.187878,36.190862],[-115.18788,36.190576],[-115.189182,36.192005],[-115.189119,36.192035],[-115.189069,36.192049],[-115.189015,36.192057],[-115.188946,36.19206],[-115.187872,36.192069]]],[[[-115.185611,36.191992],[-115.185609,36.191653],[-115.185885,36.191649],[-115.185885,36.191992],[-115.185883,36.192074],[-115.185611,36.192074],[-115.185611,36.191992]]],[[[-115.194658,36.195146],[-115.194661,36.194691],[-115.194192,36.194696],[-115.194091,36.194697],[-115.194093,36.194249],[-115.194094,36.193797],[-115.193993,36.193798],[-115.193525,36.193804],[-115.193524,36.194255],[-115.193522,36.194255],[-115.19347,36.194256],[-115.193058,36.19426],[-115.192957,36.194261],[-115.192957,36.194028],[-115.192958,36.19381],[-115.192872,36.193808],[-115.1924,36.193812],[-115.192403,36.193449],[-115.192403,36.193436],[-115.192405,36.193367],[-115.192405,36.193285],[-115.192407,36.193028],[-115.192407,36.192911],[-115.192409,36.192683],[-115.19241,36.192459],[-115.192412,36.192235],[-115.192413,36.192013],[-115.192415,36.191785],[-115.192417,36.191561],[-115.19242,36.191023],[-115.192419,36.19094],[-115.192346,36.190936],[-115.192284,36.190922],[-115.192215,36.190909],[-115.192134,36.190899],[-115.192052,36.190894],[-115.191969,36.190899],[-115.191884,36.190914],[-115.191856,36.190921],[-115.191791,36.190939],[-115.191714,36.190971],[-115.191559,36.191063],[-115.191235,36.191259],[-115.191004,36.191407],[-115.190912,36.191456],[-115.190826,36.191498],[-115.190759,36.191525],[-115.190725,36.191471],[-115.190664,36.191393],[-115.190504,36.191215],[-115.189579,36.190186],[-115.189467,36.190067],[-115.189408,36.190021],[-115.18934,36.189985],[-115.189341,36.189915],[-115.189352,36.189853],[-115.189375,36.189798],[-115.189389,36.189756],[-115.189396,36.189713],[-115.189457,36.189709],[-115.189816,36.189703],[-115.190155,36.189698],[-115.190153,36.189629],[-115.190164,36.189077],[-115.189826,36.189084],[-115.189391,36.18909],[-115.189398,36.188482],[-115.1895,36.188482],[-115.189673,36.188478],[-115.189814,36.188475],[-115.190128,36.188468],[-115.191531,36.188439],[-115.191531,36.188519],[-115.191531,36.188547],[-115.191523,36.189055],[-115.191515,36.189331],[-115.191722,36.189329],[-115.191719,36.189052],[-115.191716,36.188913],[-115.191863,36.188911],[-115.192187,36.188907],[-115.192272,36.188906],[-115.192276,36.189067],[-115.192362,36.189066],[-115.192394,36.189065],[-115.192756,36.189059],[-115.192745,36.188527],[-115.192743,36.188415],[-115.193084,36.188409],[-115.193084,36.188521],[-115.193095,36.189053],[-115.193434,36.189047],[-115.193423,36.188516],[-115.193422,36.188404],[-115.19609,36.188361],[-115.196225,36.188359],[-115.196332,36.188357],[-115.197001,36.188346],[-115.197,36.188456],[-115.196997,36.188742],[-115.196995,36.188986],[-115.196995,36.188992],[-115.196993,36.189072],[-115.19699,36.189252],[-115.196989,36.189315],[-115.196987,36.189521],[-115.196986,36.189564],[-115.196985,36.189605],[-115.196986,36.189685],[-115.196983,36.189814],[-115.196982,36.189961],[-115.19698,36.190062],[-115.196979,36.190237],[-115.196978,36.19031],[-115.196975,36.190513],[-115.196974,36.190556],[-115.196972,36.190791],[-115.196971,36.190806],[-115.19697,36.190873],[-115.19697,36.190946],[-115.19697,36.190956],[-115.196966,36.191239],[-115.196963,36.191501],[-115.196963,36.191679],[-115.19696,36.19176],[-115.196957,36.191955],[-115.196956,36.192024],[-115.196957,36.192031],[-115.196955,36.192269],[-115.196952,36.192407],[-115.196952,36.192517],[-115.196948,36.192773],[-115.196947,36.192859],[-115.196946,36.193034],[-115.196941,36.193296],[-115.196942,36.193316],[-115.196937,36.193761],[-115.196935,36.193862],[-115.196934,36.193998],[-115.19693,36.194219],[-115.196928,36.19446],[-115.196925,36.194668],[-115.196923,36.194715],[-115.196921,36.194962],[-115.196919,36.195119],[-115.196918,36.195219],[-115.196915,36.195457],[-115.196915,36.195482],[-115.196914,36.195566],[-115.19636,36.195571],[-115.19521,36.195581],[-115.194664,36.195586],[-115.194656,36.195478],[-115.194658,36.195146]]],[[[-115.211966,36.188211],[-115.212146,36.188211],[-115.212145,36.188293],[-115.212143,36.18832],[-115.212123,36.189041],[-115.21212,36.189124],[-115.211779,36.189124],[-115.211474,36.189123],[-115.211439,36.189123],[-115.211087,36.189124],[-115.21109,36.189041],[-115.211109,36.188317],[-115.211108,36.18829],[-115.211109,36.188208],[-115.211457,36.188209],[-115.211793,36.18821],[-115.211966,36.188211]]],[[[-115.185616,36.195657],[-115.183938,36.195666],[-115.183349,36.195674],[-115.183349,36.19559],[-115.183353,36.194552],[-115.183353,36.194482],[-115.183354,36.194409],[-115.18335,36.194166],[-115.183352,36.193846],[-115.183352,36.193776],[-115.183812,36.193777],[-115.183815,36.193351],[-115.183815,36.193288],[-115.184031,36.193287],[-115.184448,36.193286],[-115.184553,36.193286],[-115.184644,36.193285],[-115.185037,36.193285],[-115.18519,36.193285],[-115.185428,36.193287],[-115.185424,36.193352],[-115.18542,36.193882],[-115.185417,36.194414],[-115.185555,36.194414],[-115.185554,36.194482],[-115.186675,36.194477],[-115.186766,36.194546],[-115.186764,36.194967],[-115.186765,36.195522],[-115.186765,36.195577],[-115.186763,36.195664],[-115.186725,36.195664],[-115.186176,36.195665],[-115.186174,36.195667],[-115.185971,36.195664],[-115.185616,36.195657]]],[[[-115.179033,36.19569],[-115.178848,36.195691],[-115.178848,36.195608],[-115.17885,36.194931],[-115.17895,36.194931],[-115.179074,36.194932],[-115.1793,36.194933],[-115.1793,36.194667],[-115.1793,36.194398],[-115.179301,36.194264],[-115.179301,36.194131],[-115.179301,36.193864],[-115.179942,36.19386],[-115.179945,36.195618],[-115.179944,36.195618],[-115.179944,36.195686],[-115.179033,36.19569]]],[[[-115.215691,36.194425],[-115.215697,36.194142],[-115.215088,36.194143],[-115.215056,36.194143],[-115.214963,36.194135],[-115.214969,36.193921],[-115.21498,36.193209],[-115.214986,36.192892],[-115.214988,36.192817],[-115.215092,36.192817],[-115.215129,36.192818],[-115.215724,36.192832],[-115.215731,36.192552],[-115.215134,36.192542],[-115.215098,36.192542],[-115.214994,36.192542],[-115.21501,36.191912],[-115.215015,36.191568],[-115.215037,36.190776],[-115.215042,36.19058],[-115.215144,36.19058],[-115.215174,36.19058],[-115.215592,36.19059],[-115.215595,36.190493],[-115.21605,36.190507],[-115.216163,36.190507],[-115.216157,36.190754],[-115.216141,36.191399],[-115.216028,36.191398],[-115.21557,36.191388],[-115.215563,36.191602],[-115.215562,36.191616],[-115.216021,36.191622],[-115.216135,36.191623],[-115.216128,36.191935],[-115.216497,36.191943],[-115.216491,36.19229],[-115.216594,36.192292],[-115.217227,36.192301],[-115.217222,36.192575],[-115.217876,36.192589],[-115.217976,36.192591],[-115.217973,36.192729],[-115.217963,36.193148],[-115.217863,36.193146],[-115.217212,36.193128],[-115.217212,36.19314],[-115.217211,36.193226],[-115.217208,36.193364],[-115.217208,36.193406],[-115.217205,36.193661],[-115.217204,36.19369],[-115.217198,36.193937],[-115.217198,36.193948],[-115.217192,36.194207],[-115.217186,36.194438],[-115.216543,36.194426],[-115.216441,36.194424],[-115.216429,36.194979],[-115.216326,36.194979],[-115.215679,36.194974],[-115.215684,36.194707],[-115.215691,36.194425]]],[[[-115.20696,36.19275],[-115.206956,36.193031],[-115.206228,36.193022],[-115.206042,36.193021],[-115.206041,36.193021],[-115.206045,36.192881],[-115.206049,36.192742],[-115.20605,36.192741],[-115.206235,36.192744],[-115.20696,36.19275]]],[[[-115.211311,36.205487],[-115.21121,36.205485],[-115.210719,36.205475],[-115.210197,36.205465],[-115.21019,36.205844],[-115.21018,36.206379],[-115.210177,36.206464],[-115.210165,36.206464],[-115.209028,36.206441],[-115.208539,36.206431],[-115.207764,36.206417],[-115.207767,36.206335],[-115.207777,36.205807],[-115.207002,36.205799],[-115.207017,36.205353],[-115.206999,36.205272],[-115.207001,36.20519],[-115.207017,36.204699],[-115.207367,36.204702],[-115.207383,36.204185],[-115.207382,36.204127],[-115.207239,36.204123],[-115.207241,36.204071],[-115.207259,36.203486],[-115.207261,36.203378],[-115.206888,36.203372],[-115.206761,36.20337],[-115.206743,36.204062],[-115.206741,36.204115],[-115.206498,36.204111],[-115.206501,36.204058],[-115.206501,36.204034],[-115.206515,36.203573],[-115.20652,36.203383],[-115.20652,36.203366],[-115.206526,36.20318],[-115.206534,36.202906],[-115.206535,36.202851],[-115.206535,36.202851],[-115.206536,36.202768],[-115.206761,36.202771],[-115.206764,36.20269],[-115.206764,36.202635],[-115.20678,36.202144],[-115.206405,36.202136],[-115.206417,36.201639],[-115.206419,36.201563],[-115.206419,36.201557],[-115.205816,36.201548],[-115.205822,36.201355],[-115.20583,36.201111],[-115.206,36.201114],[-115.206033,36.201115],[-115.206667,36.201126],[-115.206672,36.200949],[-115.206675,36.200778],[-115.206684,36.200417],[-115.206686,36.200336],[-115.207033,36.200341],[-115.207035,36.200259],[-115.20705,36.199731],[-115.206699,36.199724],[-115.206704,36.199548],[-115.206713,36.199203],[-115.206715,36.199121],[-115.2066,36.19912],[-115.206603,36.199037],[-115.206607,36.198865],[-115.206612,36.198694],[-115.206615,36.198525],[-115.206619,36.198355],[-115.206627,36.198022],[-115.206642,36.197935],[-115.206749,36.197937],[-115.206739,36.197859],[-115.206745,36.19767],[-115.206747,36.19751],[-115.206752,36.197334],[-115.206756,36.197215],[-115.206756,36.197158],[-115.206766,36.196804],[-115.206766,36.196722],[-115.206748,36.196639],[-115.206758,36.196296],[-115.206763,36.196118],[-115.207116,36.196124],[-115.207468,36.19613],[-115.207481,36.195632],[-115.207481,36.195605],[-115.207485,36.195493],[-115.207638,36.195496],[-115.207792,36.195498],[-115.207785,36.195417],[-115.207785,36.195361],[-115.207794,36.194876],[-115.208119,36.194878],[-115.208153,36.194878],[-115.208221,36.194879],[-115.208228,36.194598],[-115.208248,36.193673],[-115.208269,36.192759],[-115.208279,36.192312],[-115.208178,36.192311],[-115.207397,36.192304],[-115.207407,36.192074],[-115.207414,36.191847],[-115.208188,36.191852],[-115.208289,36.191852],[-115.20829,36.191838],[-115.208298,36.191451],[-115.208308,36.190946],[-115.208317,36.190579],[-115.20833,36.190028],[-115.208342,36.189502],[-115.208352,36.189114],[-115.208453,36.189114],[-115.208755,36.189116],[-115.209055,36.189117],[-115.209423,36.189118],[-115.209875,36.189121],[-115.209905,36.189121],[-115.209906,36.189063],[-115.210493,36.189067],[-115.210492,36.189124],[-115.210593,36.189124],[-115.21059,36.189238],[-115.21057,36.190039],[-115.210671,36.19004],[-115.211011,36.190042],[-115.211215,36.190043],[-115.211456,36.190043],[-115.211765,36.190043],[-115.211907,36.190043],[-115.212325,36.190044],[-115.212359,36.190045],[-115.212813,36.190047],[-115.212811,36.190117],[-115.212806,36.190297],[-115.212801,36.190475],[-115.2128,36.190521],[-115.212433,36.190517],[-115.212312,36.190516],[-115.212298,36.190974],[-115.212006,36.190971],[-115.211998,36.191424],[-115.212288,36.191424],[-115.212733,36.191425],[-115.212774,36.191425],[-115.21277,36.191549],[-115.212765,36.19173],[-115.212761,36.191891],[-115.212277,36.191887],[-115.212231,36.191886],[-115.211912,36.191884],[-115.211823,36.191883],[-115.211628,36.191881],[-115.211373,36.191879],[-115.211126,36.191877],[-115.211133,36.191426],[-115.210636,36.191426],[-115.210535,36.191427],[-115.210535,36.191467],[-115.210523,36.191865],[-115.210523,36.191873],[-115.210523,36.191873],[-115.210522,36.191914],[-115.210512,36.192333],[-115.210509,36.192469],[-115.210501,36.192782],[-115.210602,36.19279],[-115.210603,36.19279],[-115.211008,36.192794],[-115.211391,36.192798],[-115.211605,36.1928],[-115.211692,36.1928],[-115.211957,36.192803],[-115.212325,36.192806],[-115.212642,36.19281],[-115.212653,36.19281],[-115.212743,36.192811],[-115.212738,36.193041],[-115.212736,36.193067],[-115.212731,36.19327],[-115.212728,36.19341],[-115.212726,36.193506],[-115.21272,36.193737],[-115.212711,36.1941],[-115.212703,36.194446],[-115.212698,36.194651],[-115.212696,36.194706],[-115.212695,36.194788],[-115.212687,36.195107],[-115.212679,36.195437],[-115.212677,36.195492],[-115.212675,36.19557],[-115.214921,36.195603],[-115.214889,36.196851],[-115.214869,36.19796],[-115.214866,36.198076],[-115.214833,36.199258],[-115.214814,36.199917],[-115.214807,36.200485],[-115.214773,36.201705],[-115.214668,36.201707],[-115.213936,36.201694],[-115.2131,36.201679],[-115.213098,36.201761],[-115.213083,36.202256],[-115.212697,36.202249],[-115.212682,36.20274],[-115.212687,36.202879],[-115.212686,36.202961],[-115.212684,36.203015],[-115.212676,36.203438],[-115.212695,36.203438],[-115.212679,36.204187],[-115.213024,36.204194],[-115.213023,36.204239],[-115.213008,36.204702],[-115.212988,36.205418],[-115.212975,36.206029],[-115.212963,36.206395],[-115.212962,36.206432],[-115.212961,36.206519],[-115.212622,36.206512],[-115.211288,36.206485],[-115.211293,36.2064],[-115.2113,36.205997],[-115.211311,36.205487]]],[[[-114.78431,36.853437],[-114.766424,36.853455],[-114.762508,36.853474],[-114.762302,36.843857],[-114.757729,36.84384],[-114.753156,36.843823],[-114.748583,36.843805],[-114.744173,36.843796],[-114.739762,36.843786],[-114.735352,36.843776],[-114.730941,36.843766],[-114.726359,36.843739],[-114.721776,36.843711],[-114.717194,36.843683],[-114.712611,36.843654],[-114.708108,36.843615],[-114.703604,36.843575],[-114.6991,36.843535],[-114.694596,36.843494],[-114.690143,36.843488],[-114.68569,36.843482],[-114.681236,36.843476],[-114.676783,36.84347],[-114.672258,36.843475],[-114.667733,36.843479],[-114.663524,36.843483],[-114.663209,36.843484],[-114.663183,36.843484],[-114.663015,36.843484],[-114.66284,36.843484],[-114.662673,36.843484],[-114.662331,36.843484],[-114.662095,36.843485],[-114.66011,36.843486],[-114.658684,36.843488],[-114.654209,36.843508],[-114.649734,36.843528],[-114.64526,36.843548],[-114.640785,36.843568],[-114.63631,36.843588],[-114.631835,36.843607],[-114.627361,36.843626],[-114.622886,36.843645],[-114.618411,36.843664],[-114.613936,36.843683],[-114.609462,36.843702],[-114.604987,36.84372],[-114.600383,36.843739],[-114.59578,36.843758],[-114.591176,36.843776],[-114.586573,36.843794],[-114.582055,36.843812],[-114.577537,36.84383],[-114.57302,36.843847],[-114.568502,36.843864],[-114.564044,36.843881],[-114.559586,36.843898],[-114.555128,36.843914],[-114.550669,36.84393],[-114.546099,36.843929],[-114.541529,36.843927],[-114.536958,36.843926],[-114.532388,36.843924],[-114.527863,36.843922],[-114.523338,36.843919],[-114.518813,36.843917],[-114.514288,36.843914],[-114.509649,36.843911],[-114.505009,36.843908],[-114.50037,36.843905],[-114.49573,36.843902],[-114.491138,36.843898],[-114.486545,36.843894],[-114.481953,36.84389],[-114.477361,36.843886],[-114.472724,36.843882],[-114.468087,36.843878],[-114.463451,36.843873],[-114.458814,36.843868],[-114.454198,36.843863],[-114.449583,36.843858],[-114.444968,36.843852],[-114.440352,36.843847],[-114.4358,36.843841],[-114.431248,36.843835],[-114.426695,36.843829],[-114.422143,36.843823],[-114.417518,36.843817],[-114.412894,36.84381],[-114.408269,36.843803],[-114.403644,36.843796],[-114.399113,36.843789],[-114.394581,36.843782],[-114.390049,36.843775],[-114.385517,36.843767],[-114.380957,36.84376],[-114.376397,36.843752],[-114.371837,36.843744],[-114.371195,36.843742],[-114.367277,36.843735],[-114.362637,36.843727],[-114.357998,36.843718],[-114.353358,36.843709],[-114.348719,36.8437],[-114.34413,36.84369],[-114.33954,36.843681],[-114.334951,36.843672],[-114.330362,36.843662],[-114.327352,36.843655],[-114.322839,36.843645],[-114.318327,36.843635],[-114.313815,36.843625],[-114.309302,36.843615],[-114.30479,36.843604],[-114.300278,36.843593],[-114.295765,36.843582],[-114.291253,36.843571],[-114.286741,36.84356],[-114.282228,36.843549],[-114.277716,36.843537],[-114.273204,36.843525],[-114.268691,36.843513],[-114.264179,36.843501],[-114.259667,36.843489],[-114.255154,36.843477],[-114.250642,36.843464],[-114.24613,36.843451],[-114.241617,36.843438],[-114.237105,36.843425],[-114.232593,36.843412],[-114.228081,36.843398],[-114.223568,36.843385],[-114.219056,36.843371],[-114.215105,36.843373],[-114.210595,36.843376],[-114.206084,36.843379],[-114.201574,36.843381],[-114.197063,36.843383],[-114.192553,36.843385],[-114.188043,36.843387],[-114.183532,36.843389],[-114.179022,36.84339],[-114.174511,36.843392],[-114.170001,36.843393],[-114.168928,36.843393],[-114.165491,36.843394],[-114.16553,36.840046],[-114.165573,36.836411],[-114.165616,36.832776],[-114.165702,36.825507],[-114.165738,36.81101],[-114.174733,36.811024],[-114.174785,36.796654],[-114.174728,36.782035],[-114.174746,36.774755],[-114.18375,36.774757],[-114.186007,36.774755],[-114.186015,36.771116],[-114.188271,36.771114],[-114.188278,36.767476],[-114.189544,36.767475],[-114.192777,36.767474],[-114.192777,36.766641],[-114.197284,36.767196],[-114.199516,36.76747],[-114.201816,36.767754],[-114.206247,36.768299],[-114.210796,36.768859],[-114.215332,36.769416],[-114.219458,36.769924],[-114.223936,36.770489],[-114.228415,36.771055],[-114.229084,36.77114],[-114.231408,36.771433],[-114.232109,36.771529],[-114.232808,36.771634],[-114.232894,36.771649],[-114.234064,36.771849],[-114.234109,36.771922],[-114.234157,36.771994],[-114.234235,36.772099],[-114.234291,36.772167],[-114.23435,36.772233],[-114.234411,36.772298],[-114.234476,36.772361],[-114.234577,36.772452],[-114.234684,36.772538],[-114.234759,36.772593],[-114.234836,36.772646],[-114.234955,36.772722],[-114.23508,36.772792],[-114.235165,36.772836],[-114.235252,36.772877],[-114.235341,36.772916],[-114.235432,36.772953],[-114.235524,36.772987],[-114.235618,36.773018],[-114.23576,36.77306],[-114.235857,36.773084],[-114.236004,36.773116],[-114.236102,36.773134],[-114.236202,36.773149],[-114.236302,36.773161],[-114.236453,36.773174],[-114.236554,36.773179],[-114.236656,36.773181],[-114.236757,36.773181],[-114.236909,36.773174],[-114.237009,36.773167],[-114.237144,36.773152],[-114.23737,36.773136],[-114.237372,36.772691],[-114.237375,36.771853],[-114.237375,36.771713],[-114.237378,36.771121],[-114.237378,36.770974],[-114.23738,36.770569],[-114.237391,36.767564],[-114.237405,36.763938],[-114.237411,36.762126],[-114.237418,36.760313],[-114.237445,36.753063],[-114.237447,36.749442],[-114.23807,36.73901],[-114.233643,36.739038],[-114.229216,36.739066],[-114.224789,36.739094],[-114.224455,36.739096],[-114.223969,36.739099],[-114.223943,36.73908],[-114.222693,36.738195],[-114.22236,36.73795],[-114.2222,36.737827],[-114.222051,36.737695],[-114.222045,36.737689],[-114.221861,36.737488],[-114.221736,36.737341],[-114.221693,36.737277],[-114.221624,36.737185],[-114.221542,36.737071],[-114.221465,36.736922],[-114.221375,36.736756],[-114.221348,36.736706],[-114.221263,36.736478],[-114.221188,36.736274],[-114.221127,36.73614],[-114.221026,36.735962],[-114.220935,36.735804],[-114.22083,36.735652],[-114.220683,36.735438],[-114.22067,36.73542],[-114.2203,36.735422],[-114.2203,36.735424],[-114.220116,36.735422],[-114.219897,36.73542],[-114.219736,36.735419],[-114.215792,36.735398],[-114.215815,36.736482],[-114.215869,36.73909],[-114.220363,36.739121],[-114.220128,36.742579],[-114.219894,36.746037],[-114.202082,36.745979],[-114.201928,36.749471],[-114.201774,36.752963],[-114.197269,36.752965],[-114.192764,36.752967],[-114.188259,36.752969],[-114.183754,36.752971],[-114.18376,36.760224],[-114.183762,36.763373],[-114.179581,36.762852],[-114.17926,36.762815],[-114.179192,36.762807],[-114.178885,36.762777],[-114.178577,36.762751],[-114.178268,36.762729],[-114.177959,36.762711],[-114.17765,36.762698],[-114.17734,36.762689],[-114.177031,36.762685],[-114.176721,36.762684],[-114.176411,36.762689],[-114.176101,36.762697],[-114.175792,36.76271],[-114.175483,36.762727],[-114.175174,36.762749],[-114.174866,36.762775],[-114.174759,36.762785],[-114.174559,36.762805],[-114.174252,36.762839],[-114.173946,36.762878],[-114.173641,36.762921],[-114.173337,36.762969],[-114.173034,36.763021],[-114.172732,36.763076],[-114.172431,36.763137],[-114.172132,36.763201],[-114.171834,36.763269],[-114.171538,36.763342],[-114.171243,36.763419],[-114.17095,36.7635],[-114.170659,36.763585],[-114.17037,36.763674],[-114.170259,36.76371],[-114.170082,36.763767],[-114.169849,36.763847],[-114.169797,36.763865],[-114.169514,36.763966],[-114.169233,36.764071],[-114.168955,36.76418],[-114.168678,36.764293],[-114.168405,36.76441],[-114.168134,36.764531],[-114.167865,36.764655],[-114.1676,36.764783],[-114.167337,36.764915],[-114.167077,36.765051],[-114.16682,36.76519],[-114.166566,36.765333],[-114.166315,36.765479],[-114.16585,36.765756],[-114.165759,36.76581],[-114.162963,36.767466],[-114.161254,36.768534],[-114.159821,36.769428],[-114.159592,36.769569],[-114.159359,36.769707],[-114.159123,36.769841],[-114.158885,36.769972],[-114.158644,36.770099],[-114.158399,36.770223],[-114.158153,36.770344],[-114.157903,36.770461],[-114.157652,36.770575],[-114.157397,36.770685],[-114.157131,36.770796],[-114.156741,36.770953],[-114.156369,36.771104],[-114.152224,36.772781],[-114.151589,36.773038],[-114.150786,36.77337],[-114.14999,36.773713],[-114.149202,36.774068],[-114.147752,36.774759],[-114.147723,36.774772],[-114.147724,36.774759],[-114.147723,36.771246],[-114.145779,36.772617],[-114.143652,36.774118],[-114.143208,36.774431],[-114.142712,36.774781],[-114.139617,36.776961],[-114.139141,36.777296],[-114.137737,36.778285],[-114.137638,36.778355],[-114.137235,36.778639],[-114.134689,36.780431],[-114.134689,36.780431],[-114.133848,36.781024],[-114.133742,36.781098],[-114.132504,36.78197],[-114.131928,36.782367],[-114.129699,36.783133],[-114.126574,36.784207],[-114.125213,36.784674],[-114.123741,36.78518],[-114.12272,36.785531],[-114.120702,36.786224],[-114.116212,36.787766],[-114.114839,36.788237],[-114.111705,36.788665],[-114.111705,36.78849],[-114.107462,36.78912],[-114.10733,36.789139],[-114.105734,36.789376],[-114.102785,36.789813],[-114.102597,36.789841],[-114.10245,36.789863],[-114.095578,36.790882],[-114.093851,36.790904],[-114.093753,36.790905],[-114.093723,36.790906],[-114.093691,36.790906],[-114.093577,36.790907],[-114.09345,36.790909],[-114.091681,36.790932],[-114.089432,36.790962],[-114.088933,36.791084],[-114.08885,36.791105],[-114.088702,36.791141],[-114.087276,36.79149],[-114.085496,36.791926],[-114.085182,36.792003],[-114.084679,36.792126],[-114.084157,36.792254],[-114.081829,36.792824],[-114.080432,36.793166],[-114.079956,36.793283],[-114.079945,36.793286],[-114.077641,36.79385],[-114.076418,36.794149],[-114.075667,36.794333],[-114.073505,36.794862],[-114.073142,36.794951],[-114.072267,36.795165],[-114.071443,36.795367],[-114.06707,36.796437],[-114.066654,36.796538],[-114.064608,36.797039],[-114.062147,36.797641],[-114.058647,36.798497],[-114.05764,36.798744],[-114.054632,36.799479],[-114.052658,36.799565],[-114.049995,36.79968],[-114.049957,36.796428],[-114.049938,36.792799],[-114.049919,36.789169],[-114.0499,36.785539],[-114.04988,36.78191],[-114.049936,36.778284],[-114.049991,36.774657],[-114.050021,36.772665],[-114.050046,36.771031],[-114.050102,36.767405],[-114.050158,36.763779],[-114.050215,36.760153],[-114.050271,36.756527],[-114.050328,36.752901],[-114.05024,36.749344],[-114.050151,36.745787],[-114.050063,36.74223],[-114.05005,36.741714],[-114.049975,36.738674],[-114.049987,36.735061],[-114.05,36.731449],[-114.050013,36.727836],[-114.050025,36.724224],[-114.050003,36.720549],[-114.04998,36.716873],[-114.049958,36.713198],[-114.049936,36.709522],[-114.049834,36.70587],[-114.049732,36.702217],[-114.04963,36.698564],[-114.049529,36.694911],[-114.049449,36.691257],[-114.049369,36.687604],[-114.049289,36.68395],[-114.049209,36.680296],[-114.049116,36.676688],[-114.049023,36.673081],[-114.048929,36.669473],[-114.048836,36.665865],[-114.048489,36.651795],[-114.048113,36.637219],[-114.047795,36.622736],[-114.047504,36.608138],[-114.047072,36.593745],[-114.046696,36.578871],[-114.046602,36.575307],[-114.046508,36.571744],[-114.046415,36.56818],[-114.046321,36.564616],[-114.046241,36.561018],[-114.046161,36.55742],[-114.046082,36.553822],[-114.046002,36.550224],[-114.045923,36.546563],[-114.045843,36.542902],[-114.045763,36.539241],[-114.045684,36.53558],[-114.045675,36.53196],[-114.045667,36.52834],[-114.045659,36.524719],[-114.04565,36.521099],[-114.045507,36.51742],[-114.045484,36.516844],[-114.045363,36.513741],[-114.045219,36.510062],[-114.045075,36.506384],[-114.045012,36.502625],[-114.044948,36.498865],[-114.044885,36.495106],[-114.044821,36.491347],[-114.043671,36.476822],[-114.043137,36.469721],[-114.043003,36.462462],[-114.042847,36.448174],[-114.042808,36.433681],[-114.042773,36.418797],[-114.042903,36.404397],[-114.043061,36.389974],[-114.043014,36.382624],[-114.043135,36.380502],[-114.043419,36.37553],[-114.044004,36.361087],[-114.044706,36.346301],[-114.044777,36.331969],[-114.044052,36.317631],[-114.04411,36.315403],[-114.044347,36.310237],[-114.045036,36.303053],[-114.04556,36.28884],[-114.045518,36.274392],[-114.044743,36.259525],[-114.043849,36.245116],[-114.044002,36.230992],[-114.044082,36.215879],[-114.043976,36.208665],[-114.043979,36.208195],[-114.043982,36.207623],[-114.044013,36.201338],[-114.043982,36.197669],[-114.043946,36.193345],[-114.045455,36.192897],[-114.048902,36.191845],[-114.05173,36.190374],[-114.053723,36.189815],[-114.056344,36.188986],[-114.058657,36.187833],[-114.059944,36.18648],[-114.061303,36.185051],[-114.062087,36.183959],[-114.065028,36.179866],[-114.067344,36.176105],[-114.067657,36.175598],[-114.06859,36.174082],[-114.069681,36.172212],[-114.072098,36.168068],[-114.073239,36.165217],[-114.073651,36.164187],[-114.074674,36.161633],[-114.076781,36.158459],[-114.077102,36.157977],[-114.077137,36.157904],[-114.077271,36.157628],[-114.080856,36.150265],[-114.080942,36.150096],[-114.082657,36.146764],[-114.084895,36.144599],[-114.085813,36.143671],[-114.086992,36.142478],[-114.088722,36.140358],[-114.088892,36.14015],[-114.089047,36.139781],[-114.089965,36.137596],[-114.090008,36.137493],[-114.090586,36.13612],[-114.092536,36.131954],[-114.093623,36.129277],[-114.096394,36.12245],[-114.097293,36.120757],[-114.098209,36.120006],[-114.098372,36.119952],[-114.099348,36.119624],[-114.099797,36.119584],[-114.100485,36.119521],[-114.102842,36.119307],[-114.103094,36.119285],[-114.103235,36.119245],[-114.109459,36.117507],[-114.109688,36.117443],[-114.111273,36.116064],[-114.113578,36.114059],[-114.115139,36.110587],[-114.115995,36.104831],[-114.114967,36.100309],[-114.114073,36.099222],[-114.113407,36.098412],[-114.112174,36.096872],[-114.112102,36.096783],[-114.111871,36.096494],[-114.111797,36.095552],[-114.11192,36.09468],[-114.112888,36.093596],[-114.114054,36.092288],[-114.115137,36.091074],[-114.116526,36.089513],[-114.116751,36.08926],[-114.11703,36.088947],[-114.118325,36.087491],[-114.119649,36.085824],[-114.120241,36.084642],[-114.120551,36.084024],[-114.121187,36.082757],[-114.121239,36.082623],[-114.12402,36.075565],[-114.125892,36.072937],[-114.126432,36.072317],[-114.128392,36.070067],[-114.129769,36.068486],[-114.13339,36.061666],[-114.133535,36.061287],[-114.134429,36.058958],[-114.135201,36.056946],[-114.135201,36.056944],[-114.13556,36.055619],[-114.136207,36.053234],[-114.135928,36.05036],[-114.1352,36.047162],[-114.134872,36.045571],[-114.134825,36.045345],[-114.134842,36.043875],[-114.135601,36.041603],[-114.135633,36.041505],[-114.135722,36.04124],[-114.136039,36.040613],[-114.137113,36.038493],[-114.138261,36.037192],[-114.140481,36.03622],[-114.143154,36.035297],[-114.144667,36.034274],[-114.145673,36.032972],[-114.145758,36.030492],[-114.145638,36.028561],[-114.145908,36.027231],[-114.146079,36.027046],[-114.147829,36.025154],[-114.150226,36.023517],[-114.151391,36.023135],[-114.153339,36.02317],[-114.153401,36.023172],[-114.154697,36.023778],[-114.157345,36.024968],[-114.15912,36.025566],[-114.161238,36.026281],[-114.164403,36.026854],[-114.165439,36.026914],[-114.166536,36.026978],[-114.166639,36.026984],[-114.170371,36.026767],[-114.171245,36.026716],[-114.171938,36.026676],[-114.172843,36.026729],[-114.173268,36.026754],[-114.174684,36.026672],[-114.176305,36.026131],[-114.17727,36.025572],[-114.179439,36.024315],[-114.182197,36.0233],[-114.185861,36.022268],[-114.189032,36.020718],[-114.191241,36.019639],[-114.193795,36.019128],[-114.19757,36.018303],[-114.200067,36.017745],[-114.201228,36.017753],[-114.204157,36.016577],[-114.206054,36.016636],[-114.207027,36.016376],[-114.209443,36.015732],[-114.210597,36.015425],[-114.211307,36.015112],[-114.211933,36.014836],[-114.21355,36.014617],[-114.21468,36.014808],[-114.21661,36.014338],[-114.21876,36.014513],[-114.221454,36.014162],[-114.224231,36.013904],[-114.224799,36.013701],[-114.22646,36.014608],[-114.228016,36.014732],[-114.229494,36.014236],[-114.231855,36.013149],[-114.233444,36.012837],[-114.235367,36.01301],[-114.236894,36.013249],[-114.238155,36.014475],[-114.23917,36.014872],[-114.240441,36.015247],[-114.24214,36.015189],[-114.242657,36.015213],[-114.243866,36.015268],[-114.244795,36.015825],[-114.246112,36.017166],[-114.248124,36.01838],[-114.24842,36.018558],[-114.249041,36.018815],[-114.251634,36.019888],[-114.259519,36.024208],[-114.260431,36.024812],[-114.261926,36.025803],[-114.262389,36.026109],[-114.264184,36.027735],[-114.264381,36.027913],[-114.265972,36.030312],[-114.267448,36.032847],[-114.268587,36.035036],[-114.269221,36.036809],[-114.269091,36.038485],[-114.268897,36.040942],[-114.269156,36.042067],[-114.269549,36.043771],[-114.270863,36.045525],[-114.2723,36.046291],[-114.273912,36.046531],[-114.276154,36.046085],[-114.278168,36.045821],[-114.278218,36.045831],[-114.279638,36.046105],[-114.280134,36.046348],[-114.284008,36.048244],[-114.287993,36.049072],[-114.290869,36.050513],[-114.291928,36.052265],[-114.293437,36.054502],[-114.295663,36.055984],[-114.295942,36.05617],[-114.297103,36.056649],[-114.297813,36.056942],[-114.297831,36.05695],[-114.298594,36.057265],[-114.300972,36.057463],[-114.302862,36.057344],[-114.304657,36.057231],[-114.308626,36.056978],[-114.311905,36.057663],[-114.313592,36.05905],[-114.314428,36.060525],[-114.314329,36.062018],[-114.313806,36.06355],[-114.313601,36.06415],[-114.312421,36.066119],[-114.310283,36.067554],[-114.307487,36.069674],[-114.305855,36.07148],[-114.305486,36.072117],[-114.304386,36.074021],[-114.304238,36.075103],[-114.304172,36.075582],[-114.304785,36.076711],[-114.305395,36.078185],[-114.306247,36.080969],[-114.306941,36.082489],[-114.310418,36.086069],[-114.310973,36.08664],[-114.313088,36.088818],[-114.31516,36.091471],[-114.315387,36.091712],[-114.315973,36.092335],[-114.316985,36.093411],[-114.319069,36.094847],[-114.320868,36.096465],[-114.322096,36.098516],[-114.32265,36.099897],[-114.32346,36.101188],[-114.323789,36.10142],[-114.324615,36.101999],[-114.325541,36.102992],[-114.325816,36.103935],[-114.326997,36.104906],[-114.327004,36.10491],[-114.328802,36.105904],[-114.331012,36.106054],[-114.33147,36.106105],[-114.333589,36.106344],[-114.334634,36.106786],[-114.335475,36.107778],[-114.336286,36.109],[-114.337265,36.11043],[-114.338817,36.111311],[-114.33884,36.111335],[-114.340952,36.113459],[-114.342526,36.115768],[-114.342603,36.11588],[-114.345102,36.118558],[-114.348594,36.121149],[-114.351409,36.122973],[-114.352456,36.123651],[-114.352866,36.123907],[-114.357278,36.126662],[-114.357278,36.126663],[-114.35897,36.127797],[-114.36004,36.128841],[-114.360628,36.129414],[-114.364501,36.134074],[-114.365531,36.136308],[-114.367383,36.138523],[-114.368554,36.140895],[-114.368987,36.141355],[-114.369859,36.142281],[-114.370183,36.142626],[-114.371329,36.143055],[-114.371738,36.143208],[-114.373747,36.143724],[-114.37528,36.143594],[-114.376551,36.143002],[-114.376647,36.142958],[-114.3781,36.142092],[-114.378303,36.142016],[-114.379978,36.14139],[-114.381481,36.141352],[-114.38703,36.14265],[-114.388303,36.142948],[-114.39433,36.144563],[-114.398106,36.145718],[-114.398375,36.145801],[-114.402283,36.146509],[-114.404809,36.146869],[-114.405626,36.146985],[-114.409143,36.147002],[-114.411813,36.146612],[-114.412493,36.146513],[-114.415256,36.145125],[-114.418196,36.142773],[-114.419492,36.141235],[-114.420085,36.140531],[-114.421521,36.139025],[-114.423117,36.137353],[-114.424099,36.136749],[-114.425938,36.13562],[-114.429623,36.133418],[-114.430895,36.132657],[-114.435509,36.13006],[-114.436458,36.129565],[-114.438238,36.128636],[-114.439524,36.127965],[-114.443738,36.125595],[-114.444698,36.125414],[-114.445045,36.125349],[-114.446205,36.125675],[-114.447138,36.126024],[-114.447291,36.126184],[-114.447511,36.126413],[-114.448797,36.127755],[-114.451333,36.129833],[-114.453674,36.133397],[-114.4538,36.133589],[-114.455112,36.136374],[-114.456489,36.138034],[-114.457974,36.138749],[-114.458697,36.139096],[-114.458947,36.139217],[-114.459855,36.139323],[-114.46051,36.1394],[-114.462603,36.139646],[-114.465581,36.139499],[-114.465846,36.139447],[-114.467545,36.139114],[-114.468677,36.138892],[-114.469222,36.138538],[-114.474326,36.13523],[-114.476578,36.13377],[-114.478251,36.132685],[-114.48383,36.129723],[-114.486023,36.12911],[-114.487637,36.128659],[-114.489412,36.128395],[-114.491838,36.128033],[-114.494711,36.127453],[-114.498852,36.126615],[-114.499052,36.126611],[-114.501801,36.126558],[-114.503076,36.126835],[-114.504717,36.12719],[-114.507203,36.128487],[-114.50847,36.129916],[-114.509025,36.131618],[-114.509075,36.132058],[-114.509212,36.13325],[-114.508859,36.133834],[-114.508409,36.134579],[-114.507178,36.136343],[-114.505152,36.138081],[-114.503216,36.139244],[-114.501083,36.140063],[-114.500341,36.140703],[-114.499995,36.141597],[-114.500158,36.142693],[-114.500239,36.143229],[-114.500245,36.143239],[-114.501052,36.144519],[-114.506853,36.148793],[-114.508107,36.149716],[-114.508499,36.149825],[-114.511221,36.150579],[-114.512409,36.150664],[-114.514282,36.150798],[-114.516867,36.150279],[-114.526212,36.14818],[-114.528853,36.147754],[-114.530511,36.147675],[-114.531094,36.147647],[-114.532311,36.148042],[-114.532646,36.148718],[-114.532927,36.149285],[-114.534481,36.150233],[-114.534765,36.150342],[-114.537565,36.151416],[-114.539236,36.151767],[-114.543234,36.151874],[-114.544853,36.151604],[-114.546728,36.151083],[-114.547911,36.150858],[-114.548082,36.150826],[-114.548744,36.1507],[-114.552257,36.151448],[-114.554464,36.15226],[-114.556165,36.152473],[-114.557615,36.151927],[-114.56006,36.150948],[-114.564712,36.150827],[-114.566952,36.151019],[-114.56905,36.151187],[-114.571092,36.151102],[-114.572102,36.150773],[-114.574304,36.150057],[-114.577062,36.148849],[-114.578831,36.147178],[-114.578995,36.147074],[-114.580523,36.146108],[-114.58071,36.14599],[-114.580937,36.145958],[-114.581038,36.145943],[-114.583719,36.145564],[-114.58497,36.145062],[-114.587642,36.1439],[-114.58983,36.143195],[-114.590261,36.143126],[-114.591571,36.142914],[-114.593038,36.142677],[-114.593536,36.142513],[-114.596476,36.14154],[-114.59807,36.140558],[-114.599291,36.139605],[-114.60208,36.137427],[-114.604195,36.135777],[-114.608244,36.13296],[-114.609291,36.132232],[-114.612837,36.130471],[-114.613243,36.130269],[-114.615458,36.129656],[-114.616904,36.129798],[-114.618432,36.130331],[-114.620608,36.131762],[-114.622267,36.134271],[-114.62384,36.137148],[-114.624251,36.137607],[-114.626077,36.139643],[-114.627082,36.140764],[-114.627614,36.141172],[-114.628465,36.141825],[-114.630477,36.142222],[-114.63121,36.141544],[-114.631418,36.141352],[-114.632531,36.139862],[-114.634465,36.137688],[-114.635812,36.136173],[-114.636865,36.135556],[-114.638283,36.135445],[-114.640128,36.135129],[-114.641979,36.133733],[-114.644119,36.132743],[-114.645731,36.131998],[-114.64906,36.129848],[-114.650265,36.129276],[-114.651703,36.128592],[-114.652541,36.128064],[-114.655515,36.126191],[-114.658134,36.124131],[-114.658529,36.123427],[-114.660451,36.120002],[-114.661851,36.118142],[-114.661891,36.118089],[-114.661933,36.118034],[-114.661935,36.118031],[-114.662088,36.117898],[-114.662647,36.117412],[-114.663376,36.116922],[-114.663702,36.116721],[-114.664239,36.116475],[-114.665038,36.116351],[-114.665902,36.116241],[-114.668041,36.11598],[-114.669216,36.115975],[-114.670223,36.115953],[-114.670363,36.11594],[-114.670687,36.115911],[-114.671358,36.115851],[-114.671809,36.115732],[-114.672458,36.115591],[-114.673147,36.11535],[-114.67387,36.114901],[-114.67445,36.114496],[-114.675109,36.114115],[-114.675217,36.113988],[-114.675722,36.113397],[-114.676632,36.11244],[-114.67736,36.111745],[-114.677819,36.111276],[-114.677844,36.11125],[-114.678378,36.110818],[-114.678994,36.110444],[-114.679752,36.109896],[-114.679778,36.109877],[-114.679779,36.109877],[-114.679825,36.10986],[-114.680515,36.109535],[-114.680984,36.10941],[-114.681283,36.10933],[-114.68185,36.109195],[-114.682673,36.10915],[-114.683047,36.109219],[-114.683702,36.10934],[-114.68443,36.109476],[-114.685082,36.109774],[-114.685815,36.11026],[-114.687047,36.110957],[-114.688077,36.111461],[-114.689554,36.111939],[-114.691634,36.112538],[-114.692608,36.112575],[-114.693658,36.112485],[-114.69404,36.112338],[-114.694156,36.112294],[-114.694555,36.111947],[-114.695478,36.111226],[-114.695826,36.110905],[-114.69653,36.110494],[-114.696984,36.110301],[-114.697505,36.110185],[-114.697762,36.110127],[-114.698829,36.10981],[-114.700788,36.109241],[-114.70162,36.10899],[-114.702656,36.108629],[-114.703049,36.108492],[-114.70374,36.108352],[-114.704671,36.108241],[-114.70557,36.108277],[-114.706094,36.108243],[-114.707336,36.107998],[-114.707967,36.107788],[-114.708528,36.107568],[-114.709272,36.1074],[-114.710257,36.107377],[-114.711337,36.107268],[-114.714372,36.107326],[-114.715368,36.107345],[-114.715705,36.107325],[-114.717201,36.107296],[-114.71826,36.107168],[-114.725976,36.105945],[-114.731592,36.105107],[-114.733655,36.104751],[-114.734088,36.104676],[-114.73486,36.10443],[-114.735764,36.104057],[-114.736758,36.103556],[-114.737501,36.103106],[-114.740907,36.100693],[-114.745086,36.097715],[-114.748916,36.095186],[-114.74915,36.094898],[-114.749358,36.094669],[-114.751488,36.092327],[-114.751882,36.091894],[-114.752845,36.09101],[-114.753572,36.090314],[-114.754073,36.089601],[-114.754411,36.089181],[-114.754961,36.088193],[-114.755438,36.087291],[-114.755672,36.086411],[-114.75585,36.085717],[-114.755931,36.084871],[-114.755794,36.084091],[-114.755766,36.083469],[-114.755519,36.082023],[-114.754505,36.080183],[-114.753094,36.078733],[-114.750901,36.076833],[-114.749959,36.076016],[-114.748838,36.074952],[-114.747728,36.073898],[-114.74524,36.072515],[-114.743545,36.071041],[-114.742334,36.069155],[-114.741015,36.065913],[-114.740738,36.065096],[-114.740701,36.064989],[-114.740203,36.063522],[-114.739897,36.062782],[-114.739585,36.062027],[-114.738287,36.060807],[-114.735802,36.058734],[-114.735102,36.056482],[-114.735083,36.054299],[-114.735597,36.053289],[-114.737246,36.051846],[-114.739219,36.050377],[-114.739462,36.050196],[-114.74168,36.047881],[-114.742482,36.0457],[-114.742512,36.045189],[-114.742664,36.042576],[-114.742108,36.039795],[-114.741677,36.038901],[-114.741265,36.038047],[-114.740021,36.037471],[-114.738888,36.037468],[-114.737386,36.037833],[-114.735742,36.038036],[-114.734524,36.038056],[-114.734432,36.038045],[-114.733819,36.037967],[-114.73342,36.037916],[-114.732487,36.037432],[-114.73161,36.036874],[-114.730566,36.03621],[-114.730566,36.03621],[-114.730368,36.036002],[-114.727605,36.033102],[-114.723676,36.031233],[-114.722745,36.030289],[-114.722099,36.028955],[-114.722175,36.028315],[-114.722217,36.027968],[-114.722232,36.027949],[-114.722755,36.0273],[-114.723327,36.026592],[-114.723388,36.026532],[-114.725573,36.024391],[-114.727752,36.022412],[-114.728549,36.021687],[-114.728877,36.02139],[-114.731448,36.019768],[-114.731769,36.019565],[-114.733364,36.018559],[-114.734649,36.017776],[-114.737198,36.016242],[-114.737248,36.016211],[-114.738805,36.015211],[-114.738912,36.015143],[-114.740076,36.014235],[-114.740775,36.013578],[-114.741473,36.012825],[-114.741476,36.012822],[-114.741574,36.012637],[-114.741767,36.012273],[-114.741806,36.012202],[-114.742293,36.011328],[-114.74246,36.010992],[-114.742556,36.0108],[-114.742743,36.010339],[-114.742877,36.010008],[-114.743011,36.009667],[-114.7431,36.009443],[-114.743128,36.00937],[-114.743181,36.009082],[-114.743293,36.008478],[-114.743301,36.008434],[-114.743308,36.008342],[-114.743364,36.007574],[-114.743359,36.00732],[-114.743355,36.007122],[-114.743336,36.007012],[-114.743299,36.006811],[-114.743214,36.006348],[-114.743199,36.006297],[-114.742939,36.005398],[-114.742344,36.002625],[-114.742116,36.001123],[-114.741811,36.000426],[-114.741772,36.000321],[-114.741244,35.9989],[-114.740985,35.997685],[-114.740869,35.997281],[-114.740618,35.996414],[-114.740234,35.995384],[-114.740223,35.995352],[-114.740165,35.995217],[-114.74009,35.995042],[-114.739871,35.993993],[-114.739848,35.993876],[-114.739635,35.99276],[-114.739566,35.992398],[-114.739565,35.991632],[-114.739829,35.991001],[-114.739978,35.990645],[-114.739988,35.990622],[-114.740012,35.990595],[-114.74048,35.990052],[-114.741454,35.988924],[-114.742235,35.988241],[-114.742583,35.987938],[-114.742921,35.987111],[-114.743296,35.986176],[-114.743428,35.985849],[-114.743428,35.985844],[-114.74343,35.985769],[-114.743455,35.984862],[-114.743423,35.984571],[-114.743284,35.983323],[-114.742859,35.981877],[-114.741981,35.980138],[-114.741757,35.979695],[-114.741593,35.979189],[-114.741326,35.978365],[-114.741233,35.978079],[-114.740596,35.976113],[-114.739774,35.974743],[-114.738643,35.972859],[-114.738335,35.972346],[-114.73745,35.970948],[-114.736809,35.969935],[-114.735891,35.969073],[-114.734974,35.968212],[-114.734777,35.968038],[-114.733018,35.966478],[-114.732771,35.966259],[-114.731647,35.964857],[-114.730985,35.964032],[-114.730652,35.963617],[-114.730614,35.963525],[-114.730427,35.963068],[-114.729815,35.961576],[-114.729239,35.960172],[-114.728871,35.95875],[-114.728758,35.958312],[-114.728328,35.956262],[-114.728305,35.956154],[-114.728269,35.955964],[-114.727993,35.954501],[-114.728359,35.952343],[-114.728975,35.950543],[-114.729141,35.950057],[-114.72934,35.949476],[-114.729532,35.948914],[-114.729633,35.948621],[-114.730723,35.945434],[-114.730864,35.944447],[-114.730666,35.943436],[-114.730157,35.94238],[-114.729395,35.941392],[-114.728548,35.940657],[-114.724089,35.938633],[-114.721408,35.937162],[-114.717542,35.935644],[-114.716486,35.935017],[-114.716427,35.934982],[-114.714833,35.934035],[-114.713281,35.932633],[-114.711588,35.931002],[-114.708089,35.928611],[-114.707581,35.927968],[-114.707512,35.927812],[-114.707045,35.926751],[-114.706959,35.925626],[-114.707831,35.919106],[-114.708169,35.918578],[-114.708392,35.913275],[-114.708363,35.912448],[-114.708279,35.911874],[-114.70794,35.911254],[-114.707376,35.910427],[-114.697191,35.898204],[-114.696317,35.89717],[-114.695358,35.896481],[-114.692443,35.894537],[-114.690874,35.893492],[-114.688262,35.891818],[-114.684558,35.889445],[-114.680751,35.886732],[-114.678975,35.885513],[-114.678017,35.884754],[-114.677368,35.883789],[-114.673836,35.879985],[-114.672012,35.878021],[-114.670508,35.8769],[-114.66908,35.875836],[-114.667896,35.875031],[-114.666431,35.874525],[-114.664232,35.874178],[-114.663217,35.873694],[-114.662766,35.873166],[-114.661639,35.871236],[-114.661639,35.870547],[-114.661977,35.869859],[-114.662349,35.869491],[-114.662626,35.869217],[-114.667474,35.867064],[-114.670602,35.865392],[-114.670652,35.865377],[-114.678014,35.863219],[-114.679959,35.863129],[-114.681819,35.86281],[-114.687455,35.860542],[-114.688324,35.860132],[-114.689202,35.859717],[-114.690629,35.858735],[-114.691034,35.858457],[-114.691935,35.856988],[-114.69247,35.856024],[-114.69262,35.855686],[-114.692949,35.854946],[-114.693203,35.854759],[-114.693851,35.854281],[-114.694623,35.853869],[-114.694752,35.853799],[-114.69602,35.853525],[-114.699374,35.853344],[-114.701262,35.852956],[-114.702924,35.852314],[-114.703137,35.852149],[-114.703947,35.851519],[-114.703957,35.851511],[-114.704163,35.851351],[-114.704572,35.850872],[-114.705121,35.850227],[-114.705769,35.848758],[-114.70574,35.847105],[-114.705401,35.845589],[-114.704555,35.843913],[-114.703286,35.84258],[-114.702327,35.840605],[-114.701482,35.839318],[-114.699117,35.836868],[-114.69576,35.83339],[-114.695253,35.832287],[-114.69528,35.831093],[-114.695534,35.8299],[-114.697279,35.826779],[-114.699137,35.824232],[-114.700268,35.822577],[-114.700658,35.822006],[-114.701214,35.820566],[-114.703274,35.815236],[-114.703668,35.814616],[-114.704232,35.814042],[-114.705985,35.812366],[-114.706343,35.812024],[-114.708821,35.810579],[-114.709128,35.81026],[-114.709163,35.810223],[-114.709328,35.810052],[-114.709722,35.809455],[-114.710087,35.80856],[-114.710537,35.807527],[-114.711297,35.806678],[-114.711516,35.806334],[-114.711529,35.806315],[-114.712029,35.805531],[-114.711916,35.804957],[-114.711493,35.804382],[-114.708619,35.801464],[-114.70583,35.798891],[-114.704252,35.796639],[-114.703181,35.794687],[-114.703063,35.794552],[-114.701462,35.792734],[-114.699885,35.791125],[-114.699321,35.790482],[-114.699096,35.789472],[-114.699039,35.788048],[-114.699684,35.782929],[-114.700078,35.780128],[-114.700163,35.779713],[-114.700668,35.777259],[-114.701173,35.774114],[-114.7012,35.771795],[-114.70103,35.769682],[-114.700692,35.768282],[-114.700269,35.766881],[-114.698848,35.763783],[-114.697424,35.760679],[-114.696832,35.759852],[-114.696269,35.759255],[-114.695228,35.758542],[-114.694721,35.757899],[-114.694552,35.757233],[-114.694308,35.756717],[-114.69427,35.756635],[-114.69503,35.755832],[-114.696014,35.755374],[-114.696549,35.75464],[-114.696551,35.754632],[-114.696774,35.753814],[-114.696841,35.752975],[-114.696858,35.752758],[-114.697336,35.751771],[-114.697581,35.751271],[-114.69773,35.750968],[-114.697729,35.749797],[-114.697588,35.748419],[-114.69694,35.747247],[-114.696658,35.746145],[-114.696404,35.742655],[-114.696543,35.738936],[-114.696578,35.73872],[-114.697016,35.73599],[-114.697018,35.735979],[-114.697133,35.735263],[-114.697278,35.734547],[-114.697321,35.734335],[-114.697714,35.732393],[-114.697863,35.731659],[-114.698006,35.73122],[-114.699408,35.72693],[-114.700186,35.725042],[-114.701516,35.721812],[-114.703259,35.717543],[-114.70486,35.713343],[-114.705008,35.712945],[-114.70545,35.711759],[-114.705562,35.710405],[-114.705477,35.709027],[-114.705195,35.707511],[-114.704649,35.706308],[-114.704237,35.705398],[-114.703813,35.704672],[-114.703055,35.703377],[-114.701395,35.701217],[-114.699481,35.699333],[-114.696218,35.696552],[-114.691267,35.693126],[-114.690368,35.692621],[-114.69036,35.692617],[-114.688116,35.691356],[-114.685697,35.690343],[-114.685416,35.690193],[-114.683757,35.689308],[-114.68266,35.688572],[-114.6819,35.687561],[-114.681,35.68593],[-114.680634,35.684047],[-114.680787,35.682653],[-114.680831,35.682256],[-114.681533,35.679961],[-114.68232,35.677827],[-114.683324,35.675897],[-114.686058,35.670644],[-114.687677,35.668599],[-114.687857,35.668373],[-114.688896,35.667157],[-114.689571,35.666262],[-114.690217,35.665161],[-114.69047,35.663783],[-114.690497,35.662658],[-114.69038,35.662008],[-114.690244,35.661262],[-114.690019,35.660017],[-114.689765,35.657513],[-114.689696,35.656835],[-114.689483,35.654736],[-114.689271,35.653201],[-114.689229,35.652899],[-114.689382,35.6521],[-114.68951,35.65143],[-114.689004,35.650281],[-114.688048,35.649293],[-114.686136,35.647524],[-114.684844,35.646833],[-114.683465,35.646097],[-114.679418,35.64343],[-114.677618,35.641775],[-114.676494,35.640465],[-114.675004,35.638305],[-114.674482,35.637423],[-114.67329,35.635411],[-114.673257,35.635353],[-114.672393,35.633821],[-114.672354,35.633751],[-114.672137,35.633366],[-114.671387,35.632316],[-114.670282,35.630769],[-114.669017,35.628862],[-114.66809,35.627116],[-114.666938,35.623947],[-114.666685,35.623074],[-114.665392,35.621557],[-114.66365,35.620775],[-114.66202,35.620704],[-114.660644,35.620335],[-114.659464,35.619553],[-114.65761,35.61746],[-114.657244,35.617048],[-114.655222,35.61406],[-114.653929,35.61174],[-114.653536,35.609673],[-114.65348,35.608226],[-114.653606,35.607304],[-114.653621,35.607193],[-114.654162,35.606058],[-114.654211,35.605954],[-114.654492,35.605174],[-114.65438,35.604301],[-114.654263,35.603921],[-114.653995,35.603043],[-114.653987,35.603015],[-114.653901,35.602125],[-114.653845,35.601539],[-114.653734,35.600374],[-114.653903,35.598492],[-114.654521,35.59661],[-114.655589,35.59482],[-114.6566,35.592847],[-114.658729,35.588518],[-114.658826,35.58832],[-114.659241,35.587478],[-114.65969,35.587042],[-114.660561,35.586584],[-114.661853,35.586287],[-114.664212,35.585945],[-114.666178,35.585121],[-114.667638,35.584319],[-114.66893,35.583792],[-114.670194,35.583472],[-114.670516,35.583283],[-114.674996,35.580653],[-114.675529,35.580164],[-114.67567,35.580034],[-114.675754,35.57946],[-114.675417,35.578908],[-114.674883,35.57838],[-114.6739,35.577713],[-114.671569,35.576218],[-114.670293,35.575705],[-114.670025,35.575596],[-114.668396,35.574332],[-114.668309,35.574223],[-114.667609,35.573344],[-114.666233,35.571643],[-114.664436,35.568427],[-114.663903,35.566291],[-114.663474,35.565575],[-114.663229,35.565165],[-114.662808,35.564269],[-114.662836,35.563374],[-114.663116,35.562593],[-114.663537,35.560964],[-114.663458,35.559946],[-114.663453,35.559885],[-114.663424,35.559817],[-114.66306,35.558989],[-114.662857,35.558506],[-114.662442,35.557518],[-114.661965,35.555888],[-114.661993,35.554602],[-114.661965,35.552604],[-114.661892,35.552252],[-114.661741,35.551525],[-114.661404,35.550239],[-114.661123,35.549022],[-114.661129,35.548764],[-114.661151,35.547782],[-114.661572,35.545693],[-114.661513,35.544835],[-114.66146,35.544063],[-114.661095,35.542937],[-114.660758,35.541697],[-114.660448,35.540765],[-114.660337,35.540434],[-114.659551,35.539239],[-114.658709,35.538159],[-114.657811,35.536964],[-114.657137,35.535861],[-114.656848,35.53515],[-114.656773,35.534965],[-114.656829,35.533771],[-114.657166,35.532302],[-114.657755,35.530742],[-114.658108,35.530237],[-114.658878,35.529136],[-114.659888,35.52792],[-114.661685,35.526682],[-114.662667,35.524869],[-114.663453,35.523194],[-114.663986,35.522162],[-114.664603,35.521519],[-114.665417,35.521153],[-114.666568,35.520993],[-114.66755,35.521109],[-114.668555,35.521222],[-114.668588,35.521225],[-114.669542,35.52079],[-114.67044,35.520102],[-114.671478,35.519346],[-114.672769,35.518429],[-114.674088,35.517305],[-114.675468,35.51586],[-114.675687,35.51563],[-114.676304,35.51446],[-114.677146,35.512946],[-114.677482,35.510948],[-114.677594,35.508974],[-114.677846,35.507275],[-114.67807,35.505645],[-114.678435,35.504291],[-114.678687,35.502868],[-114.678894,35.501277],[-114.678857,35.500568],[-114.678589,35.499846],[-114.678646,35.499362],[-114.678729,35.498657],[-114.678644,35.497628],[-114.678167,35.49628],[-114.677746,35.495182],[-114.677592,35.495015],[-114.67682,35.494177],[-114.676259,35.493103],[-114.676399,35.492532],[-114.676707,35.491845],[-114.676958,35.490336],[-114.676818,35.489787],[-114.676509,35.489285],[-114.675612,35.488302],[-114.673977,35.486233],[-114.673536,35.485675],[-114.67247,35.483344],[-114.671909,35.482087],[-114.671796,35.480807],[-114.672076,35.479709],[-114.673084,35.47797],[-114.673475,35.476849],[-114.673587,35.475843],[-114.673166,35.474814],[-114.672353,35.473741],[-114.669448,35.471578],[-114.668957,35.471212],[-114.668765,35.471069],[-114.667392,35.469904],[-114.66599,35.467985],[-114.665653,35.466911],[-114.665513,35.465836],[-114.665596,35.46483],[-114.665792,35.463915],[-114.666268,35.463069],[-114.666772,35.462085],[-114.667051,35.461284],[-114.667219,35.46037],[-114.666938,35.459478],[-114.666153,35.458199],[-114.665145,35.457331],[-114.665063,35.4572],[-114.664219,35.455845],[-114.663883,35.454657],[-114.663994,35.453468],[-114.664218,35.451707],[-114.663936,35.449466],[-114.663544,35.447797],[-114.662899,35.446449],[-114.66175,35.444735],[-114.660181,35.443571],[-114.659089,35.442657],[-114.658107,35.441835],[-114.655532,35.43861],[-114.655333,35.438362],[-114.654297,35.436854],[-114.654016,35.435871],[-114.653876,35.434636],[-114.653819,35.432853],[-114.653399,35.431939],[-114.653297,35.431762],[-114.652755,35.430819],[-114.652082,35.430133],[-114.650738,35.428877],[-114.649793,35.428119],[-114.638082,35.418725],[-114.631975,35.413825],[-114.631646,35.413522],[-114.630435,35.412408],[-114.629063,35.411174],[-114.627364,35.410213],[-114.627327,35.410193],[-114.626767,35.409644],[-114.626235,35.408799],[-114.625704,35.407976],[-114.624472,35.405256],[-114.623632,35.403336],[-114.621785,35.39945],[-114.621634,35.399015],[-114.620889,35.396866],[-114.620585,35.395684],[-114.619714,35.392294],[-114.618986,35.389391],[-114.618722,35.387429],[-114.618623,35.386693],[-114.618315,35.384498],[-114.618313,35.384428],[-114.618259,35.382646],[-114.618035,35.381274],[-114.6177,35.380131],[-114.617056,35.37908],[-114.614141,35.374844],[-114.613139,35.373388],[-114.611209,35.37012],[-114.610935,35.369525],[-114.609503,35.366417],[-114.607489,35.362416],[-114.606174,35.35965],[-114.604926,35.356131],[-114.604609,35.355238],[-114.599932,35.341575],[-114.599773,35.34111],[-114.59751,35.333131],[-114.596532,35.329861],[-114.59578,35.32731],[-114.595554,35.326546],[-114.595164,35.324237],[-114.595165,35.321882],[-114.596028,35.312829],[-114.596455,35.308345],[-114.596876,35.305761],[-114.597212,35.303222],[-114.597269,35.299564],[-114.597117,35.298264],[-114.596684,35.294556],[-114.596265,35.291927],[-114.595707,35.289938],[-114.59512,35.2882],[-114.593779,35.285915],[-114.593249,35.28436],[-114.593223,35.284245],[-114.593063,35.283549],[-114.592663,35.281799],[-114.592389,35.280668],[-114.591525,35.27709],[-114.590988,35.274872],[-114.590514,35.272334],[-114.589844,35.27039],[-114.589696,35.270056],[-114.588728,35.267876],[-114.587499,35.265475],[-114.587164,35.264103],[-114.586606,35.262389],[-114.586272,35.260102],[-114.58577,35.257747],[-114.585715,35.255621],[-114.585715,35.255474],[-114.585716,35.253151],[-114.585884,35.251962],[-114.585969,35.25043],[-114.586053,35.248898],[-114.585523,35.246909],[-114.585217,35.244028],[-114.584994,35.242725],[-114.58452,35.241719],[-114.584031,35.24085],[-114.58371,35.240279],[-114.58304,35.239364],[-114.582845,35.238701],[-114.582428,35.23454],[-114.582484,35.233168],[-114.582932,35.232093],[-114.583435,35.230995],[-114.583519,35.230355],[-114.583436,35.229737],[-114.58243,35.226386],[-114.581734,35.224067],[-114.580953,35.221872],[-114.580312,35.220089],[-114.580313,35.218123],[-114.579923,35.215516],[-114.579902,35.211799],[-114.579902,35.211799],[-114.579898,35.210966],[-114.579731,35.209891],[-114.579625,35.209357],[-114.579536,35.208908],[-114.578586,35.208108],[-114.577777,35.207765],[-114.576492,35.207331],[-114.575237,35.206827],[-114.574957,35.206715],[-114.57451,35.206143],[-114.574232,35.20548],[-114.574316,35.204908],[-114.574037,35.203811],[-114.572419,35.201319],[-114.572096,35.200835],[-114.572084,35.200816],[-114.571955,35.200472],[-114.571905,35.20034],[-114.571904,35.200337],[-114.571903,35.200334],[-114.571861,35.200222],[-114.571832,35.199874],[-114.571822,35.199758],[-114.571806,35.199558],[-114.571808,35.19953],[-114.571839,35.199181],[-114.57189,35.198621],[-114.571779,35.197569],[-114.571757,35.197257],[-114.571557,35.195008],[-114.571418,35.193568],[-114.571392,35.192153],[-114.571391,35.192127],[-114.571141,35.19103],[-114.57089,35.189955],[-114.570202,35.188137],[-114.570137,35.187966],[-114.569719,35.18696],[-114.569273,35.185954],[-114.569246,35.184742],[-114.568996,35.183164],[-114.569006,35.18277],[-114.569081,35.179894],[-114.569101,35.179162],[-114.569198,35.175562],[-114.5692,35.175484],[-114.569263,35.173134],[-114.56928,35.172495],[-114.569287,35.172217],[-114.569295,35.171952],[-114.569295,35.171942],[-114.569392,35.168334],[-114.569481,35.164986],[-114.569459,35.164702],[-114.569288,35.162585],[-114.56966,35.161074],[-114.570127,35.159177],[-114.570597,35.157454],[-114.571577,35.153857],[-114.572309,35.151173],[-114.572571,35.150205],[-114.573455,35.146943],[-114.573512,35.146677],[-114.573791,35.145388],[-114.573903,35.144176],[-114.573792,35.143101],[-114.573402,35.142187],[-114.5729,35.140838],[-114.572538,35.13958],[-114.572602,35.139391],[-114.572902,35.138505],[-114.573461,35.137064],[-114.573652,35.136627],[-114.574382,35.13496],[-114.575121,35.133897],[-114.577147,35.130981],[-114.577209,35.13086],[-114.578264,35.128808],[-114.579883,35.127504],[-114.580785,35.127108],[-114.581501,35.126794],[-114.583064,35.126085],[-114.584877,35.125192],[-114.586551,35.124597],[-114.587724,35.124182],[-114.587725,35.124182],[-114.588365,35.123956],[-114.589788,35.123521],[-114.597795,35.121733],[-114.598771,35.121504],[-114.598836,35.121494],[-114.599552,35.121389],[-114.600278,35.121411],[-114.600589,35.121484],[-114.601059,35.121594],[-114.602007,35.121639],[-114.607709,35.121837],[-114.609763,35.121909],[-114.615063,35.122088],[-114.615339,35.122088],[-114.616493,35.122087],[-114.617964,35.122086],[-114.620838,35.122015],[-114.624464,35.121189],[-114.625529,35.120872],[-114.625552,35.120865],[-114.626696,35.120524],[-114.627165,35.120306],[-114.628308,35.119774],[-114.629653,35.119196],[-114.631717,35.118142],[-114.633084,35.117249],[-114.634143,35.116334],[-114.634171,35.116317],[-114.635065,35.115265],[-114.63599,35.114804],[-114.63701,35.114056],[-114.637439,35.113515],[-114.637121,35.112724],[-114.637908,35.111734],[-114.639665,35.110703],[-114.641143,35.10949],[-114.641368,35.109255],[-114.641387,35.109236],[-114.641603,35.109051],[-114.641614,35.108987],[-114.641648,35.108964],[-114.645158,35.105302],[-114.646524,35.103677],[-114.64697,35.102716],[-114.64683,35.101687],[-114.646244,35.100727],[-114.645519,35.099951],[-114.644928,35.099401],[-114.644487,35.098991],[-114.643371,35.097872],[-114.642729,35.097371],[-114.641614,35.096501],[-114.639745,35.095177],[-114.638447,35.094488],[-114.638239,35.094378],[-114.634752,35.093169],[-114.632995,35.092347],[-114.629091,35.091436],[-114.626107,35.090455],[-114.62497,35.089985],[-114.623235,35.089268],[-114.619916,35.087739],[-114.616877,35.085957],[-114.613447,35.083307],[-114.611161,35.081708],[-114.609148,35.080017],[-114.60893,35.079834],[-114.606923,35.077938],[-114.605924,35.076834],[-114.605641,35.076521],[-114.604582,35.074418],[-114.603606,35.072498],[-114.602882,35.069777],[-114.602687,35.067445],[-114.602827,35.065935],[-114.603069,35.065369],[-114.603357,35.0647],[-114.603998,35.063236],[-114.605894,35.06008],[-114.607121,35.058547],[-114.608543,35.057082],[-114.611581,35.054931],[-114.614647,35.053511],[-114.618159,35.051359],[-114.621309,35.049276],[-114.624151,35.047032],[-114.626492,35.045293],[-114.628582,35.043164],[-114.630644,35.040899],[-114.632762,35.03797],[-114.634294,35.035568],[-114.635659,35.033051],[-114.636244,35.031221],[-114.637246,35.028316],[-114.637914,35.025709],[-114.638526,35.022598],[-114.638561,35.021938],[-114.638637,35.020449],[-114.638553,35.017453],[-114.638134,35.014366],[-114.638,35.013875],[-114.637214,35.010983],[-114.636716,35.008919],[-114.636712,35.008902],[-114.635569,35.005931],[-114.633479,35.001839],[-114.634476,35.002646],[-114.643959,35.010331],[-114.653716,35.018237],[-114.658034,35.021768],[-114.658312,35.021995],[-114.675511,35.036055],[-114.675802,35.036293],[-114.678271,35.038311],[-114.683321,35.042392],[-114.68337,35.042432],[-114.683501,35.042538],[-114.683736,35.042728],[-114.683979,35.042924],[-114.684717,35.04352],[-114.686949,35.045324],[-114.693499,35.050617],[-114.695759,35.052489],[-114.70014,35.056023],[-114.702381,35.05783],[-114.704522,35.059557],[-114.704984,35.059929],[-114.706867,35.061448],[-114.709572,35.063629],[-114.711354,35.065066],[-114.714117,35.067234],[-114.718425,35.070751],[-114.720548,35.072484],[-114.722768,35.074296],[-114.725154,35.076244],[-114.727146,35.07787],[-114.729802,35.080038],[-114.731561,35.081384],[-114.734383,35.083699],[-114.736061,35.085075],[-114.738863,35.087372],[-114.740521,35.088731],[-114.743359,35.091058],[-114.744939,35.092353],[-114.747871,35.094756],[-114.749318,35.095942],[-114.75233,35.09842],[-114.753658,35.099512],[-114.756785,35.102085],[-114.757997,35.103082],[-114.761244,35.105751],[-114.762336,35.10665],[-114.765602,35.109335],[-114.766312,35.10991],[-114.770224,35.113072],[-114.770726,35.113478],[-114.774697,35.116688],[-114.775141,35.117046],[-114.77917,35.120303],[-114.779626,35.120672],[-114.783734,35.123888],[-114.783803,35.123944],[-114.784012,35.124114],[-114.788204,35.127514],[-114.788455,35.127718],[-114.792604,35.131083],[-114.792898,35.131321],[-114.797006,35.134652],[-114.797342,35.134925],[-114.801314,35.138028],[-114.801554,35.138221],[-114.801787,35.138409],[-114.806013,35.141807],[-114.806232,35.141983],[-114.810472,35.145393],[-114.810678,35.145558],[-114.814932,35.148978],[-114.815123,35.149132],[-114.819151,35.152302],[-114.819363,35.152471],[-114.819598,35.15266],[-114.823744,35.155978],[-114.824073,35.156242],[-114.828125,35.159485],[-114.828548,35.159824],[-114.832507,35.162992],[-114.833024,35.163406],[-114.837129,35.166689],[-114.837567,35.16704],[-114.841937,35.170535],[-114.843492,35.171778],[-114.844611,35.172673],[-114.845751,35.173584],[-114.846858,35.174469],[-114.847972,35.17536],[-114.848745,35.175978],[-114.849098,35.176261],[-114.849471,35.176559],[-114.850204,35.177145],[-114.850414,35.177313],[-114.851308,35.178028],[-114.85178,35.178405],[-114.856261,35.181987],[-114.860231,35.185123],[-114.860537,35.185364],[-114.865514,35.189294],[-114.869084,35.192118],[-114.87396,35.196065],[-114.877585,35.199009],[-114.8785,35.199753],[-114.88193,35.202538],[-114.883003,35.20341],[-114.886895,35.20657],[-114.891939,35.210581],[-114.89574,35.213603],[-114.896554,35.21425],[-114.900162,35.217118],[-114.901285,35.21801],[-114.904538,35.220596],[-114.910793,35.225568],[-114.913492,35.227712],[-114.915286,35.229137],[-114.917954,35.231258],[-114.919868,35.232778],[-114.922358,35.234756],[-114.928999,35.240031],[-114.931019,35.241635],[-114.933396,35.243523],[-114.935464,35.245165],[-114.937849,35.247059],[-114.939925,35.248707],[-114.946781,35.254151],[-114.948828,35.255775],[-114.951338,35.257768],[-114.953294,35.25932],[-114.955917,35.261402],[-114.957726,35.262837],[-114.960517,35.265052],[-114.961894,35.266145],[-114.964989,35.2686],[-114.966328,35.269662],[-114.969762,35.272387],[-114.970761,35.27318],[-114.974432,35.276091],[-114.976631,35.277836],[-114.98107,35.281356],[-114.98437,35.283973],[-114.985608,35.284999],[-114.988786,35.287634],[-114.990141,35.288757],[-114.993265,35.291346],[-114.994668,35.29251],[-114.998015,35.295135],[-114.999149,35.296024],[-115.002869,35.298942],[-115.003555,35.29948],[-115.007571,35.302628],[-115.007964,35.302937],[-115.012272,35.306315],[-115.012374,35.306395],[-115.016799,35.309864],[-115.016975,35.310001],[-115.021225,35.313332],[-115.021677,35.313687],[-115.02565,35.316801],[-115.02641,35.317396],[-115.030076,35.320269],[-115.031143,35.321105],[-115.034503,35.323738],[-115.035876,35.324813],[-115.03893,35.327206],[-115.040609,35.328522],[-115.043357,35.330674],[-115.044376,35.331472],[-115.045226,35.332138],[-115.047784,35.334141],[-115.049844,35.335754],[-115.05221,35.337607],[-115.054461,35.33937],[-115.056634,35.341072],[-115.059079,35.342986],[-115.061057,35.344534],[-115.063706,35.346608],[-115.065499,35.348011],[-115.068332,35.350229],[-115.06999,35.351527],[-115.07296,35.353851],[-115.074552,35.355097],[-115.077587,35.357472],[-115.078913,35.358509],[-115.082083,35.360989],[-115.083219,35.361878],[-115.086579,35.364507],[-115.08765,35.365344],[-115.091075,35.368024],[-115.095572,35.371541],[-115.096532,35.372279],[-115.100004,35.374948],[-115.100958,35.37568],[-115.103486,35.377714],[-115.10537,35.379229],[-115.108018,35.381358],[-115.109773,35.38277],[-115.112567,35.385016],[-115.114167,35.386303],[-115.11709,35.388652],[-115.118564,35.389837],[-115.121619,35.392293],[-115.122949,35.393362],[-115.124157,35.394333],[-115.126134,35.395921],[-115.127354,35.396901],[-115.130278,35.399249],[-115.131796,35.400468],[-115.13477,35.402856],[-115.136148,35.403963],[-115.139362,35.406544],[-115.14056,35.407505],[-115.143896,35.410183],[-115.144985,35.411057],[-115.147658,35.413203],[-115.149415,35.414613],[-115.152171,35.416825],[-115.153951,35.418254],[-115.156767,35.420514],[-115.158396,35.421821],[-115.160721,35.423686],[-115.161316,35.424164],[-115.162813,35.425364],[-115.166182,35.428065],[-115.167051,35.428762],[-115.167195,35.428877],[-115.170736,35.431716],[-115.171693,35.432484],[-115.173382,35.433837],[-115.17527,35.435351],[-115.175284,35.435362],[-115.176112,35.436026],[-115.179714,35.438913],[-115.179834,35.439009],[-115.180522,35.43956],[-115.184894,35.443064],[-115.186047,35.443987],[-115.187901,35.44547],[-115.189616,35.446841],[-115.193998,35.450343],[-115.19424,35.450537],[-115.198447,35.453898],[-115.200584,35.455606],[-115.203589,35.458007],[-115.204429,35.458678],[-115.206926,35.460674],[-115.207963,35.461503],[-115.208917,35.462266],[-115.209366,35.462625],[-115.212513,35.465142],[-115.213465,35.465903],[-115.215706,35.467695],[-115.217008,35.468736],[-115.217958,35.469496],[-115.222046,35.472765],[-115.222597,35.473204],[-115.225845,35.475801],[-115.226392,35.476238],[-115.226809,35.476572],[-115.226922,35.476662],[-115.22716,35.476853],[-115.227545,35.47716],[-115.228388,35.477834],[-115.231271,35.480139],[-115.231704,35.480484],[-115.234731,35.482903],[-115.236262,35.484128],[-115.24053,35.487538],[-115.241074,35.487972],[-115.2451,35.491187],[-115.24742,35.493039],[-115.249646,35.494817],[-115.253766,35.498106],[-115.25419,35.498444],[-115.254306,35.498537],[-115.259577,35.502744],[-115.260114,35.503172],[-115.263148,35.505594],[-115.266462,35.508238],[-115.268697,35.510021],[-115.27203,35.512678],[-115.272813,35.513303],[-115.278135,35.517546],[-115.279164,35.518366],[-115.280864,35.519721],[-115.28269,35.521177],[-115.285303,35.52326],[-115.285517,35.52343],[-115.287264,35.524822],[-115.289707,35.526769],[-115.29187,35.528493],[-115.296162,35.531911],[-115.296246,35.531978],[-115.298544,35.533808],[-115.302518,35.536972],[-115.305377,35.539248],[-115.307337,35.540808],[-115.308875,35.542033],[-115.309948,35.542888],[-115.311763,35.544334],[-115.31458,35.546577],[-115.316229,35.547892],[-115.319113,35.550191],[-115.320651,35.551418],[-115.321595,35.55217],[-115.323727,35.553866],[-115.325069,35.554933],[-115.328305,35.557504],[-115.329496,35.558451],[-115.332653,35.560959],[-115.33378,35.561858],[-115.337238,35.564616],[-115.338116,35.565316],[-115.34178,35.568237],[-115.343299,35.569448],[-115.346354,35.571875],[-115.347727,35.572965],[-115.350663,35.575298],[-115.352081,35.576392],[-115.355376,35.578938],[-115.356525,35.579826],[-115.35978,35.58234],[-115.361634,35.583772],[-115.364392,35.585953],[-115.366057,35.58727],[-115.366801,35.587858],[-115.369439,35.589944],[-115.370532,35.590807],[-115.37058,35.590845],[-115.370706,35.590945],[-115.370898,35.591096],[-115.37092,35.591114],[-115.371256,35.591379],[-115.374014,35.593558],[-115.375243,35.594528],[-115.378621,35.597195],[-115.379783,35.598113],[-115.383213,35.600822],[-115.384189,35.601594],[-115.388134,35.604709],[-115.388666,35.605129],[-115.390851,35.606856],[-115.391109,35.607059],[-115.391454,35.607332],[-115.391714,35.607537],[-115.392907,35.60848],[-115.392973,35.608532],[-115.393187,35.608701],[-115.394166,35.609474],[-115.397784,35.61233],[-115.39784,35.612374],[-115.402411,35.615988],[-115.407069,35.619668],[-115.411104,35.622863],[-115.411644,35.62329],[-115.415464,35.626314],[-115.419914,35.629833],[-115.420817,35.630547],[-115.425664,35.63438],[-115.426029,35.63438],[-115.433867,35.64058],[-115.445127,35.649484],[-115.451909,35.654846],[-115.463644,35.664121],[-115.466734,35.666563],[-115.46969,35.668894],[-115.481702,35.678366],[-115.487568,35.682991],[-115.500101,35.692868],[-115.50532,35.69698],[-115.518239,35.707156],[-115.528242,35.715033],[-115.528905,35.715554],[-115.53125,35.717399],[-115.533362,35.719061],[-115.535032,35.720375],[-115.535884,35.721045],[-115.537739,35.722504],[-115.540523,35.724694],[-115.541432,35.725408],[-115.542211,35.726021],[-115.545142,35.728326],[-115.546654,35.729515],[-115.547831,35.730442],[-115.549774,35.73197],[-115.551155,35.733057],[-115.55423,35.735477],[-115.554398,35.735609],[-115.555661,35.736601],[-115.559013,35.739235],[-115.560141,35.740121],[-115.560634,35.740508],[-115.563672,35.742895],[-115.564662,35.743672],[-115.567041,35.745541],[-115.5683,35.746531],[-115.569173,35.747216],[-115.572942,35.750177],[-115.573388,35.750526],[-115.57345,35.750575],[-115.573606,35.750697],[-115.579863,35.755605],[-115.582229,35.75746],[-115.582719,35.757845],[-115.582785,35.757896],[-115.591516,35.764773],[-115.591676,35.764898],[-115.596429,35.768626],[-115.596506,35.768686],[-115.596512,35.768691],[-115.59659,35.768752],[-115.601337,35.772474],[-115.605984,35.776119],[-115.611311,35.780297],[-115.614609,35.782882],[-115.615842,35.783849],[-115.619088,35.786393],[-115.621294,35.788121],[-115.623602,35.78993],[-115.629366,35.794446],[-115.636804,35.800271],[-115.639978,35.802758],[-115.641099,35.803635],[-115.643474,35.805495],[-115.645651,35.8072],[-115.648466,35.809404],[-115.649468,35.810188],[-115.653321,35.813205],[-115.653829,35.813603],[-115.657849,35.816751],[-115.657965,35.816842],[-115.658245,35.817061],[-115.662696,35.820546],[-115.664268,35.821777],[-115.6672,35.824079],[-115.671463,35.827412],[-115.675934,35.830911],[-115.676491,35.831347],[-115.680481,35.83447],[-115.681216,35.835045],[-115.685887,35.8387],[-115.689434,35.841499],[-115.693927,35.845002],[-115.695216,35.846007],[-115.698414,35.848501],[-115.699893,35.849654],[-115.702495,35.851683],[-115.704649,35.853367],[-115.70748,35.85558],[-115.708894,35.856736],[-115.709066,35.85687],[-115.713961,35.860684],[-115.715331,35.861751],[-115.721768,35.866765],[-115.723367,35.86801],[-115.725449,35.869632],[-115.727995,35.871619],[-115.728204,35.871781],[-115.729923,35.873122],[-115.732639,35.875241],[-115.734447,35.876651],[-115.734637,35.876799],[-115.737302,35.878877],[-115.738895,35.88012],[-115.741071,35.881817],[-115.742051,35.882581],[-115.743314,35.883565],[-115.746873,35.886335],[-115.747512,35.886832],[-115.747821,35.887073],[-115.751536,35.889963],[-115.752424,35.890654],[-115.75615,35.893553],[-115.756674,35.893961],[-115.758199,35.895147],[-115.760789,35.897162],[-115.761333,35.897591],[-115.765845,35.901144],[-115.76603,35.90129],[-115.77063,35.904912],[-115.771161,35.905331],[-115.775386,35.908657],[-115.77577,35.90896],[-115.779407,35.911823],[-115.780192,35.912436],[-115.784177,35.915544],[-115.785062,35.916235],[-115.788613,35.919004],[-115.790232,35.920266],[-115.793083,35.922489],[-115.794703,35.923753],[-115.797575,35.925991],[-115.799096,35.927177],[-115.801598,35.929127],[-115.803757,35.93081],[-115.805976,35.932539],[-115.808538,35.934535],[-115.810529,35.936086],[-115.813405,35.938327],[-115.815083,35.939634],[-115.818103,35.941986],[-115.819159,35.942808],[-115.822743,35.9456],[-115.823756,35.946389],[-115.827169,35.949047],[-115.828385,35.949994],[-115.831683,35.952562],[-115.833076,35.953646],[-115.835913,35.955856],[-115.837688,35.957238],[-115.840523,35.959446],[-115.842216,35.960765],[-115.8452,35.963088],[-115.84679,35.964326],[-115.849879,35.966731],[-115.851325,35.967857],[-115.851316,35.970397],[-115.851303,35.974389],[-115.851291,35.977856],[-115.851289,35.978383],[-115.850919,35.981306],[-115.850858,35.981782],[-115.850427,35.98518],[-115.850426,35.9889],[-115.850424,35.992619],[-115.850423,35.996338],[-115.850421,36.000058],[-115.850419,36.003705],[-115.850418,36.007353],[-115.850416,36.011001],[-115.850415,36.014649],[-115.850413,36.018272],[-115.850411,36.021895],[-115.85041,36.025518],[-115.850408,36.029141],[-115.850407,36.032766],[-115.850405,36.036392],[-115.850403,36.040017],[-115.850402,36.043643],[-115.8504,36.047242],[-115.850399,36.050841],[-115.850397,36.05444],[-115.850396,36.058039],[-115.850394,36.061783],[-115.850392,36.065526],[-115.850391,36.069269],[-115.850389,36.073012],[-115.85041,36.076669],[-115.850431,36.080326],[-115.850452,36.083982],[-115.850472,36.087639],[-115.850465,36.091324],[-115.850458,36.09501],[-115.850451,36.098695],[-115.850443,36.102381],[-115.850436,36.105997],[-115.850428,36.109614],[-115.85042,36.11323],[-115.850413,36.116846],[-115.850497,36.12048],[-115.85055,36.122769],[-115.850553,36.122868],[-115.850558,36.12311],[-115.85056,36.123201],[-115.850563,36.123312],[-115.850569,36.12357],[-115.850575,36.123827],[-115.850582,36.124113],[-115.850585,36.124271],[-115.850666,36.127746],[-115.85075,36.13138],[-115.850793,36.135117],[-115.850835,36.138854],[-115.850878,36.142591],[-115.850921,36.146328],[-115.851007,36.150113],[-115.851092,36.153898],[-115.851178,36.157683],[-115.851261,36.161322],[-115.851273,36.16498],[-115.851285,36.168638],[-115.851297,36.172296],[-115.851309,36.175954],[-115.851322,36.179612],[-115.851334,36.18327],[-115.851346,36.186928],[-115.851358,36.190587],[-115.869211,36.19049],[-115.886393,36.190394],[-115.895704,36.190341],[-115.895665,36.20502],[-115.895625,36.219699],[-115.895588,36.233474],[-115.895586,36.234379],[-115.895556,36.245389],[-115.895554,36.246102],[-115.895546,36.249059],[-115.895507,36.263589],[-115.895494,36.268272],[-115.895467,36.27842],[-115.895464,36.279707],[-115.895457,36.282105],[-115.895447,36.285791],[-115.895437,36.289477],[-115.895427,36.293162],[-115.895388,36.307708],[-115.895349,36.322197],[-115.895339,36.325869],[-115.895329,36.329542],[-115.895319,36.333214],[-115.895309,36.336886],[-115.895273,36.350149],[-115.895234,36.364683],[-115.895196,36.378788],[-115.895158,36.392736],[-115.89512,36.406959],[-115.895109,36.410792],[-115.895099,36.414626],[-115.895088,36.418459],[-115.895078,36.422292],[-115.895077,36.42257],[-115.895126,36.436],[-115.895178,36.450242],[-115.895234,36.46583],[-115.895282,36.478821],[-115.895334,36.49327],[-115.895348,36.497027],[-115.895362,36.500785],[-115.895375,36.504542],[-115.895389,36.5083],[-115.895384,36.524074],[-115.895382,36.532207],[-115.89538,36.538716],[-115.895376,36.553181],[-115.895372,36.568381],[-115.895369,36.579839],[-115.895369,36.580166],[-115.895369,36.580966],[-115.895368,36.581552],[-115.895368,36.582138],[-115.895368,36.58313],[-115.895366,36.591118],[-115.895358,36.594374],[-115.895349,36.598163],[-115.89535,36.613486],[-115.895345,36.627848],[-115.895427,36.642257],[-115.89548,36.656733],[-115.895619,36.671302],[-115.89576,36.685867],[-115.895785,36.700298],[-115.89598,36.714775],[-115.89609,36.72916],[-115.896202,36.743797],[-115.896226,36.758113],[-115.896251,36.77259],[-115.896334,36.787135],[-115.896473,36.801544],[-115.896611,36.815838],[-115.896693,36.830154],[-115.896846,36.842092],[-115.882676,36.842017],[-115.864686,36.842091],[-115.846695,36.842025],[-115.828762,36.84214],[-115.810629,36.842],[-115.792638,36.841971],[-115.774534,36.841917],[-115.740748,36.8419],[-115.740846,36.853084],[-115.727986,36.853154],[-115.710193,36.853114],[-115.692115,36.853208],[-115.67398,36.853321],[-115.656158,36.853319],[-115.638022,36.853404],[-115.620001,36.853326],[-115.60255,36.853409],[-115.5845,36.853417],[-115.566478,36.853469],[-115.54877,36.853474],[-115.530606,36.853451],[-115.512471,36.853471],[-115.494506,36.853444],[-115.476742,36.853529],[-115.458635,36.853518],[-115.440699,36.853551],[-115.422592,36.853581],[-115.40457,36.853585],[-115.386263,36.853585],[-115.368698,36.85361],[-115.350905,36.853585],[-115.332826,36.853601],[-115.314748,36.85366],[-115.303399,36.853557],[-115.294081,36.853579],[-115.287833,36.853594],[-115.286404,36.853597],[-115.268325,36.853603],[-115.250219,36.853515],[-115.232084,36.853446],[-115.214119,36.853468],[-115.196212,36.85335],[-115.178618,36.853415],[-115.160512,36.853382],[-115.142348,36.853346],[-115.124412,36.853308],[-115.106163,36.853265],[-115.088285,36.853132],[-115.071091,36.853184],[-115.053041,36.853227],[-115.035105,36.85329],[-115.016856,36.853302],[-114.99892,36.853337],[-114.986146,36.853364],[-114.986112,36.853364],[-114.980582,36.853394],[-114.975052,36.853424],[-114.969522,36.853454],[-114.963992,36.853483],[-114.960369,36.853373],[-114.956774,36.853341],[-114.956742,36.853341],[-114.956091,36.853335],[-114.956088,36.853335],[-114.954907,36.853325],[-114.951797,36.853297],[-114.951305,36.853292],[-114.949196,36.853292],[-114.945823,36.853291],[-114.942221,36.85329],[-114.941281,36.853294],[-114.936739,36.853314],[-114.933123,36.85333],[-114.932197,36.853333],[-114.928756,36.853345],[-114.928103,36.853348],[-114.927656,36.853349],[-114.924028,36.853377],[-114.923163,36.853373],[-114.923115,36.853372],[-114.91867,36.85335],[-114.918574,36.85335],[-114.914928,36.853331],[-114.914033,36.853329],[-114.909685,36.853317],[-114.909603,36.853316],[-114.905192,36.853304],[-114.900699,36.853291],[-114.896919,36.853279],[-114.896206,36.853278],[-114.891714,36.85327],[-114.887221,36.853263],[-114.882728,36.853265],[-114.880482,36.853266],[-114.878824,36.853267],[-114.878235,36.853271],[-114.873744,36.853306],[-114.869887,36.853276],[-114.869272,36.853281],[-114.8648,36.853323],[-114.860329,36.85333],[-114.855857,36.853338],[-114.820084,36.853393],[-114.802197,36.853416],[-114.78431,36.853437]],[[-115.346944,36.251493],[-115.346937,36.249654],[-115.346933,36.248461],[-115.346931,36.247814],[-115.350767,36.247813],[-115.351497,36.247813],[-115.351497,36.247811],[-115.351555,36.246],[-115.355984,36.246031],[-115.356036,36.246032],[-115.358301,36.246048],[-115.358307,36.24431],[-115.358309,36.244203],[-115.356084,36.244166],[-115.356078,36.244166],[-115.35385,36.244129],[-115.351617,36.244091],[-115.351678,36.242184],[-115.349431,36.242161],[-115.347184,36.242138],[-115.344937,36.242115],[-115.342682,36.242092],[-115.340443,36.242068],[-115.338197,36.242045],[-115.338322,36.24014],[-115.336086,36.240118],[-115.336225,36.238176],[-115.336364,36.236236],[-115.334151,36.236203],[-115.334148,36.236203],[-115.334148,36.236202],[-115.334449,36.232316],[-115.334336,36.227102],[-115.334299,36.225367],[-115.334263,36.223632],[-115.334227,36.221898],[-115.33419,36.220164],[-115.334171,36.219297],[-115.334152,36.21843],[-115.339082,36.218301],[-115.342498,36.218211],[-115.34757,36.218078],[-115.347625,36.218077],[-115.351971,36.217963],[-115.370523,36.218204],[-115.370581,36.213348],[-115.370604,36.212187],[-115.370633,36.210707],[-115.384915,36.210503],[-115.388799,36.210447],[-115.397704,36.210514],[-115.3977,36.209821],[-115.397658,36.203276],[-115.39729,36.196065],[-115.401348,36.196097],[-115.406141,36.196129],[-115.405781,36.188905],[-115.406021,36.184837],[-115.406208,36.18168],[-115.406512,36.175746],[-115.406578,36.174456],[-115.405677,36.166685],[-115.394124,36.162605],[-115.386683,36.158868],[-115.386682,36.158868],[-115.379313,36.155413],[-115.378769,36.155418],[-115.374805,36.155451],[-115.37279,36.155476],[-115.370837,36.155501],[-115.370251,36.155508],[-115.370251,36.155507],[-115.366998,36.155486],[-115.366055,36.155465],[-115.365975,36.155463],[-115.365827,36.15546],[-115.363715,36.155447],[-115.36347,36.155445],[-115.363139,36.15545],[-115.362986,36.155588],[-115.361998,36.156481],[-115.361461,36.156966],[-115.361223,36.157181],[-115.361181,36.157218],[-115.360786,36.157573],[-115.360767,36.157591],[-115.360583,36.157747],[-115.36043,36.157866],[-115.360256,36.15799],[-115.360047,36.158124],[-115.359904,36.158208],[-115.359682,36.158327],[-115.359452,36.158437],[-115.359216,36.158536],[-115.359055,36.158597],[-115.358809,36.158679],[-115.358558,36.158751],[-115.358388,36.158793],[-115.358217,36.15883],[-115.357957,36.158876],[-115.357665,36.158919],[-115.357436,36.158944],[-115.357125,36.158971],[-115.357113,36.158972],[-115.356795,36.158971],[-115.352044,36.158951],[-115.350253,36.158952],[-115.346241,36.158955],[-115.344428,36.158957],[-115.342882,36.158958],[-115.342773,36.158959],[-115.341199,36.158966],[-115.338386,36.158965],[-115.33784,36.158965],[-115.337443,36.158965],[-115.3374,36.158965],[-115.337096,36.158965],[-115.337082,36.158965],[-115.336428,36.158965],[-115.336419,36.158965],[-115.333941,36.158964],[-115.333847,36.158963],[-115.333577,36.158962],[-115.332147,36.158958],[-115.332144,36.158958],[-115.331364,36.158955],[-115.330654,36.158953],[-115.328619,36.158946],[-115.326865,36.158941],[-115.324783,36.158934],[-115.323095,36.158937],[-115.318497,36.158944],[-115.315838,36.158948],[-115.315834,36.15877],[-115.315814,36.157987],[-115.315782,36.156767],[-115.315759,36.155846],[-115.315756,36.155761],[-115.315746,36.155366],[-115.315741,36.155147],[-115.315673,36.152514],[-115.315652,36.151685],[-115.315604,36.149803],[-115.315576,36.148708],[-115.315573,36.148593],[-115.315556,36.147939],[-115.315545,36.147506],[-115.315475,36.144787],[-115.315465,36.144398],[-115.315405,36.141642],[-115.315386,36.140753],[-115.315382,36.140571],[-115.315343,36.138693],[-115.315309,36.137107],[-115.315306,36.136958],[-115.315305,36.136953],[-115.315305,36.13693],[-115.315282,36.135779],[-115.315237,36.133468],[-115.315169,36.129829],[-115.314966,36.129829],[-115.314227,36.12983],[-115.313226,36.12983],[-115.313079,36.12983],[-115.312549,36.12983],[-115.311931,36.12983],[-115.310784,36.129831],[-115.310693,36.129831],[-115.309814,36.129831],[-115.309636,36.129831],[-115.30849,36.129831],[-115.308448,36.129831],[-115.307968,36.129831],[-115.307743,36.129831],[-115.307612,36.129831],[-115.307329,36.129831],[-115.307307,36.129831],[-115.307045,36.129832],[-115.306419,36.129832],[-115.306205,36.129832],[-115.306195,36.129832],[-115.305068,36.129832],[-115.303928,36.129832],[-115.303916,36.129832],[-115.303914,36.129832],[-115.303625,36.129832],[-115.30339,36.129832],[-115.302768,36.129832],[-115.302159,36.129833],[-115.301623,36.129833],[-115.300477,36.129833],[-115.300347,36.129833],[-115.299847,36.129833],[-115.299332,36.129833],[-115.29923,36.129833],[-115.298186,36.129833],[-115.2977,36.129833],[-115.297325,36.129833],[-115.297183,36.129833],[-115.29718,36.129833],[-115.29704,36.129833],[-115.295895,36.129812],[-115.294757,36.129791],[-115.294503,36.129786],[-115.294304,36.129782],[-115.293619,36.12977],[-115.292678,36.129752],[-115.292483,36.129748],[-115.291344,36.129727],[-115.290815,36.129717],[-115.290357,36.129709],[-115.290206,36.129706],[-115.290019,36.129702],[-115.289133,36.129686],[-115.2886,36.129676],[-115.288185,36.129668],[-115.288061,36.129666],[-115.287925,36.129663],[-115.286802,36.129651],[-115.285745,36.129639],[-115.285528,36.129636],[-115.285265,36.129633],[-115.284557,36.129625],[-115.283864,36.129617],[-115.283435,36.129612],[-115.282314,36.129599],[-115.282286,36.129599],[-115.281573,36.129591],[-115.281191,36.129586],[-115.280257,36.129575],[-115.280069,36.129573],[-115.278946,36.12956],[-115.278947,36.130452],[-115.278948,36.131107],[-115.278949,36.131454],[-115.278952,36.133191],[-115.278954,36.134873],[-115.278955,36.135218],[-115.278956,36.136819],[-115.278957,36.137721],[-115.278957,36.137731],[-115.278957,36.138636],[-115.27896,36.140356],[-115.27896,36.140458],[-115.278963,36.142085],[-115.278964,36.142243],[-115.278964,36.142278],[-115.278966,36.143266],[-115.278966,36.144097],[-115.277838,36.144069],[-115.277827,36.144068],[-115.277299,36.144056],[-115.27671,36.144043],[-115.276696,36.144043],[-115.276006,36.144025],[-115.275582,36.144014],[-115.275578,36.144014],[-115.275218,36.144006],[-115.275106,36.144004],[-115.275094,36.144003],[-115.274455,36.143989],[-115.274444,36.143989],[-115.273326,36.143961],[-115.272304,36.143938],[-115.272202,36.143935],[-115.272193,36.143935],[-115.271917,36.143929],[-115.271641,36.143923],[-115.271077,36.143908],[-115.269946,36.14388],[-115.269945,36.14388],[-115.269691,36.143873],[-115.268818,36.143849],[-115.268795,36.143849],[-115.267691,36.14382],[-115.267659,36.143819],[-115.266565,36.143793],[-115.266528,36.143792],[-115.265437,36.143766],[-115.265392,36.143765],[-115.26431,36.143741],[-115.264274,36.14374],[-115.263185,36.143715],[-115.263168,36.143715],[-115.262892,36.143708],[-115.262616,36.143702],[-115.262058,36.143686],[-115.262042,36.143685],[-115.261212,36.143668],[-115.260931,36.143662],[-115.259808,36.143692],[-115.259808,36.143692],[-115.259428,36.143703],[-115.259242,36.143708],[-115.258664,36.143724],[-115.25812,36.143739],[-115.257551,36.143754],[-115.256426,36.143785],[-115.255288,36.143816],[-115.254265,36.143844],[-115.254162,36.143847],[-115.254038,36.143851],[-115.253598,36.143863],[-115.253045,36.143878],[-115.25192,36.143909],[-115.250785,36.14394],[-115.250517,36.143947],[-115.250181,36.143957],[-115.249668,36.143971],[-115.248542,36.144002],[-115.248531,36.144002],[-115.247413,36.144033],[-115.24692,36.144046],[-115.246291,36.144064],[-115.245849,36.144076],[-115.245157,36.144095],[-115.24403,36.144126],[-115.243651,36.144136],[-115.243164,36.144149],[-115.24308,36.144152],[-115.242955,36.144155],[-115.24291,36.144157],[-115.24283,36.144154],[-115.242745,36.144151],[-115.241748,36.144138],[-115.24076,36.144128],[-115.240604,36.144126],[-115.240489,36.144125],[-115.23963,36.144115],[-115.239478,36.144113],[-115.238355,36.144101],[-115.237823,36.144095],[-115.237233,36.144089],[-115.236111,36.144077],[-115.23555,36.14407],[-115.235272,36.144067],[-115.234995,36.144064],[-115.233863,36.144046],[-115.232787,36.144071],[-115.232637,36.144073],[-115.232486,36.144076],[-115.231701,36.144094],[-115.230632,36.144118],[-115.229563,36.14414],[-115.22848,36.144164],[-115.227411,36.144188],[-115.227311,36.14419],[-115.22715,36.144193],[-115.226813,36.1442],[-115.226578,36.144205],[-115.226578,36.144205],[-115.226342,36.144209],[-115.225276,36.144234],[-115.224196,36.144253],[-115.223624,36.144264],[-115.223116,36.144273],[-115.222847,36.144277],[-115.222037,36.144291],[-115.220996,36.14431],[-115.219913,36.144331],[-115.218853,36.144348],[-115.21885,36.144348],[-115.218455,36.144353],[-115.218233,36.144356],[-115.217782,36.144364],[-115.217764,36.144364],[-115.217763,36.144364],[-115.216712,36.144382],[-115.215619,36.144401],[-115.215446,36.144404],[-115.214667,36.144417],[-115.214621,36.144418],[-115.214616,36.144418],[-115.214564,36.144419],[-115.213484,36.144438],[-115.213471,36.144438],[-115.213388,36.14444],[-115.213294,36.144441],[-115.212659,36.144453],[-115.212505,36.144455],[-115.212404,36.144456],[-115.210566,36.144488],[-115.209977,36.144499],[-115.20971,36.144504],[-115.208941,36.144517],[-115.208497,36.144525],[-115.208225,36.144529],[-115.208137,36.144531],[-115.208136,36.144531],[-115.207764,36.144529],[-115.205066,36.144512],[-115.204317,36.144507],[-115.204315,36.144507],[-115.20435,36.144398],[-115.20435,36.144301],[-115.204333,36.143394],[-115.204324,36.143043],[-115.204323,36.142998],[-115.204316,36.14269],[-115.204316,36.142662],[-115.204303,36.142321],[-115.204293,36.141959],[-115.204281,36.141596],[-115.20427,36.141225],[-115.204262,36.140905],[-115.204386,36.140904],[-115.204718,36.140902],[-115.205029,36.140898],[-115.205258,36.140898],[-115.205481,36.140896],[-115.20571,36.140895],[-115.205936,36.140893],[-115.206168,36.140892],[-115.206352,36.140891],[-115.206536,36.14089],[-115.206663,36.14089],[-115.206791,36.140889],[-115.206823,36.14089],[-115.207762,36.140892],[-115.207919,36.140893],[-115.20812,36.140893],[-115.208112,36.139078],[-115.208108,36.138309],[-115.208103,36.137257],[-115.208103,36.137257],[-115.208095,36.135776],[-115.208093,36.135419],[-115.208092,36.135101],[-115.207889,36.135102],[-115.207887,36.135102],[-115.207003,36.135108],[-115.205243,36.135115],[-115.205066,36.135116],[-115.205076,36.135449],[-115.205076,36.135992],[-115.205089,36.136128],[-115.205119,36.13626],[-115.205161,36.136377],[-115.205206,36.13647],[-115.205292,36.136618],[-115.205356,36.136771],[-115.205379,36.136856],[-115.205396,36.136947],[-115.205405,36.137044],[-115.205405,36.137123],[-115.205399,36.137159],[-115.205403,36.137269],[-115.2054,36.137269],[-115.204177,36.13727],[-115.203392,36.137278],[-115.202359,36.137283],[-115.202135,36.137285],[-115.201625,36.137288],[-115.19957,36.137296],[-115.199471,36.137296],[-115.19947,36.137286],[-115.199377,36.135458],[-115.199284,36.133648],[-115.199181,36.13365],[-115.199147,36.133651],[-115.198757,36.133657],[-115.194829,36.133718],[-115.194825,36.133718],[-115.194331,36.133726],[-115.19351,36.13374],[-115.192685,36.133754],[-115.192613,36.133756],[-115.192589,36.133755],[-115.19055,36.133791],[-115.190383,36.133796],[-115.190375,36.133641],[-115.190361,36.133251],[-115.190358,36.133176],[-115.190347,36.132904],[-115.190339,36.1327],[-115.190326,36.132418],[-115.190311,36.132027],[-115.19029,36.131492],[-115.190276,36.131145],[-115.190259,36.130697],[-115.190247,36.130388],[-115.190243,36.130297],[-115.190241,36.130257],[-115.190241,36.130257],[-115.190242,36.130144],[-115.190242,36.130144],[-115.189943,36.130014],[-115.188591,36.129953],[-115.187863,36.129923],[-115.187453,36.129903],[-115.186926,36.129884],[-115.186427,36.129862],[-115.186024,36.129846],[-115.185624,36.129832],[-115.185502,36.129826],[-115.184932,36.129797],[-115.184523,36.129778],[-115.184241,36.12977],[-115.183963,36.129759],[-115.183829,36.129751],[-115.183682,36.129746],[-115.183398,36.129734],[-115.183137,36.129723],[-115.182875,36.129712],[-115.182726,36.129712],[-115.182465,36.129724],[-115.182318,36.129738],[-115.182172,36.129757],[-115.182028,36.129779],[-115.181821,36.129822],[-115.181444,36.129935],[-115.181134,36.130055],[-115.181117,36.130216],[-115.181109,36.130284],[-115.181097,36.130385],[-115.181077,36.130552],[-115.181051,36.130715],[-115.181024,36.130888],[-115.180929,36.131387],[-115.180806,36.131889],[-115.180684,36.132331],[-115.180575,36.132667],[-115.180447,36.13303],[-115.180275,36.133467],[-115.180241,36.133552],[-115.180056,36.133965],[-115.179886,36.134314],[-115.179603,36.134835],[-115.179388,36.135203],[-115.179355,36.135259],[-115.179051,36.135734],[-115.178812,36.136076],[-115.178688,36.13624],[-115.178565,36.136403],[-115.178257,36.136789],[-115.177964,36.137137],[-115.177863,36.137135],[-115.177866,36.137132],[-115.177537,36.137128],[-115.177244,36.137125],[-115.177199,36.137124],[-115.176848,36.137118],[-115.176685,36.137116],[-115.175725,36.137101],[-115.17562,36.1371],[-115.175505,36.137098],[-115.175383,36.137096],[-115.17335,36.137065],[-115.173201,36.137063],[-115.173322,36.136872],[-115.17437,36.135268],[-115.17437,36.135268],[-115.174212,36.135266],[-115.173211,36.135252],[-115.173224,36.133463],[-115.173224,36.133391],[-115.173225,36.132999],[-115.166051,36.143995],[-115.165977,36.143993],[-115.164835,36.143937],[-115.164809,36.143936],[-115.164772,36.143934],[-115.164677,36.14393],[-115.164094,36.143909],[-115.1637,36.143895],[-115.163246,36.14388],[-115.162671,36.143861],[-115.161961,36.143834],[-115.160568,36.143781],[-115.160525,36.143779],[-115.159113,36.143717],[-115.158727,36.143704],[-115.158504,36.143697],[-115.158498,36.143697],[-115.158037,36.143679],[-115.158019,36.143679],[-115.157387,36.143655],[-115.157372,36.143654],[-115.15734,36.143653],[-115.15719,36.143645],[-115.156335,36.143611],[-115.154895,36.143674],[-115.154837,36.143677],[-115.154799,36.143679],[-115.154779,36.14368],[-115.15475,36.143681],[-115.154736,36.143682],[-115.154625,36.143686],[-115.154593,36.143689],[-115.154593,36.143689],[-115.153991,36.143709],[-115.153574,36.143723],[-115.153566,36.143723],[-115.15259,36.143753],[-115.152511,36.143755],[-115.15175,36.143784],[-115.151679,36.143786],[-115.151678,36.143786],[-115.151479,36.143794],[-115.1503,36.143836],[-115.15026,36.143835],[-115.149687,36.143858],[-115.149686,36.143858],[-115.149267,36.143871],[-115.149092,36.143877],[-115.148602,36.143898],[-115.148473,36.143904],[-115.148396,36.143907],[-115.148358,36.143908],[-115.147932,36.143924],[-115.147874,36.143926],[-115.147512,36.143939],[-115.14727,36.143945],[-115.146655,36.143962],[-115.145703,36.143998],[-115.144703,36.144035],[-115.142431,36.14412],[-115.141768,36.144144],[-115.141692,36.144147],[-115.141589,36.144149],[-115.141584,36.144149],[-115.140175,36.144183],[-115.138876,36.144215],[-115.137306,36.144252],[-115.137015,36.144257],[-115.13691,36.144258],[-115.136881,36.144259],[-115.136867,36.144259],[-115.136698,36.144265],[-115.13481,36.144294],[-115.133813,36.144309],[-115.132817,36.144324],[-115.132293,36.144332],[-115.131784,36.144339],[-115.128488,36.14439],[-115.12806,36.144396],[-115.127882,36.1444],[-115.127703,36.144403],[-115.127614,36.144404],[-115.126849,36.14441],[-115.1255,36.144423],[-115.124545,36.144415],[-115.12327,36.144404],[-115.122351,36.144398],[-115.121477,36.144392],[-115.120595,36.144385],[-115.119708,36.144379],[-115.118769,36.144373],[-115.118703,36.144372],[-115.118637,36.144372],[-115.118532,36.14437],[-115.116577,36.144348],[-115.114466,36.144325],[-115.114364,36.144323],[-115.11318,36.144311],[-115.112104,36.144297],[-115.111014,36.144285],[-115.110253,36.144279],[-115.110041,36.144278],[-115.110018,36.144277],[-115.109981,36.144276],[-115.109945,36.144276],[-115.109921,36.144275],[-115.109921,36.144275],[-115.107675,36.144312],[-115.10656,36.144334],[-115.106304,36.144339],[-115.105539,36.144354],[-115.105437,36.144357],[-115.10469,36.144368],[-115.104185,36.144387],[-115.103913,36.144409],[-115.103752,36.14443],[-115.103586,36.144464],[-115.103418,36.144505],[-115.103236,36.14456],[-115.103046,36.144628],[-115.102983,36.144655],[-115.102803,36.144462],[-115.10274,36.144406],[-115.102728,36.144398],[-115.102595,36.144401],[-115.102007,36.144416],[-115.102008,36.144583],[-115.102009,36.144755],[-115.102172,36.144649],[-115.102366,36.144814],[-115.102327,36.14484],[-115.102457,36.144962],[-115.102501,36.145002],[-115.102591,36.145086],[-115.103271,36.145684],[-115.103364,36.145767],[-115.10358,36.145964],[-115.103806,36.146167],[-115.103861,36.14622],[-115.104039,36.146379],[-115.104122,36.146452],[-115.104263,36.146577],[-115.104304,36.146615],[-115.104441,36.146736],[-115.104466,36.146759],[-115.104575,36.146857],[-115.104613,36.146892],[-115.104704,36.146975],[-115.104709,36.146979],[-115.104829,36.147087],[-115.104846,36.147103],[-115.10498,36.147221],[-115.105046,36.147278],[-115.105112,36.147336],[-115.10515,36.147372],[-115.105287,36.147496],[-115.105425,36.147618],[-115.105542,36.14772],[-115.105759,36.147911],[-115.10587,36.148006],[-115.106006,36.148124],[-115.106344,36.148423],[-115.106437,36.148507],[-115.106507,36.148569],[-115.106573,36.148628],[-115.106684,36.148727],[-115.106876,36.1489],[-115.107013,36.149021],[-115.107029,36.149037],[-115.10715,36.149143],[-115.107215,36.149199],[-115.107288,36.149267],[-115.107429,36.14939],[-115.107564,36.149511],[-115.107666,36.149599],[-115.107701,36.149629],[-115.107844,36.149757],[-115.107982,36.149881],[-115.10801,36.149906],[-115.108121,36.150002],[-115.108259,36.150124],[-115.108344,36.150201],[-115.108398,36.150248],[-115.108535,36.150369],[-115.10858,36.150411],[-115.108674,36.150491],[-115.108812,36.150614],[-115.10895,36.150735],[-115.109088,36.150857],[-115.109236,36.150989],[-115.109379,36.151118],[-115.109565,36.151278],[-115.10978,36.151469],[-115.10993,36.151612],[-115.109941,36.151691],[-115.109948,36.151777],[-115.109948,36.151777],[-115.11042,36.151783],[-115.110444,36.151784],[-115.110576,36.151783],[-115.110577,36.151783],[-115.110576,36.151887],[-115.110272,36.15211],[-115.109968,36.152331],[-115.109654,36.152555],[-115.10939,36.152745],[-115.110323,36.153575],[-115.111911,36.154979],[-115.112502,36.155465],[-115.112871,36.15577],[-115.113825,36.156517],[-115.114423,36.157012],[-115.114427,36.157015],[-115.115336,36.157841],[-115.115869,36.158309],[-115.11598,36.158405],[-115.11624,36.158608],[-115.116432,36.158738],[-115.116551,36.158825],[-115.116474,36.158826],[-115.116443,36.158826],[-115.116195,36.158828],[-115.116168,36.158828],[-115.116125,36.158828],[-115.116122,36.158945],[-115.11605,36.160507],[-115.116039,36.160762],[-115.116008,36.16149],[-115.1139,36.161472],[-115.113901,36.161705],[-115.11389,36.162746],[-115.113838,36.162752],[-115.113781,36.162755],[-115.112719,36.16274],[-115.111584,36.162727],[-115.11147,36.162722],[-115.111463,36.162637],[-115.111476,36.161673],[-115.111506,36.159815],[-115.111506,36.159811],[-115.111507,36.15974],[-115.111508,36.159473],[-115.111512,36.159315],[-115.111516,36.159011],[-115.111517,36.158911],[-115.111516,36.158836],[-115.109893,36.158832],[-115.108026,36.15883],[-115.107712,36.15883],[-115.107712,36.158722],[-115.107712,36.158694],[-115.107702,36.156955],[-115.1077,36.155814],[-115.1077,36.15552],[-115.106636,36.155524],[-115.106635,36.156278],[-115.106636,36.156654],[-115.106636,36.157042],[-115.106635,36.157042],[-115.105555,36.157042],[-115.105453,36.157042],[-115.105452,36.157454],[-115.105553,36.157454],[-115.10608,36.157455],[-115.10608,36.15773],[-115.106082,36.157871],[-115.106082,36.158079],[-115.106084,36.158297],[-115.106077,36.158692],[-115.106077,36.15872],[-115.106078,36.158832],[-115.105465,36.158833],[-115.105449,36.158833],[-115.103483,36.158831],[-115.103361,36.158831],[-115.103361,36.158831],[-115.103361,36.158831],[-115.10109,36.158829],[-115.101061,36.158829],[-115.101037,36.158829],[-115.100985,36.158828],[-115.100589,36.158828],[-115.100465,36.158829],[-115.099457,36.158829],[-115.098435,36.15883],[-115.098017,36.15883],[-115.097923,36.158829],[-115.097428,36.158829],[-115.09679,36.15883],[-115.096471,36.158831],[-115.095801,36.158835],[-115.094706,36.158844],[-115.093581,36.158853],[-115.092315,36.158851],[-115.09231,36.158851],[-115.091776,36.158857],[-115.091737,36.158858],[-115.091536,36.15886],[-115.09152,36.15886],[-115.090654,36.15887],[-115.090623,36.15887],[-115.090497,36.158872],[-115.089211,36.158873],[-115.08914,36.158874],[-115.089,36.158875],[-115.087365,36.158892],[-115.087332,36.158892],[-115.086908,36.158894],[-115.086355,36.158899],[-115.085793,36.158905],[-115.085232,36.158907],[-115.084676,36.15891],[-115.083454,36.158919],[-115.082083,36.158929],[-115.081996,36.15893],[-115.081994,36.15893],[-115.081909,36.158931],[-115.080199,36.158946],[-115.079901,36.158949],[-115.078972,36.158956],[-115.078944,36.158956],[-115.074458,36.158968],[-115.072211,36.158973],[-115.071305,36.158975],[-115.071249,36.158975],[-115.071245,36.158975],[-115.069973,36.158975],[-115.069965,36.158975],[-115.067725,36.158991],[-115.067596,36.158992],[-115.065469,36.159007],[-115.065087,36.159008],[-115.064839,36.159009],[-115.06475,36.159009],[-115.063552,36.159013],[-115.062434,36.159017],[-115.062332,36.159018],[-115.062317,36.159018],[-115.062299,36.159018],[-115.062298,36.159051],[-115.062293,36.159139],[-115.062293,36.15915],[-115.06224,36.160995],[-115.062235,36.161189],[-115.06223,36.161383],[-115.062211,36.162065],[-115.0622,36.162467],[-115.062192,36.16277],[-115.062134,36.164697],[-115.062085,36.166438],[-115.062082,36.16652],[-115.062083,36.166603],[-115.062101,36.168339],[-115.062114,36.169458],[-115.062121,36.170278],[-115.062139,36.172159],[-115.062146,36.172778],[-115.062149,36.172987],[-115.062161,36.17405],[-115.062165,36.175897],[-115.062169,36.177741],[-115.062173,36.179551],[-115.062174,36.180002],[-115.062177,36.181436],[-115.062177,36.181835],[-115.062177,36.183253],[-115.062177,36.183278],[-115.062181,36.185119],[-115.062182,36.186932],[-115.062182,36.186935],[-115.062185,36.188813],[-115.062323,36.188808],[-115.063275,36.188772],[-115.063735,36.188754],[-115.064342,36.188729],[-115.064969,36.188705],[-115.065417,36.188688],[-115.066493,36.188647],[-115.06758,36.18861],[-115.069734,36.188522],[-115.070806,36.188479],[-115.072229,36.188485],[-115.073076,36.188489],[-115.073885,36.188493],[-115.074848,36.188497],[-115.075344,36.1885],[-115.0771,36.188505],[-115.077266,36.188506],[-115.077515,36.188507],[-115.078272,36.18851],[-115.078629,36.188512],[-115.079778,36.188516],[-115.07988,36.188517],[-115.080016,36.188514],[-115.08005,36.188514],[-115.0816,36.188485],[-115.082186,36.188474],[-115.082572,36.188467],[-115.083336,36.188453],[-115.083887,36.188442],[-115.084071,36.188439],[-115.084385,36.188433],[-115.084437,36.188432],[-115.084489,36.188431],[-115.085991,36.188404],[-115.086221,36.1884],[-115.086226,36.1884],[-115.086273,36.188399],[-115.086392,36.188397],[-115.086797,36.18839],[-115.087947,36.188368],[-115.08849,36.188358],[-115.089101,36.188347],[-115.08915,36.188346],[-115.089199,36.188344],[-115.09138,36.188297],[-115.091452,36.188296],[-115.091734,36.188291],[-115.091782,36.188293],[-115.092208,36.188283],[-115.092292,36.188281],[-115.093136,36.188262],[-115.093692,36.18825],[-115.094407,36.188235],[-115.095409,36.188214],[-115.096002,36.188201],[-115.096688,36.188188],[-115.097101,36.188179],[-115.098306,36.188153],[-115.098307,36.188261],[-115.098312,36.188872],[-115.098318,36.189416],[-115.098319,36.189582],[-115.098322,36.189931],[-115.098321,36.190054],[-115.098324,36.190284],[-115.098331,36.190988],[-115.098332,36.191005],[-115.098337,36.191701],[-115.09834,36.191968],[-115.09834,36.192065],[-115.098343,36.19242],[-115.098349,36.193119],[-115.098355,36.193829],[-115.098358,36.194181],[-115.098362,36.19453],[-115.098366,36.194878],[-115.098373,36.195725],[-115.098373,36.19578],[-115.098376,36.196166],[-115.098382,36.196728],[-115.098381,36.196761],[-115.098388,36.19743],[-115.098394,36.198147],[-115.098395,36.198301],[-115.098402,36.198867],[-115.098407,36.199396],[-115.098405,36.19948],[-115.098406,36.199574],[-115.09841,36.199939],[-115.098415,36.200338],[-115.098416,36.2004],[-115.098419,36.200856],[-115.09842,36.201062],[-115.098422,36.201316],[-115.09843,36.201778],[-115.098435,36.202469],[-115.098436,36.202497],[-115.09844,36.203126],[-115.098441,36.203208],[-115.098447,36.203826],[-115.098448,36.203963],[-115.098454,36.204677],[-115.098454,36.204723],[-115.098454,36.20501],[-115.098458,36.205386],[-115.098461,36.205728],[-115.098464,36.206101],[-115.098468,36.206448],[-115.09847,36.206741],[-115.098471,36.206818],[-115.098474,36.20711],[-115.098475,36.207171],[-115.098478,36.207527],[-115.098484,36.208247],[-115.098487,36.208593],[-115.09849,36.208948],[-115.098491,36.209096],[-115.098492,36.209393],[-115.098494,36.209697],[-115.098498,36.210006],[-115.098501,36.210327],[-115.098502,36.210427],[-115.098511,36.21133],[-115.098519,36.212233],[-115.098535,36.214035],[-115.098535,36.214075],[-115.098535,36.214429],[-115.098539,36.214499],[-115.098541,36.214528],[-115.098541,36.214673],[-115.098541,36.214673],[-115.098541,36.214744],[-115.098541,36.214798],[-115.098542,36.214827],[-115.098542,36.214853],[-115.098544,36.214921],[-115.098543,36.214959],[-115.098543,36.214975],[-115.098543,36.215006],[-115.098549,36.215585],[-115.098551,36.215838],[-115.098552,36.215899],[-115.098554,36.21596],[-115.098555,36.21622],[-115.098556,36.2164],[-115.098558,36.216663],[-115.098558,36.216678],[-115.09856,36.217153],[-115.098567,36.217642],[-115.098574,36.218577],[-115.098576,36.218821],[-115.098596,36.221375],[-115.098597,36.221553],[-115.098599,36.221732],[-115.098602,36.222083],[-115.098605,36.222426],[-115.098608,36.222785],[-115.098611,36.223126],[-115.098614,36.223482],[-115.098616,36.223865],[-115.098619,36.224187],[-115.098623,36.224665],[-115.098626,36.225106],[-115.098626,36.225106],[-115.098626,36.225162],[-115.098626,36.225215],[-115.098626,36.225219],[-115.098639,36.226866],[-115.098642,36.227236],[-115.098655,36.228733],[-115.098655,36.228798],[-115.098655,36.228817],[-115.098655,36.228952],[-115.098685,36.232362],[-115.098696,36.233384],[-115.098527,36.233385],[-115.098393,36.233386],[-115.097913,36.233389],[-115.097719,36.23339],[-115.097591,36.233391],[-115.097589,36.233234],[-115.097375,36.233235],[-115.097135,36.233237],[-115.097144,36.234136],[-115.097152,36.234841],[-115.09653,36.234852],[-115.095598,36.234869],[-115.095601,36.235082],[-115.095604,36.235322],[-115.095472,36.235323],[-115.095384,36.235323],[-115.095296,36.235324],[-115.095207,36.235325],[-115.095119,36.235325],[-115.09503,36.235326],[-115.094942,36.235326],[-115.094906,36.235327],[-115.094875,36.235327],[-115.094743,36.235328],[-115.094655,36.235328],[-115.094567,36.235329],[-115.094478,36.235329],[-115.09439,36.23533],[-115.094302,36.235331],[-115.094088,36.235332],[-115.094084,36.235644],[-115.094079,36.235885],[-115.094078,36.236035],[-115.094078,36.236095],[-115.094075,36.236188],[-115.094073,36.236449],[-115.094071,36.236563],[-115.094069,36.236697],[-115.094068,36.236812],[-115.094068,36.236837],[-115.094064,36.237115],[-115.094063,36.237173],[-115.094061,36.237331],[-115.094057,36.237483],[-115.094054,36.237673],[-115.094051,36.23795],[-115.09405,36.238042],[-115.09405,36.23806],[-115.094047,36.238221],[-115.094045,36.238335],[-115.094044,36.238359],[-115.094042,36.238496],[-115.094039,36.238642],[-115.094038,36.238719],[-115.094034,36.238926],[-115.094031,36.239067],[-115.094026,36.23941],[-115.094021,36.239748],[-115.093995,36.239749],[-115.093833,36.239752],[-115.093651,36.239755],[-115.093482,36.239758],[-115.093312,36.239761],[-115.093143,36.239764],[-115.092962,36.239767],[-115.092617,36.239773],[-115.092338,36.239778],[-115.09192,36.239785],[-115.091497,36.239792],[-115.091248,36.239797],[-115.090958,36.239802],[-115.090747,36.239806],[-115.090578,36.239809],[-115.090408,36.239811],[-115.090394,36.239812],[-115.090238,36.239814],[-115.090069,36.239817],[-115.089899,36.23982],[-115.08973,36.239823],[-115.08956,36.239826],[-115.089342,36.23983],[-115.089206,36.239832],[-115.089206,36.239832],[-115.089218,36.239545],[-115.08922,36.239491],[-115.08922,36.239487],[-115.089247,36.238809],[-115.089256,36.238593],[-115.089253,36.238591],[-115.089118,36.238588],[-115.088872,36.238585],[-115.08876,36.238587],[-115.088664,36.238589],[-115.088557,36.23859],[-115.087998,36.2386],[-115.087929,36.238602],[-115.087609,36.238607],[-115.087423,36.23861],[-115.087299,36.238613],[-115.087288,36.238613],[-115.087169,36.238615],[-115.08705,36.238617],[-115.086932,36.238619],[-115.086813,36.238621],[-115.086694,36.238623],[-115.086653,36.238624],[-115.086642,36.238624],[-115.086576,36.238625],[-115.086457,36.238627],[-115.086338,36.23863],[-115.08622,36.238632],[-115.086101,36.238634],[-115.085982,36.238636],[-115.085864,36.238638],[-115.085745,36.23864],[-115.085626,36.238642],[-115.085508,36.238644],[-115.085389,36.238646],[-115.085254,36.238649],[-115.085118,36.238651],[-115.084999,36.238653],[-115.08488,36.238655],[-115.084761,36.238657],[-115.084637,36.238659],[-115.084626,36.23866],[-115.08449,36.238662],[-115.08435,36.238665],[-115.084347,36.238665],[-115.084297,36.238665],[-115.084284,36.238666],[-115.084147,36.238668],[-115.084143,36.238668],[-115.083996,36.238671],[-115.083877,36.238673],[-115.083758,36.238675],[-115.08364,36.238677],[-115.083521,36.238679],[-115.083402,36.238681],[-115.083283,36.238683],[-115.083165,36.238685],[-115.083046,36.238687],[-115.082927,36.23869],[-115.082808,36.238692],[-115.082688,36.238694],[-115.082553,36.238696],[-115.082418,36.238698],[-115.082236,36.238702],[-115.081582,36.238708],[-115.080209,36.238733],[-115.080029,36.238736],[-115.080003,36.239992],[-115.079998,36.240452],[-115.079975,36.242724],[-115.079973,36.24299],[-115.079966,36.243678],[-115.079929,36.247344],[-115.07976,36.247348],[-115.075454,36.247436],[-115.075454,36.247519],[-115.075454,36.247574],[-115.075451,36.249248],[-115.075447,36.251057],[-115.075446,36.251963],[-115.075445,36.252162],[-115.075444,36.252673],[-115.075444,36.252868],[-115.075444,36.252942],[-115.075443,36.253211],[-115.075443,36.253481],[-115.075442,36.25375],[-115.075442,36.253773],[-115.075441,36.254019],[-115.075102,36.254022],[-115.075101,36.254627],[-115.075101,36.254682],[-115.075304,36.25468],[-115.07544,36.254678],[-115.075439,36.254788],[-115.075432,36.258293],[-115.075432,36.258403],[-115.075426,36.260784],[-115.075424,36.261563],[-115.075424,36.261909],[-115.074999,36.261909],[-115.074045,36.261909],[-115.073279,36.261909],[-115.073143,36.261909],[-115.073162,36.258305],[-115.073162,36.258195],[-115.073162,36.258185],[-115.073171,36.256503],[-115.073177,36.255286],[-115.07318,36.254811],[-115.07318,36.254701],[-115.073185,36.253799],[-115.073186,36.253532],[-115.073189,36.252897],[-115.073189,36.252893],[-115.073198,36.251092],[-115.073202,36.250394],[-115.073207,36.249469],[-115.073208,36.249294],[-115.073216,36.247482],[-115.072788,36.247491],[-115.072228,36.247503],[-115.071113,36.247525],[-115.070979,36.247528],[-115.071003,36.245859],[-115.071006,36.245674],[-115.070996,36.245674],[-115.069422,36.245701],[-115.069439,36.244689],[-115.069453,36.243828],[-115.069454,36.243708],[-115.069457,36.243534],[-115.069499,36.241243],[-115.069509,36.240567],[-115.06951,36.240417],[-115.068038,36.240438],[-115.067975,36.240438],[-115.066692,36.240448],[-115.066519,36.24045],[-115.065669,36.240456],[-115.064995,36.240468],[-115.06364,36.240485],[-115.062302,36.240503],[-115.062132,36.240505],[-115.062129,36.240645],[-115.062128,36.240672],[-115.062131,36.240731],[-115.06209,36.243515],[-115.062086,36.243785],[-115.062084,36.243941],[-115.062079,36.244265],[-115.062068,36.245035],[-115.062063,36.245377],[-115.061639,36.245387],[-115.061592,36.245388],[-115.058977,36.24545],[-115.058852,36.245453],[-115.058706,36.245456],[-115.0587,36.245782],[-115.058697,36.245915],[-115.058416,36.24592],[-115.058059,36.245926],[-115.058058,36.245926],[-115.057823,36.24593],[-115.057705,36.245932],[-115.057587,36.245934],[-115.057469,36.245937],[-115.057352,36.245939],[-115.057234,36.245941],[-115.057116,36.245943],[-115.056997,36.245945],[-115.053682,36.245994],[-115.052628,36.246017],[-115.05175,36.246036],[-115.051707,36.244972],[-115.051701,36.24443],[-115.051692,36.244179],[-115.051681,36.243878],[-115.051658,36.243325],[-115.051651,36.243136],[-115.05164,36.242846],[-115.051636,36.242796],[-115.051635,36.242787],[-115.05163,36.242677],[-115.051617,36.242356],[-115.049693,36.243491],[-115.048394,36.244258],[-115.047873,36.244565],[-115.04568,36.245863],[-115.04539,36.246033],[-115.044822,36.246368],[-115.044727,36.246425],[-115.044535,36.246539],[-115.043114,36.247357],[-115.043075,36.24738],[-115.041779,36.248137],[-115.042945,36.248114],[-115.043098,36.248111],[-115.043267,36.248108],[-115.046314,36.248044],[-115.04639,36.248143],[-115.046449,36.248224],[-115.046506,36.248305],[-115.046561,36.248387],[-115.046614,36.24847],[-115.046666,36.248554],[-115.046716,36.248638],[-115.046764,36.248723],[-115.047038,36.24922],[-115.047687,36.250396],[-115.047783,36.250571],[-115.047887,36.250759],[-115.047901,36.251487],[-115.047922,36.252101],[-115.047968,36.254479],[-115.047971,36.254672],[-115.047977,36.254961],[-115.047969,36.254961],[-115.043571,36.255006],[-115.043401,36.255006],[-115.043399,36.255116],[-115.043372,36.256761],[-115.043371,36.256844],[-115.042192,36.256827],[-115.042193,36.25691],[-115.042184,36.257788],[-115.042176,36.258573],[-115.042175,36.258655],[-115.041011,36.258629],[-115.041011,36.258712],[-115.041005,36.260448],[-115.039853,36.260412],[-115.038803,36.26038],[-115.038701,36.260377],[-115.038689,36.259253],[-115.038687,36.259028],[-115.038682,36.258577],[-115.036353,36.258526],[-115.034024,36.258474],[-115.029474,36.258369],[-115.025103,36.258268],[-115.024933,36.258264],[-115.025,36.261663],[-115.025041,36.265309],[-115.027321,36.265405],[-115.029596,36.265501],[-115.029602,36.26734],[-115.029608,36.26907],[-115.029608,36.26918],[-115.029608,36.271012],[-115.029608,36.272844],[-115.029506,36.272839],[-115.027352,36.272733],[-115.025266,36.272631],[-115.025085,36.272623],[-115.025097,36.272746],[-115.025107,36.276273],[-115.025097,36.278114],[-115.025092,36.279047],[-115.025088,36.279777],[-115.025088,36.279778],[-115.025087,36.279955],[-115.025087,36.279956],[-115.025079,36.281266],[-115.025079,36.281267],[-115.025078,36.281458],[-115.025078,36.281539],[-115.025076,36.281752],[-115.025076,36.281873],[-115.025074,36.282234],[-115.025074,36.282234],[-115.025074,36.282235],[-115.02507,36.282837],[-115.025068,36.283271],[-115.025066,36.283635],[-115.025066,36.283637],[-115.025066,36.283638],[-115.024088,36.283638],[-115.02293,36.283638],[-115.021965,36.283638],[-115.021693,36.283638],[-115.021692,36.283801],[-115.021691,36.284102],[-115.021689,36.28454],[-115.021689,36.284557],[-115.021642,36.284557],[-115.020478,36.284557],[-115.020226,36.284557],[-115.019439,36.284557],[-115.019437,36.284948],[-115.019435,36.285383],[-115.019435,36.285476],[-115.019186,36.285475],[-115.018039,36.285475],[-115.017185,36.285475],[-115.017184,36.285795],[-115.017182,36.286228],[-115.017181,36.286392],[-115.016747,36.286392],[-115.016056,36.286392],[-115.015591,36.286391],[-115.014917,36.286391],[-115.014917,36.286644],[-115.014916,36.287079],[-115.014916,36.287307],[-115.014312,36.287307],[-115.013151,36.287305],[-115.012644,36.287305],[-115.012645,36.287495],[-115.012647,36.287933],[-115.012648,36.288221],[-115.011878,36.28822],[-115.010716,36.288218],[-115.010382,36.288217],[-115.010383,36.288343],[-115.010388,36.288775],[-115.010392,36.289132],[-115.00942,36.289131],[-115.008285,36.289129],[-115.00701,36.289126],[-115.007006,36.289126],[-115.007005,36.289125],[-115.007003,36.289012],[-115.006967,36.287298],[-115.006929,36.28547],[-115.006891,36.283643],[-115.006853,36.281816],[-115.006814,36.279988],[-115.006776,36.278161],[-115.006757,36.277247],[-115.00565,36.277244],[-115.005632,36.276334],[-115.004523,36.276334],[-115.002308,36.276333],[-114.997895,36.276333],[-114.997888,36.273854],[-114.997888,36.273539],[-115.001432,36.27147],[-115.005618,36.269033],[-115.006176,36.268708],[-115.006795,36.268358],[-115.00731,36.26806],[-115.008357,36.267438],[-115.008368,36.267432],[-115.009744,36.266625],[-115.010688,36.266074],[-115.012033,36.265283],[-115.016033,36.262921],[-115.020561,36.260272],[-115.024925,36.257704],[-115.029872,36.254847],[-115.037966,36.250089],[-115.038445,36.249809],[-115.041287,36.248146],[-115.04088,36.248154],[-115.043125,36.246845],[-115.044365,36.246118],[-115.047491,36.244283],[-115.047499,36.244278],[-115.04753,36.244261],[-115.047552,36.244245],[-115.052618,36.241257],[-115.05262,36.241255],[-115.053718,36.240636],[-115.053798,36.240592],[-115.054196,36.240367],[-115.052625,36.240409],[-115.052626,36.240366],[-115.052624,36.240266],[-115.054082,36.239412],[-115.054165,36.239365],[-115.054177,36.239358],[-115.054246,36.239317],[-115.054919,36.238923],[-115.055452,36.238612],[-115.05601,36.238287],[-115.056602,36.237941],[-115.057291,36.237538],[-115.058074,36.23708],[-115.058521,36.236819],[-115.058799,36.236657],[-115.058936,36.236576],[-115.059334,36.236346],[-115.059752,36.2361],[-115.060388,36.235729],[-115.061229,36.235235],[-115.061972,36.234803],[-115.061972,36.233015],[-115.061978,36.229354],[-115.061986,36.225681],[-115.061989,36.222001],[-115.061996,36.218321],[-115.059834,36.218308],[-115.057549,36.218293],[-115.057497,36.218293],[-115.054252,36.218272],[-115.054136,36.218271],[-115.053028,36.218264],[-115.05293,36.218263],[-115.052916,36.216402],[-115.052902,36.214588],[-115.052888,36.212739],[-115.052874,36.210914],[-115.052882,36.209833],[-115.052882,36.209778],[-115.052885,36.20934],[-115.052886,36.209229],[-115.052888,36.208777],[-115.052891,36.20827],[-115.052897,36.207243],[-115.053506,36.207245],[-115.054046,36.207247],[-115.054553,36.207248],[-115.055114,36.20725],[-115.055216,36.207251],[-115.055318,36.207251],[-115.056896,36.207256],[-115.057443,36.207257],[-115.057543,36.207264],[-115.057543,36.206805],[-115.057543,36.206345],[-115.057543,36.205886],[-115.057543,36.205427],[-115.057543,36.204508],[-115.057543,36.203589],[-115.055292,36.203581],[-115.052919,36.203572],[-115.052813,36.203572],[-115.052588,36.203571],[-115.052388,36.20357],[-115.052182,36.203569],[-115.051982,36.20357],[-115.051779,36.203569],[-115.051576,36.203568],[-115.051368,36.203566],[-115.051159,36.203567],[-115.050962,36.203566],[-115.050754,36.203566],[-115.050559,36.203565],[-115.050348,36.203564],[-115.050148,36.203563],[-115.049945,36.203562],[-115.049742,36.20356],[-115.049537,36.20356],[-115.049334,36.203561],[-115.049131,36.20356],[-115.048925,36.203559],[-115.048725,36.203558],[-115.048517,36.203557],[-115.048314,36.203557],[-115.048111,36.203555],[-115.047911,36.203554],[-115.047709,36.203553],[-115.047503,36.203554],[-115.047299,36.203553],[-115.047095,36.203552],[-115.046889,36.203552],[-115.046689,36.203551],[-115.046488,36.20355],[-115.046283,36.203548],[-115.04608,36.203547],[-115.045874,36.203548],[-115.045671,36.203548],[-115.045465,36.203547],[-115.045266,36.203545],[-115.045061,36.203544],[-115.044857,36.203543],[-115.04465,36.203542],[-115.044449,36.203541],[-115.044249,36.203541],[-115.044042,36.20354],[-115.043809,36.20354],[-115.043673,36.20354],[-115.043651,36.2053],[-115.043645,36.205962],[-115.043634,36.207085],[-115.043633,36.207202],[-115.043627,36.20744],[-115.043586,36.210864],[-115.043583,36.212658],[-115.043578,36.214491],[-115.043578,36.214535],[-115.043571,36.217265],[-115.039051,36.217307],[-115.039017,36.21807],[-115.03901,36.218206],[-115.034406,36.218216],[-115.034472,36.217573],[-115.034531,36.216978],[-115.034597,36.216335],[-115.034788,36.214424],[-115.034791,36.214397],[-115.034796,36.214341],[-115.034976,36.212542],[-115.035159,36.210743],[-115.035168,36.21063],[-115.035066,36.210628],[-115.033632,36.210588],[-115.033387,36.210581],[-115.032959,36.210569],[-115.03295,36.210681],[-115.032941,36.210778],[-115.032909,36.211089],[-115.032898,36.211198],[-115.032887,36.211308],[-115.032875,36.211417],[-115.032864,36.211526],[-115.032853,36.211636],[-115.032842,36.211745],[-115.032831,36.211855],[-115.03282,36.211964],[-115.032808,36.212074],[-115.032797,36.212183],[-115.032786,36.212293],[-115.032775,36.212402],[-115.032764,36.212512],[-115.032753,36.212621],[-115.032742,36.212731],[-115.032731,36.21284],[-115.03272,36.21295],[-115.032709,36.213059],[-115.032698,36.213169],[-115.032687,36.213278],[-115.032676,36.213388],[-115.032665,36.213497],[-115.032654,36.213607],[-115.032643,36.213716],[-115.032632,36.213826],[-115.032621,36.213935],[-115.032595,36.214199],[-115.032583,36.214314],[-115.032575,36.214396],[-115.032522,36.214395],[-115.030256,36.214367],[-115.030116,36.21574],[-115.030078,36.216111],[-115.029863,36.218224],[-115.028502,36.218226],[-115.02805,36.218226],[-115.026807,36.218228],[-115.02532,36.21823],[-115.025149,36.218233],[-115.020768,36.218247],[-115.016259,36.218265],[-115.011718,36.218274],[-115.007178,36.218284],[-115.003515,36.218291],[-115.003399,36.224925],[-115.003393,36.225261],[-114.994634,36.225284],[-114.994532,36.228991],[-114.994414,36.232496],[-114.989325,36.232468],[-114.989351,36.231641],[-114.973116,36.231559],[-114.96497,36.231503],[-114.964905,36.218228],[-114.96287,36.218215],[-114.954873,36.218161],[-114.937099,36.21804],[-114.937092,36.22245],[-114.937078,36.231304],[-114.936708,36.2313],[-114.928131,36.231217],[-114.919242,36.231129],[-114.919237,36.236732],[-114.919239,36.238773],[-114.919247,36.247105],[-114.919232,36.253821],[-114.919215,36.261618],[-114.919208,36.264635],[-114.9192,36.268349],[-114.927717,36.268364],[-114.928411,36.268375],[-114.928412,36.26871],[-114.928706,36.268717],[-114.928608,36.272436],[-114.95106,36.272322],[-114.951067,36.268735],[-114.973377,36.268789],[-114.973381,36.276038],[-114.964425,36.276037],[-114.964445,36.290541],[-114.955488,36.29054],[-114.9555,36.3019],[-114.9555,36.301931],[-114.955501,36.302705],[-114.955501,36.302879],[-114.955501,36.30292],[-114.955502,36.303859],[-114.955502,36.30397],[-114.955503,36.30505],[-114.954826,36.305049],[-114.954693,36.305292],[-114.954571,36.305526],[-114.954454,36.305762],[-114.954341,36.305999],[-114.954234,36.306238],[-114.954133,36.306478],[-114.954036,36.30672],[-114.953945,36.306963],[-114.953858,36.307207],[-114.953778,36.307453],[-114.953702,36.307699],[-114.953632,36.307947],[-114.953567,36.308195],[-114.953507,36.308445],[-114.953459,36.308673],[-114.952781,36.308673],[-114.952083,36.308673],[-114.952062,36.308785],[-114.952015,36.309056],[-114.951975,36.309323],[-114.95194,36.309595],[-114.951921,36.309764],[-114.95191,36.309867],[-114.951886,36.31014],[-114.951879,36.31026],[-114.951869,36.310413],[-114.951857,36.310686],[-114.951856,36.310711],[-114.951851,36.310959],[-114.951851,36.311128],[-114.951851,36.311232],[-114.951859,36.311582],[-114.951027,36.311893],[-114.950699,36.312016],[-114.950557,36.311767],[-114.949143,36.312297],[-114.948936,36.312378],[-114.948672,36.312487],[-114.94841,36.312599],[-114.948151,36.312715],[-114.947895,36.312835],[-114.947641,36.312958],[-114.947389,36.313085],[-114.947166,36.313202],[-114.948786,36.313203],[-114.948787,36.31411],[-114.951031,36.314112],[-114.951033,36.315905],[-114.951033,36.315924],[-114.951221,36.315925],[-114.951119,36.316145],[-114.951089,36.316207],[-114.951034,36.316317],[-114.95096,36.316459],[-114.950811,36.316727],[-114.950726,36.316869],[-114.950638,36.31701],[-114.950547,36.31715],[-114.950453,36.317289],[-114.950356,36.317426],[-114.950256,36.317562],[-114.950154,36.317697],[-114.950048,36.31783],[-114.949939,36.317962],[-114.949828,36.318092],[-114.949714,36.31822],[-114.949597,36.318347],[-114.949477,36.318472],[-114.949355,36.318595],[-114.949189,36.318756],[-114.949188,36.318757],[-114.948972,36.318955],[-114.94884,36.319071],[-114.948705,36.319185],[-114.948269,36.319547],[-114.946561,36.320967],[-114.945013,36.322254],[-114.944418,36.322739],[-114.943873,36.323168],[-114.943237,36.323654],[-114.942631,36.324098],[-114.94209,36.324482],[-114.942093,36.325103],[-114.942093,36.325213],[-114.942096,36.325915],[-114.942099,36.326791],[-114.940735,36.326789],[-114.93962,36.326787],[-114.939481,36.326787],[-114.938447,36.326786],[-114.938139,36.326962],[-114.937617,36.327249],[-114.93762,36.327908],[-114.937623,36.328563],[-114.937623,36.328601],[-114.93755,36.328601],[-114.936273,36.328602],[-114.935385,36.328603],[-114.935384,36.328394],[-114.934682,36.328725],[-114.933969,36.329048],[-114.933967,36.329049],[-114.932447,36.329097],[-114.928725,36.329099],[-114.928672,36.329099],[-114.928263,36.329099],[-114.928022,36.329099],[-114.927225,36.3291],[-114.926568,36.3291],[-114.924895,36.329101],[-114.924194,36.329102],[-114.924022,36.329102],[-114.923607,36.329102],[-114.922721,36.329102],[-114.921989,36.329103],[-114.921507,36.329103],[-114.921368,36.329103],[-114.919716,36.328016],[-114.916419,36.325846],[-114.916826,36.325516],[-114.919715,36.32317],[-114.919715,36.323169],[-114.915611,36.320469],[-114.915611,36.319544],[-114.915233,36.319544],[-114.910751,36.319545],[-114.906272,36.319546],[-114.9044,36.319546],[-114.903846,36.319547],[-114.903573,36.319547],[-114.901793,36.319547],[-114.901795,36.323175],[-114.901795,36.323637],[-114.90289,36.323637],[-114.903985,36.323637],[-114.903986,36.325012],[-114.902891,36.325013],[-114.901795,36.325013],[-114.901796,36.326389],[-114.901796,36.326803],[-114.901797,36.329112],[-114.901797,36.330429],[-114.901799,36.334055],[-114.906276,36.334052],[-114.910754,36.33405],[-114.915234,36.334048],[-114.918631,36.334047],[-114.919442,36.334046],[-114.919714,36.334046],[-114.919786,36.334046],[-114.919822,36.334046],[-114.920597,36.334046],[-114.922915,36.334045],[-114.923286,36.334045],[-114.923723,36.334044],[-114.923743,36.334044],[-114.924198,36.334044],[-114.924202,36.334044],[-114.925197,36.334044],[-114.926247,36.334043],[-114.927471,36.334042],[-114.928682,36.334042],[-114.930929,36.334041],[-114.928843,36.335329],[-114.928762,36.335379],[-114.928681,36.335429],[-114.92868,36.337063],[-114.928679,36.338722],[-114.928678,36.341295],[-114.928676,36.34492],[-114.928676,36.3459],[-114.930307,36.345926],[-114.930219,36.347629],[-114.928675,36.347625],[-114.928674,36.348547],[-114.928673,36.349688],[-114.928672,36.350835],[-114.928668,36.35441],[-114.928666,36.355796],[-114.924184,36.355797],[-114.924183,36.356795],[-114.926425,36.357531],[-114.928495,36.358211],[-114.93006,36.358724],[-114.929759,36.359417],[-114.929567,36.359857],[-114.929058,36.361026],[-114.928659,36.361944],[-114.928549,36.362196],[-114.928181,36.363041],[-114.928041,36.363362],[-114.927142,36.365428],[-114.926601,36.366668],[-114.926129,36.367754],[-114.925739,36.368649],[-114.925022,36.370296],[-114.924171,36.37225],[-114.924171,36.37225],[-114.923442,36.373923],[-114.922582,36.375898],[-114.919684,36.377293],[-114.919145,36.377553],[-114.915199,36.379453],[-114.912955,36.380533],[-114.911604,36.381183],[-114.910712,36.381613],[-114.906711,36.383538],[-114.906225,36.382065],[-114.906226,36.381186],[-114.906232,36.377559],[-114.905482,36.377559],[-114.904323,36.37756],[-114.901745,36.377561],[-114.897523,36.377561],[-114.896046,36.377561],[-114.894742,36.377561],[-114.894525,36.377915],[-114.894192,36.378455],[-114.89387,36.378978],[-114.893847,36.379015],[-114.894068,36.379124],[-114.89372,36.379689],[-114.89335,36.380291],[-114.893019,36.380828],[-114.893219,36.380912],[-114.893386,36.380985],[-114.893715,36.381138],[-114.893877,36.381217],[-114.894066,36.381316],[-114.894195,36.381384],[-114.894506,36.381559],[-114.89481,36.381744],[-114.894958,36.381839],[-114.895186,36.381993],[-114.895611,36.381187],[-114.896688,36.379145],[-114.896729,36.379068],[-114.896791,36.3791],[-114.89821,36.379747],[-114.898209,36.379748],[-114.898208,36.37975],[-114.898207,36.379751],[-114.898207,36.379752],[-114.898206,36.379753],[-114.898205,36.379754],[-114.898204,36.379756],[-114.898203,36.379757],[-114.898203,36.379758],[-114.898202,36.379759],[-114.898201,36.379761],[-114.8982,36.379762],[-114.8982,36.379763],[-114.898199,36.379764],[-114.898198,36.379765],[-114.898197,36.379767],[-114.898196,36.379768],[-114.898196,36.379769],[-114.898195,36.37977],[-114.898194,36.379772],[-114.898193,36.379773],[-114.898193,36.379774],[-114.898192,36.379775],[-114.898191,36.379776],[-114.89819,36.379778],[-114.89819,36.379779],[-114.898189,36.37978],[-114.898188,36.379781],[-114.898187,36.379783],[-114.898187,36.379784],[-114.898186,36.379785],[-114.898185,36.379786],[-114.898184,36.379788],[-114.898184,36.379789],[-114.898183,36.37979],[-114.898182,36.379791],[-114.898181,36.379792],[-114.898181,36.379794],[-114.89818,36.379795],[-114.898179,36.379796],[-114.898178,36.379797],[-114.898178,36.379799],[-114.898177,36.3798],[-114.897377,36.381159],[-114.898576,36.381621],[-114.898681,36.381665],[-114.898782,36.381715],[-114.898879,36.38177],[-114.89897,36.381831],[-114.899056,36.381897],[-114.899136,36.381968],[-114.89921,36.382043],[-114.899279,36.382124],[-114.900198,36.383292],[-114.898453,36.384659],[-114.898636,36.384812],[-114.899679,36.385682],[-114.900622,36.386468],[-114.901731,36.387393],[-114.902984,36.388438],[-114.904996,36.390116],[-114.906215,36.389529],[-114.908486,36.388436],[-114.910704,36.387369],[-114.910701,36.389549],[-114.910698,36.392061],[-114.907331,36.392063],[-114.909857,36.394169],[-114.911357,36.395419],[-114.913332,36.397066],[-114.913938,36.396591],[-114.916883,36.396594],[-114.919666,36.396594],[-114.919663,36.399313],[-114.920956,36.399312],[-114.921126,36.399312],[-114.921295,36.399311],[-114.925357,36.399308],[-114.925364,36.400759],[-114.925362,36.400759],[-114.92536,36.400759],[-114.925359,36.400759],[-114.925357,36.400759],[-114.925355,36.400759],[-114.925353,36.400759],[-114.925352,36.400759],[-114.92535,36.400759],[-114.925348,36.400759],[-114.925347,36.400759],[-114.925345,36.400759],[-114.925343,36.400759],[-114.925342,36.400759],[-114.92534,36.400759],[-114.925338,36.400759],[-114.925336,36.40076],[-114.925335,36.40076],[-114.925333,36.40076],[-114.925331,36.40076],[-114.92533,36.40076],[-114.925328,36.40076],[-114.925326,36.40076],[-114.925325,36.40076],[-114.925323,36.400761],[-114.925321,36.400761],[-114.92532,36.400761],[-114.925318,36.400761],[-114.925316,36.400761],[-114.925315,36.400762],[-114.925313,36.400762],[-114.925311,36.400762],[-114.925309,36.400762],[-114.925308,36.400762],[-114.925306,36.400763],[-114.925304,36.400763],[-114.925303,36.400763],[-114.925301,36.400763],[-114.925299,36.400764],[-114.925298,36.400764],[-114.925296,36.400764],[-114.925294,36.400765],[-114.925293,36.400765],[-114.925291,36.400765],[-114.92529,36.400766],[-114.925288,36.400766],[-114.925286,36.400766],[-114.925285,36.400767],[-114.925283,36.400767],[-114.925281,36.400767],[-114.92528,36.400768],[-114.925278,36.400768],[-114.925276,36.400768],[-114.925275,36.400769],[-114.925273,36.400769],[-114.925272,36.40077],[-114.92527,36.40077],[-114.925268,36.40077],[-114.925267,36.400771],[-114.925265,36.400771],[-114.925263,36.400772],[-114.925262,36.400772],[-114.92526,36.400773],[-114.925259,36.400773],[-114.925257,36.400774],[-114.925255,36.400774],[-114.925254,36.400775],[-114.925252,36.400775],[-114.925251,36.400776],[-114.925249,36.400776],[-114.925248,36.400777],[-114.925246,36.400777],[-114.925244,36.400778],[-114.925243,36.400778],[-114.925241,36.400779],[-114.92524,36.400779],[-114.925238,36.40078],[-114.925237,36.400781],[-114.925235,36.400781],[-114.925234,36.400782],[-114.925232,36.400782],[-114.925231,36.400783],[-114.925229,36.400784],[-114.925228,36.400784],[-114.925226,36.400785],[-114.925225,36.400785],[-114.925223,36.400786],[-114.925222,36.400787],[-114.92522,36.400787],[-114.925219,36.400788],[-114.925217,36.400789],[-114.925216,36.400789],[-114.925214,36.40079],[-114.925213,36.400791],[-114.925211,36.400791],[-114.92521,36.400792],[-114.925208,36.400793],[-114.925207,36.400794],[-114.925205,36.400794],[-114.925204,36.400795],[-114.925203,36.400796],[-114.925201,36.400797],[-114.9252,36.400797],[-114.925198,36.400798],[-114.925197,36.400799],[-114.925195,36.4008],[-114.925194,36.4008],[-114.925193,36.400801],[-114.925191,36.400802],[-114.92519,36.400803],[-114.925189,36.400804],[-114.925187,36.400804],[-114.925186,36.400805],[-114.925184,36.400806],[-114.925183,36.400807],[-114.925182,36.400808],[-114.92518,36.400809],[-114.925179,36.400809],[-114.925178,36.40081],[-114.925176,36.400811],[-114.925175,36.400812],[-114.925174,36.400813],[-114.925173,36.400814],[-114.925171,36.400815],[-114.92517,36.400816],[-114.925169,36.400817],[-114.925167,36.400817],[-114.925166,36.400818],[-114.925165,36.400819],[-114.925164,36.40082],[-114.925162,36.400821],[-114.925161,36.400822],[-114.92516,36.400823],[-114.925159,36.400824],[-114.923339,36.402251],[-114.921265,36.400522],[-114.921252,36.400606],[-114.921243,36.400655],[-114.921233,36.400705],[-114.921222,36.400755],[-114.92121,36.400804],[-114.921196,36.400853],[-114.921182,36.400902],[-114.921166,36.400951],[-114.92115,36.400999],[-114.921132,36.401048],[-114.921114,36.401096],[-114.921094,36.401143],[-114.921073,36.401191],[-114.921051,36.401238],[-114.921029,36.401285],[-114.921005,36.401331],[-114.92098,36.401378],[-114.920955,36.401424],[-114.920928,36.401469],[-114.9209,36.401514],[-114.920872,36.401559],[-114.920842,36.401603],[-114.920811,36.401647],[-114.92078,36.40169],[-114.920747,36.401733],[-114.920714,36.401776],[-114.92068,36.401818],[-114.920645,36.401859],[-114.920608,36.4019],[-114.920572,36.401941],[-114.920534,36.401981],[-114.920495,36.40202],[-114.920455,36.402059],[-114.920415,36.402098],[-114.920374,36.402135],[-114.920332,36.402173],[-114.920289,36.402209],[-114.920246,36.402245],[-114.919891,36.402533],[-114.921388,36.403781],[-114.9232,36.405291],[-114.927176,36.402174],[-114.928625,36.403383],[-114.928991,36.403688],[-114.927004,36.405247],[-114.925328,36.406561],[-114.925016,36.406806],[-114.925016,36.406807],[-114.92652,36.408059],[-114.928882,36.410026],[-114.930864,36.411677],[-114.934514,36.414718],[-114.937572,36.417266],[-114.937898,36.417537],[-114.940741,36.419906],[-114.942561,36.421421],[-114.945084,36.423523],[-114.946532,36.424729],[-114.947528,36.425558],[-114.949192,36.426943],[-114.950662,36.428168],[-114.951409,36.428789],[-114.951445,36.428819],[-114.953066,36.430169],[-114.954605,36.43145],[-114.955502,36.432198],[-114.956025,36.432633],[-114.9563,36.432867],[-114.956491,36.433036],[-114.956528,36.433068],[-114.956752,36.433273],[-114.956972,36.433481],[-114.957186,36.433692],[-114.957397,36.433906],[-114.957602,36.434122],[-114.957803,36.434342],[-114.958,36.434565],[-114.958191,36.43479],[-114.958378,36.435018],[-114.958571,36.435265],[-114.959332,36.431789],[-114.959496,36.43104],[-114.960097,36.428294],[-114.960126,36.428162],[-114.960401,36.426904],[-114.960697,36.42555],[-114.960919,36.424537],[-114.961095,36.423732],[-114.961565,36.421583],[-114.961997,36.419608],[-114.95648,36.419585],[-114.956889,36.417716],[-114.957625,36.414354],[-114.957753,36.41377],[-114.958167,36.411877],[-114.958717,36.409364],[-114.959294,36.406728],[-114.964815,36.406729],[-114.964855,36.406548],[-114.965341,36.404324],[-114.965648,36.40292],[-114.965891,36.401808],[-114.966441,36.399293],[-114.967234,36.395667],[-114.968027,36.39204],[-114.96882,36.388414],[-114.968961,36.387772],[-114.969613,36.384788],[-114.970406,36.38116],[-114.9712,36.377533],[-114.971992,36.373907],[-114.972785,36.37028],[-114.973246,36.368172],[-114.972467,36.366659],[-114.970604,36.363039],[-114.968887,36.359703],[-114.968738,36.359413],[-114.966871,36.355786],[-114.966587,36.355234],[-114.966184,36.354451],[-114.969978,36.353962],[-114.971771,36.35373],[-114.97247,36.352159],[-114.973476,36.3499],[-114.974085,36.348532],[-114.975696,36.344908],[-114.975767,36.34475],[-114.973478,36.344745],[-114.966854,36.344731],[-114.96688,36.341639],[-114.966887,36.340754],[-114.965264,36.340753],[-114.963181,36.340752],[-114.96159,36.337658],[-114.960103,36.334766],[-114.959727,36.334036],[-114.958171,36.331014],[-114.959416,36.326039],[-114.957867,36.326053],[-114.955552,36.326073],[-114.947861,36.32614],[-114.95106,36.324543],[-114.953793,36.323179],[-114.955535,36.322309],[-114.960009,36.320075],[-114.96106,36.319551],[-114.962022,36.31907],[-114.964486,36.318469],[-114.968963,36.317377],[-114.970525,36.316995],[-114.97344,36.316284],[-114.974949,36.315916],[-114.977921,36.31519],[-114.980573,36.314543],[-114.980582,36.31954],[-114.977929,36.31954],[-114.97449,36.319541],[-114.9745,36.323167],[-114.975696,36.323165],[-114.975705,36.326791],[-114.980375,36.326788],[-114.980372,36.323164],[-114.98242,36.323163],[-114.986895,36.323158],[-114.9869,36.326781],[-114.989134,36.32678],[-114.989137,36.327427],[-114.989116,36.334035],[-114.989113,36.337343],[-114.985101,36.337298],[-114.985059,36.342689],[-114.981061,36.342668],[-114.981016,36.348532],[-114.989105,36.348534],[-115.007544,36.349162],[-115.025486,36.349418],[-115.043797,36.349742],[-115.062137,36.350018],[-115.080248,36.350358],[-115.080277,36.350358],[-115.080277,36.350266],[-115.080158,36.33583],[-115.084719,36.335837],[-115.08928,36.335844],[-115.09384,36.335851],[-115.098433,36.335858],[-115.107681,36.335294],[-115.116938,36.334725],[-115.12594,36.334763],[-115.134939,36.334802],[-115.143936,36.334843],[-115.152864,36.334879],[-115.161858,36.33503],[-115.170863,36.335176],[-115.179906,36.335197],[-115.188933,36.335229],[-115.19816,36.335275],[-115.206985,36.335315],[-115.211463,36.335358],[-115.215941,36.335401],[-115.220419,36.335443],[-115.222975,36.335468],[-115.230271,36.335537],[-115.230494,36.335539],[-115.233852,36.33557],[-115.23833,36.335612],[-115.242808,36.335654],[-115.247284,36.335697],[-115.251761,36.335739],[-115.256237,36.335782],[-115.260713,36.335823],[-115.260456,36.350441],[-115.260456,36.350465],[-115.260422,36.364934],[-115.260422,36.364978],[-115.260389,36.379286],[-115.26039,36.379355],[-115.278339,36.379366],[-115.278595,36.379376],[-115.296316,36.380064],[-115.2964,36.380068],[-115.300816,36.380276],[-115.305232,36.380483],[-115.309648,36.38069],[-115.314065,36.380897],[-115.3263,36.380746],[-115.332329,36.380671],[-115.340768,36.380661],[-115.341475,36.380661],[-115.341475,36.380661],[-115.341471,36.381592],[-115.348333,36.381585],[-115.348329,36.38345],[-115.350617,36.383449],[-115.350615,36.385315],[-115.352899,36.38532],[-115.352896,36.387185],[-115.35518,36.38719],[-115.357463,36.387194],[-115.357459,36.389059],[-115.359741,36.389063],[-115.359733,36.39186],[-115.362014,36.391863],[-115.364296,36.391866],[-115.364289,36.39373],[-115.366569,36.393733],[-115.366561,36.395599],[-115.368812,36.395599],[-115.368841,36.395599],[-115.373365,36.395627],[-115.373416,36.397559],[-115.377935,36.397585],[-115.377981,36.399516],[-115.382495,36.399541],[-115.382537,36.40147],[-115.387047,36.401493],[-115.397474,36.401346],[-115.398382,36.401334],[-115.398923,36.401326],[-115.399286,36.401321],[-115.399338,36.40132],[-115.392556,36.39568],[-115.387447,36.391456],[-115.386967,36.391059],[-115.37877,36.384282],[-115.374414,36.380679],[-115.369401,36.376519],[-115.368909,36.376111],[-115.368901,36.365538],[-115.368897,36.365538],[-115.368758,36.365537],[-115.355975,36.36541],[-115.35552,36.365405],[-115.355011,36.3654],[-115.355002,36.3654],[-115.352899,36.365379],[-115.35047,36.365355],[-115.332466,36.365307],[-115.314373,36.366153],[-115.314664,36.35115],[-115.314851,36.336244],[-115.315987,36.336237],[-115.317124,36.336229],[-115.31826,36.336222],[-115.319397,36.336215],[-115.319838,36.336212],[-115.319849,36.336212],[-115.320173,36.33621],[-115.320533,36.336207],[-115.32063,36.336207],[-115.320688,36.336206],[-115.321528,36.336201],[-115.321545,36.336201],[-115.321669,36.3362],[-115.322806,36.336192],[-115.323942,36.336185],[-115.32508,36.336185],[-115.326218,36.336185],[-115.327356,36.336186],[-115.327925,36.336186],[-115.328494,36.336186],[-115.329632,36.336186],[-115.330769,36.336186],[-115.331907,36.336186],[-115.333045,36.336186],[-115.334179,36.336186],[-115.335313,36.336186],[-115.336447,36.336186],[-115.337581,36.336187],[-115.338714,36.336187],[-115.339848,36.336187],[-115.340982,36.336187],[-115.341549,36.336187],[-115.342116,36.336187],[-115.343253,36.336183],[-115.344389,36.33618],[-115.345526,36.336176],[-115.346662,36.336173],[-115.347799,36.336169],[-115.348935,36.336165],[-115.348938,36.336028],[-115.348945,36.335664],[-115.348954,36.335227],[-115.348971,36.334372],[-115.348973,36.334289],[-115.348974,36.334207],[-115.348975,36.334164],[-115.349008,36.332496],[-115.34901,36.332413],[-115.350144,36.332415],[-115.350146,36.332332],[-115.350179,36.330624],[-115.35018,36.330541],[-115.351313,36.330545],[-115.351348,36.328674],[-115.35135,36.328588],[-115.35135,36.328564],[-115.351365,36.327738],[-115.351382,36.326802],[-115.351384,36.326715],[-115.351416,36.324929],[-115.35145,36.323057],[-115.351453,36.322878],[-115.351459,36.322582],[-115.351464,36.322305],[-115.351464,36.322286],[-115.351465,36.322209],[-115.351469,36.32199],[-115.351475,36.321694],[-115.351482,36.321322],[-115.351484,36.321185],[-115.351314,36.321182],[-115.350358,36.321168],[-115.350356,36.321305],[-115.350336,36.322344],[-115.35033,36.322656],[-115.350325,36.322937],[-115.350323,36.323043],[-115.350289,36.324835],[-115.350287,36.324918],[-115.349158,36.324906],[-115.349157,36.324988],[-115.34914,36.325845],[-115.349242,36.325846],[-115.35027,36.325855],[-115.350253,36.32671],[-115.350252,36.326793],[-115.349122,36.326784],[-115.34912,36.326866],[-115.349103,36.327723],[-115.349087,36.328552],[-115.349085,36.328661],[-115.348983,36.328661],[-115.347953,36.328655],[-115.346821,36.328649],[-115.346823,36.328539],[-115.346841,36.327707],[-115.346861,36.326766],[-115.346863,36.326683],[-115.346881,36.325824],[-115.346899,36.324965],[-115.346901,36.324882],[-115.346919,36.324001],[-115.346926,36.323714],[-115.346932,36.323408],[-115.346941,36.322999],[-115.346978,36.321253],[-115.346981,36.321116],[-115.345855,36.321098],[-115.345292,36.32109],[-115.344729,36.321081],[-115.343603,36.321064],[-115.342477,36.321046],[-115.342341,36.321044],[-115.34135,36.321028],[-115.340224,36.32101],[-115.339097,36.320992],[-115.33797,36.320974],[-115.336843,36.320956],[-115.335716,36.320938],[-115.33459,36.32092],[-115.333463,36.320902],[-115.333431,36.317253],[-115.333399,36.313605],[-115.333495,36.309938],[-115.333542,36.308124],[-115.338117,36.308091],[-115.342692,36.308061],[-115.342693,36.308049],[-115.342709,36.307102],[-115.342725,36.306208],[-115.342723,36.30618],[-115.342503,36.295302],[-115.344775,36.295271],[-115.344698,36.291618],[-115.342429,36.291656],[-115.34244,36.288024],[-115.34471,36.288003],[-115.344722,36.284388],[-115.346991,36.284384],[-115.347003,36.280786],[-115.351543,36.280812],[-115.351555,36.277248],[-115.351564,36.269859],[-115.351577,36.262543],[-115.355989,36.262558],[-115.35599,36.258878],[-115.358207,36.258892],[-115.358218,36.255217],[-115.360445,36.255236],[-115.360467,36.251575],[-115.364944,36.251619],[-115.364987,36.24799],[-115.369485,36.248015],[-115.369486,36.248015],[-115.369486,36.246202],[-115.369485,36.246202],[-115.367254,36.246186],[-115.365004,36.24617],[-115.362777,36.246155],[-115.360517,36.246139],[-115.36046,36.246138],[-115.36045,36.247876],[-115.36045,36.247964],[-115.355993,36.247889],[-115.355999,36.249726],[-115.351508,36.24965],[-115.351503,36.24965],[-115.351509,36.251487],[-115.346944,36.251493]],[[-115.183532,35.932154],[-115.183489,35.931245],[-115.183447,35.930336],[-115.183404,35.929427],[-115.185564,35.929465],[-115.185598,35.929466],[-115.187792,35.929505],[-115.189986,35.929544],[-115.189875,35.926845],[-115.187675,35.926782],[-115.187636,35.925875],[-115.189837,35.925913],[-115.192049,35.925935],[-115.194163,35.923181],[-115.194003,35.918663],[-115.197601,35.918699],[-115.198406,35.91765],[-115.19832,35.915071],[-115.200516,35.915096],[-115.200489,35.914188],[-115.20101,35.914194],[-115.202925,35.911495],[-115.207034,35.905703],[-115.20706,35.905663],[-115.212496,35.897307],[-115.212837,35.896784],[-115.212505,35.896785],[-115.21208,35.896786],[-115.211387,35.896788],[-115.206913,35.896802],[-115.206489,35.896802],[-115.202574,35.896808],[-115.198235,35.896813],[-115.193896,35.896819],[-115.189557,35.896824],[-115.189557,35.896824],[-115.185182,35.896829],[-115.180807,35.896834],[-115.176432,35.896839],[-115.172067,35.896844],[-115.172059,35.897013],[-115.171904,35.900418],[-115.171823,35.902206],[-115.169533,35.904035],[-115.167325,35.904076],[-115.162908,35.904158],[-115.162502,35.911459],[-115.154061,35.919138],[-115.136586,35.918696],[-115.132229,35.918679],[-115.132155,35.916833],[-115.119127,35.916788],[-115.119158,35.918627],[-115.110483,35.918458],[-115.110548,35.925745],[-115.101812,35.925506],[-115.100526,35.924394],[-115.100531,35.923721],[-115.100545,35.921906],[-115.095123,35.921945],[-115.092888,35.922868],[-115.0915,35.922879],[-115.090792,35.922884],[-115.086825,35.922915],[-115.086227,35.924503],[-115.085193,35.925111],[-115.083982,35.925086],[-115.082831,35.925062],[-115.082831,35.925669],[-115.082826,35.92577],[-115.082744,35.927346],[-115.08271,35.927989],[-115.081753,35.928607],[-115.079796,35.928292],[-115.079354,35.928137],[-115.078041,35.927674],[-115.077551,35.927577],[-115.077146,35.927596],[-115.077093,35.928676],[-115.07803,35.929247],[-115.078202,35.92934],[-115.078731,35.929629],[-115.079264,35.929842],[-115.080472,35.930325],[-115.081538,35.930319],[-115.082535,35.931352],[-115.082526,35.931531],[-115.082487,35.932295],[-115.081337,35.93297],[-115.079109,35.932952],[-115.079063,35.933866],[-115.079993,35.934463],[-115.081261,35.934527],[-115.081544,35.934576],[-115.082393,35.934724],[-115.083421,35.935496],[-115.083433,35.935505],[-115.08637,35.936756],[-115.086937,35.936998],[-115.087229,35.937122],[-115.083299,35.9376],[-115.081695,35.937796],[-115.081601,35.937807],[-115.078846,35.938142],[-115.078832,35.938434],[-115.078739,35.940261],[-115.078739,35.940366],[-115.078739,35.940678],[-115.078739,35.941174],[-115.078507,35.941172],[-115.078206,35.94117],[-115.07798,35.941168],[-115.077461,35.941164],[-115.077318,35.941163],[-115.07714,35.941161],[-115.076962,35.94116],[-115.076785,35.941159],[-115.076514,35.941156],[-115.076224,35.941154],[-115.075407,35.941147],[-115.075407,35.94134],[-115.075408,35.94229],[-115.075408,35.944801],[-115.077628,35.94482],[-115.077628,35.945082],[-115.077628,35.947388],[-115.077628,35.948476],[-115.077628,35.948595],[-115.077628,35.948604],[-115.077628,35.951116],[-115.077628,35.951684],[-115.077628,35.952184],[-115.077628,35.952208],[-115.077628,35.952573],[-115.077628,35.952664],[-115.077628,35.953041],[-115.079848,35.95306],[-115.079847,35.953829],[-115.079847,35.954875],[-115.078751,35.954866],[-115.077628,35.954856],[-115.075806,35.954847],[-115.074296,35.954839],[-115.073203,35.95483],[-115.073212,35.955725],[-115.070993,35.95571],[-115.071021,35.958453],[-115.071031,35.959413],[-115.071061,35.962333],[-115.071061,35.962333],[-115.071082,35.964353],[-115.071097,35.96576],[-115.071099,35.966008],[-115.071116,35.967587],[-115.073335,35.967607],[-115.073344,35.96852],[-115.074454,35.96853],[-115.075564,35.96854],[-115.075573,35.969453],[-115.075587,35.97128],[-115.074787,35.971272],[-115.074477,35.971269],[-115.072256,35.97125],[-115.072257,35.971433],[-115.07226,35.971856],[-115.07226,35.971911],[-115.07226,35.971993],[-115.072263,35.972369],[-115.072267,35.973077],[-115.073379,35.973086],[-115.073385,35.973999],[-115.074496,35.974008],[-115.074496,35.974026],[-115.074498,35.974235],[-115.074499,35.974441],[-115.0745,35.974496],[-115.074503,35.974921],[-115.074707,35.974923],[-115.075198,35.974928],[-115.075451,35.974931],[-115.075705,35.974934],[-115.075958,35.974936],[-115.076212,35.974939],[-115.076465,35.974942],[-115.076725,35.974945],[-115.076726,35.975075],[-115.076727,35.97513],[-115.076728,35.975336],[-115.07673,35.975542],[-115.076732,35.975748],[-115.076732,35.975858],[-115.076733,35.975954],[-115.076735,35.976223],[-115.07674,35.976772],[-115.077292,35.976777],[-115.077767,35.976781],[-115.077851,35.976782],[-115.077853,35.977001],[-115.077854,35.977166],[-115.077856,35.977331],[-115.077857,35.977496],[-115.077858,35.977661],[-115.07786,35.977826],[-115.077861,35.97799],[-115.077862,35.978146],[-115.077864,35.978311],[-115.077865,35.978494],[-115.077873,35.979522],[-115.081211,35.979553],[-115.081219,35.980466],[-115.081223,35.980899],[-115.083454,35.981426],[-115.083454,35.981484],[-115.083455,35.981565],[-115.083456,35.981656],[-115.083467,35.982784],[-115.083487,35.984103],[-115.083391,35.984103],[-115.083137,35.984101],[-115.082884,35.9841],[-115.08263,35.984098],[-115.082377,35.984097],[-115.082123,35.984095],[-115.08187,35.984093],[-115.081616,35.984092],[-115.081292,35.98409],[-115.081251,35.98409],[-115.08086,35.984087],[-115.08086,35.984087],[-115.079024,35.984076],[-115.076998,35.984064],[-115.076796,35.984063],[-115.074664,35.984051],[-115.074576,35.98405],[-115.074569,35.98405],[-115.069245,35.984026],[-115.069237,35.984026],[-115.065656,35.98401],[-115.065655,35.98401],[-115.065632,35.98401],[-115.060679,35.983964],[-115.056739,35.983938],[-115.056709,35.983938],[-115.056708,35.983938],[-115.052238,35.983921],[-115.047842,35.983905],[-115.047827,35.985278],[-115.047821,35.985753],[-115.047802,35.987465],[-115.047762,35.991076],[-115.04776,35.993851],[-115.047759,35.9947],[-115.047759,35.99483],[-115.047756,35.998243],[-115.047756,35.998255],[-115.047756,35.998321],[-115.047756,35.998325],[-115.047731,35.998325],[-115.044036,35.998319],[-115.043289,35.998318],[-115.041237,35.998314],[-115.040805,35.998313],[-115.039356,35.99831],[-115.039192,35.99831],[-115.038823,35.998309],[-115.0388,35.998309],[-115.036853,35.998305],[-115.03435,35.998299],[-115.029877,35.998289],[-115.02093,35.998292],[-115.012089,35.99821],[-115.007894,35.998199],[-115.003153,35.998186],[-114.99866,35.998193],[-114.99842,35.998191],[-114.99842,35.998079],[-114.997979,35.998076],[-114.996774,35.998067],[-114.996074,35.998062],[-114.994215,35.998048],[-114.994216,35.997911],[-114.994216,35.997843],[-114.994218,35.997514],[-114.994221,35.997085],[-114.994221,35.997074],[-114.994223,35.996736],[-114.994225,35.996423],[-114.994226,35.996236],[-114.994228,35.996025],[-114.99423,35.99561],[-114.994232,35.995328],[-114.994232,35.995325],[-114.994238,35.994421],[-114.994243,35.993515],[-114.994245,35.993169],[-114.994247,35.992955],[-114.994249,35.992608],[-114.994256,35.991537],[-114.99426,35.990795],[-114.994263,35.990362],[-114.994267,35.98993],[-114.99427,35.989497],[-114.994273,35.989065],[-114.994273,35.989064],[-114.994273,35.989051],[-114.994274,35.988978],[-114.994274,35.988912],[-114.994275,35.988884],[-114.994276,35.988719],[-114.994277,35.988541],[-114.994279,35.988362],[-114.99428,35.988184],[-114.994281,35.988013],[-114.994282,35.987958],[-114.994284,35.987671],[-114.994285,35.987527],[-114.994287,35.98724],[-114.994288,35.98717],[-114.994288,35.9871],[-114.994289,35.986921],[-114.994291,35.986756],[-114.994292,35.986591],[-114.994293,35.986426],[-114.994294,35.986262],[-114.994296,35.986097],[-114.994297,35.985899],[-114.994299,35.985707],[-114.994301,35.985432],[-114.994301,35.985362],[-114.994302,35.985292],[-114.994303,35.985112],[-114.994304,35.984948],[-114.994306,35.984775],[-114.994307,35.984603],[-114.994307,35.984603],[-114.994308,35.984431],[-114.994309,35.984258],[-114.994311,35.984086],[-114.994314,35.983638],[-114.994315,35.983556],[-114.992058,35.983563],[-114.989819,35.98357],[-114.989734,35.98357],[-114.985689,35.983581],[-114.985615,35.983581],[-114.985575,35.983581],[-114.985533,35.983581],[-114.985413,35.983581],[-114.985352,35.983582],[-114.985337,35.983582],[-114.983964,35.983585],[-114.983385,35.983587],[-114.98337,35.983587],[-114.982254,35.98359],[-114.98115,35.983594],[-114.98103,35.983594],[-114.980021,35.983597],[-114.978921,35.9836],[-114.977954,35.983603],[-114.976875,35.983606],[-114.976824,35.983606],[-114.976673,35.983606],[-114.976537,35.983607],[-114.976276,35.983608],[-114.975498,35.983611],[-114.974968,35.983613],[-114.974867,35.983613],[-114.974796,35.983613],[-114.974765,35.983613],[-114.973966,35.983616],[-114.973169,35.983619],[-114.973168,35.983619],[-114.973068,35.98362],[-114.972966,35.98362],[-114.972176,35.983623],[-114.972037,35.983624],[-114.971429,35.983626],[-114.971328,35.983626],[-114.971226,35.983627],[-114.970499,35.98363],[-114.969773,35.983632],[-114.969671,35.983633],[-114.969634,35.983633],[-114.968855,35.983636],[-114.968818,35.983633],[-114.968336,35.983636],[-114.967874,35.983639],[-114.967773,35.983639],[-114.967767,35.983639],[-114.967753,35.983639],[-114.967666,35.983638],[-114.967301,35.98364],[-114.967201,35.983641],[-114.96679,35.983643],[-114.966258,35.983646],[-114.966064,35.983647],[-114.966006,35.983649],[-114.965957,35.983651],[-114.965949,35.983651],[-114.965851,35.98365],[-114.965844,35.98365],[-114.965279,35.983654],[-114.964712,35.983658],[-114.964706,35.983658],[-114.964645,35.983658],[-114.964025,35.983663],[-114.963525,35.983667],[-114.963418,35.983668],[-114.963275,35.983666],[-114.963248,35.983665],[-114.963077,35.983664],[-114.962933,35.983666],[-114.961129,35.983663],[-114.96103,35.983664],[-114.960926,35.983662],[-114.958946,35.98366],[-114.958847,35.983662],[-114.958245,35.983663],[-114.957623,35.983665],[-114.957195,35.983668],[-114.957019,35.983668],[-114.95685,35.98367],[-114.956324,35.983671],[-114.955821,35.983673],[-114.95564,35.983673],[-114.954961,35.983676],[-114.954391,35.983678],[-114.954392,35.978229],[-114.952164,35.978237],[-114.952169,35.974599],[-114.941044,35.974645],[-114.940199,35.974644],[-114.93686,35.975657],[-114.935462,35.976466],[-114.923243,35.976463],[-114.923261,35.972815],[-114.914499,35.972841],[-114.914344,35.972842],[-114.914353,35.971815],[-114.914375,35.969187],[-114.913176,35.96919],[-114.912301,35.969192],[-114.910639,35.969195],[-114.910642,35.969182],[-114.910642,35.969177],[-114.910642,35.969171],[-114.910642,35.969166],[-114.910642,35.96916],[-114.910642,35.969155],[-114.910642,35.969149],[-114.910642,35.969144],[-114.910642,35.969138],[-114.910642,35.969133],[-114.910642,35.969127],[-114.910643,35.969122],[-114.910643,35.969116],[-114.910643,35.969111],[-114.910643,35.969105],[-114.910643,35.9691],[-114.910643,35.969094],[-114.910643,35.969089],[-114.910643,35.969084],[-114.910643,35.969078],[-114.910643,35.969073],[-114.910643,35.969067],[-114.910644,35.969062],[-114.910644,35.969056],[-114.910644,35.969051],[-114.910644,35.969045],[-114.910644,35.96904],[-114.910644,35.969034],[-114.910644,35.969029],[-114.910645,35.969023],[-114.910645,35.969018],[-114.910645,35.969012],[-114.910645,35.969007],[-114.910645,35.969001],[-114.910646,35.968996],[-114.910646,35.96899],[-114.910646,35.968985],[-114.910646,35.968979],[-114.910646,35.968974],[-114.910647,35.968968],[-114.910647,35.968963],[-114.910647,35.968957],[-114.910647,35.968952],[-114.910647,35.968946],[-114.910648,35.968941],[-114.910648,35.968935],[-114.910648,35.96893],[-114.910648,35.968924],[-114.910649,35.968919],[-114.910649,35.968913],[-114.910649,35.968908],[-114.910649,35.968902],[-114.91065,35.968897],[-114.91065,35.968891],[-114.91065,35.968886],[-114.910651,35.96888],[-114.910651,35.968875],[-114.910651,35.968869],[-114.910651,35.968864],[-114.910652,35.968858],[-114.910652,35.968853],[-114.910652,35.968847],[-114.910653,35.968842],[-114.910653,35.968836],[-114.910653,35.968831],[-114.910654,35.968825],[-114.910654,35.96882],[-114.910654,35.968814],[-114.910655,35.968809],[-114.910655,35.968803],[-114.910656,35.968798],[-114.910656,35.968793],[-114.910656,35.968787],[-114.910657,35.968782],[-114.910657,35.968776],[-114.910658,35.968771],[-114.910658,35.968765],[-114.910658,35.96876],[-114.910659,35.968754],[-114.910659,35.968749],[-114.91066,35.968743],[-114.91066,35.968738],[-114.91066,35.968732],[-114.910661,35.968727],[-114.910661,35.968721],[-114.910662,35.968716],[-114.910662,35.96871],[-114.910663,35.968705],[-114.910663,35.968699],[-114.910664,35.968694],[-114.910664,35.968688],[-114.910664,35.968683],[-114.910665,35.968677],[-114.910665,35.968672],[-114.910666,35.968666],[-114.910666,35.968661],[-114.910667,35.968655],[-114.910667,35.96865],[-114.910668,35.968644],[-114.910668,35.968639],[-114.910669,35.968634],[-114.91067,35.968628],[-114.91067,35.968623],[-114.910671,35.968617],[-114.910671,35.968612],[-114.910672,35.968606],[-114.910672,35.968601],[-114.910673,35.968595],[-114.910673,35.96859],[-114.910674,35.968584],[-114.910674,35.968579],[-114.910675,35.968573],[-114.910676,35.968568],[-114.910676,35.968562],[-114.910677,35.968557],[-114.910677,35.968551],[-114.910678,35.968546],[-114.910679,35.96854],[-114.910679,35.968535],[-114.91068,35.96853],[-114.91068,35.968524],[-114.910681,35.968519],[-114.910682,35.968513],[-114.910682,35.968508],[-114.910683,35.968502],[-114.910684,35.968497],[-114.910684,35.968491],[-114.910685,35.968486],[-114.910686,35.96848],[-114.910686,35.968475],[-114.910687,35.968469],[-114.910688,35.968464],[-114.910688,35.968458],[-114.910689,35.968453],[-114.91069,35.968447],[-114.91069,35.968442],[-114.910691,35.968437],[-114.910692,35.968431],[-114.910693,35.968426],[-114.910693,35.96842],[-114.910694,35.968415],[-114.910695,35.968409],[-114.910695,35.968404],[-114.910696,35.968398],[-114.910697,35.968393],[-114.910698,35.968387],[-114.910698,35.968382],[-114.910699,35.968376],[-114.9107,35.968371],[-114.910701,35.968366],[-114.910701,35.96836],[-114.910702,35.968355],[-114.910703,35.968349],[-114.910704,35.968344],[-114.910705,35.968338],[-114.910705,35.968333],[-114.910706,35.968327],[-114.910707,35.968322],[-114.910708,35.968316],[-114.910709,35.968311],[-114.91071,35.968306],[-114.91071,35.9683],[-114.910711,35.968295],[-114.910712,35.968289],[-114.910713,35.968284],[-114.910714,35.968278],[-114.910714,35.968275],[-114.910715,35.968273],[-114.910715,35.968267],[-114.910716,35.968262],[-114.910717,35.968256],[-114.910718,35.968251],[-114.910719,35.968246],[-114.91072,35.96824],[-114.910721,35.968235],[-114.910722,35.968229],[-114.910722,35.968224],[-114.910723,35.968218],[-114.910724,35.968213],[-114.910725,35.968207],[-114.910726,35.968202],[-114.910727,35.968197],[-114.910728,35.968191],[-114.910729,35.968186],[-114.91073,35.96818],[-114.910731,35.968175],[-114.910732,35.968169],[-114.910733,35.968164],[-114.910734,35.968159],[-114.910735,35.968153],[-114.910736,35.968148],[-114.910737,35.968142],[-114.910738,35.968137],[-114.910739,35.968131],[-114.91074,35.968126],[-114.910741,35.96812],[-114.910742,35.968115],[-114.910743,35.96811],[-114.910744,35.968104],[-114.910745,35.968099],[-114.910746,35.968093],[-114.910747,35.968088],[-114.910748,35.968082],[-114.910749,35.968077],[-114.91075,35.968072],[-114.910751,35.968066],[-114.910752,35.968061],[-114.910753,35.968055],[-114.910754,35.96805],[-114.910755,35.968044],[-114.910756,35.968039],[-114.910757,35.968034],[-114.910758,35.968028],[-114.910759,35.968023],[-114.91076,35.968017],[-114.910761,35.968012],[-114.910763,35.968006],[-114.910764,35.968001],[-114.910765,35.967996],[-114.910766,35.96799],[-114.910767,35.967985],[-114.910768,35.967979],[-114.910769,35.967974],[-114.91077,35.967969],[-114.910772,35.967963],[-114.910773,35.967958],[-114.910774,35.967952],[-114.910775,35.967947],[-114.910776,35.967941],[-114.910777,35.967936],[-114.910779,35.967931],[-114.91078,35.967925],[-114.910781,35.96792],[-114.910782,35.967914],[-114.910783,35.967909],[-114.910784,35.967904],[-114.910786,35.967898],[-114.910787,35.967893],[-114.910788,35.967887],[-114.910789,35.967882],[-114.910791,35.967877],[-114.910792,35.967871],[-114.910793,35.967866],[-114.910794,35.96786],[-114.910795,35.967855],[-114.910797,35.96785],[-114.910798,35.967844],[-114.910799,35.967839],[-114.9108,35.967833],[-114.910802,35.967828],[-114.910803,35.967823],[-114.910804,35.967817],[-114.910806,35.967812],[-114.910807,35.967806],[-114.910808,35.967801],[-114.910809,35.967796],[-114.910811,35.96779],[-114.910812,35.967785],[-114.910813,35.967779],[-114.910815,35.967774],[-114.910816,35.967769],[-114.910817,35.967763],[-114.910819,35.967758],[-114.91082,35.967753],[-114.910821,35.967747],[-114.910823,35.967742],[-114.910824,35.967736],[-114.910825,35.967731],[-114.910827,35.967726],[-114.910828,35.96772],[-114.910829,35.967715],[-114.910831,35.967709],[-114.910832,35.967704],[-114.910834,35.967699],[-114.910835,35.967693],[-114.910836,35.967688],[-114.910838,35.967683],[-114.910839,35.967677],[-114.910841,35.967672],[-114.910842,35.967666],[-114.910843,35.967661],[-114.910845,35.967656],[-114.910846,35.96765],[-114.910848,35.967645],[-114.910849,35.96764],[-114.910851,35.967634],[-114.910852,35.967629],[-114.910854,35.967624],[-114.910855,35.967618],[-114.910856,35.967613],[-114.910858,35.967607],[-114.910859,35.967602],[-114.910861,35.967597],[-114.910862,35.967591],[-114.910864,35.967586],[-114.910865,35.967581],[-114.910867,35.967575],[-114.910868,35.96757],[-114.91087,35.967565],[-114.910871,35.967559],[-114.910873,35.967554],[-114.910874,35.967548],[-114.910876,35.967543],[-114.910877,35.967538],[-114.910879,35.967532],[-114.910881,35.967527],[-114.910882,35.967522],[-114.910884,35.967516],[-114.910885,35.967511],[-114.910887,35.967506],[-114.910888,35.9675],[-114.91089,35.967495],[-114.910892,35.96749],[-114.910893,35.967484],[-114.910895,35.967479],[-114.910896,35.967474],[-114.910898,35.967468],[-114.910899,35.967463],[-114.910901,35.967458],[-114.910903,35.967452],[-114.910904,35.967447],[-114.910906,35.967442],[-114.910908,35.967436],[-114.910909,35.967431],[-114.910911,35.967426],[-114.910912,35.96742],[-114.910914,35.967415],[-114.910916,35.96741],[-114.910917,35.967404],[-114.910919,35.967399],[-114.910921,35.967394],[-114.910922,35.967388],[-114.910924,35.967383],[-114.910926,35.967378],[-114.910927,35.967372],[-114.910929,35.967367],[-114.910931,35.967362],[-114.910933,35.967356],[-114.910934,35.967351],[-114.910936,35.967346],[-114.910938,35.96734],[-114.910939,35.967335],[-114.910941,35.96733],[-114.910943,35.967325],[-114.910945,35.967319],[-114.910946,35.967314],[-114.910948,35.967309],[-114.91095,35.967303],[-114.910952,35.967298],[-114.910953,35.967293],[-114.910955,35.967287],[-114.910957,35.967282],[-114.910959,35.967277],[-114.91096,35.967271],[-114.910962,35.967266],[-114.910964,35.967261],[-114.910966,35.967256],[-114.910968,35.96725],[-114.910969,35.967245],[-114.910971,35.96724],[-114.910973,35.967234],[-114.910975,35.967229],[-114.910977,35.967224],[-114.910979,35.967219],[-114.91098,35.967213],[-114.910982,35.967208],[-114.910984,35.967203],[-114.910986,35.967197],[-114.910988,35.967192],[-114.91099,35.967187],[-114.910992,35.967182],[-114.910993,35.967176],[-114.910995,35.967171],[-114.910997,35.967166],[-114.910999,35.96716],[-114.911001,35.967155],[-114.911003,35.96715],[-114.911005,35.967145],[-114.911007,35.967139],[-114.911008,35.967134],[-114.91101,35.967129],[-114.911012,35.967124],[-114.911014,35.967118],[-114.911016,35.967113],[-114.911018,35.967108],[-114.91102,35.967102],[-114.911022,35.967097],[-114.911024,35.967092],[-114.911026,35.967087],[-114.911028,35.967081],[-114.91103,35.967076],[-114.911032,35.967071],[-114.911034,35.967066],[-114.911036,35.96706],[-114.911038,35.967055],[-114.91104,35.96705],[-114.911042,35.967045],[-114.911044,35.967039],[-114.911046,35.967034],[-114.911048,35.967029],[-114.91105,35.967024],[-114.911052,35.967018],[-114.911054,35.967013],[-114.911056,35.967008],[-114.911054,35.967006],[-114.911477,35.965762],[-114.91148,35.965755],[-114.911482,35.96575],[-114.911483,35.965745],[-114.911485,35.965739],[-114.911486,35.965734],[-114.911488,35.965728],[-114.911489,35.965723],[-114.91149,35.965718],[-114.911492,35.965712],[-114.911493,35.965707],[-114.911495,35.965702],[-114.911496,35.965696],[-114.911498,35.965691],[-114.911499,35.965685],[-114.9115,35.96568],[-114.911502,35.965675],[-114.911503,35.965669],[-114.911505,35.965664],[-114.911506,35.965659],[-114.911507,35.965653],[-114.911509,35.965648],[-114.91151,35.965642],[-114.911512,35.965637],[-114.911513,35.965632],[-114.911514,35.965626],[-114.911516,35.965621],[-114.911517,35.965616],[-114.911518,35.96561],[-114.91152,35.965605],[-114.911521,35.965599],[-114.911522,35.965594],[-114.911523,35.965589],[-114.911525,35.965583],[-114.911526,35.965578],[-114.911527,35.965572],[-114.911529,35.965567],[-114.91153,35.965562],[-114.911531,35.965556],[-114.911532,35.965551],[-114.911534,35.965545],[-114.911535,35.96554],[-114.911536,35.965535],[-114.911537,35.965529],[-114.911539,35.965524],[-114.911539,35.96552],[-114.911581,35.96536],[-114.911599,35.965278],[-114.911616,35.965196],[-114.91163,35.965113],[-114.911643,35.965031],[-114.911655,35.964948],[-114.911664,35.964865],[-114.911672,35.964782],[-114.911678,35.964699],[-114.911682,35.964616],[-114.911684,35.964533],[-114.911685,35.96445],[-114.911684,35.964367],[-114.911681,35.964284],[-114.911676,35.9642],[-114.911669,35.964117],[-114.911654,35.963941],[-114.911471,35.961893],[-114.911281,35.958247],[-114.911246,35.95758],[-114.91109,35.95459],[-114.910803,35.950907],[-114.910785,35.950672],[-114.910755,35.949911],[-114.91076,35.949371],[-114.910793,35.948698],[-114.91084,35.948218],[-114.910896,35.947812],[-114.911018,35.947295],[-114.911033,35.947227],[-114.911792,35.943547],[-114.912132,35.941898],[-114.912114,35.939863],[-114.913163,35.939863],[-114.91434,35.939862],[-114.923241,35.939858],[-114.923261,35.936279],[-114.923282,35.932581],[-114.918827,35.932586],[-114.918823,35.932463],[-114.918824,35.931201],[-114.918826,35.92898],[-114.916596,35.928975],[-114.916627,35.925454],[-114.916628,35.925317],[-114.918867,35.925312],[-114.918886,35.923481],[-114.918987,35.923481],[-114.921113,35.923476],[-114.923172,35.923472],[-114.923341,35.923471],[-114.923322,35.925304],[-114.94114,35.925269],[-114.950132,35.92525],[-114.950125,35.919067],[-114.950114,35.910611],[-114.959005,35.910587],[-114.959067,35.903279],[-114.96799,35.903268],[-114.968046,35.895952],[-114.964365,35.895959],[-114.96436,35.891549],[-114.964355,35.887997],[-114.973267,35.887996],[-114.98218,35.887997],[-114.982182,35.8916],[-114.982183,35.895932],[-114.981408,35.895933],[-114.981398,35.897584],[-114.981196,35.932523],[-114.976738,35.9325],[-114.976652,35.939818],[-114.990071,35.939791],[-114.991816,35.939788],[-114.99453,35.939782],[-114.994549,35.936126],[-114.994568,35.93247],[-114.994587,35.928814],[-114.994606,35.925158],[-114.994625,35.921502],[-114.994643,35.917846],[-114.994662,35.91419],[-114.994681,35.910534],[-114.9947,35.906878],[-114.994719,35.903222],[-114.994737,35.899566],[-114.994749,35.897241],[-114.994756,35.89591],[-114.990918,35.895917],[-114.99092,35.851719],[-115.044351,35.851655],[-115.044358,35.808181],[-115.07885,35.808199],[-115.078825,35.793063],[-115.100827,35.793062],[-115.10082,35.789458],[-115.100814,35.785854],[-115.100807,35.78225],[-115.1008,35.778645],[-115.100797,35.775017],[-115.100794,35.771389],[-115.100791,35.767761],[-115.100788,35.764133],[-115.100785,35.760509],[-115.100785,35.759759],[-115.100782,35.756885],[-115.10078,35.754434],[-115.100779,35.75347],[-115.100779,35.753261],[-115.100776,35.749637],[-115.100773,35.745988],[-115.10077,35.742339],[-115.100767,35.73869],[-115.100764,35.735041],[-115.100765,35.731415],[-115.100765,35.727788],[-115.100766,35.724161],[-115.100766,35.720534],[-115.096353,35.720532],[-115.09194,35.72053],[-115.087527,35.720528],[-115.083114,35.720525],[-115.078701,35.720522],[-115.074254,35.720522],[-115.069807,35.720522],[-115.06536,35.720522],[-115.060913,35.720521],[-115.056466,35.72052],[-115.052019,35.720519],[-115.047597,35.720518],[-115.047572,35.720518],[-115.043126,35.720517],[-115.038689,35.720519],[-115.034252,35.720521],[-115.029816,35.720523],[-115.025379,35.720525],[-115.025378,35.716918],[-115.025374,35.706041],[-115.025368,35.69168],[-115.025363,35.67699],[-115.007724,35.676994],[-114.990084,35.676995],[-114.985455,35.676994],[-114.97214,35.676993],[-114.965156,35.676991],[-114.964904,35.676991],[-114.964062,35.676991],[-114.963809,35.676991],[-114.960039,35.67699],[-114.959697,35.67699],[-114.955607,35.676989],[-114.954373,35.676988],[-114.954259,35.676988],[-114.936304,35.676981],[-114.93632,35.691248],[-114.936335,35.705729],[-114.936347,35.71689],[-114.936351,35.720516],[-114.93184,35.720516],[-114.927456,35.720515],[-114.927458,35.723884],[-114.927465,35.735022],[-114.927473,35.749381],[-114.927481,35.764028],[-114.927483,35.77127],[-114.93637,35.77129],[-114.94431,35.771297],[-114.945264,35.771298],[-114.945266,35.773393],[-114.945269,35.778546],[-114.945275,35.788403],[-114.945276,35.789581],[-114.945276,35.790415],[-114.945277,35.792035],[-114.945278,35.792814],[-114.945278,35.79301],[-114.945278,35.793499],[-114.945279,35.794659],[-114.945285,35.803922],[-114.945287,35.808195],[-114.946398,35.808191],[-114.946412,35.815444],[-114.940688,35.815449],[-114.940201,35.815449],[-114.939853,35.815449],[-114.939317,35.81545],[-114.937507,35.815451],[-114.920258,35.815453],[-114.901947,35.815451],[-114.901946,35.808197],[-114.8972,35.808198],[-114.892454,35.808198],[-114.887708,35.808199],[-114.884157,35.808199],[-114.882962,35.808199],[-114.882963,35.803867],[-114.882964,35.800987],[-114.882968,35.792997],[-114.879534,35.79298],[-114.866308,35.792912],[-114.864725,35.792914],[-114.864074,35.792914],[-114.864074,35.792914],[-114.86306,35.792915],[-114.848505,35.792928],[-114.830714,35.792944],[-114.812896,35.792944],[-114.795095,35.792898],[-114.794979,35.792898],[-114.790528,35.792899],[-114.786077,35.792899],[-114.781627,35.7929],[-114.777176,35.7929],[-114.775253,35.7929],[-114.775183,35.795622],[-114.775175,35.795907],[-114.775079,35.799647],[-114.774982,35.803386],[-114.774885,35.807125],[-114.774858,35.808194],[-114.77717,35.808194],[-114.781622,35.808195],[-114.786074,35.808195],[-114.790525,35.808195],[-114.794977,35.808194],[-114.795126,35.808194],[-114.795133,35.822699],[-114.795139,35.837204],[-114.795145,35.851709],[-114.795151,35.866214],[-114.795157,35.880719],[-114.795162,35.891648],[-114.795163,35.895358],[-114.798892,35.895388],[-114.79889,35.898825],[-114.798886,35.906078],[-114.805538,35.906078],[-114.805435,35.920313],[-114.78744,35.920584],[-114.76961,35.920532],[-114.770007,35.93454],[-114.769982,35.940575],[-114.769945,35.94916],[-114.787846,35.949394],[-114.787814,35.953019],[-114.787782,35.956644],[-114.787751,35.960272],[-114.787719,35.9639],[-114.787794,35.978412],[-114.787788,35.979262],[-114.787754,35.98424],[-114.787744,35.985644],[-114.787719,35.98927],[-114.787694,35.992896],[-114.787708,35.995134],[-114.787739,36.000079],[-114.78774,36.000207],[-114.78774,36.000219],[-114.794705,36.000241],[-114.805639,36.000275],[-114.812789,36.000297],[-114.812867,36.000297],[-114.812867,36.000297],[-114.813238,36.000297],[-114.814564,36.000297],[-114.816011,36.000299],[-114.816157,36.000299],[-114.816303,36.000299],[-114.816305,36.000299],[-114.816307,36.000299],[-114.816309,36.000299],[-114.81631,36.000299],[-114.816312,36.000299],[-114.816314,36.000299],[-114.816316,36.000299],[-114.817217,36.0003],[-114.817398,36.0003],[-114.817715,36.0003],[-114.818032,36.0003],[-114.818032,36.0003],[-114.819312,36.000301],[-114.820134,36.000302],[-114.820928,36.000301],[-114.821757,36.0003],[-114.823489,36.000299],[-114.823499,36.003259],[-114.823499,36.003446],[-114.8235,36.003633],[-114.823501,36.003833],[-114.823501,36.003921],[-114.823501,36.003927],[-114.823501,36.003948],[-114.823501,36.004039],[-114.823502,36.004242],[-114.823503,36.004525],[-114.823503,36.004637],[-114.823504,36.004749],[-114.823504,36.004982],[-114.823505,36.005215],[-114.823506,36.005449],[-114.823507,36.005682],[-114.823507,36.005915],[-114.823508,36.006031],[-114.823508,36.006148],[-114.823509,36.006381],[-114.82351,36.006628],[-114.82351,36.006765],[-114.823511,36.006902],[-114.823512,36.007217],[-114.823512,36.007385],[-114.823513,36.007553],[-114.823514,36.008007],[-114.823514,36.008144],[-114.823515,36.008281],[-114.823516,36.008556],[-114.823517,36.008831],[-114.823517,36.008968],[-114.823517,36.009105],[-114.823518,36.00938],[-114.823519,36.009518],[-114.823519,36.009655],[-114.82352,36.00993],[-114.823521,36.010067],[-114.823521,36.010204],[-114.823522,36.010561],[-114.823524,36.01118],[-114.82368,36.01118],[-114.823913,36.011179],[-114.824691,36.011178],[-114.824775,36.011178],[-114.82486,36.011178],[-114.825568,36.011177],[-114.825887,36.011176],[-114.825979,36.011176],[-114.826114,36.011176],[-114.826577,36.011175],[-114.832451,36.011165],[-114.84137,36.011151],[-114.859091,36.011253],[-114.871168,36.011334],[-114.872453,36.011342],[-114.876464,36.011369],[-114.876472,36.007513],[-114.876463,36.003883],[-114.876454,36.000257],[-114.876445,35.996627],[-114.876475,35.992998],[-114.87647,35.992998],[-114.876442,35.98939],[-114.876449,35.985781],[-114.876455,35.982172],[-114.876897,35.982171],[-114.881358,35.982172],[-114.88582,35.982173],[-114.887444,35.982174],[-114.887446,35.98203],[-114.891947,35.982066],[-114.896407,35.982101],[-114.900866,35.982135],[-114.905326,35.98217],[-114.91022,35.982161],[-114.91203,35.982157],[-114.912049,35.98016],[-114.912082,35.976512],[-114.912083,35.97631],[-114.912503,35.976345],[-114.912562,35.976498],[-114.912567,35.976508],[-114.912941,35.976506],[-114.913286,35.976504],[-114.913471,35.976502],[-114.91399,35.976499],[-114.914313,35.976497],[-114.914306,35.977347],[-114.914306,35.97739],[-114.914303,35.97766],[-114.9143,35.978002],[-114.914299,35.978131],[-114.914297,35.978445],[-114.914282,35.980152],[-114.914226,35.983805],[-114.905307,35.98383],[-114.905295,35.987441],[-114.905283,35.99104],[-114.905271,35.994643],[-114.905261,35.998249],[-114.914168,35.998311],[-114.914148,36.001888],[-114.91415,36.005503],[-114.91413,36.009138],[-114.91411,36.012768],[-114.914042,36.027255],[-114.909554,36.027243],[-114.909522,36.034492],[-114.914014,36.034506],[-114.913985,36.041755],[-114.922978,36.041782],[-114.922975,36.042822],[-114.922957,36.049034],[-114.922943,36.055483],[-114.922941,36.056284],[-114.922926,36.063161],[-114.922925,36.06353],[-114.922921,36.064922],[-114.922907,36.070074],[-114.922903,36.071558],[-114.920852,36.071605],[-114.920404,36.071599],[-114.912474,36.0715],[-114.912368,36.071499],[-114.90458,36.071535],[-114.904105,36.071537],[-114.904178,36.075199],[-114.904204,36.076513],[-114.904206,36.076621],[-114.90281,36.076784],[-114.903352,36.078085],[-114.90233,36.078205],[-114.903957,36.082108],[-114.904276,36.082071],[-114.904279,36.082186],[-114.903259,36.082899],[-114.90436,36.084374],[-114.904376,36.085196],[-114.904374,36.086187],[-114.904374,36.086257],[-114.904374,36.086258],[-114.904182,36.089923],[-114.903691,36.099311],[-114.903659,36.099932],[-114.903658,36.09995],[-114.903615,36.100919],[-114.903798,36.100919],[-114.908126,36.100928],[-114.90811,36.101575],[-114.908107,36.101734],[-114.908103,36.101893],[-114.908094,36.102248],[-114.90809,36.102415],[-114.908087,36.102583],[-114.908079,36.102898],[-114.908075,36.103053],[-114.908072,36.103209],[-114.908064,36.103552],[-114.908061,36.103641],[-114.908059,36.10373],[-114.908041,36.104488],[-114.908039,36.104595],[-114.908038,36.104629],[-114.908034,36.104805],[-114.908034,36.104806],[-114.908026,36.105123],[-114.908017,36.105503],[-114.908013,36.105696],[-114.908008,36.105888],[-114.908004,36.10608],[-114.907999,36.106272],[-114.907995,36.106465],[-114.90799,36.106657],[-114.907985,36.106849],[-114.907981,36.107041],[-114.907976,36.107234],[-114.907972,36.107426],[-114.907967,36.107618],[-114.907963,36.107811],[-114.907958,36.108003],[-114.907954,36.108195],[-114.907952,36.108261],[-114.907949,36.108387],[-114.907944,36.10858],[-114.90794,36.108772],[-114.907935,36.108964],[-114.907931,36.109156],[-114.907926,36.109349],[-114.907922,36.109541],[-114.907917,36.109746],[-114.907898,36.110552],[-114.907865,36.111927],[-114.907853,36.112443],[-114.907809,36.11431],[-114.907805,36.114442],[-114.907788,36.115183],[-114.907778,36.115593],[-114.907753,36.116252],[-114.907749,36.116356],[-114.907721,36.117079],[-114.907636,36.119257],[-114.90649,36.119257],[-114.90649,36.119265],[-114.906426,36.120869],[-114.906392,36.121759],[-114.906347,36.122936],[-114.906239,36.12568],[-114.90854,36.125679],[-114.908506,36.126598],[-114.911958,36.126595],[-114.911932,36.127316],[-114.911861,36.129292],[-114.911825,36.130272],[-114.921049,36.130255],[-114.924594,36.13026],[-114.930291,36.130268],[-114.931385,36.130272],[-114.936061,36.130287],[-114.939527,36.130298],[-114.939547,36.126646],[-114.939566,36.122994],[-114.939686,36.120203],[-114.939723,36.119327],[-114.939727,36.119241],[-114.939844,36.116495],[-114.93988,36.115658],[-114.939866,36.115168],[-114.939817,36.113406],[-114.939782,36.112165],[-114.939778,36.112007],[-114.939744,36.110765],[-114.939738,36.110565],[-114.939731,36.11033],[-114.939677,36.108355],[-114.939576,36.104694],[-114.937778,36.104686],[-114.937707,36.101764],[-114.93769,36.101025],[-114.939476,36.101032],[-114.93952,36.100185],[-114.939527,36.100039],[-114.939534,36.099896],[-114.93962,36.098226],[-114.93962,36.098216],[-114.939665,36.097334],[-114.939694,36.096777],[-114.939854,36.093633],[-114.940046,36.089933],[-114.940078,36.089322],[-114.94013,36.088329],[-114.940143,36.088083],[-114.940157,36.087801],[-114.940239,36.086234],[-114.939831,36.081471],[-114.939764,36.080679],[-114.939858,36.080678],[-114.940089,36.080676],[-114.940291,36.080673],[-114.940493,36.08067],[-114.940693,36.080667],[-114.940892,36.080664],[-114.941097,36.080665],[-114.941302,36.080662],[-114.941507,36.080659],[-114.941711,36.080656],[-114.941935,36.080652],[-114.94211,36.080653],[-114.942328,36.080651],[-114.942531,36.080649],[-114.942734,36.080648],[-114.942937,36.080646],[-114.94314,36.080644],[-114.943343,36.080642],[-114.943546,36.08064],[-114.943749,36.080638],[-114.943952,36.080634],[-114.944155,36.080631],[-114.944297,36.080623],[-114.944329,36.081054],[-114.944371,36.081634],[-114.944397,36.081986],[-114.944424,36.082354],[-114.944433,36.082477],[-114.945243,36.082467],[-114.945562,36.082464],[-114.945624,36.083392],[-114.946753,36.083378],[-114.946939,36.086162],[-114.948114,36.08615],[-114.949066,36.086139],[-114.949174,36.086138],[-114.949759,36.086132],[-114.951106,36.086118],[-114.951881,36.08611],[-114.952328,36.086105],[-114.952666,36.086101],[-114.953005,36.086098],[-114.95335,36.086094],[-114.953619,36.086091],[-114.953431,36.089812],[-114.953329,36.089812],[-114.951301,36.089831],[-114.9512,36.089832],[-114.950084,36.089843],[-114.950084,36.089844],[-114.95008,36.089924],[-114.950032,36.090771],[-114.949979,36.0917],[-114.949927,36.092629],[-114.94988,36.093447],[-114.949874,36.093558],[-114.949951,36.093557],[-114.950988,36.093549],[-114.951039,36.093549],[-114.95114,36.093548],[-114.952127,36.093541],[-114.953215,36.093532],[-114.953323,36.091672],[-114.955811,36.091651],[-114.956379,36.091647],[-114.956644,36.091644],[-114.95778,36.091635],[-114.957774,36.091735],[-114.957762,36.091935],[-114.957763,36.091933],[-114.957764,36.091932],[-114.957765,36.091931],[-114.957766,36.09193],[-114.957767,36.091929],[-114.957768,36.091928],[-114.957769,36.091927],[-114.95777,36.091925],[-114.957771,36.091924],[-114.957772,36.091923],[-114.957773,36.091922],[-114.957774,36.091921],[-114.957774,36.09192],[-114.957775,36.091919],[-114.957776,36.091917],[-114.957777,36.091916],[-114.957778,36.091915],[-114.957779,36.091914],[-114.95778,36.091913],[-114.957781,36.091912],[-114.957782,36.091911],[-114.957783,36.091909],[-114.957784,36.091908],[-114.957785,36.091907],[-114.957786,36.091906],[-114.957787,36.091905],[-114.957788,36.091904],[-114.957789,36.091903],[-114.95779,36.091901],[-114.95779,36.0919],[-114.957791,36.091899],[-114.957792,36.091898],[-114.957793,36.091897],[-114.957794,36.091896],[-114.957795,36.091895],[-114.957796,36.091893],[-114.957797,36.091892],[-114.957798,36.091891],[-114.957799,36.09189],[-114.9578,36.091889],[-114.957801,36.091888],[-114.957802,36.091887],[-114.957803,36.091885],[-114.957804,36.091884],[-114.957804,36.091883],[-114.957805,36.091882],[-114.957806,36.091881],[-114.957807,36.09188],[-114.957808,36.091878],[-114.957809,36.091877],[-114.95781,36.091876],[-114.957811,36.091875],[-114.957812,36.091874],[-114.957813,36.091873],[-114.957814,36.091872],[-114.957815,36.09187],[-114.957816,36.091869],[-114.957816,36.091868],[-114.957817,36.091867],[-114.957818,36.091866],[-114.957819,36.091865],[-114.95782,36.091864],[-114.957821,36.091862],[-114.957822,36.091861],[-114.957823,36.09186],[-114.957824,36.091859],[-114.957825,36.091858],[-114.957826,36.091857],[-114.957827,36.091855],[-114.957828,36.091854],[-114.957828,36.091853],[-114.957829,36.091852],[-114.95783,36.091851],[-114.957831,36.09185],[-114.957832,36.091849],[-114.957833,36.091847],[-114.957834,36.091846],[-114.957835,36.091845],[-114.957836,36.091844],[-114.957837,36.091843],[-114.957838,36.091842],[-114.957839,36.09184],[-114.957839,36.091839],[-114.95784,36.091838],[-114.957841,36.091837],[-114.957842,36.091836],[-114.957843,36.091835],[-114.957844,36.091833],[-114.957845,36.091832],[-114.957846,36.091831],[-114.957847,36.09183],[-114.957848,36.091829],[-114.957849,36.091828],[-114.957849,36.091827],[-114.95785,36.091825],[-114.957851,36.091824],[-114.957852,36.091823],[-114.957853,36.091822],[-114.957854,36.091821],[-114.957855,36.09182],[-114.957856,36.091818],[-114.957857,36.091817],[-114.957858,36.091816],[-114.957858,36.091815],[-114.957859,36.091814],[-114.95786,36.091813],[-114.957861,36.091811],[-114.957862,36.09181],[-114.957863,36.091809],[-114.957864,36.091808],[-114.957865,36.091807],[-114.957866,36.091806],[-114.957867,36.091804],[-114.957867,36.091803],[-114.957868,36.091802],[-114.957869,36.091801],[-114.95787,36.0918],[-114.957871,36.091799],[-114.957872,36.091797],[-114.957873,36.091796],[-114.957874,36.091795],[-114.957875,36.091794],[-114.957876,36.091793],[-114.957876,36.091792],[-114.957877,36.09179],[-114.957878,36.091789],[-114.957879,36.091788],[-114.95788,36.091787],[-114.957881,36.091786],[-114.957882,36.091785],[-114.957883,36.091783],[-114.957884,36.091782],[-114.957884,36.091781],[-114.957885,36.09178],[-114.957886,36.091779],[-114.957887,36.091778],[-114.957888,36.091776],[-114.957889,36.091775],[-114.95789,36.091774],[-114.957891,36.091773],[-114.957892,36.091772],[-114.957892,36.091771],[-114.957893,36.091769],[-114.957894,36.091768],[-114.957895,36.091767],[-114.957896,36.091766],[-114.957897,36.091765],[-114.957898,36.091764],[-114.957899,36.091762],[-114.9579,36.091761],[-114.9579,36.09176],[-114.957901,36.091759],[-114.957902,36.091758],[-114.957903,36.091757],[-114.957904,36.091755],[-114.957905,36.091754],[-114.957906,36.091753],[-114.957907,36.091752],[-114.957907,36.091751],[-114.957908,36.091749],[-114.957909,36.091748],[-114.95791,36.091747],[-114.957911,36.091746],[-114.957912,36.091745],[-114.957913,36.091744],[-114.957914,36.091742],[-114.957914,36.091741],[-114.957915,36.09174],[-114.957916,36.091739],[-114.957917,36.091738],[-114.957918,36.091737],[-114.957919,36.091735],[-114.95792,36.091734],[-114.957921,36.091733],[-114.957921,36.091732],[-114.957922,36.091731],[-114.957923,36.091729],[-114.957924,36.091728],[-114.957925,36.091727],[-114.957926,36.091726],[-114.957927,36.091725],[-114.957927,36.091724],[-114.957928,36.091722],[-114.957929,36.091721],[-114.95793,36.09172],[-114.957931,36.091719],[-114.957932,36.091718],[-114.957933,36.091717],[-114.957934,36.091715],[-114.957934,36.091714],[-114.957935,36.091713],[-114.957936,36.091712],[-114.957937,36.091711],[-114.957938,36.091709],[-114.957939,36.091708],[-114.95794,36.091707],[-114.95794,36.091706],[-114.957941,36.091705],[-114.957942,36.091704],[-114.957943,36.091702],[-114.957944,36.091701],[-114.957945,36.0917],[-114.957946,36.091699],[-114.957946,36.091698],[-114.957947,36.091696],[-114.957948,36.091695],[-114.957949,36.091694],[-114.95795,36.091693],[-114.957951,36.091692],[-114.957952,36.09169],[-114.957952,36.091689],[-114.957953,36.091688],[-114.957954,36.091687],[-114.957955,36.091686],[-114.957956,36.091685],[-114.957957,36.091683],[-114.957958,36.091682],[-114.957958,36.091681],[-114.957959,36.09168],[-114.95796,36.091679],[-114.957961,36.091677],[-114.957962,36.091676],[-114.957963,36.091675],[-114.957963,36.091674],[-114.957964,36.091673],[-114.957965,36.091671],[-114.957966,36.09167],[-114.957967,36.091669],[-114.957968,36.091668],[-114.957969,36.091667],[-114.957969,36.091666],[-114.95797,36.091664],[-114.957971,36.091663],[-114.957972,36.091662],[-114.957973,36.091661],[-114.957974,36.09166],[-114.957974,36.091658],[-114.957975,36.091657],[-114.957976,36.091656],[-114.957977,36.091655],[-114.957978,36.091654],[-114.957979,36.091652],[-114.957979,36.091651],[-114.95798,36.09165],[-114.957981,36.091649],[-114.957982,36.091648],[-114.957983,36.091646],[-114.957984,36.091645],[-114.957985,36.091644],[-114.957985,36.091643],[-114.957986,36.091642],[-114.957987,36.09164],[-114.957988,36.091639],[-114.957989,36.091638],[-114.95799,36.091637],[-114.95799,36.091636],[-114.957991,36.091634],[-114.957992,36.091633],[-114.957993,36.091632],[-114.957994,36.091631],[-114.957995,36.09163],[-114.957995,36.091629],[-114.957996,36.091627],[-114.957997,36.091626],[-114.957998,36.091625],[-114.957999,36.091624],[-114.957999,36.091623],[-114.958,36.091621],[-114.958001,36.09162],[-114.958002,36.091619],[-114.958003,36.091618],[-114.958004,36.091617],[-114.958004,36.091615],[-114.958005,36.091614],[-114.958006,36.091613],[-114.958007,36.091612],[-114.958008,36.091611],[-114.958009,36.091609],[-114.958009,36.091608],[-114.95801,36.091607],[-114.958011,36.091606],[-114.958012,36.091605],[-114.958013,36.091603],[-114.958013,36.091602],[-114.958014,36.091601],[-114.958015,36.0916],[-114.958016,36.091599],[-114.958017,36.091597],[-114.958018,36.091596],[-114.958018,36.091595],[-114.958019,36.091594],[-114.958037,36.091568],[-114.958081,36.091501],[-114.958123,36.091434],[-114.958139,36.091406],[-114.959239,36.091397],[-114.95933,36.089762],[-114.966933,36.089713],[-114.967061,36.086028],[-114.968467,36.086025],[-114.968576,36.086025],[-114.968685,36.086025],[-114.971027,36.086021],[-114.973565,36.086017],[-114.976007,36.086012],[-114.97753,36.085981],[-114.977686,36.085909],[-114.981507,36.085828],[-114.981575,36.085826],[-114.981678,36.085822],[-114.981782,36.085892],[-114.984724,36.085831],[-114.986007,36.085817],[-114.993737,36.085733],[-114.998193,36.085677],[-115.002641,36.085621],[-115.002648,36.085621],[-115.010752,36.085491],[-115.011188,36.085484],[-115.011216,36.085484],[-115.011439,36.085481],[-115.01144,36.085481],[-115.011441,36.085481],[-115.011452,36.085481],[-115.011458,36.085481],[-115.011554,36.08548],[-115.011579,36.081769],[-115.011584,36.081769],[-115.011589,36.081769],[-115.011748,36.081769],[-115.012147,36.08177],[-115.012355,36.08177],[-115.012558,36.08177],[-115.012761,36.08177],[-115.012964,36.081771],[-115.013167,36.081771],[-115.013371,36.081771],[-115.013574,36.081771],[-115.013777,36.081772],[-115.01398,36.081772],[-115.014183,36.081772],[-115.014386,36.081772],[-115.014589,36.081773],[-115.014792,36.081773],[-115.014995,36.081773],[-115.015198,36.081773],[-115.015401,36.081773],[-115.015604,36.081774],[-115.015807,36.081774],[-115.01601,36.081774],[-115.016011,36.081692],[-115.016014,36.081499],[-115.016015,36.081429],[-115.016015,36.081375],[-115.016015,36.081364],[-115.016016,36.081242],[-115.016018,36.081118],[-115.016018,36.08109],[-115.016019,36.080982],[-115.01602,36.080925],[-115.016021,36.080854],[-115.01644,36.080856],[-115.016473,36.080856],[-115.016475,36.080856],[-115.016869,36.080857],[-115.01696,36.080857],[-115.017293,36.080858],[-115.017432,36.080858],[-115.017719,36.080859],[-115.017791,36.080859],[-115.017878,36.08086],[-115.018146,36.080861],[-115.018206,36.080861],[-115.018217,36.080861],[-115.018407,36.080861],[-115.018563,36.080862],[-115.018572,36.080862],[-115.018727,36.080862],[-115.018879,36.080863],[-115.018998,36.080863],[-115.019032,36.080863],[-115.019184,36.080864],[-115.019336,36.080864],[-115.019425,36.080864],[-115.019489,36.080864],[-115.019641,36.080865],[-115.019851,36.080865],[-115.019876,36.080866],[-115.020287,36.080867],[-115.020319,36.080867],[-115.020454,36.080867],[-115.020469,36.079956],[-115.020469,36.079948],[-115.020474,36.079607],[-115.020492,36.078525],[-115.020498,36.078132],[-115.020619,36.078133],[-115.020634,36.078133],[-115.020667,36.078133],[-115.023823,36.078158],[-115.024672,36.078165],[-115.024695,36.078165],[-115.024695,36.07795],[-115.024694,36.077516],[-115.024694,36.077356],[-115.024694,36.077349],[-115.024693,36.076524],[-115.024691,36.075505],[-115.02469,36.07467],[-115.02469,36.074664],[-115.02469,36.074655],[-115.02469,36.074565],[-115.026897,36.074567],[-115.027111,36.074567],[-115.027248,36.074567],[-115.027379,36.074567],[-115.027509,36.074567],[-115.02764,36.074567],[-115.027771,36.074567],[-115.027902,36.074567],[-115.028033,36.074568],[-115.028164,36.074568],[-115.028295,36.074568],[-115.028426,36.074568],[-115.028557,36.074568],[-115.028687,36.074568],[-115.028824,36.074568],[-115.028824,36.074573],[-115.028827,36.074755],[-115.028829,36.074878],[-115.028832,36.075001],[-115.028833,36.075101],[-115.028835,36.075202],[-115.028837,36.075304],[-115.028839,36.075406],[-115.02884,36.075507],[-115.028842,36.075609],[-115.028844,36.075711],[-115.028846,36.075812],[-115.028847,36.075914],[-115.028849,36.076015],[-115.028851,36.076117],[-115.028853,36.076219],[-115.028854,36.07632],[-115.028856,36.076422],[-115.028858,36.076527],[-115.028859,36.07657],[-115.028859,36.076582],[-115.028892,36.078198],[-115.028909,36.078198],[-115.029096,36.078201],[-115.02966,36.078209],[-115.029774,36.078211],[-115.029978,36.078213],[-115.030639,36.078222],[-115.030727,36.078223],[-115.030807,36.078225],[-115.030895,36.078226],[-115.030988,36.078227],[-115.031089,36.078228],[-115.031169,36.078229],[-115.031257,36.078231],[-115.031363,36.078232],[-115.031478,36.078234],[-115.031558,36.078235],[-115.031646,36.078236],[-115.031739,36.078237],[-115.03184,36.078238],[-115.03192,36.078239],[-115.032008,36.078241],[-115.032101,36.078242],[-115.032202,36.078243],[-115.032282,36.078244],[-115.03237,36.078246],[-115.032463,36.078247],[-115.032564,36.078248],[-115.032644,36.078249],[-115.032732,36.07825],[-115.032809,36.078251],[-115.032915,36.078253],[-115.033024,36.078254],[-115.033042,36.078255],[-115.03313,36.078256],[-115.033239,36.078257],[-115.033345,36.078259],[-115.033455,36.07826],[-115.033561,36.078262],[-115.03367,36.078263],[-115.033776,36.078264],[-115.033885,36.078266],[-115.033991,36.078267],[-115.0341,36.078269],[-115.034206,36.07827],[-115.034315,36.078272],[-115.034421,36.078273],[-115.03453,36.078275],[-115.034636,36.078276],[-115.034745,36.078277],[-115.034851,36.078279],[-115.03496,36.07828],[-115.035066,36.078282],[-115.035176,36.078283],[-115.035282,36.078285],[-115.035391,36.078286],[-115.035497,36.078287],[-115.035606,36.078289],[-115.035712,36.07829],[-115.035821,36.078292],[-115.035927,36.078293],[-115.036036,36.078295],[-115.036142,36.078296],[-115.036251,36.078298],[-115.036357,36.078299],[-115.036466,36.0783],[-115.036572,36.078302],[-115.036674,36.078303],[-115.037056,36.078308],[-115.03719,36.07831],[-115.037192,36.078361],[-115.037195,36.078453],[-115.037199,36.078548],[-115.037203,36.07864],[-115.037206,36.078734],[-115.03721,36.078826],[-115.037214,36.078921],[-115.037217,36.079013],[-115.037221,36.079108],[-115.037225,36.0792],[-115.037228,36.079294],[-115.037232,36.079387],[-115.037236,36.079493],[-115.037241,36.079623],[-115.037245,36.079725],[-115.03725,36.079855],[-115.037254,36.079957],[-115.037259,36.080087],[-115.037263,36.080189],[-115.037268,36.080319],[-115.037272,36.080421],[-115.037277,36.080551],[-115.037281,36.080653],[-115.037287,36.080783],[-115.037291,36.080885],[-115.037296,36.081015],[-115.0373,36.081117],[-115.037305,36.081248],[-115.037309,36.081349],[-115.037314,36.08148],[-115.037318,36.081581],[-115.037323,36.081712],[-115.037327,36.081813],[-115.037333,36.081944],[-115.037334,36.081977],[-115.037336,36.082045],[-115.037342,36.08218],[-115.037347,36.082305],[-115.037352,36.082437],[-115.037357,36.082558],[-115.037362,36.082689],[-115.037365,36.08281],[-115.037366,36.082861],[-115.037369,36.082924],[-115.037386,36.08337],[-115.037398,36.083666],[-115.037399,36.083683],[-115.037405,36.083821],[-115.041769,36.083878],[-115.043892,36.083906],[-115.043893,36.083906],[-115.046021,36.083934],[-115.046021,36.083937],[-115.046018,36.084348],[-115.046013,36.084895],[-115.046005,36.08577],[-115.046081,36.085769],[-115.04614,36.085769],[-115.046174,36.085769],[-115.049864,36.085765],[-115.050536,36.085764],[-115.050976,36.085763],[-115.053265,36.085759],[-115.054055,36.085758],[-115.054279,36.085758],[-115.054738,36.085757],[-115.054902,36.085757],[-115.055002,36.085757],[-115.05514,36.085755],[-115.055461,36.08575],[-115.056118,36.085746],[-115.058335,36.085718],[-115.059452,36.085701],[-115.059737,36.085696],[-115.059739,36.085696],[-115.060069,36.085692],[-115.060269,36.085689],[-115.060276,36.085689],[-115.060566,36.085687],[-115.06172,36.08567],[-115.063994,36.085636],[-115.064125,36.08184],[-115.064255,36.078055],[-115.064255,36.078044],[-115.064279,36.078044],[-115.06826,36.078089],[-115.068264,36.078089],[-115.068435,36.078174],[-115.068487,36.078197],[-115.068539,36.078217],[-115.068593,36.078234],[-115.068648,36.078248],[-115.068703,36.07826],[-115.06876,36.078268],[-115.068817,36.078273],[-115.068875,36.078275],[-115.071981,36.078312],[-115.072118,36.078314],[-115.07212,36.078313],[-115.072151,36.078294],[-115.072155,36.078292],[-115.072156,36.078292],[-115.072161,36.078289],[-115.072191,36.078275],[-115.072195,36.078272],[-115.072196,36.078272],[-115.072202,36.07827],[-115.072232,36.078258],[-115.072236,36.078256],[-115.072243,36.078254],[-115.072276,36.078244],[-115.072279,36.078243],[-115.07228,36.078243],[-115.07232,36.078233],[-115.072323,36.078232],[-115.072324,36.078232],[-115.072369,36.078225],[-115.072373,36.078224],[-115.072408,36.078221],[-115.072415,36.07822],[-115.072416,36.07822],[-115.072421,36.07822],[-115.072455,36.078219],[-115.072462,36.078219],[-115.072942,36.078225],[-115.072961,36.078227],[-115.072962,36.078227],[-115.072963,36.078227],[-115.072977,36.078231],[-115.07298,36.078231],[-115.072996,36.078239],[-115.072997,36.078239],[-115.072998,36.07824],[-115.073012,36.078249],[-115.073013,36.07825],[-115.073025,36.078262],[-115.073026,36.078263],[-115.073034,36.078276],[-115.073035,36.078277],[-115.07304,36.078293],[-115.073042,36.078308],[-115.073049,36.078142],[-115.073049,36.078142],[-115.073149,36.078143],[-115.073218,36.078144],[-115.073388,36.078145],[-115.0736,36.078148],[-115.073718,36.078149],[-115.077572,36.078191],[-115.077664,36.078192],[-115.077724,36.078193],[-115.077746,36.078193],[-115.077744,36.078303],[-115.077716,36.080063],[-115.077815,36.080063],[-115.078559,36.080069],[-115.078725,36.079837],[-115.078772,36.079775],[-115.078823,36.079711],[-115.078877,36.079648],[-115.078906,36.079617],[-115.078964,36.079557],[-115.078994,36.079528],[-115.079056,36.07947],[-115.079088,36.079442],[-115.079092,36.079169],[-115.079092,36.079167],[-115.079096,36.079167],[-115.07954,36.07917],[-115.079822,36.079173],[-115.079963,36.079174],[-115.079964,36.079163],[-115.079964,36.07915],[-115.079965,36.079098],[-115.079971,36.078718],[-115.080954,36.078338],[-115.081221,36.078231],[-115.082111,36.07824],[-115.082178,36.078241],[-115.08228,36.078242],[-115.082281,36.078159],[-115.082282,36.078132],[-115.082285,36.077872],[-115.082454,36.077884],[-115.082589,36.077862],[-115.082652,36.077849],[-115.082713,36.077834],[-115.082773,36.077815],[-115.082832,36.077792],[-115.082876,36.077773],[-115.082968,36.077703],[-115.082911,36.077652],[-115.082856,36.077598],[-115.082804,36.077544],[-115.082754,36.077488],[-115.082707,36.07743],[-115.082662,36.077371],[-115.082619,36.077311],[-115.082592,36.07727],[-115.08256,36.077219],[-115.082525,36.077156],[-115.082491,36.077092],[-115.082467,36.07704],[-115.082447,36.076995],[-115.082422,36.076931],[-115.0824,36.076869],[-115.08238,36.076807],[-115.082362,36.076744],[-115.082346,36.076679],[-115.082333,36.076616],[-115.082322,36.07655],[-115.082313,36.076486],[-115.082307,36.076421],[-115.082334,36.074556],[-115.082336,36.07441],[-115.082348,36.073635],[-115.082517,36.073642],[-115.083193,36.07367],[-115.083508,36.073682],[-115.083997,36.073702],[-115.084471,36.073721],[-115.084685,36.07373],[-115.08469,36.07345],[-115.084694,36.073268],[-115.084696,36.073144],[-115.0847,36.07292],[-115.084702,36.072807],[-115.085945,36.072856],[-115.086944,36.072896],[-115.087045,36.0729],[-115.087045,36.072884],[-115.087067,36.071974],[-115.087067,36.071972],[-115.087089,36.07105],[-115.087092,36.07105],[-115.087191,36.071054],[-115.087223,36.071055],[-115.08742,36.071062],[-115.087629,36.07107],[-115.087627,36.070987],[-115.087626,36.070933],[-115.087616,36.07051],[-115.087676,36.070512],[-115.088532,36.070545],[-115.08853,36.070436],[-115.088505,36.069394],[-115.088503,36.069312],[-115.088538,36.069313],[-115.088598,36.069315],[-115.088954,36.069328],[-115.089067,36.069333],[-115.08909,36.069333],[-115.089417,36.069346],[-115.089415,36.069258],[-115.089403,36.068424],[-115.089403,36.068374],[-115.089398,36.068226],[-115.089392,36.068082],[-115.089392,36.068032],[-115.089391,36.067553],[-115.089518,36.067559],[-115.089737,36.067565],[-115.08996,36.067573],[-115.090202,36.067582],[-115.090463,36.067591],[-115.090495,36.067591],[-115.090781,36.067601],[-115.091132,36.067614],[-115.091622,36.067631],[-115.091708,36.067635],[-115.091692,36.066954],[-115.091689,36.066823],[-115.09168,36.06646],[-115.091623,36.064003],[-115.093207,36.064059],[-115.093318,36.064063],[-115.09333,36.064064],[-115.093337,36.064064],[-115.093486,36.064069],[-115.093658,36.064075],[-115.093878,36.064083],[-115.093903,36.064084],[-115.093916,36.064085],[-115.094554,36.064107],[-115.095044,36.064124],[-115.095548,36.064142],[-115.096188,36.064164],[-115.096182,36.064076],[-115.096149,36.06335],[-115.096104,36.062441],[-115.096103,36.062424],[-115.096102,36.062408],[-115.096099,36.06235],[-115.096075,36.061856],[-115.096069,36.061722],[-115.096067,36.061682],[-115.096059,36.061497],[-115.096053,36.061383],[-115.096052,36.061337],[-115.09604,36.061104],[-115.096026,36.060776],[-115.096017,36.060528],[-115.096341,36.060537],[-115.096813,36.060547],[-115.09724,36.06056],[-115.09765,36.060572],[-115.098082,36.060585],[-115.098537,36.060601],[-115.099027,36.060614],[-115.099483,36.06063],[-115.10029,36.060656],[-115.100458,36.060662],[-115.100426,36.059728],[-115.100404,36.059103],[-115.100381,36.05851],[-115.100374,36.058304],[-115.100368,36.058098],[-115.100346,36.057419],[-115.100339,36.057209],[-115.100336,36.057127],[-115.100333,36.057045],[-115.100333,36.057044],[-115.100333,36.057023],[-115.100333,36.057019],[-115.100319,36.055623],[-115.100319,36.055615],[-115.100316,36.055486],[-115.100314,36.055343],[-115.100312,36.055207],[-115.100316,36.055132],[-115.10032,36.055067],[-115.100308,36.053925],[-115.100308,36.053923],[-115.100302,36.053467],[-115.100303,36.053463],[-115.100302,36.053421],[-115.100301,36.053379],[-115.100303,36.053379],[-115.10047,36.053377],[-115.100708,36.053374],[-115.100774,36.053373],[-115.101022,36.05337],[-115.101046,36.05337],[-115.101086,36.05337],[-115.101276,36.053367],[-115.101516,36.053364],[-115.101721,36.053362],[-115.101756,36.053361],[-115.101988,36.053358],[-115.102038,36.053358],[-115.102204,36.053356],[-115.10241,36.053353],[-115.102463,36.053353],[-115.102539,36.053352],[-115.102554,36.053351],[-115.102676,36.05335],[-115.103104,36.053345],[-115.103151,36.053344],[-115.103292,36.053344],[-115.103423,36.053343],[-115.103603,36.053342],[-115.103646,36.053342],[-115.103961,36.053338],[-115.104089,36.053336],[-115.104267,36.053334],[-115.104597,36.05333],[-115.104796,36.05333],[-115.104973,36.053328],[-115.104993,36.053328],[-115.105135,36.053326],[-115.105274,36.053325],[-115.105406,36.053323],[-115.105538,36.053322],[-115.105669,36.05332],[-115.105801,36.053319],[-115.105933,36.053317],[-115.106065,36.053316],[-115.106197,36.053314],[-115.106329,36.053313],[-115.106461,36.053311],[-115.10656,36.05331],[-115.106562,36.05331],[-115.107033,36.053305],[-115.10705,36.053304],[-115.107556,36.053299],[-115.108013,36.053295],[-115.108798,36.053287],[-115.109258,36.053282],[-115.109259,36.053197],[-115.109259,36.053074],[-115.10926,36.052965],[-115.109259,36.052859],[-115.109259,36.052738],[-115.109259,36.05263],[-115.10926,36.052523],[-115.109261,36.052414],[-115.10926,36.052294],[-115.109261,36.052184],[-115.109261,36.052075],[-115.109262,36.051964],[-115.109262,36.051838],[-115.109262,36.051728],[-115.109261,36.051502],[-115.10926,36.050911],[-115.10926,36.050909],[-115.10926,36.050762],[-115.109261,36.049737],[-115.109261,36.049627],[-115.111437,36.049605],[-115.111621,36.049604],[-115.11531,36.049567],[-115.116636,36.049554],[-115.118162,36.04954],[-115.118165,36.049337],[-115.118192,36.047828],[-115.118204,36.047119],[-115.118203,36.046066],[-115.118205,36.045991],[-115.118207,36.045923],[-115.118207,36.045909],[-115.118207,36.045887],[-115.118225,36.044537],[-115.118231,36.044054],[-115.118053,36.044062],[-115.11746,36.044064],[-115.117355,36.044064],[-115.117189,36.044066],[-115.117048,36.044068],[-115.117046,36.044068],[-115.116904,36.044069],[-115.116762,36.044071],[-115.11662,36.044072],[-115.116478,36.044074],[-115.116336,36.044075],[-115.116194,36.044077],[-115.116175,36.044077],[-115.116052,36.044078],[-115.11591,36.04408],[-115.115768,36.044081],[-115.115626,36.044083],[-115.115484,36.044084],[-115.115342,36.044086],[-115.1152,36.044087],[-115.115058,36.044089],[-115.114916,36.04409],[-115.114773,36.044092],[-115.114631,36.044093],[-115.114564,36.044094],[-115.114422,36.044095],[-115.11428,36.044097],[-115.114138,36.044098],[-115.113996,36.0441],[-115.113853,36.044101],[-115.113748,36.044102],[-115.113749,36.043773],[-115.113749,36.043733],[-115.113749,36.043597],[-115.11375,36.043539],[-115.11375,36.043458],[-115.11375,36.043321],[-115.113751,36.043253],[-115.113751,36.043181],[-115.113751,36.043041],[-115.113752,36.042982],[-115.113752,36.042906],[-115.113753,36.042726],[-115.113753,36.042711],[-115.113754,36.042441],[-115.113754,36.042426],[-115.113754,36.042413],[-115.113754,36.042277],[-115.113757,36.042277],[-115.11377,36.042276],[-115.114114,36.042274],[-115.114264,36.042272],[-115.115001,36.042266],[-115.115674,36.04226],[-115.115774,36.04226],[-115.116005,36.042258],[-115.116008,36.04212],[-115.11601,36.041935],[-115.116012,36.041802],[-115.116012,36.041776],[-115.116014,36.041618],[-115.116015,36.041455],[-115.116018,36.041352],[-115.116017,36.041291],[-115.116024,36.041132],[-115.116026,36.04097],[-115.116028,36.040892],[-115.116027,36.04081],[-115.116029,36.040605],[-115.116032,36.040431],[-115.116208,36.04043],[-115.116434,36.040427],[-115.116663,36.040425],[-115.116884,36.040422],[-115.117116,36.040419],[-115.117348,36.040421],[-115.117578,36.040419],[-115.118082,36.040414],[-115.118102,36.040414],[-115.118272,36.040411],[-115.118272,36.040386],[-115.118304,36.038586],[-115.118327,36.03676],[-115.118333,36.036451],[-115.118344,36.03585],[-115.118353,36.035195],[-115.118355,36.034937],[-115.118368,36.034038],[-115.118382,36.033124],[-115.118382,36.033109],[-115.118214,36.03311],[-115.117439,36.033116],[-115.117332,36.033116],[-115.117082,36.03312],[-115.116656,36.033124],[-115.116432,36.033125],[-115.116232,36.033126],[-115.116158,36.033127],[-115.116124,36.033127],[-115.115867,36.033129],[-115.115792,36.033129],[-115.115658,36.03313],[-115.115457,36.033131],[-115.115449,36.033131],[-115.115253,36.033132],[-115.115096,36.033133],[-115.115052,36.033133],[-115.114851,36.033135],[-115.114646,36.033135],[-115.114437,36.033137],[-115.11428,36.033139],[-115.114236,36.03314],[-115.113984,36.033139],[-115.113888,36.03314],[-115.11389,36.032989],[-115.113893,36.032809],[-115.113902,36.032176],[-115.113912,36.031364],[-115.113922,36.030736],[-115.113922,36.030734],[-115.11393,36.030395],[-115.113936,36.029835],[-115.113937,36.02976],[-115.113942,36.029471],[-115.113956,36.028543],[-115.113963,36.028019],[-115.113964,36.027771],[-115.113966,36.027633],[-115.112569,36.027631],[-115.111721,36.027631],[-115.111088,36.02763],[-115.110942,36.02763],[-115.110844,36.027629],[-115.109473,36.027628],[-115.108727,36.027642],[-115.10776,36.027661],[-115.107701,36.027662],[-115.107485,36.027666],[-115.107484,36.027666],[-115.107401,36.027668],[-115.107379,36.027668],[-115.107322,36.027669],[-115.107159,36.027672],[-115.106917,36.027677],[-115.106829,36.027679],[-115.105192,36.02771],[-115.104972,36.027715],[-115.104967,36.027715],[-115.103367,36.027746],[-115.103213,36.027748],[-115.102722,36.027757],[-115.102704,36.027758],[-115.101556,36.02778],[-115.10084,36.027794],[-115.10061,36.027799],[-115.100472,36.027801],[-115.100497,36.026895],[-115.100522,36.025988],[-115.10053,36.025691],[-115.100547,36.025082],[-115.100547,36.025068],[-115.100572,36.024177],[-115.100572,36.024176],[-115.100572,36.024175],[-115.100573,36.024139],[-115.100585,36.023696],[-115.100592,36.02347],[-115.100592,36.02347],[-115.100597,36.023268],[-115.100618,36.022511],[-115.100622,36.022362],[-115.100648,36.021455],[-115.100673,36.020549],[-115.100673,36.020549],[-115.100674,36.020549],[-115.102917,36.020541],[-115.102928,36.020541],[-115.105136,36.020534],[-115.105161,36.020534],[-115.105166,36.020534],[-115.105166,36.020534],[-115.107405,36.020526],[-115.107426,36.020526],[-115.108711,36.020522],[-115.109649,36.020519],[-115.111389,36.020513],[-115.111881,36.020511],[-115.111893,36.020511],[-115.114137,36.020503],[-115.114648,36.020501],[-115.115163,36.0205],[-115.116381,36.020495],[-115.11862,36.020487],[-115.118624,36.020487],[-115.118642,36.019593],[-115.118664,36.018698],[-115.118684,36.017798],[-115.118703,36.0169],[-115.11872,36.016],[-115.11874,36.0151],[-115.118762,36.014229],[-115.118763,36.014199],[-115.118782,36.013335],[-115.118782,36.013334],[-115.118793,36.012428],[-115.118805,36.011489],[-115.118806,36.011476],[-115.118807,36.011395],[-115.118827,36.009778],[-115.118828,36.009714],[-115.118828,36.009713],[-115.11883,36.009557],[-115.118839,36.008891],[-115.118839,36.008878],[-115.11884,36.008809],[-115.118841,36.008727],[-115.118875,36.006093],[-115.118888,36.00506],[-115.118896,36.004437],[-115.118905,36.003722],[-115.118909,36.003377],[-115.119379,36.003383],[-115.120314,36.002713],[-115.120753,36.002392],[-115.125161,35.999232],[-115.125584,35.998934],[-115.125886,35.998718],[-115.126125,35.998941],[-115.126977,35.999738],[-115.127114,35.999859],[-115.127253,36.000016],[-115.127351,36.000153],[-115.127923,35.999862],[-115.128753,35.999444],[-115.128982,35.999337],[-115.12922,35.999245],[-115.129435,35.999176],[-115.129678,35.999114],[-115.129926,35.999065],[-115.130177,35.99903],[-115.130456,35.999009],[-115.130726,35.999005],[-115.130736,35.999005],[-115.130753,35.999005],[-115.132423,35.999019],[-115.132423,35.999019],[-115.134664,35.999049],[-115.136281,35.99907],[-115.136906,35.999078],[-115.136907,35.999078],[-115.136908,35.999078],[-115.136907,35.999003],[-115.136907,35.998841],[-115.136906,35.998694],[-115.136902,35.998171],[-115.136899,35.99778],[-115.136899,35.997769],[-115.136891,35.996561],[-115.136883,35.995533],[-115.136883,35.995451],[-115.136883,35.99545],[-115.136882,35.995369],[-115.136882,35.995342],[-115.136882,35.995259],[-115.136881,35.995177],[-115.13688,35.995095],[-115.13688,35.995012],[-115.136879,35.99493],[-115.136879,35.994847],[-115.136878,35.994765],[-115.136877,35.994683],[-115.136877,35.9946],[-115.136876,35.994532],[-115.136876,35.994518],[-115.136876,35.994435],[-115.136875,35.994353],[-115.136875,35.99427],[-115.136874,35.994188],[-115.136873,35.994106],[-115.136873,35.994023],[-115.136872,35.993941],[-115.136872,35.993858],[-115.136871,35.993776],[-115.13687,35.993694],[-115.13687,35.993611],[-115.136869,35.993529],[-115.136869,35.993446],[-115.136868,35.993403],[-115.136868,35.993364],[-115.136868,35.993281],[-115.136867,35.993199],[-115.136866,35.993117],[-115.136866,35.993034],[-115.136865,35.992952],[-115.136865,35.992869],[-115.136864,35.992787],[-115.136864,35.992709],[-115.136863,35.992705],[-115.136863,35.992622],[-115.136862,35.99254],[-115.136862,35.992457],[-115.136861,35.992375],[-115.136861,35.992292],[-115.13686,35.99221],[-115.136858,35.991877],[-115.136857,35.991824],[-115.136857,35.991823],[-115.136857,35.99178],[-115.136857,35.991744],[-115.136856,35.991578],[-115.136856,35.991566],[-115.136856,35.991557],[-115.136855,35.991553],[-115.136855,35.99155],[-115.136855,35.991518],[-115.136854,35.99134],[-115.136852,35.991034],[-115.136853,35.991034],[-115.138025,35.990189],[-115.139286,35.989281],[-115.14104,35.988017],[-115.143136,35.986517],[-115.145634,35.984729],[-115.145698,35.98473],[-115.145774,35.984731],[-115.14582,35.984732],[-115.145914,35.984733],[-115.146272,35.984738],[-115.145778,35.985158],[-115.145134,35.985619],[-115.145768,35.98563],[-115.145782,35.985631],[-115.145782,35.985686],[-115.145785,35.986024],[-115.145789,35.986474],[-115.145791,35.986674],[-115.145792,35.986873],[-115.145794,35.987072],[-115.145796,35.987271],[-115.145798,35.98747],[-115.145799,35.987669],[-115.145801,35.987869],[-115.145803,35.988068],[-115.145803,35.988098],[-115.145803,35.988152],[-115.145804,35.988267],[-115.145805,35.988284],[-115.145805,35.988377],[-115.145806,35.988432],[-115.145806,35.988487],[-115.145807,35.988597],[-115.145808,35.988701],[-115.145808,35.988706],[-115.145809,35.988817],[-115.14581,35.98893],[-115.14581,35.988975],[-115.145811,35.989042],[-115.145812,35.989155],[-115.145813,35.989241],[-115.145813,35.989268],[-115.145814,35.98938],[-115.145815,35.989493],[-115.145816,35.989606],[-115.145816,35.989624],[-115.145817,35.989718],[-115.145818,35.989831],[-115.145819,35.989944],[-115.14582,35.990056],[-115.14582,35.990132],[-115.145821,35.990169],[-115.145822,35.990281],[-115.145823,35.990394],[-115.145824,35.990503],[-115.145824,35.990507],[-115.145825,35.990619],[-115.145825,35.990732],[-115.145826,35.99074],[-115.145826,35.990845],[-115.145827,35.990899],[-115.145827,35.990957],[-115.145828,35.991083],[-115.14583,35.991273],[-115.145832,35.991475],[-115.145833,35.991582],[-115.145833,35.991639],[-115.145834,35.991785],[-115.145836,35.991939],[-115.145837,35.992082],[-115.145838,35.992208],[-115.145839,35.992335],[-115.14584,35.992461],[-115.145841,35.992587],[-115.145843,35.992714],[-115.145844,35.99284],[-115.145845,35.992966],[-115.145846,35.993093],[-115.145847,35.993219],[-115.145848,35.993346],[-115.145849,35.993472],[-115.14585,35.993598],[-115.145851,35.993725],[-115.145852,35.993753],[-115.146015,35.993755],[-115.14617,35.993757],[-115.146326,35.993759],[-115.146481,35.993761],[-115.146637,35.993763],[-115.146792,35.993765],[-115.146947,35.993767],[-115.147103,35.993769],[-115.147575,35.993775],[-115.147801,35.993777],[-115.147923,35.993778],[-115.14811,35.993781],[-115.148141,35.993781],[-115.14817,35.993781],[-115.148297,35.993783],[-115.148692,35.993788],[-115.148878,35.993791],[-115.148946,35.993791],[-115.149064,35.993793],[-115.14925,35.993795],[-115.149436,35.993798],[-115.149525,35.993799],[-115.149622,35.9938],[-115.149743,35.993802],[-115.149914,35.993804],[-115.150367,35.99381],[-115.150367,35.993805],[-115.150366,35.993654],[-115.150366,35.993638],[-115.150364,35.993503],[-115.150364,35.993486],[-115.150362,35.993352],[-115.150362,35.993335],[-115.150361,35.993201],[-115.150361,35.993184],[-115.150359,35.993054],[-115.150358,35.992903],[-115.150787,35.992908],[-115.150937,35.99291],[-115.151216,35.992914],[-115.151327,35.992915],[-115.151516,35.992917],[-115.151683,35.992919],[-115.151702,35.992919],[-115.151887,35.992922],[-115.152073,35.992924],[-115.152081,35.992924],[-115.152259,35.992926],[-115.152445,35.992928],[-115.152514,35.992929],[-115.152631,35.992931],[-115.152817,35.992933],[-115.152947,35.992934],[-115.153003,35.992935],[-115.153189,35.992937],[-115.153377,35.99294],[-115.153412,35.99294],[-115.153568,35.992942],[-115.153761,35.992944],[-115.153807,35.992945],[-115.153955,35.992946],[-115.154153,35.992949],[-115.154237,35.99295],[-115.154376,35.992951],[-115.154616,35.992954],[-115.1547,35.992955],[-115.154868,35.992958],[-115.154868,35.992958],[-115.154858,35.992159],[-115.154856,35.992052],[-115.154856,35.99205],[-115.154853,35.991803],[-115.154845,35.991143],[-115.154676,35.991141],[-115.154591,35.99114],[-115.154392,35.991138],[-115.154193,35.991135],[-115.153998,35.991133],[-115.153803,35.991131],[-115.153608,35.991129],[-115.153413,35.991127],[-115.153219,35.991124],[-115.153024,35.991122],[-115.152829,35.99112],[-115.152692,35.991118],[-115.152624,35.991118],[-115.15259,35.991117],[-115.15259,35.991087],[-115.152588,35.990922],[-115.152585,35.990687],[-115.152581,35.99032],[-115.15258,35.990293],[-115.152579,35.990211],[-115.154606,35.990235],[-115.154832,35.990237],[-115.15483,35.99013],[-115.154806,35.988414],[-115.154793,35.987511],[-115.154793,35.9875],[-115.154792,35.987432],[-115.154792,35.987429],[-115.154792,35.987418],[-115.154792,35.987416],[-115.154792,35.98741],[-115.154786,35.987052],[-115.15478,35.986607],[-115.154779,35.986597],[-115.154769,35.985814],[-115.154767,35.985692],[-115.154758,35.984791],[-115.154758,35.984764],[-115.154761,35.983948],[-115.15476,35.983948],[-115.154756,35.983023],[-115.154751,35.982108],[-115.154744,35.981265],[-115.154743,35.981196],[-115.154743,35.981117],[-115.154742,35.980947],[-115.154738,35.98031],[-115.154738,35.980309],[-115.154737,35.980266],[-115.154737,35.97935],[-115.154737,35.978742],[-115.154733,35.978174],[-115.154732,35.978012],[-115.15473,35.977635],[-115.154729,35.977532],[-115.154729,35.977531],[-115.154896,35.977528],[-115.154915,35.977527],[-115.155398,35.977522],[-115.155705,35.977518],[-115.156439,35.977509],[-115.158584,35.975969],[-115.159226,35.97656],[-115.159508,35.976556],[-115.160628,35.975751],[-115.160634,35.975718],[-115.160643,35.975672],[-115.160711,35.975624],[-115.161416,35.975613],[-115.161409,35.974697],[-115.162208,35.974684],[-115.162588,35.974677],[-115.163002,35.97467],[-115.163472,35.974663],[-115.163506,35.974662],[-115.163638,35.97466],[-115.163634,35.97424],[-115.163626,35.974146],[-115.163612,35.974051],[-115.163592,35.973958],[-115.163566,35.973865],[-115.163522,35.973744],[-115.163482,35.973655],[-115.163469,35.973628],[-115.163511,35.973444],[-115.163544,35.97343],[-115.16363,35.973456],[-115.163697,35.973438],[-115.163762,35.97342],[-115.163861,35.973397],[-115.163961,35.973379],[-115.164028,35.973369],[-115.164096,35.973361],[-115.164198,35.973353],[-115.164266,35.973349],[-115.164335,35.973348],[-115.164403,35.973349],[-115.164472,35.973351],[-115.16454,35.973356],[-115.164586,35.97336],[-115.164665,35.973367],[-115.164744,35.973373],[-115.164744,35.973372],[-115.164743,35.973276],[-115.164742,35.97318],[-115.164742,35.973084],[-115.164741,35.972987],[-115.16474,35.972891],[-115.164739,35.972795],[-115.164738,35.972699],[-115.164737,35.9726],[-115.164736,35.97249],[-115.164735,35.972375],[-115.164734,35.972253],[-115.164733,35.972196],[-115.164799,35.972148],[-115.16491,35.972068],[-115.165015,35.971993],[-115.165118,35.97192],[-115.165206,35.971856],[-115.165295,35.971792],[-115.165383,35.971729],[-115.165472,35.971665],[-115.16554,35.971585],[-115.165586,35.971486],[-115.165594,35.971385],[-115.165593,35.971287],[-115.165592,35.971191],[-115.165592,35.971095],[-115.165793,35.971093],[-115.165807,35.97023],[-115.165803,35.969682],[-115.165799,35.969091],[-115.166625,35.969072],[-115.167455,35.969052],[-115.168053,35.968625],[-115.168057,35.969161],[-115.168055,35.969962],[-115.168214,35.969959],[-115.170283,35.969912],[-115.172511,35.969862],[-115.172632,35.969864],[-115.172798,35.969867],[-115.172766,35.966144],[-115.172764,35.965921],[-115.17276,35.965532],[-115.172877,35.96548],[-115.173032,35.965411],[-115.173211,35.965331],[-115.173463,35.965219],[-115.174684,35.964674],[-115.174684,35.964299],[-115.175508,35.964307],[-115.176914,35.96368],[-115.176915,35.963472],[-115.176916,35.963374],[-115.176696,35.963373],[-115.176477,35.963372],[-115.176257,35.96337],[-115.176037,35.963369],[-115.175764,35.963367],[-115.175434,35.963365],[-115.175148,35.963363],[-115.174915,35.963362],[-115.174682,35.96336],[-115.174681,35.96289],[-115.174679,35.962529],[-115.174679,35.962474],[-115.174679,35.962419],[-115.174679,35.962372],[-115.174678,35.962309],[-115.174677,35.961941],[-115.174675,35.961573],[-115.174675,35.96149],[-115.176909,35.961497],[-115.176899,35.96056],[-115.177001,35.96056],[-115.178348,35.960561],[-115.178366,35.959637],[-115.177999,35.959636],[-115.176991,35.959633],[-115.17689,35.959633],[-115.17688,35.958707],[-115.177992,35.958711],[-115.178381,35.958712],[-115.17844,35.955013],[-115.178476,35.952245],[-115.178383,35.952244],[-115.176914,35.952226],[-115.17689,35.953151],[-115.176866,35.954076],[-115.176764,35.954075],[-115.174663,35.954057],[-115.174632,35.954056],[-115.174639,35.953755],[-115.174645,35.95349],[-115.174652,35.953184],[-115.174654,35.953127],[-115.174659,35.952883],[-115.174675,35.952199],[-115.174697,35.95127],[-115.174718,35.950341],[-115.174739,35.949412],[-115.176534,35.949443],[-115.176912,35.949449],[-115.176986,35.94945],[-115.176989,35.949333],[-115.177005,35.948721],[-115.17701,35.948525],[-115.174862,35.948485],[-115.174761,35.948483],[-115.174779,35.947664],[-115.174782,35.947555],[-115.174804,35.946638],[-115.174827,35.945721],[-115.179646,35.945872],[-115.179901,35.945879],[-115.179914,35.945451],[-115.179928,35.944991],[-115.180209,35.945001],[-115.180492,35.945012],[-115.180506,35.944558],[-115.180519,35.944127],[-115.177131,35.943983],[-115.177155,35.943079],[-115.174894,35.942971],[-115.174872,35.943887],[-115.172618,35.943795],[-115.172637,35.942864],[-115.172657,35.941933],[-115.172677,35.941002],[-115.174939,35.941137],[-115.177204,35.941271],[-115.177179,35.942175],[-115.179442,35.942296],[-115.179468,35.941404],[-115.179494,35.940513],[-115.181761,35.940659],[-115.181748,35.941056],[-115.181972,35.940655],[-115.182537,35.939695],[-115.181714,35.939705],[-115.181667,35.938752],[-115.183184,35.938741],[-115.1838,35.937833],[-115.183798,35.937792],[-115.183834,35.937792],[-115.18473,35.936529],[-115.185814,35.935003],[-115.185728,35.933108],[-115.185687,35.932197],[-115.183532,35.932154]]],[[[-115.223384,36.227712],[-115.223182,36.227491],[-115.22298,36.227276],[-115.223733,36.226829],[-115.223826,36.226772],[-115.223357,36.226233],[-115.223409,36.226198],[-115.223493,36.224306],[-115.225713,36.224248],[-115.225719,36.223316],[-115.225882,36.22333],[-115.226406,36.223374],[-115.226742,36.223402],[-115.226742,36.222941],[-115.226748,36.222484],[-115.225888,36.222407],[-115.225725,36.222394],[-115.225727,36.222138],[-115.225734,36.221047],[-115.225898,36.221063],[-115.22632,36.221104],[-115.226314,36.220672],[-115.226313,36.220591],[-115.225907,36.220557],[-115.225901,36.220557],[-115.225737,36.220543],[-115.225741,36.220058],[-115.225744,36.219604],[-115.225913,36.219618],[-115.226776,36.219687],[-115.226777,36.219463],[-115.226778,36.219286],[-115.226779,36.219239],[-115.225916,36.219167],[-115.225747,36.219153],[-115.225748,36.218931],[-115.225911,36.218944],[-115.225918,36.218945],[-115.22678,36.21901],[-115.226782,36.218776],[-115.227077,36.218801],[-115.227237,36.218814],[-115.227332,36.218822],[-115.227704,36.218853],[-115.227743,36.218856],[-115.227829,36.218863],[-115.227916,36.21887],[-115.228318,36.218904],[-115.228374,36.218908],[-115.228374,36.218826],[-115.228376,36.217193],[-115.228376,36.217055],[-115.229214,36.217125],[-115.229893,36.217181],[-115.229878,36.219033],[-115.22998,36.219041],[-115.230428,36.219078],[-115.23091,36.219118],[-115.230907,36.219514],[-115.230907,36.219575],[-115.230903,36.219969],[-115.230902,36.220042],[-115.231224,36.220068],[-115.231365,36.22008],[-115.231833,36.220118],[-115.231934,36.220126],[-115.231935,36.220009],[-115.232037,36.220017],[-115.232967,36.220091],[-115.23297,36.219758],[-115.232971,36.219659],[-115.232041,36.219583],[-115.231939,36.219574],[-115.231947,36.218741],[-115.232048,36.218744],[-115.232511,36.218779],[-115.232517,36.218322],[-115.232984,36.218361],[-115.232984,36.218295],[-115.233464,36.218335],[-115.233879,36.218371],[-115.234017,36.218383],[-115.23402,36.218063],[-115.234156,36.218073],[-115.234945,36.218138],[-115.234945,36.218071],[-115.235052,36.218071],[-115.235053,36.218167],[-115.235534,36.218206],[-115.235995,36.218244],[-115.236095,36.218251],[-115.236096,36.218245],[-115.236096,36.218164],[-115.2361,36.217832],[-115.236102,36.217695],[-115.236102,36.217695],[-115.236051,36.21769],[-115.236045,36.217558],[-115.23603,36.217231],[-115.236029,36.217187],[-115.235454,36.217199],[-115.23537,36.217201],[-115.23538,36.217456],[-115.235383,36.217635],[-115.235054,36.217608],[-115.23472,36.21758],[-115.234722,36.217441],[-115.234712,36.217137],[-115.234708,36.217071],[-115.234698,36.216812],[-115.234696,36.216749],[-115.234687,36.216491],[-115.234683,36.216426],[-115.234673,36.21616],[-115.234671,36.2161],[-115.23466,36.215838],[-115.234659,36.215774],[-115.234647,36.215513],[-115.234646,36.215447],[-115.234633,36.215148],[-115.234629,36.21508],[-115.234786,36.215091],[-115.234793,36.215025],[-115.234838,36.214562],[-115.23472,36.214554],[-115.234767,36.214093],[-115.234774,36.214008],[-115.235989,36.214086],[-115.237192,36.214166],[-115.238006,36.214223],[-115.238135,36.217334],[-115.238036,36.217337],[-115.237357,36.217357],[-115.23737,36.217667],[-115.237375,36.2178],[-115.237122,36.217779],[-115.237121,36.217917],[-115.237118,36.218242],[-115.237118,36.218511],[-115.237111,36.218704],[-115.237541,36.218737],[-115.23754,36.218343],[-115.237589,36.218347],[-115.238047,36.218382],[-115.238158,36.218392],[-115.238157,36.217984],[-115.238157,36.217865],[-115.238728,36.217912],[-115.238727,36.218051],[-115.238726,36.218373],[-115.238726,36.218444],[-115.23872,36.218836],[-115.239181,36.218876],[-115.23918,36.218528],[-115.239649,36.218568],[-115.24012,36.218604],[-115.240221,36.218612],[-115.240217,36.21925],[-115.240318,36.219256],[-115.241226,36.219332],[-115.241226,36.219507],[-115.241225,36.219612],[-115.241225,36.21988],[-115.241222,36.219954],[-115.242112,36.220027],[-115.242282,36.22004],[-115.242282,36.220198],[-115.242283,36.220448],[-115.242114,36.220446],[-115.241287,36.22043],[-115.241284,36.220432],[-115.241316,36.220455],[-115.241313,36.220627],[-115.241247,36.220627],[-115.241205,36.220627],[-115.241203,36.220831],[-115.240811,36.220817],[-115.240811,36.220856],[-115.240779,36.220854],[-115.240702,36.220848],[-115.24031,36.220816],[-115.24028,36.220814],[-115.240209,36.220806],[-115.240205,36.221659],[-115.240204,36.22174],[-115.239363,36.22167],[-115.238122,36.221569],[-115.238096,36.221567],[-115.237747,36.221538],[-115.236922,36.221469],[-115.236491,36.221432],[-115.236057,36.221396],[-115.233989,36.221219],[-115.233983,36.221741],[-115.23398,36.22214],[-115.23397,36.22307],[-115.23396,36.224113],[-115.233957,36.224464],[-115.233951,36.224933],[-115.233248,36.224876],[-115.232915,36.22485],[-115.232592,36.224824],[-115.232568,36.224821],[-115.231891,36.224766],[-115.231896,36.224237],[-115.231798,36.224229],[-115.23134,36.224192],[-115.231335,36.224583],[-115.231333,36.22472],[-115.230868,36.224682],[-115.229956,36.224607],[-115.229843,36.224597],[-115.229794,36.226418],[-115.229794,36.226427],[-115.229772,36.22736],[-115.229668,36.227344],[-115.229237,36.227308],[-115.229169,36.227302],[-115.22881,36.227272],[-115.228696,36.227263],[-115.228387,36.227237],[-115.228242,36.227225],[-115.227957,36.227201],[-115.227759,36.227185],[-115.227659,36.227177],[-115.227556,36.227169],[-115.22753,36.227166],[-115.227109,36.227131],[-115.226646,36.227093],[-115.226203,36.227059],[-115.225781,36.227027],[-115.225713,36.227022],[-115.225613,36.227013],[-115.225603,36.227279],[-115.225493,36.227277],[-115.224371,36.227251],[-115.224296,36.227296],[-115.22481,36.227869],[-115.224885,36.227948],[-115.224836,36.228033],[-115.224768,36.228092],[-115.22419,36.228595],[-115.223787,36.228153],[-115.223625,36.227977],[-115.223543,36.227887],[-115.223384,36.227712]]],[[[-115.325971,36.227289],[-115.32611,36.227286],[-115.32611,36.227379],[-115.326111,36.227497],[-115.326111,36.227615],[-115.326112,36.227733],[-115.326112,36.227851],[-115.326113,36.227969],[-115.326113,36.228088],[-115.326114,36.228206],[-115.326114,36.228324],[-115.326114,36.228442],[-115.326115,36.22856],[-115.326115,36.228678],[-115.326116,36.228796],[-115.326116,36.228914],[-115.326117,36.229044],[-115.326117,36.229071],[-115.325974,36.229075],[-115.32562,36.229084],[-115.325276,36.229093],[-115.324938,36.229102],[-115.324939,36.229034],[-115.324939,36.22902],[-115.324939,36.228837],[-115.324938,36.22863],[-115.324938,36.228447],[-115.324938,36.228238],[-115.324937,36.228054],[-115.324937,36.227843],[-115.324936,36.227641],[-115.324936,36.227495],[-115.324936,36.22741],[-115.324935,36.227325],[-115.324935,36.227312],[-115.325231,36.227305],[-115.325621,36.227297],[-115.325971,36.227289]]],[[[-115.261798,36.231805],[-115.26179,36.231293],[-115.261782,36.230795],[-115.261775,36.230347],[-115.262299,36.230365],[-115.26282,36.230383],[-115.262921,36.230388],[-115.262906,36.22947],[-115.264062,36.229506],[-115.264062,36.229565],[-115.264065,36.229802],[-115.264068,36.229991],[-115.26407,36.230162],[-115.264073,36.230426],[-115.264073,36.230432],[-115.264077,36.230689],[-115.264079,36.230857],[-115.26408,36.230953],[-115.264083,36.231217],[-115.264085,36.231365],[-115.264087,36.231481],[-115.26409,36.231744],[-115.264092,36.231872],[-115.264094,36.232008],[-115.264097,36.23231],[-115.263574,36.232292],[-115.263051,36.232273],[-115.26295,36.232269],[-115.262848,36.232265],[-115.262349,36.232249],[-115.261805,36.232231],[-115.261798,36.231805]]],[[[-115.256088,36.232042],[-115.256083,36.231716],[-115.256077,36.231256],[-115.256065,36.230328],[-115.256137,36.230328],[-115.256166,36.230328],[-115.256182,36.230328],[-115.256213,36.230328],[-115.256598,36.230325],[-115.256628,36.230325],[-115.256666,36.230325],[-115.256819,36.230326],[-115.256848,36.230326],[-115.257042,36.230325],[-115.25707,36.230325],[-115.257205,36.230324],[-115.257265,36.230326],[-115.257292,36.230326],[-115.257483,36.230325],[-115.257508,36.230325],[-115.257701,36.230325],[-115.257725,36.230325],[-115.257922,36.230325],[-115.257945,36.230325],[-115.25814,36.230325],[-115.258162,36.230325],[-115.258326,36.230325],[-115.258347,36.230324],[-115.25836,36.230324],[-115.258381,36.230324],[-115.258458,36.230324],[-115.258583,36.230325],[-115.258603,36.230325],[-115.258806,36.230324],[-115.258825,36.230324],[-115.258961,36.230323],[-115.259028,36.230322],[-115.259045,36.230322],[-115.259327,36.230323],[-115.259342,36.230323],[-115.25949,36.230322],[-115.259512,36.231165],[-115.259514,36.23125],[-115.258372,36.231246],[-115.257227,36.23125],[-115.25725,36.232178],[-115.256415,36.232175],[-115.25609,36.232173],[-115.256088,36.232042]]],[[[-115.324511,36.258881],[-115.324116,36.258884],[-115.324116,36.258638],[-115.324121,36.25864],[-115.324352,36.258778],[-115.324511,36.258881]]],[[[-115.124728,36.254119],[-115.124726,36.253701],[-115.125699,36.253696],[-115.125834,36.253698],[-115.125836,36.254223],[-115.124727,36.254228],[-115.124728,36.254119]]],[[[-115.134591,36.257779],[-115.134761,36.257776],[-115.134761,36.257801],[-115.134762,36.258379],[-115.134762,36.259583],[-115.132549,36.259614],[-115.130319,36.259645],[-115.130302,36.257811],[-115.130404,36.25781],[-115.13255,36.257794],[-115.133285,36.257789],[-115.133484,36.257788],[-115.134471,36.25778],[-115.13454,36.25778],[-115.134591,36.257779]]],[[[-115.042175,36.258655],[-115.04317,36.258677],[-115.04334,36.258681],[-115.043309,36.260518],[-115.043174,36.260514],[-115.04314,36.260513],[-115.042157,36.260483],[-115.042175,36.258738],[-115.042175,36.258655]]],[[[-115.04214,36.262217],[-115.042147,36.261502],[-115.043106,36.261538],[-115.043149,36.261539],[-115.043157,36.26154],[-115.043292,36.261545],[-115.043278,36.262356],[-115.043143,36.262351],[-115.042139,36.262313],[-115.04214,36.262217]]],[[[-115.332136,36.266167],[-115.330992,36.266177],[-115.330982,36.264347],[-115.330971,36.262517],[-115.330971,36.260683],[-115.332114,36.260676],[-115.332115,36.262509],[-115.332126,36.264338],[-115.332126,36.264338],[-115.332127,36.264338],[-115.332128,36.264338],[-115.33327,36.264329],[-115.33327,36.264329],[-115.333281,36.266157],[-115.332136,36.266167]]],[[[-115.321818,36.262446],[-115.32182,36.261662],[-115.321823,36.260741],[-115.322967,36.260732],[-115.322967,36.260815],[-115.322965,36.261234],[-115.322964,36.261653],[-115.322963,36.262045],[-115.322962,36.262437],[-115.322961,36.262575],[-115.321818,36.262583],[-115.321818,36.262446]]],[[[-115.325253,36.263085],[-115.32525,36.262695],[-115.325249,36.262558],[-115.32525,36.262303],[-115.325254,36.260845],[-115.325255,36.260212],[-115.325256,36.259879],[-115.325257,36.25938],[-115.325659,36.25973],[-115.326233,36.260256],[-115.326398,36.260443],[-115.326636,36.260709],[-115.326852,36.260951],[-115.327044,36.261201],[-115.327193,36.261427],[-115.327224,36.261474],[-115.327516,36.261949],[-115.327539,36.261993],[-115.327728,36.262349],[-115.327832,36.26254],[-115.327906,36.262676],[-115.327922,36.262705],[-115.328105,36.263131],[-115.328221,36.263453],[-115.328271,36.263589],[-115.328369,36.26386],[-115.328452,36.264259],[-115.328456,36.264285],[-115.328467,36.264367],[-115.32831,36.264368],[-115.328031,36.26437],[-115.327739,36.264373],[-115.327549,36.264374],[-115.327548,36.264292],[-115.327544,36.263601],[-115.327543,36.263458],[-115.32754,36.262804],[-115.327539,36.262679],[-115.327538,36.262542],[-115.327392,36.262543],[-115.327087,36.262545],[-115.326781,36.262547],[-115.32678,36.262547],[-115.326489,36.262549],[-115.326394,36.26255],[-115.326405,36.264383],[-115.32526,36.264392],[-115.32526,36.26431],[-115.325257,36.263893],[-115.325255,36.263475],[-115.325253,36.263085]]],[[[-115.223154,36.264897],[-115.223118,36.264898],[-115.223094,36.264898],[-115.223075,36.264898],[-115.222422,36.264898],[-115.222419,36.265343],[-115.222419,36.265451],[-115.221715,36.265453],[-115.221656,36.265453],[-115.221654,36.266007],[-115.221711,36.266008],[-115.221738,36.266008],[-115.222415,36.266006],[-115.222414,36.266168],[-115.222412,36.266443],[-115.222412,36.266558],[-115.222411,36.266717],[-115.222409,36.266992],[-115.222408,36.267101],[-115.222407,36.267267],[-115.222406,36.267541],[-115.222405,36.267646],[-115.222402,36.268035],[-115.222401,36.268191],[-115.222401,36.268232],[-115.2224,36.268341],[-115.221629,36.268343],[-115.220888,36.268344],[-115.220888,36.268234],[-115.220889,36.268207],[-115.220892,36.26765],[-115.220896,36.267103],[-115.220896,36.267098],[-115.220899,36.266602],[-115.220899,36.266562],[-115.220899,36.266511],[-115.220903,36.26601],[-115.220907,36.265456],[-115.22091,36.264899],[-115.22091,36.264701],[-115.22091,36.264619],[-115.220912,36.264343],[-115.220912,36.264305],[-115.220917,36.263964],[-115.220919,36.263805],[-115.22092,36.263661],[-115.220922,36.263359],[-115.220922,36.263244],[-115.220923,36.263057],[-115.220924,36.262892],[-115.220922,36.262749],[-115.220922,36.262711],[-115.220924,36.262444],[-115.220927,36.262162],[-115.220927,36.262139],[-115.220929,36.261834],[-115.22093,36.261599],[-115.22093,36.261529],[-115.220934,36.261186],[-115.220935,36.261132],[-115.220935,36.261052],[-115.221676,36.261051],[-115.221668,36.262712],[-115.221727,36.26271],[-115.221754,36.26271],[-115.222423,36.262705],[-115.222424,36.262158],[-115.222426,36.261595],[-115.222425,36.261187],[-115.222425,36.261132],[-115.222426,36.261052],[-115.223111,36.261052],[-115.223164,36.261052],[-115.223165,36.261052],[-115.223167,36.261052],[-115.223167,36.261052],[-115.223163,36.261132],[-115.223161,36.261593],[-115.223219,36.261593],[-115.223262,36.261593],[-115.223934,36.261589],[-115.223938,36.261187],[-115.223936,36.26113],[-115.223935,36.261049],[-115.224696,36.26105],[-115.225464,36.261051],[-115.225464,36.261052],[-115.225472,36.261155],[-115.225461,36.262357],[-115.225448,36.263872],[-115.225442,36.264614],[-115.225439,36.264697],[-115.225439,36.26478],[-115.225439,36.264892],[-115.225437,36.265153],[-115.225434,36.265606],[-115.22543,36.26641],[-115.225429,36.266435],[-115.225429,36.266495],[-115.225429,36.266511],[-115.225429,36.266518],[-115.225421,36.267453],[-115.225418,36.268018],[-115.225417,36.268227],[-115.225416,36.268335],[-115.225246,36.268335],[-115.224664,36.268336],[-115.224665,36.26823],[-115.224665,36.268225],[-115.224665,36.268189],[-115.224666,36.268161],[-115.224669,36.267648],[-115.22467,36.267493],[-115.224672,36.267205],[-115.224672,36.267101],[-115.224673,36.26693],[-115.224675,36.266655],[-115.224676,36.266553],[-115.224677,36.266381],[-115.224679,36.266106],[-115.224679,36.266],[-115.224681,36.265831],[-115.224683,36.265445],[-115.224683,36.265434],[-115.224684,36.265322],[-115.224687,36.264897],[-115.224677,36.264894],[-115.22468,36.264345],[-115.224621,36.264345],[-115.223922,36.264347],[-115.223254,36.264349],[-115.223212,36.264349],[-115.223153,36.264349],[-115.223154,36.264897]]],[[[-115.223154,36.265173],[-115.223154,36.264897],[-115.223212,36.264898],[-115.223253,36.264898],[-115.223279,36.264898],[-115.223922,36.264897],[-115.223932,36.264897],[-115.22393,36.265172],[-115.223928,36.265447],[-115.22373,36.265447],[-115.22339,36.265447],[-115.223275,36.265448],[-115.223212,36.265448],[-115.223173,36.265448],[-115.223174,36.26529],[-115.223153,36.265295],[-115.223154,36.265173]]],[[[-115.242398,36.265873],[-115.240344,36.265859],[-115.240258,36.265856],[-115.240273,36.265076],[-115.240169,36.265075],[-115.239191,36.264968],[-115.239195,36.264684],[-115.2392,36.264396],[-115.2392,36.26436],[-115.239204,36.264107],[-115.239206,36.263936],[-115.239208,36.263819],[-115.239214,36.263531],[-115.239214,36.263506],[-115.239217,36.263242],[-115.239219,36.262972],[-115.23922,36.262928],[-115.239219,36.262788],[-115.2403,36.262925],[-115.24132,36.263054],[-115.241318,36.263197],[-115.241318,36.263211],[-115.241314,36.263483],[-115.241312,36.26365],[-115.241305,36.263999],[-115.241303,36.264132],[-115.241301,36.264352],[-115.241299,36.26446],[-115.241297,36.264709],[-115.24223,36.264714],[-115.242392,36.264716],[-115.242393,36.264796],[-115.242395,36.265192],[-115.242396,36.265587],[-115.242398,36.265873]]],[[[-115.228049,36.265862],[-115.227621,36.265819],[-115.227519,36.26581],[-115.227534,36.264903],[-115.228558,36.265004],[-115.228559,36.264922],[-115.228566,36.264579],[-115.228567,36.26456],[-115.228574,36.264121],[-115.228579,36.26384],[-115.228579,36.263838],[-115.228579,36.263837],[-115.228582,36.263664],[-115.228589,36.263218],[-115.229561,36.263337],[-115.229665,36.26334],[-115.229695,36.261586],[-115.230753,36.261715],[-115.230751,36.261823],[-115.230751,36.261852],[-115.230751,36.261855],[-115.23075,36.261896],[-115.230746,36.262119],[-115.230741,36.262366],[-115.23119,36.262421],[-115.231699,36.262483],[-115.231798,36.262496],[-115.231773,36.263577],[-115.231773,36.263583],[-115.231734,36.265318],[-115.23225,36.26537],[-115.232774,36.26542],[-115.232777,36.26534],[-115.232778,36.265323],[-115.232785,36.265051],[-115.232791,36.264835],[-115.232794,36.26473],[-115.232803,36.264421],[-115.232803,36.264407],[-115.23281,36.264191],[-115.232812,36.264113],[-115.232815,36.263975],[-115.232819,36.2638],[-115.232819,36.263797],[-115.232821,36.26371],[-115.232827,36.263583],[-115.232831,36.26349],[-115.232833,36.263411],[-115.232838,36.263195],[-115.232838,36.263179],[-115.232844,36.262979],[-115.232847,36.26287],[-115.23285,36.262762],[-115.232857,36.262546],[-115.232863,36.26233],[-115.232868,36.262165],[-115.232869,36.262124],[-115.232867,36.261983],[-115.233925,36.26212],[-115.233921,36.26223],[-115.233921,36.262258],[-115.23389,36.263281],[-115.233874,36.263819],[-115.233869,36.263962],[-115.233848,36.264669],[-115.233843,36.264839],[-115.233709,36.264824],[-115.23325,36.264774],[-115.233237,36.265386],[-115.233237,36.265474],[-115.233822,36.265541],[-115.23377,36.267257],[-115.233719,36.268962],[-115.233584,36.268952],[-115.232681,36.268884],[-115.231646,36.268805],[-115.230606,36.268727],[-115.22957,36.268649],[-115.229598,36.266978],[-115.229599,36.266895],[-115.228547,36.266804],[-115.228548,36.266721],[-115.228556,36.266317],[-115.228556,36.266308],[-115.228564,36.265912],[-115.228538,36.26591],[-115.228092,36.265866],[-115.228049,36.265862]]],[[[-115.226586,36.264891],[-115.226583,36.264809],[-115.227067,36.264857],[-115.227051,36.265761],[-115.226573,36.265713],[-115.226586,36.264891]]],[[[-115.238125,36.265146],[-115.238123,36.264981],[-115.238126,36.264857],[-115.238232,36.264868],[-115.238626,36.264908],[-115.238612,36.265918],[-115.238609,36.265997],[-115.23855,36.265999],[-115.238467,36.265998],[-115.238384,36.265996],[-115.238301,36.265991],[-115.23826,36.265987],[-115.238218,36.265983],[-115.238111,36.265972],[-115.238112,36.265887],[-115.238125,36.265146]]],[[[-115.242398,36.265887],[-115.242398,36.265873],[-115.242568,36.265889],[-115.243543,36.265902],[-115.243551,36.265902],[-115.243557,36.266113],[-115.243558,36.266163],[-115.243563,36.266336],[-115.243565,36.266418],[-115.243546,36.266418],[-115.243341,36.266415],[-115.2429,36.26641],[-115.242587,36.266406],[-115.242571,36.266405],[-115.2424,36.266403],[-115.2424,36.266401],[-115.242399,36.266166],[-115.242398,36.265887]]],[[[-115.328714,36.268029],[-115.328708,36.26687],[-115.328704,36.266197],[-115.329848,36.266187],[-115.329859,36.268017],[-115.328714,36.268029]]],[[[-115.328163,36.268034],[-115.328613,36.26803],[-115.328612,36.269861],[-115.328176,36.269866],[-115.327876,36.269869],[-115.32758,36.269872],[-115.327436,36.269873],[-115.327435,36.269643],[-115.327433,36.269421],[-115.327432,36.269199],[-115.32743,36.268968],[-115.327429,36.268746],[-115.327427,36.268515],[-115.327424,36.268041],[-115.32757,36.26804],[-115.327608,36.268039],[-115.327864,36.268037],[-115.328163,36.268034]]],[[[-115.240224,36.27266],[-115.240237,36.270082],[-115.240338,36.27009],[-115.240815,36.270126],[-115.241293,36.270162],[-115.241293,36.270039],[-115.241293,36.269644],[-115.241293,36.269534],[-115.242414,36.269618],[-115.242422,36.271299],[-115.242428,36.272749],[-115.242429,36.272833],[-115.240251,36.272743],[-115.240225,36.272742],[-115.240224,36.272742],[-115.240224,36.27274],[-115.240224,36.27266]]],[[[-115.246284,36.268631],[-115.246283,36.268481],[-115.246283,36.268458],[-115.246282,36.268042],[-115.246576,36.268053],[-115.246886,36.268063],[-115.246989,36.268067],[-115.246989,36.268092],[-115.24699,36.268468],[-115.246992,36.269679],[-115.246992,36.269789],[-115.246296,36.269763],[-115.246294,36.269653],[-115.246285,36.269653],[-115.246284,36.269653],[-115.246286,36.2693],[-115.246286,36.269262],[-115.246286,36.269238],[-115.246285,36.268973],[-115.246285,36.268881],[-115.246285,36.268858],[-115.246286,36.268684],[-115.246284,36.268631]]],[[[-115.325874,36.271725],[-115.324804,36.271737],[-115.32416,36.271744],[-115.324148,36.269908],[-115.325293,36.269896],[-115.325391,36.269895],[-115.326437,36.269884],[-115.326438,36.269994],[-115.326438,36.269999],[-115.326439,36.270214],[-115.326439,36.270227],[-115.326441,36.270439],[-115.326441,36.270457],[-115.326443,36.270688],[-115.326443,36.270698],[-115.326445,36.270951],[-115.326445,36.270958],[-115.326447,36.271182],[-115.326447,36.271217],[-115.326448,36.271412],[-115.32645,36.271649],[-115.32645,36.271657],[-115.326451,36.271719],[-115.325874,36.271725],[-115.325874,36.271725],[-115.325874,36.271725]]],[[[-115.248482,36.273206],[-115.247012,36.273115],[-115.247012,36.273032],[-115.247009,36.27247],[-115.247095,36.272473],[-115.247739,36.272496],[-115.247738,36.272215],[-115.247736,36.271929],[-115.247735,36.271639],[-115.247735,36.271363],[-115.247087,36.271337],[-115.247002,36.271336],[-115.246996,36.270477],[-115.247083,36.270478],[-115.247104,36.270477],[-115.247732,36.270495],[-115.24773,36.270218],[-115.248387,36.270244],[-115.248471,36.270244],[-115.24847,36.269845],[-115.249943,36.2699],[-115.251572,36.269961],[-115.253051,36.270016],[-115.253051,36.270127],[-115.253054,36.270672],[-115.253389,36.270685],[-115.253388,36.270644],[-115.253762,36.270656],[-115.253863,36.270659],[-115.253867,36.27178],[-115.25387,36.272661],[-115.253769,36.272656],[-115.253142,36.272623],[-115.252858,36.272606],[-115.252709,36.272598],[-115.252576,36.27259],[-115.252374,36.272578],[-115.251716,36.272542],[-115.25158,36.272535],[-115.25158,36.272531],[-115.251577,36.27167],[-115.251574,36.270851],[-115.251574,36.27059],[-115.251439,36.270589],[-115.250732,36.270564],[-115.250733,36.270828],[-115.250735,36.271092],[-115.250734,36.271365],[-115.250735,36.271632],[-115.250738,36.271904],[-115.250034,36.271875],[-115.249949,36.271872],[-115.249951,36.272144],[-115.249952,36.272415],[-115.249953,36.272674],[-115.250037,36.272678],[-115.250738,36.27271],[-115.250739,36.272987],[-115.250037,36.272956],[-115.249953,36.272952],[-115.249955,36.273234],[-115.249955,36.27324],[-115.249956,36.273297],[-115.249295,36.273256],[-115.248482,36.273206]]],[[[-115.328193,36.2717],[-115.328638,36.271695],[-115.328633,36.272726],[-115.328653,36.273529],[-115.328197,36.273534],[-115.327925,36.273537],[-115.32746,36.273541],[-115.327456,36.272993],[-115.327455,36.272761],[-115.327453,36.272494],[-115.327451,36.272226],[-115.327449,36.271958],[-115.327448,36.271796],[-115.327448,36.271707],[-115.327594,36.271706],[-115.327914,36.271703],[-115.328193,36.2717]]],[[[-115.251246,36.292379],[-115.251261,36.290557],[-115.251397,36.290558],[-115.251399,36.290558],[-115.253502,36.290571],[-115.254907,36.290579],[-115.254963,36.29058],[-115.254963,36.29058],[-115.254962,36.290717],[-115.254958,36.291214],[-115.255297,36.291216],[-115.255302,36.290719],[-115.255303,36.290582],[-115.255744,36.290584],[-115.255743,36.290722],[-115.255743,36.290722],[-115.255729,36.292398],[-115.255713,36.29422],[-115.253465,36.294212],[-115.251368,36.294205],[-115.25123,36.294202],[-115.251246,36.292379]]],[[[-115.307562,36.297591],[-115.307565,36.297451],[-115.307546,36.297451],[-115.307535,36.297451],[-115.307192,36.297446],[-115.307173,36.297446],[-115.306989,36.297443],[-115.30694,36.297442],[-115.306818,36.297441],[-115.3068,36.297441],[-115.306442,36.297436],[-115.306426,36.297435],[-115.306052,36.29743],[-115.305866,36.297427],[-115.305867,36.296759],[-115.305869,36.295638],[-115.305868,36.293893],[-115.305867,36.2938],[-115.305872,36.2938],[-115.306997,36.293816],[-115.306996,36.293734],[-115.306996,36.293178],[-115.306996,36.292927],[-115.306997,36.292671],[-115.306997,36.29212],[-115.306997,36.291982],[-115.306997,36.291844],[-115.306998,36.291278],[-115.306999,36.291044],[-115.306999,36.290794],[-115.307,36.290237],[-115.307,36.290155],[-115.308122,36.290164],[-115.308127,36.28925],[-115.308128,36.288334],[-115.305879,36.288309],[-115.305879,36.288303],[-115.305879,36.287388],[-115.30588,36.286467],[-115.305877,36.285557],[-115.306021,36.285558],[-115.307008,36.285568],[-115.307008,36.285834],[-115.307007,36.286403],[-115.307007,36.286486],[-115.307007,36.286486],[-115.30813,36.286497],[-115.309253,36.286508],[-115.309251,36.288346],[-115.310375,36.288358],[-115.31136,36.288368],[-115.311496,36.288369],[-115.312619,36.288381],[-115.313208,36.288388],[-115.313743,36.288394],[-115.313743,36.288476],[-115.31374,36.289313],[-115.313737,36.29015],[-115.313737,36.290233],[-115.312614,36.290219],[-115.312608,36.292057],[-115.312619,36.293892],[-115.31262,36.293975],[-115.312623,36.294393],[-115.312626,36.29481],[-115.312629,36.295228],[-115.312632,36.295646],[-115.312633,36.295731],[-115.312634,36.2958],[-115.312637,36.296262],[-115.312641,36.296697],[-115.312644,36.297132],[-115.312647,36.297568],[-115.31222,36.297562],[-115.311816,36.297557],[-115.311469,36.297552],[-115.31141,36.297551],[-115.311006,36.297545],[-115.310598,36.29754],[-115.310386,36.297537],[-115.310386,36.297556],[-115.310187,36.297554],[-115.309935,36.29755],[-115.309846,36.297549],[-115.309777,36.297548],[-115.309646,36.297546],[-115.309534,36.297545],[-115.309367,36.297542],[-115.309134,36.297539],[-115.308958,36.297537],[-115.308847,36.297535],[-115.308815,36.297535],[-115.308733,36.297534],[-115.308548,36.297531],[-115.30813,36.297526],[-115.308066,36.297525],[-115.308071,36.297544],[-115.308085,36.2976],[-115.308098,36.297637],[-115.308102,36.297649],[-115.30811,36.297674],[-115.308123,36.297708],[-115.308132,36.297729],[-115.308139,36.297747],[-115.308174,36.297819],[-115.308205,36.297884],[-115.308231,36.29795],[-115.308167,36.297949],[-115.307773,36.297943],[-115.307593,36.29794],[-115.307555,36.29794],[-115.307556,36.297889],[-115.307557,36.297832],[-115.307559,36.297708],[-115.307562,36.297591]]],[[[-115.282608,36.293576],[-115.283233,36.293577],[-115.283231,36.294259],[-115.283229,36.294445],[-115.283223,36.295011],[-115.283222,36.295175],[-115.283219,36.295443],[-115.282969,36.295442],[-115.282738,36.29544],[-115.282638,36.29544],[-115.282483,36.295439],[-115.282331,36.295438],[-115.282127,36.295437],[-115.282,36.295436],[-115.281884,36.295436],[-115.281742,36.295435],[-115.281624,36.295434],[-115.281586,36.295434],[-115.281429,36.295433],[-115.281287,36.295433],[-115.281171,36.295432],[-115.281029,36.295431],[-115.280914,36.295431],[-115.280757,36.29543],[-115.280601,36.295429],[-115.280459,36.295429],[-115.280343,36.295428],[-115.280201,36.295427],[-115.280085,36.295427],[-115.279929,36.295426],[-115.279814,36.295425],[-115.279658,36.295425],[-115.279542,36.295424],[-115.27951,36.295424],[-115.2794,36.295423],[-115.279368,36.295423],[-115.279285,36.295423],[-115.279252,36.295423],[-115.279217,36.295423],[-115.279142,36.295422],[-115.27911,36.295422],[-115.279027,36.295422],[-115.278994,36.295421],[-115.278871,36.295421],[-115.278837,36.295421],[-115.278803,36.29542],[-115.278668,36.29542],[-115.278683,36.293578],[-115.278852,36.293578],[-115.279225,36.293578],[-115.280924,36.29358],[-115.28127,36.293579],[-115.281758,36.293578],[-115.282434,36.293576],[-115.282608,36.293576]]],[[[-115.313761,36.296275],[-115.313761,36.296063],[-115.31376,36.295813],[-115.31376,36.295744],[-115.314905,36.295759],[-115.314911,36.297596],[-115.314911,36.297604],[-115.314917,36.299432],[-115.313787,36.299416],[-115.313786,36.299293],[-115.313783,36.299042],[-115.31378,36.29883],[-115.313777,36.298617],[-115.313775,36.298404],[-115.313772,36.298191],[-115.31377,36.297978],[-115.313767,36.297765],[-115.313765,36.297576],[-115.313765,36.297552],[-115.313764,36.29734],[-115.313763,36.297127],[-115.313763,36.296914],[-115.313762,36.296701],[-115.313762,36.296488],[-115.313761,36.296275]]],[[[-114.964209,36.305046],[-114.964464,36.305046],[-114.964465,36.305554],[-114.964466,36.305952],[-114.963401,36.305953],[-114.963374,36.305953],[-114.963346,36.305953],[-114.963346,36.305963],[-114.963346,36.305974],[-114.963346,36.306404],[-114.963347,36.306859],[-114.962227,36.30686],[-114.962127,36.30686],[-114.961107,36.30686],[-114.961107,36.307241],[-114.961108,36.307767],[-114.959988,36.307767],[-114.959988,36.308236],[-114.959989,36.308673],[-114.958819,36.308674],[-114.957278,36.308675],[-114.956109,36.308675],[-114.955508,36.308676],[-114.955507,36.308304],[-114.955847,36.308177],[-114.956182,36.305049],[-114.959984,36.305048],[-114.964209,36.305046]]],[[[-115.260138,36.30922],[-115.259963,36.30922],[-115.259017,36.30922],[-115.257897,36.309221],[-115.257896,36.309221],[-115.257896,36.309138],[-115.257892,36.308707],[-115.257888,36.308195],[-115.257786,36.308195],[-115.257275,36.308196],[-115.256766,36.308196],[-115.256775,36.309138],[-115.256776,36.309222],[-115.255656,36.309222],[-115.254537,36.309223],[-115.254535,36.309223],[-115.253416,36.309223],[-115.253415,36.309135],[-115.253407,36.308201],[-115.253305,36.308201],[-115.252303,36.3082],[-115.251301,36.308199],[-115.251165,36.308198],[-115.251155,36.307172],[-115.251137,36.305134],[-115.251272,36.305134],[-115.253379,36.305129],[-115.25338,36.305267],[-115.25338,36.305267],[-115.25338,36.30528],[-115.253387,36.306147],[-115.253388,36.306147],[-115.253456,36.306147],[-115.253488,36.306147],[-115.25349,36.306147],[-115.253787,36.306147],[-115.253998,36.306147],[-115.254058,36.306147],[-115.25433,36.306148],[-115.254508,36.306148],[-115.254601,36.306148],[-115.254873,36.306148],[-115.255017,36.306148],[-115.255018,36.306148],[-115.255144,36.306148],[-115.255416,36.306149],[-115.255527,36.306149],[-115.255633,36.306149],[-115.255731,36.306149],[-115.255823,36.306149],[-115.256094,36.306148],[-115.256366,36.306147],[-115.256637,36.306147],[-115.256752,36.306147],[-115.256755,36.306556],[-115.256758,36.307089],[-115.256759,36.307172],[-115.257879,36.30717],[-115.257871,36.306145],[-115.257863,36.305257],[-115.257861,36.30512],[-115.260104,36.305116],[-115.260138,36.309219],[-115.260138,36.30922]]],[[[-115.274607,36.309924],[-115.274607,36.309887],[-115.274604,36.309862],[-115.274609,36.309041],[-115.275145,36.30907],[-115.275145,36.309074],[-115.275145,36.309093],[-115.275143,36.309259],[-115.275143,36.309424],[-115.275144,36.309589],[-115.275144,36.309754],[-115.275144,36.309901],[-115.275144,36.309917],[-115.275144,36.309942],[-115.275144,36.310029],[-115.274607,36.310004],[-115.274607,36.309924]]],[[[-115.269371,36.309762],[-115.269371,36.309676],[-115.26937,36.309139],[-115.269369,36.308443],[-115.269505,36.308449],[-115.269525,36.30845],[-115.269762,36.308462],[-115.269966,36.308471],[-115.270169,36.308481],[-115.270372,36.30849],[-115.270576,36.3085],[-115.270779,36.308509],[-115.270982,36.308519],[-115.271186,36.308528],[-115.271389,36.308538],[-115.271592,36.308547],[-115.271686,36.308552],[-115.271685,36.309763],[-115.271685,36.309791],[-115.271686,36.309869],[-115.269371,36.309762]]],[[[-115.263956,36.310116],[-115.263255,36.310075],[-115.263251,36.309484],[-115.26325,36.309402],[-115.264757,36.30949],[-115.264757,36.309566],[-115.264761,36.310454],[-115.264659,36.310446],[-115.263957,36.310405],[-115.263956,36.310116]]],[[[-115.260138,36.309301],[-115.260138,36.30922],[-115.261459,36.309296],[-115.262447,36.309354],[-115.26245,36.310028],[-115.262454,36.310505],[-115.262456,36.310921],[-115.262467,36.312547],[-115.262468,36.312643],[-115.262366,36.312639],[-115.26132,36.312604],[-115.261319,36.312527],[-115.261317,36.312248],[-115.261315,36.311891],[-115.261313,36.311533],[-115.261314,36.311451],[-115.26083,36.311435],[-115.260349,36.311419],[-115.260326,36.311418],[-115.260324,36.311418],[-115.260155,36.311413],[-115.260151,36.310864],[-115.260146,36.310316],[-115.260138,36.309301],[-115.260138,36.309301]]],[[[-115.326514,36.324854],[-115.327655,36.324835],[-115.327636,36.325569],[-115.327629,36.325839],[-115.327629,36.325847],[-115.326487,36.325904],[-115.326494,36.325627],[-115.326514,36.324854]]],[[[-115.323071,36.324925],[-115.324233,36.324893],[-115.324218,36.325466],[-115.324211,36.325742],[-115.324204,36.326012],[-115.324204,36.326019],[-115.323052,36.326076],[-115.323044,36.326077],[-115.323049,36.3258],[-115.323071,36.324925]]],[[[-115.320571,36.33434],[-115.320555,36.335121],[-115.320554,36.33512],[-115.319845,36.334346],[-115.319571,36.334348],[-115.318939,36.334353],[-115.318478,36.334357],[-115.318149,36.33436],[-115.317878,36.334362],[-115.31773,36.334363],[-115.317152,36.334368],[-115.317164,36.33357],[-115.317168,36.333284],[-115.316465,36.332513],[-115.316043,36.33205],[-115.314913,36.330811],[-115.314913,36.330774],[-115.314915,36.33067],[-115.314917,36.330456],[-115.314923,36.329958],[-115.314923,36.329898],[-115.314934,36.328986],[-115.31511,36.329178],[-115.315956,36.330102],[-115.316067,36.330222],[-115.316073,36.329742],[-115.316086,36.328797],[-115.316198,36.328796],[-115.317236,36.328783],[-115.317208,36.330644],[-115.316537,36.330652],[-115.316461,36.330652],[-115.316458,36.33065],[-115.316456,36.330647],[-115.316376,36.330695],[-115.315873,36.330996],[-115.317251,36.332505],[-115.317559,36.332843],[-115.317987,36.332588],[-115.318139,36.332497],[-115.318151,36.332497],[-115.318323,36.332495],[-115.318894,36.33249],[-115.318893,36.332559],[-115.318889,36.332759],[-115.318877,36.33329],[-115.318879,36.333292],[-115.318889,36.333303],[-115.318721,36.333403],[-115.3183,36.333655],[-115.318859,36.334267],[-115.319268,36.334011],[-115.31944,36.333903],[-115.319449,36.333421],[-115.319449,36.333408],[-115.319551,36.333408],[-115.32059,36.333407],[-115.320582,36.333774],[-115.32057,36.334258],[-115.320571,36.334309],[-115.320571,36.33434]]],[[[-115.282963,36.332275],[-115.282967,36.331935],[-115.283,36.331936],[-115.283204,36.331943],[-115.283906,36.331969],[-115.284226,36.33198],[-115.284788,36.332001],[-115.285234,36.332017],[-115.285335,36.33202],[-115.28536,36.332021],[-115.286473,36.332062],[-115.287461,36.332097],[-115.287597,36.332102],[-115.287596,36.332394],[-115.287595,36.333315],[-115.287595,36.333911],[-115.287595,36.334235],[-115.287594,36.335156],[-115.287593,36.336077],[-115.287457,36.336075],[-115.285353,36.336056],[-115.285196,36.336054],[-115.284232,36.336045],[-115.284186,36.336045],[-115.284057,36.336044],[-115.284059,36.335909],[-115.284059,36.335906],[-115.284064,36.335403],[-115.284072,36.33465],[-115.284076,36.334204],[-115.28408,36.333841],[-115.284081,36.333755],[-115.283106,36.333713],[-115.282947,36.333706],[-115.282947,36.3337],[-115.282952,36.333291],[-115.282961,36.332445],[-115.282961,36.332444],[-115.282962,36.33236],[-115.282963,36.332275]]],[[[-115.319587,36.325021],[-115.320749,36.324989],[-115.320733,36.325917],[-115.320738,36.326192],[-115.319569,36.326251],[-115.319574,36.325975],[-115.319587,36.325021]]],[[[-115.315899,36.325885],[-115.315881,36.325822],[-115.315859,36.32576],[-115.315833,36.325699],[-115.315813,36.325659],[-115.315781,36.3256],[-115.315757,36.325561],[-115.315718,36.325504],[-115.31569,36.325468],[-115.315645,36.325414],[-115.315597,36.325362],[-115.315546,36.325313],[-115.31551,36.325281],[-115.315453,36.325235],[-115.315414,36.325206],[-115.315373,36.325178],[-115.31531,36.325138],[-115.315563,36.325131],[-115.315653,36.325204],[-115.315748,36.325296],[-115.315833,36.325394],[-115.315908,36.325497],[-115.31597,36.325606],[-115.316021,36.325719],[-115.316046,36.325788],[-115.316071,36.325877],[-115.316075,36.325876],[-115.316092,36.325875],[-115.316099,36.325875],[-115.316099,36.325956],[-115.316097,36.326417],[-115.316097,36.326433],[-115.316094,36.326976],[-115.315992,36.326981],[-115.31494,36.327034],[-115.31494,36.327034],[-115.31494,36.32698],[-115.314941,36.326535],[-115.314942,36.326512],[-115.314942,36.326484],[-115.314943,36.325935],[-115.314943,36.325933],[-115.315899,36.325885]]],[[[-114.960043,36.34853],[-114.955557,36.35216],[-114.95107,36.35579],[-114.946592,36.352163],[-114.944352,36.352165],[-114.944358,36.344912],[-114.942481,36.344914],[-114.945497,36.337662],[-114.949043,36.33766],[-114.949045,36.335848],[-114.951089,36.335848],[-114.951091,36.334036],[-114.955683,36.334036],[-114.957545,36.337657],[-114.959408,36.341279],[-114.961273,36.344905],[-114.963138,36.348531],[-114.960043,36.34853]]],[[[-114.930268,36.349692],[-114.933987,36.349702],[-114.933488,36.350848],[-114.933488,36.350848],[-114.933154,36.351617],[-114.932986,36.352003],[-114.930558,36.351997],[-114.930558,36.351995],[-114.930558,36.351994],[-114.930558,36.351992],[-114.930558,36.351991],[-114.930558,36.35199],[-114.930558,36.351988],[-114.930558,36.351987],[-114.930558,36.351985],[-114.930558,36.351984],[-114.930558,36.351983],[-114.930557,36.351981],[-114.930557,36.35198],[-114.930557,36.351979],[-114.930557,36.351977],[-114.930557,36.351976],[-114.930557,36.351974],[-114.930557,36.351973],[-114.930557,36.351972],[-114.930557,36.35197],[-114.930557,36.351969],[-114.930556,36.351968],[-114.930556,36.351966],[-114.930556,36.351965],[-114.930556,36.351964],[-114.930556,36.351962],[-114.930556,36.351961],[-114.930556,36.351959],[-114.930556,36.351958],[-114.930556,36.351957],[-114.930556,36.351955],[-114.930556,36.351954],[-114.930555,36.351953],[-114.930555,36.351951],[-114.930555,36.35195],[-114.930555,36.351948],[-114.930555,36.351947],[-114.930555,36.351946],[-114.930555,36.351944],[-114.930555,36.351943],[-114.930555,36.351942],[-114.930554,36.35194],[-114.930554,36.351939],[-114.930554,36.351937],[-114.930554,36.351936],[-114.930554,36.351935],[-114.930554,36.351933],[-114.930554,36.351932],[-114.930554,36.351931],[-114.930554,36.351929],[-114.930554,36.351928],[-114.930553,36.351927],[-114.930553,36.351925],[-114.930553,36.351924],[-114.930553,36.351922],[-114.930553,36.351921],[-114.930553,36.35192],[-114.930553,36.351918],[-114.930553,36.351917],[-114.930553,36.351916],[-114.930552,36.351914],[-114.930552,36.351913],[-114.930552,36.351911],[-114.930552,36.35191],[-114.930552,36.351909],[-114.930552,36.351907],[-114.930552,36.351906],[-114.930552,36.351905],[-114.930551,36.351903],[-114.930551,36.351902],[-114.930551,36.3519],[-114.930551,36.351899],[-114.930551,36.351898],[-114.930551,36.351896],[-114.930551,36.351895],[-114.930551,36.351894],[-114.930551,36.351892],[-114.93055,36.351891],[-114.93055,36.35189],[-114.93055,36.351888],[-114.93055,36.351887],[-114.93055,36.351885],[-114.93055,36.351884],[-114.93055,36.351883],[-114.93055,36.351881],[-114.930549,36.35188],[-114.930549,36.351879],[-114.930549,36.351877],[-114.930549,36.351876],[-114.930549,36.351874],[-114.930549,36.351873],[-114.930549,36.351872],[-114.930549,36.35187],[-114.930548,36.351869],[-114.930548,36.351868],[-114.930548,36.351866],[-114.930548,36.351865],[-114.930548,36.351863],[-114.930548,36.351862],[-114.930548,36.351861],[-114.930548,36.351859],[-114.930547,36.351858],[-114.930547,36.351857],[-114.930547,36.351855],[-114.930547,36.351854],[-114.930547,36.351853],[-114.930547,36.351851],[-114.930547,36.35185],[-114.930547,36.351848],[-114.930546,36.351847],[-114.930546,36.351846],[-114.930546,36.351844],[-114.930546,36.351843],[-114.930546,36.351842],[-114.930546,36.35184],[-114.930546,36.351839],[-114.930545,36.351837],[-114.930545,36.351836],[-114.930545,36.351835],[-114.930545,36.351833],[-114.930545,36.351832],[-114.930545,36.351831],[-114.930545,36.351829],[-114.930544,36.351828],[-114.930544,36.351827],[-114.930544,36.351825],[-114.930544,36.351824],[-114.930544,36.351822],[-114.930544,36.351821],[-114.930544,36.35182],[-114.930543,36.351818],[-114.930543,36.351817],[-114.930543,36.351816],[-114.930543,36.351814],[-114.930543,36.351813],[-114.930543,36.351811],[-114.930543,36.35181],[-114.930542,36.351809],[-114.930542,36.351807],[-114.930542,36.351806],[-114.930542,36.351805],[-114.930542,36.351803],[-114.930542,36.351802],[-114.930542,36.351801],[-114.930541,36.351799],[-114.930541,36.351798],[-114.930541,36.351796],[-114.930541,36.351795],[-114.930541,36.351794],[-114.930541,36.351792],[-114.930541,36.351791],[-114.93054,36.35179],[-114.93054,36.351788],[-114.93054,36.351787],[-114.93054,36.351785],[-114.93054,36.351784],[-114.93054,36.351783],[-114.930539,36.351781],[-114.930539,36.35178],[-114.930539,36.351779],[-114.930539,36.351777],[-114.930539,36.351776],[-114.930539,36.351775],[-114.930539,36.351773],[-114.930538,36.351772],[-114.930538,36.35177],[-114.930538,36.351769],[-114.930538,36.351768],[-114.930538,36.351766],[-114.930538,36.351765],[-114.930537,36.351764],[-114.930537,36.351762],[-114.930537,36.351761],[-114.930537,36.351759],[-114.930537,36.351758],[-114.930537,36.351757],[-114.930536,36.351755],[-114.930536,36.351754],[-114.930536,36.351753],[-114.930536,36.351751],[-114.930536,36.35175],[-114.930536,36.351749],[-114.930535,36.351747],[-114.930535,36.351746],[-114.930535,36.351744],[-114.930535,36.351743],[-114.930535,36.351742],[-114.930535,36.35174],[-114.930534,36.351739],[-114.930534,36.351738],[-114.930534,36.351736],[-114.930534,36.351735],[-114.930534,36.351734],[-114.930534,36.351732],[-114.930533,36.351731],[-114.930533,36.351729],[-114.930533,36.351728],[-114.930533,36.351727],[-114.930533,36.351725],[-114.930533,36.351724],[-114.930532,36.351723],[-114.930532,36.351721],[-114.930532,36.35172],[-114.930532,36.351718],[-114.930532,36.351717],[-114.930532,36.351716],[-114.930531,36.351714],[-114.930531,36.351713],[-114.930531,36.351712],[-114.930531,36.35171],[-114.930531,36.351709],[-114.930531,36.351708],[-114.93053,36.351706],[-114.93053,36.351705],[-114.93053,36.351703],[-114.93053,36.351702],[-114.930417,36.35084],[-114.930267,36.349692],[-114.930268,36.349692]]],[[[-114.937648,36.334037],[-114.940598,36.334037],[-114.939123,36.337664],[-114.939105,36.337707],[-114.937646,36.337699],[-114.936263,36.337692],[-114.93626,36.337692],[-114.933753,36.337678],[-114.933723,36.337678],[-114.933961,36.33647],[-114.934505,36.334039],[-114.937648,36.334037]]],[[[-114.930533,36.341533],[-114.932979,36.341546],[-114.932711,36.342891],[-114.930464,36.342878],[-114.930533,36.341533]]],[[[-114.946646,36.364987],[-114.949822,36.364987],[-114.9498,36.367637],[-114.946625,36.367638],[-114.943449,36.367639],[-114.943471,36.364988],[-114.946646,36.364987]]],[[[-114.919673,36.389118],[-114.919675,36.386738],[-114.919676,36.385804],[-114.919676,36.384807],[-114.916024,36.384809],[-114.918646,36.383547],[-114.919678,36.38305],[-114.91968,36.38118],[-114.91968,36.381132],[-114.924165,36.378973],[-114.924161,36.384803],[-114.924158,36.389113],[-114.919844,36.389118],[-114.919673,36.389118]]],[[[-114.955443,36.312101],[-114.955512,36.31201],[-114.955512,36.312302],[-114.955513,36.312871],[-114.955515,36.314005],[-114.955517,36.315494],[-114.95432,36.315786],[-114.953782,36.315917],[-114.953775,36.315921],[-114.953767,36.315926],[-114.952959,36.316426],[-114.952209,36.316889],[-114.952303,36.316708],[-114.952391,36.31653],[-114.952462,36.316377],[-114.952523,36.316239],[-114.952526,36.316233],[-114.952542,36.316195],[-114.952607,36.316042],[-114.952652,36.315926],[-114.952653,36.315925],[-114.952655,36.31592],[-114.952722,36.315741],[-114.952854,36.315704],[-114.952985,36.31566],[-114.953113,36.315611],[-114.953237,36.315557],[-114.953357,36.315497],[-114.953474,36.315432],[-114.953586,36.315363],[-114.953694,36.315289],[-114.953797,36.31521],[-114.953925,36.315099],[-114.954015,36.315011],[-114.9541,36.314919],[-114.954178,36.314824],[-114.95425,36.314726],[-114.954315,36.314624],[-114.954374,36.31452],[-114.954375,36.314518],[-114.954376,36.314517],[-114.954376,36.314516],[-114.954377,36.314514],[-114.954378,36.314513],[-114.954378,36.314512],[-114.954379,36.314511],[-114.954379,36.314509],[-114.95438,36.314508],[-114.954381,36.314507],[-114.954381,36.314506],[-114.954382,36.314504],[-114.954383,36.314503],[-114.954383,36.314502],[-114.954384,36.3145],[-114.954384,36.314499],[-114.954385,36.314498],[-114.954386,36.314497],[-114.954386,36.314495],[-114.954387,36.314494],[-114.954388,36.314493],[-114.954388,36.314492],[-114.954389,36.31449],[-114.95439,36.314489],[-114.95439,36.314488],[-114.954391,36.314486],[-114.954391,36.314485],[-114.954392,36.314484],[-114.954393,36.314483],[-114.954393,36.314481],[-114.954394,36.31448],[-114.954395,36.314479],[-114.954395,36.314477],[-114.954396,36.314476],[-114.954396,36.314475],[-114.954397,36.314474],[-114.954398,36.314472],[-114.954398,36.314471],[-114.954399,36.31447],[-114.954399,36.314469],[-114.9544,36.314467],[-114.954401,36.314466],[-114.954401,36.314465],[-114.954402,36.314463],[-114.954403,36.314462],[-114.954403,36.314461],[-114.954404,36.31446],[-114.954404,36.314458],[-114.954405,36.314457],[-114.954406,36.314456],[-114.954406,36.314454],[-114.954407,36.314453],[-114.954408,36.314452],[-114.954408,36.314451],[-114.954409,36.314449],[-114.954409,36.314448],[-114.95441,36.314447],[-114.954411,36.314445],[-114.954411,36.314444],[-114.954412,36.314443],[-114.954412,36.314442],[-114.954413,36.31444],[-114.954414,36.314439],[-114.954414,36.314438],[-114.954415,36.314437],[-114.954415,36.314435],[-114.954416,36.314434],[-114.954417,36.314433],[-114.954417,36.314431],[-114.954418,36.31443],[-114.954418,36.314429],[-114.954419,36.314428],[-114.95442,36.314426],[-114.95442,36.314425],[-114.954421,36.314424],[-114.954422,36.314422],[-114.954422,36.314421],[-114.954423,36.31442],[-114.954423,36.314419],[-114.954424,36.314417],[-114.954425,36.314416],[-114.954425,36.314415],[-114.954426,36.314413],[-114.954426,36.314412],[-114.954427,36.314411],[-114.954428,36.31441],[-114.954428,36.314408],[-114.954429,36.314407],[-114.954429,36.314406],[-114.95443,36.314404],[-114.954431,36.314403],[-114.954431,36.314402],[-114.954432,36.314401],[-114.954432,36.314399],[-114.954433,36.314398],[-114.954433,36.314397],[-114.954434,36.314395],[-114.954435,36.314394],[-114.954435,36.314393],[-114.954436,36.314392],[-114.954436,36.31439],[-114.954437,36.314389],[-114.954438,36.314388],[-114.954438,36.314386],[-114.954439,36.314385],[-114.954439,36.314384],[-114.95444,36.314383],[-114.954441,36.314381],[-114.954441,36.31438],[-114.954442,36.314379],[-114.954442,36.314377],[-114.954443,36.314376],[-114.954444,36.314375],[-114.954444,36.314374],[-114.954445,36.314372],[-114.954445,36.314371],[-114.954446,36.31437],[-114.954446,36.314368],[-114.954447,36.314367],[-114.954448,36.314366],[-114.954448,36.314364],[-114.954449,36.314363],[-114.954449,36.314362],[-114.95445,36.314361],[-114.954451,36.314359],[-114.954451,36.314358],[-114.954452,36.314357],[-114.954452,36.314355],[-114.954453,36.314354],[-114.954453,36.314353],[-114.954454,36.314352],[-114.954455,36.31435],[-114.954455,36.314349],[-114.954456,36.314348],[-114.954456,36.314346],[-114.954457,36.314345],[-114.954458,36.314344],[-114.954458,36.314343],[-114.954459,36.314341],[-114.954459,36.31434],[-114.95446,36.314339],[-114.95446,36.314337],[-114.954461,36.314336],[-114.954462,36.314335],[-114.954462,36.314334],[-114.954463,36.314332],[-114.954463,36.314331],[-114.954464,36.31433],[-114.954464,36.314328],[-114.954465,36.314327],[-114.954466,36.314326],[-114.954466,36.314324],[-114.954467,36.314323],[-114.954467,36.314322],[-114.954468,36.314321],[-114.954468,36.314319],[-114.954469,36.314318],[-114.95447,36.314317],[-114.95447,36.314315],[-114.954471,36.314314],[-114.954471,36.314313],[-114.954472,36.314312],[-114.954472,36.31431],[-114.954473,36.314309],[-114.954473,36.314308],[-114.954474,36.314306],[-114.954475,36.314305],[-114.954475,36.314304],[-114.954476,36.314302],[-114.954476,36.314301],[-114.954477,36.3143],[-114.954477,36.314299],[-114.954478,36.314297],[-114.954479,36.314296],[-114.954479,36.314295],[-114.95448,36.314293],[-114.95448,36.314292],[-114.954481,36.314291],[-114.954481,36.314289],[-114.954482,36.314288],[-114.954482,36.314287],[-114.954483,36.314286],[-114.954484,36.314284],[-114.954484,36.314283],[-114.954485,36.314282],[-114.954485,36.31428],[-114.954486,36.314279],[-114.954486,36.314278],[-114.954487,36.314276],[-114.954487,36.314275],[-114.954488,36.314274],[-114.954489,36.314273],[-114.954489,36.314271],[-114.95449,36.31427],[-114.95449,36.314269],[-114.954491,36.314267],[-114.954491,36.314266],[-114.954492,36.314265],[-114.954492,36.314264],[-114.954493,36.314262],[-114.954494,36.314261],[-114.954494,36.31426],[-114.954495,36.314258],[-114.954495,36.314257],[-114.954496,36.314256],[-114.954496,36.314254],[-114.954497,36.314253],[-114.954497,36.314252],[-114.954498,36.314251],[-114.954498,36.314249],[-114.954499,36.314248],[-114.9545,36.314247],[-114.9545,36.314245],[-114.954501,36.314244],[-114.954501,36.314243],[-114.954502,36.314241],[-114.954502,36.31424],[-114.954503,36.314239],[-114.954503,36.314237],[-114.954504,36.314236],[-114.954504,36.314235],[-114.954505,36.314234],[-114.954505,36.314232],[-114.954506,36.314231],[-114.954507,36.31423],[-114.954507,36.314228],[-114.954508,36.314227],[-114.954508,36.314226],[-114.954509,36.314224],[-114.954509,36.314223],[-114.95451,36.314222],[-114.95451,36.314221],[-114.954511,36.314219],[-114.954511,36.314218],[-114.954512,36.314217],[-114.954512,36.314215],[-114.954513,36.314214],[-114.954514,36.314213],[-114.954514,36.314211],[-114.954515,36.31421],[-114.954515,36.314209],[-114.954516,36.314208],[-114.954516,36.314206],[-114.954517,36.314205],[-114.954517,36.314204],[-114.954518,36.314202],[-114.954518,36.314201],[-114.954519,36.3142],[-114.954519,36.314198],[-114.95452,36.314197],[-114.95452,36.314196],[-114.954521,36.314194],[-114.954521,36.314193],[-114.954522,36.314192],[-114.954522,36.314191],[-114.954523,36.314189],[-114.954524,36.314188],[-114.954524,36.314187],[-114.954525,36.314185],[-114.954525,36.314184],[-114.954526,36.314183],[-114.954526,36.314181],[-114.954527,36.31418],[-114.954527,36.314179],[-114.954528,36.314177],[-114.954528,36.314176],[-114.954529,36.314175],[-114.954529,36.314174],[-114.95453,36.314172],[-114.95453,36.314171],[-114.954531,36.31417],[-114.954531,36.314168],[-114.954532,36.314167],[-114.954532,36.314166],[-114.954533,36.314164],[-114.954533,36.314163],[-114.954534,36.314162],[-114.954534,36.31416],[-114.954535,36.314159],[-114.954535,36.314158],[-114.954536,36.314157],[-114.954536,36.314155],[-114.954537,36.314154],[-114.954538,36.314153],[-114.954538,36.314151],[-114.954539,36.31415],[-114.954539,36.314149],[-114.95454,36.314147],[-114.95454,36.314146],[-114.954541,36.314145],[-114.954541,36.314143],[-114.954542,36.314142],[-114.954542,36.314141],[-114.954543,36.31414],[-114.954543,36.314138],[-114.954544,36.314137],[-114.954544,36.314136],[-114.954545,36.314134],[-114.954545,36.314133],[-114.954546,36.314132],[-114.954546,36.31413],[-114.954547,36.314129],[-114.954547,36.314128],[-114.954548,36.314126],[-114.954548,36.314125],[-114.954549,36.314124],[-114.954549,36.314122],[-114.95455,36.314121],[-114.95455,36.31412],[-114.954551,36.314119],[-114.954551,36.314117],[-114.954552,36.314116],[-114.954552,36.314115],[-114.954553,36.314113],[-114.954553,36.314112],[-114.954554,36.314111],[-114.954554,36.314109],[-114.954555,36.314108],[-114.954555,36.314107],[-114.954556,36.314105],[-114.954556,36.314104],[-114.954557,36.314103],[-114.954557,36.314101],[-114.954558,36.3141],[-114.954558,36.314099],[-114.954559,36.314098],[-114.954559,36.314096],[-114.95456,36.314095],[-114.95456,36.314094],[-114.955008,36.312962],[-114.955088,36.31275],[-114.955162,36.31258],[-114.955208,36.312483],[-114.955288,36.312337],[-114.955311,36.312301],[-114.955378,36.312194],[-114.955443,36.312101]]],[[[-115.26021,36.318329],[-115.260204,36.317467],[-115.260203,36.317456],[-115.260203,36.317374],[-115.260203,36.317373],[-115.260201,36.317175],[-115.260199,36.316886],[-115.260195,36.316402],[-115.260193,36.316134],[-115.260191,36.315925],[-115.260188,36.315463],[-115.260188,36.315455],[-115.26029,36.315456],[-115.260375,36.315457],[-115.260786,36.315463],[-115.261192,36.315469],[-115.261355,36.315471],[-115.261353,36.31511],[-115.26135,36.314755],[-115.261348,36.314397],[-115.262383,36.314414],[-115.262485,36.314413],[-115.262474,36.313595],[-115.262559,36.313596],[-115.262576,36.313597],[-115.263641,36.313617],[-115.263641,36.313726],[-115.263655,36.315504],[-115.264703,36.315519],[-115.264796,36.315522],[-115.264807,36.316467],[-115.264815,36.317218],[-115.264816,36.317349],[-115.264817,36.317431],[-115.264793,36.317431],[-115.264793,36.317513],[-115.264793,36.31752],[-115.264797,36.318379],[-115.264801,36.319235],[-115.264801,36.319245],[-115.264801,36.319327],[-115.264699,36.319327],[-115.264314,36.319323],[-115.263035,36.319311],[-115.262611,36.319307],[-115.262509,36.319306],[-115.262408,36.319305],[-115.261364,36.319295],[-115.26115,36.319293],[-115.260944,36.319291],[-115.260388,36.319286],[-115.26032,36.319285],[-115.260218,36.319284],[-115.26021,36.318329]]],[[[-114.989047,36.307093],[-114.989044,36.306704],[-114.989036,36.305511],[-114.989034,36.305041],[-114.994067,36.305188],[-114.994509,36.305201],[-114.998285,36.305311],[-114.998178,36.319864],[-114.989103,36.319536],[-114.989093,36.315913],[-114.989084,36.312815],[-114.989082,36.312465],[-114.989081,36.312289],[-114.989057,36.308665],[-114.989048,36.307309],[-114.989047,36.307093]]],[[[-115.233303,36.312816],[-115.233373,36.314785],[-115.233398,36.315645],[-115.233431,36.31678],[-115.233459,36.317765],[-115.233488,36.318739],[-115.233488,36.318748],[-115.233516,36.319729],[-115.233522,36.320727],[-115.231346,36.320603],[-115.231319,36.320601],[-115.2292,36.320481],[-115.229139,36.320477],[-115.229117,36.320476],[-115.229116,36.320476],[-115.229115,36.320458],[-115.229111,36.320366],[-115.22911,36.320321],[-115.229102,36.320107],[-115.229081,36.319538],[-115.22908,36.31951],[-115.22908,36.31951],[-115.22908,36.319502],[-115.229079,36.319478],[-115.229066,36.319119],[-115.229063,36.319036],[-115.229048,36.318642],[-115.229046,36.318595],[-115.229044,36.318529],[-115.228904,36.318522],[-115.228687,36.318511],[-115.228583,36.318506],[-115.228535,36.318504],[-115.227938,36.318475],[-115.227936,36.318434],[-115.227936,36.318434],[-115.227935,36.318393],[-115.227921,36.318063],[-115.227903,36.317651],[-115.2279,36.317571],[-115.227897,36.317505],[-115.22786,36.316618],[-115.227857,36.316536],[-115.226773,36.316489],[-115.225663,36.31644],[-115.224535,36.316391],[-115.224491,36.315446],[-115.224491,36.315433],[-115.224447,36.314474],[-115.225573,36.314505],[-115.226686,36.314545],[-115.226682,36.314462],[-115.22668,36.31442],[-115.226672,36.314231],[-115.226657,36.313897],[-115.226655,36.313854],[-115.226642,36.313564],[-115.22664,36.313511],[-115.226622,36.313121],[-115.226621,36.313101],[-115.226605,36.312743],[-115.226604,36.312721],[-115.2266,36.31262],[-115.2266,36.312611],[-115.227719,36.312643],[-115.228836,36.312676],[-115.228839,36.312676],[-115.231073,36.312741],[-115.232185,36.312773],[-115.232192,36.312773],[-115.233303,36.312816]]],[[[-115.278574,36.326566],[-115.27857,36.325906],[-115.278564,36.324986],[-115.278563,36.324813],[-115.278795,36.324817],[-115.278813,36.324817],[-115.280764,36.324843],[-115.280775,36.32396],[-115.280876,36.323961],[-115.28191,36.323971],[-115.282943,36.323981],[-115.283045,36.323982],[-115.283053,36.323159],[-115.283054,36.323093],[-115.282952,36.323093],[-115.281919,36.323085],[-115.280886,36.323078],[-115.280785,36.323077],[-115.280794,36.322233],[-115.280795,36.322198],[-115.280795,36.322195],[-115.280693,36.322194],[-115.278699,36.322185],[-115.278546,36.322184],[-115.278541,36.321308],[-115.278541,36.321171],[-115.278546,36.320479],[-115.278547,36.320382],[-115.278552,36.319537],[-115.278553,36.319455],[-115.278553,36.319372],[-115.278559,36.318528],[-115.278565,36.317601],[-115.278734,36.317601],[-115.279698,36.317604],[-115.28083,36.317607],[-115.281963,36.317609],[-115.283096,36.317612],[-115.283121,36.317612],[-115.283125,36.316677],[-115.28313,36.315756],[-115.283131,36.314822],[-115.283228,36.314822],[-115.283706,36.314824],[-115.283708,36.314377],[-115.28371,36.314018],[-115.283711,36.313991],[-115.283711,36.313908],[-115.284251,36.31391],[-115.284251,36.313994],[-115.284251,36.314011],[-115.284249,36.314338],[-115.284246,36.314683],[-115.284245,36.314825],[-115.284244,36.315015],[-115.284242,36.315285],[-115.284242,36.315368],[-115.28424,36.315681],[-115.284241,36.315757],[-115.285375,36.315766],[-115.285474,36.315767],[-115.286523,36.31577],[-115.287503,36.315772],[-115.287638,36.315773],[-115.287633,36.316697],[-115.287627,36.317623],[-115.287492,36.317622],[-115.286516,36.31762],[-115.286495,36.31762],[-115.286494,36.317703],[-115.286489,36.318545],[-115.287486,36.318548],[-115.287622,36.318548],[-115.287616,36.319473],[-115.287616,36.319555],[-115.287611,36.320398],[-115.287605,36.321323],[-115.287605,36.321807],[-115.287602,36.324931],[-115.287602,36.325018],[-115.287602,36.325067],[-115.287602,36.3251],[-115.287602,36.325941],[-115.287601,36.326734],[-115.287601,36.326866],[-115.287601,36.326922],[-115.2876,36.328539],[-115.287463,36.328536],[-115.286417,36.32851],[-115.28537,36.328484],[-115.285346,36.328484],[-115.285268,36.328482],[-115.283102,36.328429],[-115.283001,36.328426],[-115.281966,36.328401],[-115.280837,36.328373],[-115.280732,36.328371],[-115.279713,36.328346],[-115.279239,36.328334],[-115.278585,36.328318],[-115.278581,36.327745],[-115.278575,36.326825],[-115.278574,36.326566]]],[[[-115.306679,36.285304],[-115.30635,36.285301],[-115.306351,36.284754],[-115.306352,36.284644],[-115.306681,36.284647],[-115.30668,36.284757],[-115.306679,36.285304]]],[[[-115.285602,36.276404],[-115.285616,36.275996],[-115.285632,36.27551],[-115.286262,36.275504],[-115.286262,36.275504],[-115.286257,36.275588],[-115.286239,36.275994],[-115.286774,36.275993],[-115.286758,36.276403],[-115.286222,36.276401],[-115.286207,36.276777],[-115.285745,36.27678],[-115.285697,36.276781],[-115.285592,36.276784],[-115.285602,36.276404]]],[[[-115.326466,36.277085],[-115.326488,36.277049],[-115.326489,36.277222],[-115.326487,36.277806],[-115.326485,36.278213],[-115.326483,36.278884],[-115.326483,36.278885],[-115.326482,36.278978],[-115.326482,36.279061],[-115.325663,36.279071],[-115.325333,36.279075],[-115.325295,36.279076],[-115.32471,36.279083],[-115.324827,36.278985],[-115.324941,36.278886],[-115.325053,36.278786],[-115.325163,36.278684],[-115.325336,36.278515],[-115.325337,36.278155],[-115.325341,36.277373],[-115.325341,36.277236],[-115.326379,36.277224],[-115.326466,36.277085]]],[[[-115.320155,36.280978],[-115.320729,36.28097],[-115.320729,36.281001],[-115.320727,36.2813],[-115.320727,36.281372],[-115.320727,36.28143],[-115.320725,36.281677],[-115.320725,36.281713],[-115.320724,36.28189],[-115.320723,36.282069],[-115.320721,36.282349],[-115.320718,36.282809],[-115.320718,36.282891],[-115.320716,36.283273],[-115.320713,36.283686],[-115.320713,36.283728],[-115.320711,36.284097],[-115.320708,36.284537],[-115.320707,36.284643],[-115.319556,36.284659],[-115.319563,36.283744],[-115.319569,36.282824],[-115.319572,36.282364],[-115.319574,36.282007],[-115.319575,36.281905],[-115.319575,36.281883],[-115.319577,36.281598],[-115.319577,36.281471],[-115.319578,36.281445],[-115.319581,36.280985],[-115.320155,36.280978]]],[[[-115.305889,36.281227],[-115.30589,36.280976],[-115.306023,36.280977],[-115.307015,36.280984],[-115.307015,36.280985],[-115.307015,36.281066],[-115.307015,36.281484],[-115.307014,36.281901],[-115.307013,36.282318],[-115.307013,36.282735],[-115.307013,36.282817],[-115.305888,36.282808],[-115.305889,36.281227]]],[[[-115.313764,36.277464],[-115.313764,36.277355],[-115.315016,36.277362],[-115.314997,36.279184],[-115.313742,36.279171],[-115.313743,36.279088],[-115.313764,36.277464]]],[[[-115.323009,36.28461],[-115.324159,36.2846],[-115.324155,36.285529],[-115.324151,36.286432],[-115.324049,36.286434],[-115.324019,36.286434],[-115.323979,36.286435],[-115.323551,36.286441],[-115.323507,36.286442],[-115.323092,36.286448],[-115.323001,36.286449],[-115.322999,36.286449],[-115.322999,36.286366],[-115.323,36.286211],[-115.323001,36.285959],[-115.323002,36.285852],[-115.323004,36.285547],[-115.323004,36.285462],[-115.323006,36.285126],[-115.323006,36.285069],[-115.323008,36.28472],[-115.323008,36.284666],[-115.323009,36.28461]]],[[[-115.313777,36.286555],[-115.312625,36.286543],[-115.311496,36.286531],[-115.3115,36.284693],[-115.311518,36.284694],[-115.31262,36.284704],[-115.312659,36.284704],[-115.3138,36.284715],[-115.313777,36.286555]]],[[[-115.251137,36.305134],[-115.251067,36.305134],[-115.251033,36.305134],[-115.250998,36.305134],[-115.248914,36.305138],[-115.247727,36.30514],[-115.246653,36.305143],[-115.245835,36.305144],[-115.245837,36.305],[-115.242388,36.301596],[-115.242364,36.301572],[-115.242198,36.301485],[-115.242197,36.301492],[-115.242189,36.302437],[-115.242183,36.303326],[-115.242176,36.304234],[-115.242168,36.305151],[-115.242173,36.305702],[-115.242198,36.308561],[-115.242198,36.308561],[-115.242203,36.309085],[-115.242203,36.309099],[-115.242203,36.309112],[-115.242203,36.309113],[-115.242231,36.312532],[-115.242232,36.312646],[-115.242236,36.313073],[-115.240018,36.31301],[-115.240001,36.313009],[-115.239918,36.313007],[-115.239898,36.313006],[-115.237795,36.312945],[-115.235565,36.312881],[-115.233303,36.312816],[-115.233301,36.312723],[-115.233278,36.311828],[-115.233253,36.31085],[-115.233228,36.309882],[-115.233228,36.309882],[-115.233363,36.309885],[-115.234353,36.309906],[-115.234346,36.309631],[-115.234331,36.309009],[-115.234329,36.30893],[-115.233203,36.308904],[-115.232078,36.308882],[-115.232075,36.308797],[-115.232058,36.308249],[-115.232057,36.308219],[-115.232047,36.307908],[-115.232036,36.307591],[-115.232036,36.307568],[-115.232019,36.30702],[-115.23202,36.306944],[-115.230883,36.306923],[-115.230951,36.308859],[-115.228692,36.308813],[-115.228656,36.307842],[-115.22862,36.306881],[-115.228553,36.305098],[-115.228547,36.304961],[-115.228572,36.303243],[-115.228569,36.303159],[-115.228579,36.302383],[-115.228593,36.301339],[-115.229715,36.301351],[-115.229735,36.301352],[-115.229735,36.301352],[-115.229736,36.301267],[-115.229741,36.300855],[-115.229746,36.300444],[-115.228717,36.300434],[-115.228616,36.300433],[-115.228605,36.300433],[-115.228617,36.299524],[-115.228641,36.297832],[-115.228655,36.297727],[-115.228656,36.29762],[-115.228656,36.297617],[-115.228656,36.2976],[-115.228661,36.297259],[-115.228666,36.296919],[-115.228668,36.296795],[-115.228671,36.296578],[-115.22868,36.295916],[-115.228689,36.295342],[-115.228693,36.295017],[-115.228697,36.29477],[-115.228701,36.294523],[-115.228704,36.294275],[-115.228707,36.294108],[-115.228707,36.294035],[-115.22871,36.293767],[-115.228711,36.293711],[-115.228714,36.293459],[-115.228716,36.293342],[-115.228719,36.293155],[-115.228721,36.292974],[-115.228724,36.292811],[-115.228727,36.292606],[-115.22873,36.292409],[-115.228732,36.292237],[-115.228735,36.292062],[-115.228737,36.291869],[-115.228738,36.291814],[-115.228742,36.291567],[-115.228743,36.291501],[-115.228745,36.29132],[-115.228748,36.291132],[-115.228753,36.290775],[-115.228753,36.290759],[-115.228755,36.290621],[-115.228758,36.290483],[-115.228738,36.290483],[-115.227631,36.290484],[-115.226496,36.290486],[-115.22489,36.290488],[-115.224894,36.290353],[-115.224916,36.289566],[-115.225397,36.289563],[-115.225958,36.289561],[-115.225973,36.288728],[-115.225974,36.288639],[-115.225417,36.288637],[-115.224486,36.288637],[-115.224317,36.288636],[-115.224339,36.287719],[-115.224361,36.286804],[-115.226569,36.286813],[-115.227149,36.286816],[-115.227676,36.286818],[-115.227673,36.286734],[-115.227685,36.285903],[-115.227327,36.285901],[-115.227341,36.285212],[-115.227356,36.284524],[-115.22737,36.283836],[-115.227386,36.283104],[-115.228897,36.283108],[-115.228898,36.283065],[-115.228898,36.283052],[-115.228901,36.282917],[-115.228914,36.282257],[-115.22893,36.281369],[-115.228942,36.280787],[-115.228964,36.279662],[-115.228966,36.279547],[-115.228863,36.279546],[-115.227054,36.279529],[-115.225212,36.279512],[-115.224652,36.279507],[-115.224484,36.279506],[-115.22455,36.275902],[-115.224551,36.275886],[-115.224671,36.275887],[-115.22472,36.275887],[-115.224863,36.275889],[-115.228999,36.275926],[-115.2335,36.275967],[-115.233511,36.275967],[-115.233511,36.275964],[-115.233526,36.275468],[-115.233538,36.275078],[-115.233565,36.274218],[-115.233702,36.274222],[-115.233736,36.274223],[-115.233995,36.274229],[-115.234806,36.27425],[-115.235132,36.274258],[-115.235462,36.274267],[-115.236213,36.274286],[-115.236527,36.274294],[-115.236935,36.274304],[-115.237652,36.274322],[-115.238001,36.274331],[-115.238,36.274389],[-115.237997,36.274636],[-115.237995,36.274774],[-115.237994,36.274936],[-115.237991,36.275115],[-115.237987,36.275498],[-115.237981,36.27597],[-115.237981,36.27601],[-115.239379,36.276022],[-115.24021,36.276029],[-115.242444,36.276048],[-115.242443,36.27591],[-115.242441,36.275582],[-115.24244,36.275193],[-115.242438,36.274754],[-115.242609,36.274768],[-115.242619,36.274769],[-115.243094,36.27481],[-115.243398,36.274836],[-115.243703,36.274863],[-115.243966,36.274885],[-115.244008,36.274889],[-115.244388,36.274921],[-115.244388,36.274906],[-115.244386,36.274453],[-115.244384,36.27398],[-115.244383,36.273728],[-115.245397,36.273791],[-115.245396,36.274631],[-115.245554,36.274967],[-115.245581,36.275024],[-115.245792,36.275035],[-115.246057,36.274977],[-115.246062,36.274995],[-115.246104,36.275129],[-115.24691,36.275092],[-115.247017,36.275096],[-115.247013,36.274778],[-115.247114,36.274786],[-115.24929,36.274947],[-115.249302,36.274947],[-115.249302,36.274946],[-115.249397,36.274952],[-115.250772,36.275055],[-115.250772,36.275054],[-115.250772,36.274976],[-115.250768,36.274211],[-115.250956,36.274225],[-115.251114,36.274235],[-115.251111,36.275002],[-115.25111,36.275078],[-115.25111,36.27508],[-115.251455,36.275106],[-115.25149,36.275108],[-115.251591,36.275116],[-115.251743,36.275127],[-115.25388,36.275282],[-115.25388,36.275356],[-115.253881,36.275475],[-115.253881,36.275545],[-115.253882,36.276027],[-115.253883,36.276294],[-115.253883,36.276326],[-115.253883,36.276449],[-115.253885,36.277033],[-115.251598,36.276836],[-115.250811,36.276768],[-115.250808,36.276902],[-115.250792,36.277532],[-115.250792,36.277614],[-115.250792,36.277614],[-115.250424,36.277584],[-115.250422,36.277665],[-115.250413,36.278438],[-115.25142,36.278516],[-115.251558,36.278526],[-115.251557,36.278558],[-115.251547,36.27895],[-115.251547,36.278967],[-115.251539,36.279329],[-115.251538,36.279373],[-115.251399,36.279363],[-115.251064,36.279338],[-115.251046,36.280104],[-115.251046,36.280186],[-115.251379,36.28021],[-115.251515,36.28022],[-115.253792,36.280383],[-115.253795,36.2803],[-115.25384,36.278707],[-115.253941,36.278715],[-115.25602,36.27888],[-115.256121,36.278889],[-115.256095,36.27969],[-115.256095,36.279707],[-115.25607,36.28046],[-115.256068,36.280547],[-115.258314,36.280708],[-115.258344,36.28071],[-115.258344,36.280709],[-115.258347,36.280627],[-115.258404,36.279068],[-115.258471,36.279074],[-115.25849,36.279075],[-115.258504,36.279076],[-115.259024,36.279117],[-115.259544,36.279158],[-115.259541,36.279241],[-115.259527,36.279607],[-115.259513,36.279974],[-115.259999,36.280011],[-115.260484,36.280047],[-115.260487,36.280047],[-115.260653,36.28006],[-115.260654,36.28006],[-115.260654,36.280065],[-115.260626,36.280768],[-115.260626,36.280769],[-115.260625,36.280785],[-115.260623,36.280813],[-115.260623,36.280813],[-115.26062,36.280873],[-115.260604,36.281278],[-115.260589,36.281684],[-115.260589,36.281684],[-115.260589,36.281684],[-115.260573,36.282084],[-115.260569,36.282205],[-115.260563,36.282357],[-115.260563,36.282362],[-115.260558,36.282495],[-115.260558,36.282495],[-115.260544,36.282839],[-115.260496,36.284118],[-115.260495,36.284127],[-115.259839,36.284089],[-115.258227,36.283995],[-115.257445,36.28395],[-115.25596,36.283863],[-115.255934,36.284701],[-115.255922,36.285078],[-115.255907,36.285544],[-115.255805,36.285539],[-115.252593,36.285398],[-115.252596,36.285316],[-115.252607,36.284926],[-115.252072,36.284902],[-115.252063,36.285247],[-115.252062,36.285255],[-115.252056,36.285375],[-115.251527,36.285351],[-115.251394,36.285345],[-115.251392,36.285345],[-115.251389,36.285345],[-115.251254,36.285339],[-115.250247,36.285295],[-115.250246,36.285295],[-115.24998,36.285284],[-115.249117,36.285246],[-115.249113,36.285246],[-115.249108,36.285245],[-115.248706,36.285228],[-115.247988,36.285196],[-115.247983,36.285196],[-115.247843,36.28519],[-115.246968,36.285151],[-115.246867,36.285147],[-115.246865,36.285229],[-115.246836,36.28693],[-115.246836,36.286943],[-115.246834,36.287025],[-115.246814,36.28818],[-115.246801,36.288943],[-115.246775,36.290399],[-115.246773,36.290536],[-115.246772,36.290536],[-115.246719,36.290535],[-115.242284,36.290514],[-115.242271,36.292341],[-115.242254,36.294138],[-115.242253,36.294172],[-115.242242,36.295994],[-115.242226,36.297832],[-115.242219,36.298747],[-115.242389,36.298748],[-115.243341,36.298749],[-115.243347,36.297944],[-115.243348,36.297834],[-115.244449,36.297836],[-115.246713,36.29784],[-115.248978,36.297844],[-115.251199,36.297848],[-115.251184,36.299672],[-115.251168,36.301491],[-115.251137,36.305134]]],[[[-115.284904,36.235552],[-115.284904,36.235469],[-115.284905,36.235098],[-115.284906,36.234643],[-115.283747,36.234649],[-115.282588,36.234653],[-115.282588,36.233882],[-115.282588,36.233868],[-115.282588,36.233751],[-115.282588,36.233745],[-115.283696,36.23374],[-115.283748,36.23374],[-115.284137,36.233738],[-115.284839,36.233735],[-115.284908,36.233735],[-115.285973,36.233731],[-115.286068,36.23373],[-115.286986,36.233727],[-115.287115,36.233726],[-115.287228,36.233726],[-115.288289,36.233721],[-115.28839,36.233721],[-115.288385,36.234628],[-115.288249,36.234628],[-115.287573,36.234631],[-115.287224,36.234633],[-115.287105,36.234633],[-115.286638,36.234636],[-115.286169,36.234638],[-115.286065,36.234638],[-115.286063,36.235087],[-115.286061,36.235546],[-115.285959,36.235546],[-115.285432,36.235549],[-115.284904,36.235552]]],[[[-115.260045,36.232978],[-115.260045,36.232571],[-115.259565,36.232569],[-115.259565,36.232186],[-115.260513,36.23219],[-115.260684,36.23219],[-115.260687,36.232343],[-115.2607,36.233118],[-115.260698,36.233118],[-115.260095,36.233115],[-115.260042,36.233115],[-115.260042,36.233115],[-115.260045,36.232978]]],[[[-115.325624,36.230868],[-115.326125,36.230851],[-115.326126,36.230932],[-115.326126,36.231029],[-115.326126,36.231127],[-115.326127,36.231224],[-115.326127,36.231322],[-115.326128,36.231419],[-115.326128,36.231517],[-115.326129,36.231614],[-115.326129,36.231712],[-115.32613,36.231809],[-115.32613,36.231907],[-115.326131,36.232004],[-115.326131,36.232102],[-115.326131,36.232199],[-115.326132,36.232297],[-115.326132,36.232416],[-115.326133,36.232635],[-115.326027,36.23454],[-115.326023,36.234622],[-115.325926,36.236362],[-115.325921,36.236445],[-115.325624,36.236453],[-115.325243,36.236463],[-115.324747,36.236477],[-115.324756,36.236312],[-115.324774,36.235953],[-115.324792,36.235619],[-115.32481,36.235281],[-115.324828,36.234925],[-115.324847,36.234578],[-115.324866,36.234213],[-115.324874,36.234059],[-115.324881,36.233921],[-115.324887,36.233798],[-115.324894,36.233674],[-115.3249,36.233551],[-115.324906,36.233427],[-115.324913,36.233304],[-115.324919,36.23318],[-115.324926,36.233057],[-115.324929,36.232984],[-115.324932,36.232933],[-115.324945,36.232681],[-115.324945,36.23237],[-115.324944,36.232188],[-115.324944,36.232024],[-115.324944,36.231859],[-115.324943,36.231694],[-115.324943,36.231529],[-115.324943,36.231364],[-115.324942,36.2312],[-115.324942,36.231035],[-115.324942,36.230891],[-115.325286,36.230879],[-115.325624,36.230868]]],[[[-115.251274,36.241423],[-115.251301,36.241319],[-115.25142,36.241324],[-115.252062,36.241329],[-115.25207,36.240651],[-115.252068,36.240511],[-115.252604,36.240514],[-115.253392,36.24052],[-115.253388,36.24066],[-115.253373,36.241672],[-115.253085,36.24167],[-115.252659,36.241668],[-115.252337,36.241666],[-115.252071,36.241664],[-115.251901,36.241663],[-115.251732,36.241662],[-115.251562,36.241661],[-115.251258,36.241659],[-115.25126,36.241585],[-115.251267,36.241478],[-115.251274,36.241423]]],[[[-115.243382,36.246632],[-115.243314,36.24663],[-115.242166,36.246628],[-115.24217,36.246305],[-115.242339,36.246305],[-115.243319,36.246305],[-115.243324,36.245979],[-115.243329,36.245657],[-115.243333,36.245344],[-115.243338,36.245015],[-115.243343,36.244684],[-115.242356,36.244675],[-115.242189,36.244673],[-115.242194,36.244191],[-115.244479,36.244199],[-115.244481,36.243686],[-115.244483,36.243273],[-115.244486,36.242804],[-115.244588,36.242804],[-115.245386,36.242802],[-115.245384,36.243047],[-115.245384,36.243264],[-115.245619,36.243265],[-115.245611,36.24369],[-115.245607,36.24391],[-115.245601,36.244118],[-115.245598,36.244205],[-115.245612,36.244205],[-115.245608,36.244696],[-115.245574,36.244696],[-115.244578,36.244693],[-115.244477,36.244692],[-115.244474,36.245016],[-115.244576,36.245017],[-115.245572,36.245019],[-115.245605,36.245019],[-115.245596,36.245999],[-115.245563,36.245996],[-115.24457,36.245994],[-115.244464,36.245996],[-115.244466,36.246315],[-115.244465,36.246633],[-115.244464,36.246633],[-115.244364,36.246633],[-115.243382,36.246632]]],[[[-115.122472,36.247103],[-115.122472,36.24708],[-115.122471,36.246966],[-115.123583,36.246963],[-115.123584,36.2471],[-115.123586,36.247417],[-115.123485,36.247418],[-115.123125,36.247419],[-115.123031,36.247419],[-115.122552,36.24742],[-115.122474,36.24742],[-115.122472,36.247116],[-115.122472,36.247103]]],[[[-115.122147,36.248289],[-115.122481,36.248288],[-115.122482,36.248701],[-115.122482,36.248783],[-115.1224,36.248784],[-115.122213,36.248784],[-115.122024,36.248785],[-115.121837,36.248785],[-115.121474,36.248787],[-115.121371,36.248787],[-115.121368,36.248292],[-115.12147,36.248291],[-115.121841,36.24829],[-115.122147,36.248289]]],[[[-115.269754,36.248071],[-115.269753,36.248207],[-115.269752,36.249924],[-115.269746,36.251798],[-115.267419,36.251751],[-115.267411,36.249889],[-115.267403,36.248144],[-115.267404,36.248009],[-115.267404,36.248009],[-115.26741,36.248009],[-115.269754,36.248071]]],[[[-115.124326,36.249686],[-115.123699,36.249688],[-115.123597,36.249689],[-115.123595,36.249383],[-115.123697,36.249384],[-115.124325,36.249382],[-115.124692,36.249381],[-115.124692,36.24946],[-115.125687,36.249457],[-115.125822,36.249457],[-115.125822,36.249682],[-115.125687,36.249682],[-115.124709,36.249685],[-115.124326,36.249686]]],[[[-115.225552,36.250086],[-115.225553,36.250049],[-115.225653,36.250059],[-115.225659,36.25006],[-115.225833,36.250077],[-115.226514,36.250145],[-115.226851,36.250178],[-115.227183,36.250211],[-115.227187,36.251142],[-115.226848,36.251107],[-115.226519,36.251074],[-115.225721,36.250994],[-115.225654,36.250987],[-115.225545,36.250975],[-115.225552,36.250086]]],[[[-115.125822,36.249155],[-115.125686,36.249156],[-115.124856,36.249155],[-115.124856,36.249078],[-115.123696,36.249081],[-115.123594,36.24908],[-115.123592,36.248779],[-115.123694,36.248779],[-115.123728,36.248779],[-115.12389,36.248779],[-115.124023,36.248778],[-115.124155,36.248778],[-115.124288,36.248778],[-115.12442,36.248777],[-115.124553,36.248777],[-115.124685,36.248777],[-115.124817,36.248776],[-115.12495,36.248776],[-115.125082,36.248776],[-115.125215,36.248775],[-115.125347,36.248775],[-115.12548,36.248775],[-115.125651,36.248774],[-115.125686,36.248774],[-115.125821,36.248775],[-115.125822,36.249155]]],[[[-115.257062,36.238778],[-115.257065,36.23868],[-115.255934,36.238667],[-115.255962,36.237738],[-115.256064,36.237739],[-115.257092,36.237742],[-115.257421,36.237744],[-115.258217,36.237752],[-115.25826,36.236906],[-115.258265,36.236823],[-115.258338,36.234974],[-115.259954,36.23498],[-115.259951,36.235062],[-115.259933,36.235486],[-115.260428,36.235487],[-115.2606,36.235488],[-115.260539,36.236838],[-115.260539,36.236841],[-115.260459,36.238669],[-115.260457,36.238723],[-115.260288,36.23872],[-115.259329,36.238708],[-115.259325,36.238791],[-115.259311,36.23915],[-115.259292,36.239623],[-115.25927,36.24009],[-115.259263,36.240239],[-115.259255,36.240414],[-115.259249,36.240552],[-115.258114,36.240545],[-115.258146,36.239615],[-115.25804,36.239614],[-115.25769,36.239612],[-115.257384,36.239611],[-115.257344,36.23961],[-115.257034,36.239609],[-115.257043,36.23933],[-115.257053,36.239055],[-115.257062,36.238778]]],[[[-115.255894,36.239979],[-115.255906,36.239602],[-115.255986,36.239603],[-115.256008,36.239603],[-115.256035,36.239603],[-115.256521,36.239606],[-115.256512,36.239876],[-115.256512,36.239878],[-115.256496,36.240381],[-115.256495,36.240398],[-115.256494,36.240529],[-115.256494,36.240535],[-115.256473,36.240535],[-115.256223,36.240533],[-115.255878,36.240531],[-115.255894,36.239979]]],[[[-115.346944,36.251493],[-115.346951,36.253329],[-115.342386,36.253333],[-115.342393,36.255167],[-115.337823,36.255172],[-115.333253,36.255176],[-115.32869,36.255187],[-115.325267,36.255195],[-115.324126,36.255197],[-115.319362,36.255232],[-115.31932,36.255232],[-115.31885,36.255235],[-115.318481,36.255238],[-115.317594,36.255244],[-115.317271,36.255247],[-115.316128,36.255255],[-115.315937,36.255256],[-115.315155,36.255262],[-115.315063,36.255262],[-115.315017,36.255263],[-115.314986,36.255263],[-115.314986,36.25521],[-115.314986,36.255124],[-115.314987,36.25491],[-115.314992,36.253826],[-115.314993,36.25342],[-115.315163,36.253419],[-115.316136,36.253412],[-115.317278,36.253404],[-115.317462,36.253403],[-115.317786,36.2534],[-115.31842,36.253396],[-115.319563,36.253388],[-115.319569,36.251628],[-115.319569,36.251545],[-115.320711,36.251537],[-115.321853,36.251529],[-115.322995,36.251521],[-115.324137,36.251513],[-115.324137,36.251595],[-115.324132,36.253355],[-115.325272,36.253354],[-115.326412,36.253353],[-115.327552,36.253351],[-115.328692,36.25335],[-115.328695,36.251595],[-115.328695,36.251513],[-115.329835,36.251513],[-115.330974,36.251512],[-115.332114,36.251512],[-115.333254,36.251512],[-115.333254,36.253344],[-115.33782,36.253339],[-115.337816,36.251506],[-115.342378,36.2515],[-115.346944,36.251493]]],[[[-115.255966,36.255429],[-115.253675,36.255445],[-115.251401,36.255461],[-115.251362,36.253547],[-115.251327,36.251649],[-115.251324,36.251509],[-115.251289,36.249732],[-115.251287,36.249639],[-115.251256,36.247981],[-115.251253,36.247838],[-115.253519,36.247831],[-115.253527,36.247831],[-115.255802,36.247826],[-115.255813,36.248371],[-115.25591,36.248371],[-115.256925,36.248368],[-115.256917,36.24796],[-115.256915,36.247823],[-115.258039,36.24782],[-115.258454,36.247818],[-115.260351,36.247813],[-115.261524,36.247846],[-115.261617,36.247849],[-115.261696,36.24785],[-115.261741,36.247851],[-115.262115,36.24786],[-115.262638,36.247876],[-115.262696,36.247878],[-115.26277,36.24788],[-115.262779,36.247881],[-115.263277,36.247894],[-115.263869,36.247909],[-115.26387,36.247909],[-115.263885,36.247909],[-115.263933,36.247911],[-115.263936,36.247911],[-115.263953,36.247911],[-115.265052,36.247942],[-115.266224,36.247975],[-115.266222,36.248111],[-115.266225,36.248467],[-115.266227,36.248815],[-115.266228,36.248915],[-115.26623,36.249164],[-115.266231,36.249344],[-115.265715,36.24933],[-115.265159,36.249316],[-115.26506,36.249313],[-115.265055,36.248884],[-115.26496,36.248881],[-115.26496,36.248881],[-115.26496,36.248881],[-115.264553,36.24887],[-115.263965,36.248854],[-115.263931,36.248853],[-115.263933,36.248992],[-115.263938,36.24928],[-115.263943,36.249657],[-115.263945,36.249796],[-115.263979,36.249797],[-115.264565,36.249812],[-115.264963,36.249823],[-115.264966,36.249823],[-115.264966,36.249823],[-115.264966,36.249823],[-115.265065,36.249821],[-115.265076,36.250761],[-115.265178,36.250764],[-115.265659,36.250775],[-115.26566,36.250833],[-115.26566,36.250835],[-115.26566,36.250837],[-115.265661,36.250926],[-115.265664,36.251309],[-115.265667,36.251631],[-115.265668,36.251713],[-115.265668,36.251714],[-115.265662,36.251713],[-115.265087,36.251701],[-115.265092,36.252157],[-115.265092,36.25217],[-115.265099,36.25217],[-115.265103,36.252526],[-115.265104,36.252643],[-115.265114,36.253583],[-115.265115,36.253668],[-115.265134,36.255378],[-115.265135,36.25546],[-115.265135,36.255461],[-115.262847,36.255429],[-115.261722,36.255413],[-115.260768,36.255399],[-115.260531,36.255396],[-115.258196,36.255413],[-115.255966,36.255429]]],[[[-115.125688,36.250589],[-115.125824,36.250589],[-115.12583,36.252308],[-115.12583,36.252406],[-115.125694,36.252406],[-115.12472,36.252411],[-115.123713,36.252416],[-115.123611,36.252416],[-115.123608,36.251961],[-115.123606,36.251507],[-115.123601,36.250598],[-115.125688,36.250589]]],[[[-115.30589,36.280976],[-115.304764,36.280968],[-115.303638,36.280959],[-115.302512,36.280951],[-115.301949,36.280947],[-115.301386,36.280943],[-115.300823,36.280938],[-115.30026,36.280934],[-115.300259,36.280395],[-115.300259,36.280121],[-115.300259,36.280021],[-115.300258,36.27979],[-115.300257,36.279108],[-115.299132,36.2791],[-115.299132,36.27908],[-115.299131,36.279018],[-115.299131,36.279001],[-115.299131,36.278845],[-115.299131,36.2787],[-115.29913,36.278501],[-115.29913,36.27835],[-115.299129,36.27815],[-115.299129,36.277999],[-115.299129,36.277798],[-115.299128,36.277647],[-115.299128,36.277439],[-115.299128,36.277412],[-115.299128,36.277398],[-115.299128,36.277274],[-115.299131,36.27715],[-115.299188,36.275532],[-115.29919,36.27545],[-115.298068,36.275444],[-115.296946,36.275439],[-115.295822,36.275447],[-115.294695,36.275454],[-115.294691,36.275536],[-115.294622,36.277148],[-115.294617,36.277271],[-115.295744,36.277266],[-115.296872,36.277261],[-115.296872,36.277399],[-115.296878,36.279085],[-115.29688,36.279795],[-115.296881,36.280121],[-115.296882,36.280404],[-115.296884,36.280908],[-115.296714,36.280908],[-115.295754,36.28091],[-115.294625,36.280912],[-115.294318,36.280913],[-115.293494,36.280914],[-115.292364,36.280916],[-115.292364,36.280552],[-115.292364,36.28037],[-115.292364,36.280221],[-115.292363,36.279915],[-115.292363,36.279099],[-115.290105,36.279106],[-115.290105,36.279386],[-115.290105,36.280094],[-115.290105,36.280179],[-115.290104,36.280776],[-115.290104,36.28092],[-115.288974,36.280922],[-115.288109,36.280923],[-115.287844,36.280924],[-115.287845,36.28071],[-115.287846,36.27985],[-115.287846,36.279765],[-115.287847,36.279113],[-115.287848,36.279026],[-115.288658,36.279105],[-115.288955,36.279143],[-115.288976,36.279147],[-115.288976,36.279109],[-115.288976,36.27903],[-115.288977,36.27848],[-115.289122,36.278523],[-115.289228,36.278559],[-115.289384,36.278618],[-115.289486,36.278661],[-115.289635,36.278731],[-115.289732,36.278781],[-115.289873,36.278861],[-115.290004,36.278942],[-115.290104,36.278991],[-115.290104,36.278903],[-115.290104,36.278782],[-115.290105,36.278221],[-115.290105,36.277728],[-115.290105,36.277292],[-115.290106,36.27728],[-115.290132,36.276774],[-115.290152,36.276386],[-115.29017,36.275978],[-115.290192,36.275485],[-115.289064,36.27549],[-115.28906,36.275572],[-115.289041,36.275984],[-115.289022,36.276395],[-115.288979,36.277289],[-115.288978,36.277297],[-115.288256,36.2773],[-115.28785,36.277302],[-115.287893,36.276399],[-115.287894,36.276391],[-115.287914,36.275959],[-115.287937,36.275498],[-115.287937,36.275494],[-115.287347,36.275496],[-115.287285,36.275496],[-115.287286,36.275417],[-115.287301,36.274965],[-115.287319,36.274593],[-115.287257,36.274593],[-115.286822,36.274596],[-115.286837,36.274185],[-115.286852,36.273783],[-115.286852,36.2737],[-115.287362,36.273692],[-115.288021,36.273681],[-115.288082,36.271964],[-115.288085,36.271882],[-115.286901,36.271896],[-115.285753,36.271904],[-115.284553,36.271912],[-115.283439,36.271924],[-115.283441,36.271803],[-115.283339,36.271803],[-115.28293,36.271524],[-115.282813,36.271445],[-115.282625,36.271447],[-115.282613,36.271447],[-115.282613,36.271502],[-115.282618,36.27185],[-115.28262,36.271932],[-115.282275,36.271935],[-115.281104,36.271945],[-115.281109,36.271461],[-115.281117,36.270658],[-115.281122,36.270144],[-115.279966,36.270156],[-115.279962,36.270157],[-115.278793,36.270169],[-115.27652,36.270186],[-115.276487,36.270186],[-115.275388,36.270193],[-115.274272,36.270201],[-115.272017,36.270218],[-115.269758,36.270235],[-115.269757,36.270139],[-115.26975,36.268757],[-115.269751,36.268484],[-115.269751,36.268466],[-115.269751,36.268414],[-115.26975,36.268291],[-115.269746,36.267463],[-115.269742,36.266608],[-115.269832,36.266607],[-115.269875,36.266607],[-115.269877,36.266607],[-115.270182,36.266606],[-115.270551,36.266605],[-115.270789,36.266604],[-115.271026,36.266603],[-115.271264,36.266602],[-115.271501,36.266601],[-115.271739,36.266601],[-115.271976,36.2666],[-115.272214,36.266599],[-115.272451,36.266598],[-115.272689,36.266597],[-115.272926,36.266596],[-115.273219,36.266595],[-115.273672,36.266594],[-115.274127,36.266592],[-115.274159,36.266592],[-115.274175,36.266592],[-115.274229,36.266592],[-115.275245,36.266589],[-115.275246,36.266589],[-115.276506,36.266582],[-115.276508,36.266582],[-115.277635,36.266577],[-115.277636,36.266577],[-115.278764,36.266573],[-115.278749,36.264775],[-115.279456,36.264752],[-115.279943,36.264736],[-115.279943,36.264658],[-115.279942,36.26429],[-115.279941,36.263892],[-115.279942,36.263494],[-115.279944,36.263095],[-115.279944,36.263081],[-115.279946,36.262943],[-115.278734,36.262979],[-115.278743,36.262063],[-115.278777,36.261142],[-115.278808,36.26024],[-115.278823,36.25979],[-115.278839,36.25932],[-115.278868,36.258401],[-115.278893,36.25749],[-115.280088,36.257474],[-115.28009,36.257391],[-115.280112,36.256565],[-115.279622,36.256569],[-115.279612,36.256983],[-115.279081,36.256988],[-115.278909,36.256989],[-115.278923,36.256575],[-115.278947,36.255654],[-115.278975,36.25474],[-115.279001,36.253828],[-115.279001,36.253823],[-115.279022,36.253078],[-115.279026,36.252902],[-115.279051,36.251992],[-115.276725,36.251943],[-115.276716,36.251943],[-115.276112,36.251931],[-115.275562,36.251919],[-115.274398,36.251895],[-115.273788,36.251882],[-115.272632,36.251858],[-115.272635,36.251775],[-115.27264,36.251414],[-115.272641,36.251394],[-115.272646,36.251039],[-115.273176,36.251052],[-115.273707,36.251064],[-115.273808,36.251066],[-115.273822,36.250467],[-115.273832,36.250057],[-115.273921,36.25006],[-115.274469,36.250074],[-115.27502,36.250089],[-115.27502,36.250116],[-115.275579,36.25013],[-115.276189,36.250153],[-115.276191,36.250117],[-115.276202,36.249704],[-115.276205,36.249599],[-115.276213,36.249344],[-115.276214,36.249296],[-115.276222,36.249027],[-115.276231,36.248711],[-115.276232,36.248689],[-115.27624,36.248384],[-115.276244,36.248248],[-115.275661,36.248232],[-115.275629,36.248094],[-115.275629,36.247734],[-115.27563,36.247627],[-115.27563,36.247572],[-115.27563,36.247393],[-115.275631,36.247251],[-115.275631,36.247052],[-115.275631,36.246929],[-115.275632,36.246711],[-115.275632,36.246608],[-115.275633,36.24637],[-115.275633,36.246286],[-115.275634,36.24603],[-115.275634,36.245965],[-115.275634,36.245689],[-115.275635,36.245644],[-115.275635,36.245348],[-115.275635,36.245322],[-115.275636,36.245007],[-115.275637,36.244666],[-115.275637,36.244585],[-115.274469,36.244553],[-115.274468,36.244627],[-115.274468,36.244636],[-115.274463,36.245919],[-115.274461,36.246346],[-115.274461,36.246369],[-115.274461,36.246377],[-115.274459,36.246845],[-115.274458,36.247272],[-115.274454,36.248062],[-115.274454,36.248063],[-115.274454,36.248199],[-115.27387,36.248183],[-115.273846,36.249362],[-115.27384,36.249681],[-115.273738,36.24968],[-115.273198,36.249663],[-115.272658,36.249646],[-115.272662,36.249365],[-115.272665,36.249191],[-115.272665,36.249032],[-115.272667,36.248672],[-115.272668,36.248287],[-115.272669,36.248151],[-115.272669,36.248151],[-115.272389,36.248143],[-115.272108,36.248135],[-115.271285,36.248113],[-115.269754,36.248071],[-115.269755,36.247936],[-115.269755,36.247934],[-115.269759,36.247549],[-115.269625,36.247546],[-115.268567,36.247517],[-115.26857,36.247187],[-115.26857,36.247133],[-115.268573,36.246869],[-115.268574,36.246748],[-115.268576,36.24655],[-115.268578,36.246363],[-115.268579,36.246231],[-115.268582,36.245979],[-115.268582,36.245913],[-115.268585,36.245594],[-115.268936,36.245603],[-115.26907,36.245607],[-115.269282,36.245613],[-115.269645,36.245623],[-115.26978,36.245627],[-115.269783,36.245331],[-115.269786,36.245039],[-115.269792,36.244427],[-115.267435,36.244373],[-115.266871,36.244361],[-115.265078,36.24432],[-115.263899,36.244293],[-115.26272,36.244266],[-115.26272,36.244266],[-115.262705,36.245168],[-115.262608,36.245166],[-115.262587,36.245165],[-115.262248,36.245157],[-115.261909,36.245149],[-115.26157,36.245141],[-115.261231,36.245133],[-115.260892,36.245124],[-115.260543,36.245116],[-115.260523,36.245116],[-115.26036,36.245116],[-115.260363,36.244212],[-115.260366,36.243298],[-115.26037,36.242413],[-115.26037,36.242384],[-115.260371,36.241928],[-115.260373,36.241471],[-115.26054,36.241475],[-115.261554,36.241501],[-115.261557,36.240726],[-115.261558,36.240588],[-115.262114,36.240603],[-115.262714,36.240618],[-115.262738,36.240619],[-115.262742,36.240523],[-115.262742,36.240509],[-115.262742,36.240506],[-115.262743,36.240481],[-115.262743,36.24048],[-115.262746,36.240413],[-115.262806,36.238764],[-115.262839,36.237835],[-115.262937,36.237838],[-115.263504,36.237855],[-115.263517,36.23747],[-115.262951,36.237454],[-115.262852,36.237451],[-115.262868,36.236991],[-115.262871,36.236908],[-115.265144,36.236977],[-115.265197,36.236978],[-115.26638,36.237014],[-115.26693,36.237031],[-115.267514,36.237048],[-115.269704,36.237114],[-115.269868,36.237119],[-115.269877,36.236194],[-115.269877,36.23619],[-115.269882,36.235731],[-115.269887,36.235277],[-115.270022,36.235281],[-115.271021,36.235313],[-115.272169,36.23535],[-115.273323,36.235389],[-115.273349,36.23539],[-115.274493,36.235425],[-115.275652,36.23546],[-115.275658,36.235378],[-115.275658,36.234964],[-115.275658,36.234963],[-115.275659,36.234716],[-115.275659,36.234555],[-115.27566,36.234455],[-115.27566,36.234208],[-115.275661,36.23415],[-115.275662,36.233795],[-115.275662,36.233777],[-115.275662,36.233777],[-115.275662,36.233637],[-115.276052,36.233651],[-115.276812,36.233678],[-115.277653,36.233707],[-115.277961,36.233718],[-115.279111,36.233759],[-115.279604,36.233757],[-115.280272,36.233754],[-115.280293,36.233754],[-115.281412,36.233749],[-115.28144,36.233749],[-115.28144,36.233755],[-115.28144,36.233873],[-115.28144,36.233887],[-115.281439,36.234656],[-115.281435,36.235308],[-115.281434,36.23549],[-115.281433,36.235569],[-115.281523,36.235569],[-115.281747,36.235567],[-115.282591,36.235563],[-115.282592,36.236249],[-115.282592,36.236431],[-115.282592,36.236473],[-115.282592,36.236602],[-115.282592,36.236945],[-115.282592,36.2373],[-115.282592,36.237382],[-115.282593,36.237464],[-115.282592,36.237883],[-115.282592,36.238291],[-115.282595,36.238696],[-115.282597,36.239109],[-115.282597,36.239199],[-115.282597,36.239281],[-115.282599,36.239694],[-115.2826,36.240107],[-115.283126,36.240103],[-115.283653,36.240099],[-115.283747,36.240098],[-115.283744,36.241006],[-115.28375,36.241006],[-115.284891,36.240997],[-115.286016,36.240987],[-115.286025,36.24191],[-115.286313,36.241906],[-115.2866,36.241903],[-115.286726,36.241902],[-115.287022,36.241899],[-115.287174,36.241898],[-115.287192,36.240977],[-115.287197,36.240072],[-115.286028,36.240081],[-115.28604,36.239174],[-115.284896,36.239182],[-115.284898,36.238273],[-115.2849,36.237448],[-115.2849,36.237368],[-115.286054,36.237362],[-115.28721,36.237355],[-115.28721,36.237272],[-115.287213,36.23686],[-115.286836,36.236862],[-115.286685,36.236863],[-115.286686,36.23674],[-115.286687,36.23645],[-115.287102,36.236448],[-115.287215,36.236447],[-115.287572,36.236445],[-115.287726,36.236445],[-115.288238,36.236442],[-115.288239,36.236442],[-115.288374,36.236441],[-115.28851,36.23644],[-115.289018,36.236437],[-115.289067,36.236437],[-115.289526,36.236435],[-115.289619,36.236434],[-115.290052,36.236432],[-115.290172,36.236431],[-115.290577,36.236429],[-115.290678,36.236428],[-115.290675,36.236718],[-115.290674,36.236839],[-115.29067,36.237237],[-115.290669,36.237251],[-115.290668,36.237333],[-115.291818,36.237327],[-115.291817,36.237405],[-115.291817,36.237409],[-115.291817,36.237419],[-115.291813,36.237748],[-115.291812,36.23782],[-115.291806,36.23823],[-115.29187,36.238229],[-115.292329,36.238226],[-115.292677,36.238224],[-115.292828,36.238222],[-115.292845,36.238222],[-115.292852,36.238222],[-115.292953,36.238222],[-115.292968,36.23732],[-115.294118,36.237313],[-115.295167,36.237306],[-115.295268,36.237306],[-115.295269,36.237265],[-115.29527,36.237223],[-115.29527,36.237211],[-115.295276,36.236925],[-115.295279,36.236813],[-115.295283,36.236604],[-115.295287,36.236407],[-115.295389,36.236406],[-115.295668,36.236405],[-115.295863,36.236404],[-115.296049,36.236404],[-115.29644,36.236402],[-115.296439,36.236431],[-115.29643,36.236806],[-115.29643,36.236812],[-115.296421,36.237206],[-115.29642,36.237216],[-115.296419,36.237299],[-115.297568,36.237292],[-115.297593,36.236398],[-115.297593,36.236389],[-115.297602,36.235958],[-115.297612,36.235491],[-115.297639,36.234589],[-115.297656,36.233949],[-115.297664,36.233682],[-115.298767,36.233642],[-115.29987,36.233603],[-115.300971,36.233563],[-115.302074,36.233523],[-115.302034,36.235339],[-115.302014,36.236247],[-115.301994,36.237155],[-115.303109,36.237123],[-115.304211,36.23709],[-115.305313,36.237058],[-115.305312,36.23714],[-115.305279,36.23888],[-115.306381,36.238837],[-115.307487,36.238808],[-115.307519,36.236991],[-115.306416,36.237025],[-115.306452,36.235192],[-115.307554,36.235156],[-115.307561,36.234817],[-115.307567,36.234479],[-115.307574,36.23414],[-115.307581,36.233802],[-115.307587,36.233463],[-115.30759,36.233325],[-115.307598,36.233325],[-115.308693,36.233286],[-115.308715,36.233285],[-115.309805,36.233246],[-115.310899,36.233209],[-115.312002,36.233168],[-115.313104,36.233128],[-115.314207,36.233088],[-115.315437,36.233043],[-115.315332,36.236755],[-115.315279,36.238611],[-115.315193,36.240471],[-115.315104,36.24418],[-115.315104,36.24418],[-115.31506,36.246053],[-115.315017,36.247891],[-115.315011,36.249174],[-115.315009,36.249734],[-115.313841,36.249753],[-115.313841,36.249835],[-115.313838,36.250255],[-115.313835,36.250675],[-115.313832,36.251095],[-115.313828,36.251515],[-115.313828,36.251577],[-115.313828,36.251597],[-115.313828,36.251618],[-115.313827,36.25168],[-115.313822,36.252518],[-115.313817,36.253367],[-115.313817,36.25345],[-115.313796,36.255295],[-115.312703,36.255312],[-115.312705,36.25347],[-115.312736,36.251616],[-115.311645,36.251635],[-115.310553,36.251653],[-115.310543,36.253504],[-115.309452,36.253522],[-115.309462,36.251672],[-115.309424,36.251673],[-115.30837,36.251691],[-115.30837,36.251773],[-115.308368,36.252194],[-115.308366,36.252615],[-115.308363,36.253457],[-115.308363,36.253539],[-115.307272,36.253558],[-115.307273,36.253476],[-115.307275,36.252716],[-115.307276,36.252634],[-115.307277,36.252213],[-115.307279,36.251791],[-115.307279,36.25171],[-115.307279,36.251627],[-115.30728,36.251418],[-115.307281,36.251206],[-115.307282,36.250965],[-115.307282,36.250955],[-115.307283,36.250785],[-115.307778,36.250777],[-115.308273,36.250769],[-115.308371,36.250767],[-115.308375,36.250767],[-115.308379,36.249843],[-115.307286,36.249861],[-115.306194,36.249879],[-115.306194,36.24989],[-115.306191,36.250804],[-115.30619,36.251179],[-115.30619,36.251182],[-115.306188,36.251728],[-115.306188,36.251758],[-115.306182,36.253575],[-115.306176,36.255428],[-115.305085,36.255452],[-115.305087,36.255363],[-115.305092,36.25452],[-115.305095,36.254099],[-115.305097,36.253677],[-115.305098,36.253592],[-115.304018,36.253615],[-115.304,36.253616],[-115.302904,36.253639],[-115.302904,36.25371],[-115.302903,36.254305],[-115.302901,36.254816],[-115.302899,36.255379],[-115.302899,36.255405],[-115.302899,36.255489],[-115.304,36.255472],[-115.304,36.255554],[-115.303988,36.257188],[-115.303988,36.257271],[-115.303975,36.259062],[-115.305076,36.25905],[-115.305085,36.258144],[-115.305088,36.257803],[-115.305092,36.257333],[-115.305089,36.257255],[-115.30617,36.257243],[-115.306201,36.257242],[-115.306306,36.257241],[-115.307262,36.257226],[-115.307433,36.257223],[-115.30836,36.257209],[-115.309432,36.257192],[-115.31051,36.257175],[-115.310525,36.257175],[-115.311567,36.257159],[-115.311603,36.257159],[-115.311615,36.257158],[-115.312699,36.257142],[-115.312697,36.257225],[-115.312687,36.257893],[-115.312672,36.258862],[-115.31267,36.258983],[-115.312666,36.259313],[-115.312659,36.259881],[-115.312638,36.260723],[-115.312637,36.260805],[-115.312535,36.260805],[-115.311597,36.260806],[-115.311596,36.261173],[-115.311593,36.261608],[-115.311591,36.262044],[-115.311589,36.26248],[-115.311589,36.262507],[-115.311588,36.262644],[-115.311589,36.262644],[-115.311615,36.262644],[-115.312603,36.262641],[-115.312675,36.262641],[-115.313669,36.262638],[-115.313762,36.262638],[-115.314954,36.262634],[-115.316098,36.262626],[-115.316099,36.262488],[-115.316101,36.262127],[-115.316104,36.261769],[-115.316106,36.261423],[-115.31611,36.260866],[-115.316106,36.260783],[-115.316106,36.260701],[-115.316108,36.260281],[-115.31611,36.259862],[-115.316111,36.259442],[-115.316112,36.259329],[-115.316113,36.259023],[-115.316113,36.25894],[-115.317256,36.258932],[-115.3184,36.258924],[-115.318398,36.259339],[-115.318396,36.259845],[-115.318395,36.260264],[-115.318393,36.260684],[-115.318393,36.260766],[-115.318393,36.260766],[-115.318386,36.262609],[-115.31953,36.2626],[-115.31953,36.262463],[-115.319532,36.262071],[-115.319533,36.261679],[-115.319536,36.260758],[-115.32068,36.260749],[-115.32068,36.260832],[-115.320677,36.26167],[-115.320675,36.262062],[-115.320674,36.262454],[-115.320674,36.262592],[-115.320675,36.262729],[-115.320682,36.263511],[-115.32069,36.264347],[-115.320691,36.26443],[-115.321833,36.26442],[-115.322974,36.264411],[-115.32398,36.264402],[-115.324116,36.264401],[-115.324127,36.266237],[-115.324132,36.267095],[-115.324137,36.268073],[-115.324002,36.268075],[-115.323899,36.268076],[-115.323,36.268085],[-115.322999,36.268048],[-115.322995,36.267445],[-115.322993,36.267075],[-115.32299,36.266703],[-115.322987,36.26633],[-115.322987,36.266247],[-115.321848,36.266258],[-115.321858,36.267432],[-115.321863,36.268095],[-115.321868,36.268691],[-115.321878,36.269932],[-115.321884,36.271768],[-115.321884,36.271851],[-115.321886,36.272687],[-115.321888,36.273522],[-115.321889,36.273605],[-115.32303,36.273592],[-115.32303,36.273676],[-115.323032,36.274093],[-115.323033,36.274213],[-115.323034,36.27451],[-115.323035,36.274702],[-115.323038,36.275345],[-115.323043,36.27543],[-115.323038,36.275511],[-115.323043,36.275851],[-115.323044,36.275903],[-115.323044,36.276167],[-115.323044,36.276316],[-115.323045,36.276483],[-115.323045,36.276727],[-115.323045,36.276799],[-115.323045,36.277126],[-115.323046,36.277263],[-115.321899,36.277277],[-115.321898,36.277277],[-115.321797,36.277279],[-115.321325,36.277284],[-115.320752,36.277291],[-115.320752,36.277154],[-115.32075,36.275819],[-115.32075,36.275812],[-115.32075,36.275537],[-115.32075,36.275455],[-115.32075,36.275372],[-115.320749,36.274537],[-115.320748,36.2737],[-115.320748,36.273618],[-115.320748,36.273612],[-115.320748,36.273535],[-115.320747,36.2727],[-115.320746,36.271864],[-115.320746,36.271781],[-115.319608,36.271794],[-115.319607,36.271876],[-115.319607,36.273549],[-115.319607,36.273631],[-115.318465,36.273644],[-115.317425,36.273656],[-115.317324,36.273657],[-115.317318,36.27518],[-115.317317,36.275496],[-115.316173,36.275509],[-115.316174,36.275427],[-115.316183,36.273753],[-115.316183,36.273671],[-115.315042,36.273684],[-115.315029,36.275523],[-115.313801,36.275517],[-115.313801,36.275435],[-115.313804,36.275017],[-115.313804,36.275012],[-115.313807,36.274598],[-115.31381,36.27418],[-115.313813,36.273761],[-115.313814,36.273679],[-115.313836,36.271844],[-115.313292,36.271843],[-115.312714,36.271842],[-115.312715,36.271921],[-115.31271,36.272262],[-115.312706,36.272594],[-115.312702,36.272927],[-115.312698,36.273259],[-115.312694,36.273594],[-115.312693,36.273676],[-115.312078,36.273673],[-115.31157,36.27367],[-115.311568,36.273753],[-115.31156,36.274589],[-115.31156,36.274589],[-115.312072,36.274591],[-115.312584,36.274593],[-115.312685,36.274594],[-115.312677,36.275512],[-115.31266,36.277349],[-115.311532,36.277343],[-115.311551,36.275507],[-115.310425,36.275502],[-115.3093,36.275497],[-115.308175,36.275492],[-115.308148,36.277325],[-115.305892,36.277313],[-115.304765,36.277307],[-115.30475,36.277307],[-115.303637,36.2773],[-115.303659,36.276385],[-115.303659,36.276385],[-115.303635,36.276385],[-115.303557,36.276385],[-115.303046,36.276382],[-115.302534,36.27638],[-115.302524,36.276768],[-115.302513,36.277156],[-115.30251,36.277294],[-115.302482,36.277294],[-115.301382,36.277287],[-115.301384,36.279115],[-115.301948,36.279119],[-115.302511,36.279122],[-115.303637,36.279129],[-115.304764,36.279139],[-115.305891,36.279145],[-115.305891,36.279611],[-115.30589,36.280291],[-115.30589,36.280567],[-115.30589,36.280976]]]]},"properties":{"neighborhood":"Unincorporated Areas"}},{"type":"Feature","geometry":{"type":"MultiPolygon","coordinates":[[[[-114.97703,36.279459],[-114.977125,36.268784],[-114.977125,36.268784],[-114.973377,36.268789],[-114.951067,36.268735],[-114.95106,36.272322],[-114.928608,36.272436],[-114.928706,36.268717],[-114.928412,36.26871],[-114.928411,36.268375],[-114.927717,36.268364],[-114.9192,36.268349],[-114.919208,36.264635],[-114.919215,36.261618],[-114.919232,36.253821],[-114.919247,36.247105],[-114.919239,36.238773],[-114.919237,36.236732],[-114.919242,36.231129],[-114.928131,36.231217],[-114.936708,36.2313],[-114.937078,36.231304],[-114.937092,36.22245],[-114.937099,36.21804],[-114.954873,36.218161],[-114.96287,36.218215],[-114.964905,36.218228],[-114.96497,36.231503],[-114.973116,36.231559],[-114.989351,36.231641],[-114.989325,36.232468],[-114.994414,36.232496],[-114.994532,36.228991],[-114.994634,36.225284],[-115.003393,36.225261],[-115.003399,36.224925],[-115.003515,36.218291],[-115.007178,36.218284],[-115.011718,36.218274],[-115.016259,36.218265],[-115.020768,36.218247],[-115.025149,36.218233],[-115.02532,36.21823],[-115.026807,36.218228],[-115.02805,36.218226],[-115.028502,36.218226],[-115.029863,36.218224],[-115.030078,36.216111],[-115.030116,36.21574],[-115.030256,36.214367],[-115.032522,36.214395],[-115.032575,36.214396],[-115.032583,36.214314],[-115.032595,36.214199],[-115.032621,36.213935],[-115.032632,36.213826],[-115.032643,36.213716],[-115.032654,36.213607],[-115.032665,36.213497],[-115.032676,36.213388],[-115.032687,36.213278],[-115.032698,36.213169],[-115.032709,36.213059],[-115.03272,36.21295],[-115.032731,36.21284],[-115.032742,36.212731],[-115.032753,36.212621],[-115.032764,36.212512],[-115.032775,36.212402],[-115.032786,36.212293],[-115.032797,36.212183],[-115.032808,36.212074],[-115.03282,36.211964],[-115.032831,36.211855],[-115.032842,36.211745],[-115.032853,36.211636],[-115.032864,36.211526],[-115.032875,36.211417],[-115.032887,36.211308],[-115.032898,36.211198],[-115.032909,36.211089],[-115.032941,36.210778],[-115.03295,36.210681],[-115.032959,36.210569],[-115.033387,36.210581],[-115.033632,36.210588],[-115.035066,36.210628],[-115.035168,36.21063],[-115.035159,36.210743],[-115.034976,36.212542],[-115.034796,36.214341],[-115.034791,36.214397],[-115.034788,36.214424],[-115.034597,36.216335],[-115.034531,36.216978],[-115.034472,36.217573],[-115.034406,36.218216],[-115.03901,36.218206],[-115.039017,36.21807],[-115.039051,36.217307],[-115.043571,36.217265],[-115.043578,36.214535],[-115.043578,36.214491],[-115.043583,36.212658],[-115.043586,36.210864],[-115.043627,36.20744],[-115.043633,36.207202],[-115.043634,36.207085],[-115.043645,36.205962],[-115.043651,36.2053],[-115.043673,36.20354],[-115.043809,36.20354],[-115.044042,36.20354],[-115.044249,36.203541],[-115.044449,36.203541],[-115.04465,36.203542],[-115.044857,36.203543],[-115.045061,36.203544],[-115.045266,36.203545],[-115.045465,36.203547],[-115.045671,36.203548],[-115.045874,36.203548],[-115.04608,36.203547],[-115.046283,36.203548],[-115.046488,36.20355],[-115.046689,36.203551],[-115.046889,36.203552],[-115.047095,36.203552],[-115.047299,36.203553],[-115.047503,36.203554],[-115.047709,36.203553],[-115.047911,36.203554],[-115.048111,36.203555],[-115.048314,36.203557],[-115.048517,36.203557],[-115.048725,36.203558],[-115.048925,36.203559],[-115.049131,36.20356],[-115.049334,36.203561],[-115.049537,36.20356],[-115.049742,36.20356],[-115.049945,36.203562],[-115.050148,36.203563],[-115.050348,36.203564],[-115.050559,36.203565],[-115.050754,36.203566],[-115.050962,36.203566],[-115.051159,36.203567],[-115.051368,36.203566],[-115.051576,36.203568],[-115.051779,36.203569],[-115.051982,36.20357],[-115.052182,36.203569],[-115.052388,36.20357],[-115.052588,36.203571],[-115.052813,36.203572],[-115.052919,36.203572],[-115.055292,36.203581],[-115.057543,36.203589],[-115.057543,36.204508],[-115.057543,36.205427],[-115.057543,36.205886],[-115.057543,36.206345],[-115.057543,36.206805],[-115.057543,36.207264],[-115.057443,36.207257],[-115.056896,36.207256],[-115.055318,36.207251],[-115.055216,36.207251],[-115.055114,36.20725],[-115.054553,36.207248],[-115.054046,36.207247],[-115.053506,36.207245],[-115.052897,36.207243],[-115.052891,36.20827],[-115.052888,36.208777],[-115.052886,36.209229],[-115.052885,36.20934],[-115.052882,36.209778],[-115.052882,36.209833],[-115.052874,36.210914],[-115.052888,36.212739],[-115.052902,36.214588],[-115.052916,36.216402],[-115.05293,36.218263],[-115.053028,36.218264],[-115.054136,36.218271],[-115.054252,36.218272],[-115.057497,36.218293],[-115.057549,36.218293],[-115.059834,36.218308],[-115.061996,36.218321],[-115.061989,36.222001],[-115.061986,36.225681],[-115.061978,36.229354],[-115.061972,36.233015],[-115.061972,36.234803],[-115.061229,36.235235],[-115.060388,36.235729],[-115.059752,36.2361],[-115.059334,36.236346],[-115.058936,36.236576],[-115.058799,36.236657],[-115.058521,36.236819],[-115.058074,36.23708],[-115.057291,36.237538],[-115.056602,36.237941],[-115.05601,36.238287],[-115.055452,36.238612],[-115.054919,36.238923],[-115.054246,36.239317],[-115.054177,36.239358],[-115.054165,36.239365],[-115.054082,36.239412],[-115.052624,36.240266],[-115.052626,36.240366],[-115.052625,36.240409],[-115.054196,36.240367],[-115.053798,36.240592],[-115.053718,36.240636],[-115.05262,36.241255],[-115.052618,36.241257],[-115.047552,36.244245],[-115.04753,36.244261],[-115.047499,36.244278],[-115.047491,36.244283],[-115.044365,36.246118],[-115.043125,36.246845],[-115.04088,36.248154],[-115.041287,36.248146],[-115.038445,36.249809],[-115.037966,36.250089],[-115.029872,36.254847],[-115.024925,36.257704],[-115.020561,36.260272],[-115.016033,36.262921],[-115.012033,36.265283],[-115.010688,36.266074],[-115.009744,36.266625],[-115.008368,36.267432],[-115.008357,36.267438],[-115.00731,36.26806],[-115.006795,36.268358],[-115.006176,36.268708],[-115.005618,36.269033],[-115.001432,36.27147],[-114.997888,36.273539],[-114.997888,36.273854],[-114.997895,36.276333],[-114.99789,36.282338],[-114.989034,36.282187],[-114.989028,36.279621],[-114.98746,36.279599],[-114.97703,36.279459]]],[[[-115.007544,36.349162],[-114.989105,36.348534],[-114.981016,36.348532],[-114.981061,36.342668],[-114.985059,36.342689],[-114.985101,36.337298],[-114.989113,36.337343],[-114.989116,36.334035],[-114.989137,36.327427],[-114.989134,36.32678],[-114.98912,36.323566],[-114.989104,36.320135],[-114.989103,36.319536],[-114.998178,36.319864],[-114.998285,36.305311],[-115.007097,36.305568],[-115.025131,36.305617],[-115.043319,36.307004],[-115.043059,36.291433],[-115.061636,36.29186],[-115.072484,36.291626],[-115.079908,36.291465],[-115.079864,36.298864],[-115.079819,36.306263],[-115.08014,36.321069],[-115.080144,36.324759],[-115.080149,36.328449],[-115.080153,36.332139],[-115.080158,36.33583],[-115.080277,36.350266],[-115.080277,36.350358],[-115.080248,36.350358],[-115.062137,36.350018],[-115.043797,36.349742],[-115.025486,36.349418],[-115.007544,36.349162]]],[[[-115.059484,36.264295],[-115.059485,36.263841],[-115.057329,36.263894],[-115.057178,36.263897],[-115.056957,36.263903],[-115.056944,36.263903],[-115.055705,36.263933],[-115.055544,36.263937],[-115.055453,36.263774],[-115.055268,36.26384],[-115.055144,36.263884],[-115.055178,36.263945],[-115.055178,36.263946],[-115.055154,36.263946],[-115.054497,36.263962],[-115.053204,36.263993],[-115.052625,36.264007],[-115.052489,36.264011],[-115.052503,36.262138],[-115.050199,36.262193],[-115.050226,36.258567],[-115.049107,36.258585],[-115.049131,36.256873],[-115.049144,36.254969],[-115.049143,36.25495],[-115.047977,36.254961],[-115.047971,36.254672],[-115.047968,36.254479],[-115.047922,36.252101],[-115.047901,36.251487],[-115.047887,36.250759],[-115.047783,36.250571],[-115.047687,36.250396],[-115.047038,36.24922],[-115.046764,36.248723],[-115.046716,36.248638],[-115.046666,36.248554],[-115.046614,36.24847],[-115.046561,36.248387],[-115.046506,36.248305],[-115.046449,36.248224],[-115.04639,36.248143],[-115.046314,36.248044],[-115.043267,36.248108],[-115.043098,36.248111],[-115.042945,36.248114],[-115.041779,36.248137],[-115.043075,36.24738],[-115.043114,36.247357],[-115.044535,36.246539],[-115.044727,36.246425],[-115.044822,36.246368],[-115.04539,36.246033],[-115.04568,36.245863],[-115.047873,36.244565],[-115.048394,36.244258],[-115.049693,36.243491],[-115.051617,36.242356],[-115.05163,36.242677],[-115.051635,36.242787],[-115.051636,36.242796],[-115.05164,36.242846],[-115.051651,36.243136],[-115.051658,36.243325],[-115.051681,36.243878],[-115.051692,36.244179],[-115.051701,36.24443],[-115.051707,36.244972],[-115.05175,36.246036],[-115.052628,36.246017],[-115.053682,36.245994],[-115.056997,36.245945],[-115.057116,36.245943],[-115.057234,36.245941],[-115.057352,36.245939],[-115.057469,36.245937],[-115.057587,36.245934],[-115.057705,36.245932],[-115.057823,36.24593],[-115.058058,36.245926],[-115.058059,36.245926],[-115.058416,36.24592],[-115.058697,36.245915],[-115.0587,36.245782],[-115.058706,36.245456],[-115.058852,36.245453],[-115.058977,36.24545],[-115.061592,36.245388],[-115.061639,36.245387],[-115.062063,36.245377],[-115.062068,36.245035],[-115.062079,36.244265],[-115.062084,36.243941],[-115.062086,36.243785],[-115.06209,36.243515],[-115.062131,36.240731],[-115.062128,36.240672],[-115.062129,36.240645],[-115.062132,36.240505],[-115.062302,36.240503],[-115.06364,36.240485],[-115.064995,36.240468],[-115.065669,36.240456],[-115.066519,36.24045],[-115.066692,36.240448],[-115.067975,36.240438],[-115.068038,36.240438],[-115.06951,36.240417],[-115.069509,36.240567],[-115.069499,36.241243],[-115.069457,36.243534],[-115.069454,36.243708],[-115.069453,36.243828],[-115.069439,36.244689],[-115.069422,36.245701],[-115.070996,36.245674],[-115.071006,36.245674],[-115.071003,36.245859],[-115.070979,36.247528],[-115.071113,36.247525],[-115.072228,36.247503],[-115.072788,36.247491],[-115.073216,36.247482],[-115.073208,36.249294],[-115.073207,36.249469],[-115.073202,36.250394],[-115.073198,36.251092],[-115.073189,36.252893],[-115.073189,36.252897],[-115.073186,36.253532],[-115.073185,36.253799],[-115.07318,36.254701],[-115.07318,36.254811],[-115.073177,36.255286],[-115.073171,36.256503],[-115.073162,36.258185],[-115.073162,36.258195],[-115.073162,36.258305],[-115.073143,36.261909],[-115.071065,36.261909],[-115.070864,36.261908],[-115.070864,36.26191],[-115.070862,36.262877],[-115.070859,36.263766],[-115.068526,36.263772],[-115.066288,36.263777],[-115.066186,36.263777],[-115.063962,36.263782],[-115.063961,36.264236],[-115.061722,36.26424],[-115.061722,36.264241],[-115.059484,36.264295]]]]},"properties":{"neighborhood":"Nellis AFB"}},{"type":"Feature","geometry":{"type":"MultiPolygon","coordinates":[[[[-115.042175,36.258655],[-115.042176,36.258573],[-115.042184,36.257788],[-115.042193,36.25691],[-115.042192,36.256827],[-115.043371,36.256844],[-115.043372,36.256761],[-115.043399,36.255116],[-115.043401,36.255006],[-115.043571,36.255006],[-115.047969,36.254961],[-115.047977,36.254961],[-115.049143,36.25495],[-115.049144,36.254969],[-115.049131,36.256873],[-115.049107,36.258585],[-115.050226,36.258567],[-115.050199,36.262193],[-115.052503,36.262138],[-115.052489,36.264011],[-115.052625,36.264007],[-115.053204,36.263993],[-115.054497,36.263962],[-115.055154,36.263946],[-115.055178,36.263946],[-115.055178,36.263945],[-115.055144,36.263884],[-115.055268,36.26384],[-115.055453,36.263774],[-115.055544,36.263937],[-115.055705,36.263933],[-115.056944,36.263903],[-115.056957,36.263903],[-115.057178,36.263897],[-115.057329,36.263894],[-115.059485,36.263841],[-115.059484,36.264295],[-115.061722,36.264241],[-115.061722,36.26424],[-115.063961,36.264236],[-115.063962,36.263782],[-115.066186,36.263777],[-115.066288,36.263777],[-115.068526,36.263772],[-115.070859,36.263766],[-115.070862,36.262877],[-115.070864,36.26191],[-115.070864,36.261908],[-115.071065,36.261909],[-115.073143,36.261909],[-115.073279,36.261909],[-115.074045,36.261909],[-115.074999,36.261909],[-115.075424,36.261909],[-115.075424,36.261563],[-115.075426,36.260784],[-115.075432,36.258403],[-115.075432,36.258293],[-115.075439,36.254788],[-115.07544,36.254678],[-115.075304,36.25468],[-115.075101,36.254682],[-115.075101,36.254627],[-115.075102,36.254022],[-115.075441,36.254019],[-115.075442,36.253773],[-115.075442,36.25375],[-115.075443,36.253481],[-115.075443,36.253211],[-115.075444,36.252942],[-115.075444,36.252868],[-115.075444,36.252673],[-115.075445,36.252162],[-115.075446,36.251963],[-115.075447,36.251057],[-115.075451,36.249248],[-115.075454,36.247574],[-115.075454,36.247519],[-115.075454,36.247436],[-115.07976,36.247348],[-115.079929,36.247344],[-115.079966,36.243678],[-115.079973,36.24299],[-115.079975,36.242724],[-115.079998,36.240452],[-115.080003,36.239992],[-115.080029,36.238736],[-115.080209,36.238733],[-115.081582,36.238708],[-115.082236,36.238702],[-115.082418,36.238698],[-115.082553,36.238696],[-115.082688,36.238694],[-115.082808,36.238692],[-115.082927,36.23869],[-115.083046,36.238687],[-115.083165,36.238685],[-115.083283,36.238683],[-115.083402,36.238681],[-115.083521,36.238679],[-115.08364,36.238677],[-115.083758,36.238675],[-115.083877,36.238673],[-115.083996,36.238671],[-115.084143,36.238668],[-115.084147,36.238668],[-115.084284,36.238666],[-115.084297,36.238665],[-115.084347,36.238665],[-115.08435,36.238665],[-115.08449,36.238662],[-115.084626,36.23866],[-115.084637,36.238659],[-115.084761,36.238657],[-115.08488,36.238655],[-115.084999,36.238653],[-115.085118,36.238651],[-115.085254,36.238649],[-115.085389,36.238646],[-115.085508,36.238644],[-115.085626,36.238642],[-115.085745,36.23864],[-115.085864,36.238638],[-115.085982,36.238636],[-115.086101,36.238634],[-115.08622,36.238632],[-115.086338,36.23863],[-115.086457,36.238627],[-115.086576,36.238625],[-115.086642,36.238624],[-115.086653,36.238624],[-115.086694,36.238623],[-115.086813,36.238621],[-115.086932,36.238619],[-115.08705,36.238617],[-115.087169,36.238615],[-115.087288,36.238613],[-115.087299,36.238613],[-115.087423,36.23861],[-115.087609,36.238607],[-115.087929,36.238602],[-115.087998,36.2386],[-115.088557,36.23859],[-115.088664,36.238589],[-115.08876,36.238587],[-115.088872,36.238585],[-115.089118,36.238588],[-115.089253,36.238591],[-115.089256,36.238593],[-115.089247,36.238809],[-115.08922,36.239487],[-115.08922,36.239491],[-115.089218,36.239545],[-115.089206,36.239832],[-115.089206,36.239832],[-115.089342,36.23983],[-115.08956,36.239826],[-115.08973,36.239823],[-115.089899,36.23982],[-115.090069,36.239817],[-115.090238,36.239814],[-115.090394,36.239812],[-115.090408,36.239811],[-115.090578,36.239809],[-115.090747,36.239806],[-115.090958,36.239802],[-115.091248,36.239797],[-115.091497,36.239792],[-115.09192,36.239785],[-115.092338,36.239778],[-115.092617,36.239773],[-115.092962,36.239767],[-115.093143,36.239764],[-115.093312,36.239761],[-115.093482,36.239758],[-115.093651,36.239755],[-115.093833,36.239752],[-115.093995,36.239749],[-115.094021,36.239748],[-115.094026,36.23941],[-115.094031,36.239067],[-115.094034,36.238926],[-115.094038,36.238719],[-115.094039,36.238642],[-115.094042,36.238496],[-115.094044,36.238359],[-115.094045,36.238335],[-115.094047,36.238221],[-115.09405,36.23806],[-115.09405,36.238042],[-115.094051,36.23795],[-115.094054,36.237673],[-115.094057,36.237483],[-115.094061,36.237331],[-115.094063,36.237173],[-115.094064,36.237115],[-115.094068,36.236837],[-115.094068,36.236812],[-115.094069,36.236697],[-115.094071,36.236563],[-115.094073,36.236449],[-115.094075,36.236188],[-115.094078,36.236095],[-115.094078,36.236035],[-115.094079,36.235885],[-115.094084,36.235644],[-115.094088,36.235332],[-115.094302,36.235331],[-115.09439,36.23533],[-115.094478,36.235329],[-115.094567,36.235329],[-115.094655,36.235328],[-115.094743,36.235328],[-115.094875,36.235327],[-115.094906,36.235327],[-115.094942,36.235326],[-115.09503,36.235326],[-115.095119,36.235325],[-115.095207,36.235325],[-115.095296,36.235324],[-115.095384,36.235323],[-115.095472,36.235323],[-115.095604,36.235322],[-115.095601,36.235082],[-115.095598,36.234869],[-115.09653,36.234852],[-115.097152,36.234841],[-115.097144,36.234136],[-115.097135,36.233237],[-115.097375,36.233235],[-115.097589,36.233234],[-115.097591,36.233391],[-115.097719,36.23339],[-115.097913,36.233389],[-115.098393,36.233386],[-115.098527,36.233385],[-115.098696,36.233384],[-115.098685,36.232362],[-115.098655,36.228952],[-115.098655,36.228817],[-115.098655,36.228798],[-115.098655,36.228733],[-115.098642,36.227236],[-115.098639,36.226866],[-115.098626,36.225219],[-115.098626,36.225215],[-115.098626,36.225162],[-115.098626,36.225106],[-115.098626,36.225106],[-115.098623,36.224665],[-115.098619,36.224187],[-115.098616,36.223865],[-115.098614,36.223482],[-115.098611,36.223126],[-115.098608,36.222785],[-115.098605,36.222426],[-115.098602,36.222083],[-115.098599,36.221732],[-115.098597,36.221553],[-115.098596,36.221375],[-115.098576,36.218821],[-115.098574,36.218577],[-115.098567,36.217642],[-115.09856,36.217153],[-115.098558,36.216678],[-115.098558,36.216663],[-115.098556,36.2164],[-115.098555,36.21622],[-115.098554,36.21596],[-115.098552,36.215899],[-115.098551,36.215838],[-115.098549,36.215585],[-115.098543,36.215006],[-115.098543,36.214975],[-115.098543,36.214959],[-115.098544,36.214921],[-115.098542,36.214853],[-115.098542,36.214827],[-115.098541,36.214798],[-115.098541,36.214744],[-115.098541,36.214673],[-115.098541,36.214673],[-115.098541,36.214528],[-115.098539,36.214499],[-115.098535,36.214429],[-115.098535,36.214075],[-115.098535,36.214035],[-115.098519,36.212233],[-115.098511,36.21133],[-115.098502,36.210427],[-115.098501,36.210327],[-115.098498,36.210006],[-115.098494,36.209697],[-115.098492,36.209393],[-115.098491,36.209096],[-115.09849,36.208948],[-115.098487,36.208593],[-115.098484,36.208247],[-115.098478,36.207527],[-115.098475,36.207171],[-115.098474,36.20711],[-115.098471,36.206818],[-115.09847,36.206741],[-115.098468,36.206448],[-115.098464,36.206101],[-115.098461,36.205728],[-115.098458,36.205386],[-115.098454,36.20501],[-115.098454,36.204723],[-115.098454,36.204677],[-115.098448,36.203963],[-115.098447,36.203826],[-115.098441,36.203208],[-115.09844,36.203126],[-115.098436,36.202497],[-115.098435,36.202469],[-115.09843,36.201778],[-115.098422,36.201316],[-115.09842,36.201062],[-115.098419,36.200856],[-115.098416,36.2004],[-115.098415,36.200338],[-115.09841,36.199939],[-115.098406,36.199574],[-115.098405,36.19948],[-115.098407,36.199396],[-115.098402,36.198867],[-115.098395,36.198301],[-115.098394,36.198147],[-115.098388,36.19743],[-115.098381,36.196761],[-115.098382,36.196728],[-115.098376,36.196166],[-115.098373,36.19578],[-115.098373,36.195725],[-115.098366,36.194878],[-115.098362,36.19453],[-115.098358,36.194181],[-115.098355,36.193829],[-115.098349,36.193119],[-115.098343,36.19242],[-115.09834,36.192065],[-115.09834,36.191968],[-115.098337,36.191701],[-115.098332,36.191005],[-115.098331,36.190988],[-115.098324,36.190284],[-115.098321,36.190054],[-115.098322,36.189931],[-115.098319,36.189582],[-115.098318,36.189416],[-115.098312,36.188872],[-115.098307,36.188261],[-115.098306,36.188153],[-115.100013,36.188192],[-115.100683,36.188207],[-115.102392,36.188242],[-115.10278,36.18825],[-115.102808,36.188251],[-115.102988,36.188255],[-115.102994,36.188255],[-115.103087,36.188257],[-115.103754,36.188272],[-115.105982,36.18832],[-115.107212,36.188346],[-115.107715,36.188354],[-115.108219,36.188363],[-115.108655,36.188369],[-115.109063,36.188376],[-115.109505,36.188385],[-115.110349,36.188403],[-115.110533,36.188406],[-115.110807,36.188413],[-115.111216,36.188422],[-115.111658,36.188432],[-115.11271,36.188452],[-115.113424,36.188466],[-115.115003,36.188497],[-115.115975,36.188516],[-115.115994,36.188516],[-115.116008,36.188517],[-115.116032,36.188517],[-115.11611,36.188519],[-115.117143,36.188516],[-115.11777,36.188511],[-115.118053,36.18851],[-115.118336,36.188508],[-115.119514,36.188504],[-115.120586,36.1885],[-115.120583,36.188401],[-115.120582,36.186651],[-115.120581,36.184842],[-115.124972,36.184821],[-115.125098,36.184826],[-115.125098,36.184917],[-115.125074,36.186278],[-115.125074,36.186313],[-115.125073,36.186385],[-115.125049,36.187622],[-115.125035,36.188365],[-115.125035,36.188426],[-115.125035,36.188448],[-115.127057,36.188466],[-115.127516,36.18847],[-115.127517,36.18847],[-115.127864,36.188469],[-115.129517,36.188463],[-115.129567,36.188463],[-115.129618,36.188463],[-115.12973,36.188463],[-115.130561,36.188462],[-115.13057,36.188462],[-115.130653,36.188463],[-115.130732,36.188464],[-115.130737,36.188464],[-115.132476,36.188451],[-115.133873,36.188441],[-115.134032,36.188439],[-115.134137,36.188438],[-115.134168,36.188439],[-115.134187,36.18844],[-115.134195,36.18844],[-115.134296,36.188439],[-115.134434,36.188439],[-115.134581,36.188438],[-115.134597,36.188438],[-115.134762,36.188438],[-115.134935,36.188438],[-115.135231,36.188441],[-115.135237,36.188441],[-115.135392,36.188441],[-115.135561,36.188441],[-115.136494,36.188434],[-115.13652,36.188434],[-115.137906,36.188431],[-115.137909,36.188431],[-115.138207,36.18843],[-115.138208,36.18843],[-115.138508,36.18843],[-115.139742,36.188426],[-115.139896,36.188426],[-115.140991,36.188422],[-115.140993,36.188422],[-115.141162,36.188422],[-115.141286,36.188422],[-115.141329,36.188422],[-115.141334,36.188422],[-115.141345,36.188422],[-115.141532,36.188421],[-115.142157,36.188419],[-115.142188,36.18842],[-115.142444,36.188419],[-115.142821,36.188418],[-115.143052,36.188417],[-115.143051,36.188555],[-115.143051,36.188571],[-115.143047,36.189096],[-115.143043,36.189612],[-115.143043,36.189615],[-115.143042,36.189648],[-115.14304,36.189681],[-115.14304,36.189682],[-115.143038,36.190101],[-115.143037,36.190378],[-115.143037,36.190378],[-115.143035,36.190461],[-115.143034,36.190543],[-115.143031,36.190714],[-115.143031,36.19075],[-115.143029,36.190863],[-115.14303,36.190886],[-115.143026,36.191049],[-115.143025,36.191217],[-115.143023,36.191389],[-115.143022,36.191475],[-115.143022,36.19156],[-115.143017,36.19186],[-115.143015,36.192041],[-115.143015,36.192074],[-115.142903,36.192075],[-115.142864,36.195612],[-115.14282,36.195733],[-115.142969,36.195732],[-115.143399,36.195733],[-115.143776,36.195734],[-115.14401,36.195735],[-115.144132,36.195735],[-115.146949,36.195716],[-115.147416,36.195716],[-115.151866,36.195684],[-115.151863,36.195791],[-115.151861,36.195965],[-115.15186,36.196138],[-115.151859,36.196245],[-115.151855,36.196586],[-115.151855,36.196606],[-115.15184,36.197488],[-115.15184,36.197543],[-115.151841,36.197598],[-115.151836,36.198327],[-115.151836,36.1984],[-115.151836,36.1984],[-115.151825,36.199333],[-115.151825,36.199404],[-115.151823,36.20017],[-115.151823,36.200217],[-115.151824,36.200265],[-115.151824,36.200265],[-115.151824,36.200266],[-115.151809,36.201173],[-115.151802,36.201483],[-115.151788,36.202077],[-115.151784,36.203122],[-115.15402,36.203094],[-115.154036,36.203094],[-115.155329,36.203079],[-115.15625,36.203069],[-115.15627,36.203069],[-115.156289,36.203068],[-115.156362,36.203067],[-115.156901,36.203056],[-115.156989,36.203055],[-115.157439,36.203049],[-115.157553,36.203047],[-115.157875,36.203044],[-115.158095,36.203041],[-115.158315,36.203038],[-115.158476,36.203036],[-115.1602,36.203013],[-115.160361,36.203011],[-115.160635,36.203007],[-115.160792,36.203005],[-115.16082,36.203005],[-115.160846,36.203005],[-115.160927,36.203005],[-115.161465,36.203],[-115.163144,36.202988],[-115.163145,36.202988],[-115.16529,36.202972],[-115.165301,36.20289],[-115.165301,36.202835],[-115.165301,36.202834],[-115.165301,36.202163],[-115.1653,36.199343],[-115.1653,36.198633],[-115.1653,36.197957],[-115.1653,36.197942],[-115.165301,36.19727],[-115.165303,36.196575],[-115.165306,36.195718],[-115.167598,36.195723],[-115.168702,36.195726],[-115.169154,36.195727],[-115.169718,36.195728],[-115.169818,36.195729],[-115.170085,36.195729],[-115.170492,36.195751],[-115.170849,36.195791],[-115.171153,36.195835],[-115.171308,36.195726],[-115.171314,36.195727],[-115.171683,36.195724],[-115.175047,36.195706],[-115.175462,36.195705],[-115.175473,36.195705],[-115.176023,36.195703],[-115.176848,36.195699],[-115.178848,36.195691],[-115.179033,36.19569],[-115.179944,36.195686],[-115.180393,36.195684],[-115.181099,36.195682],[-115.181463,36.195683],[-115.182227,36.195678],[-115.183193,36.195674],[-115.18334,36.195674],[-115.183349,36.195674],[-115.183938,36.195666],[-115.185616,36.195657],[-115.185971,36.195664],[-115.186174,36.195667],[-115.186176,36.195665],[-115.186725,36.195664],[-115.186763,36.195664],[-115.187148,36.195658],[-115.187284,36.195656],[-115.187852,36.195654],[-115.188117,36.195652],[-115.188376,36.195651],[-115.188506,36.195649],[-115.188507,36.195649],[-115.188509,36.195649],[-115.188511,36.195649],[-115.188512,36.195649],[-115.188514,36.195649],[-115.188516,36.195649],[-115.188518,36.19565],[-115.188519,36.19565],[-115.188521,36.19565],[-115.188523,36.19565],[-115.188524,36.19565],[-115.188526,36.19565],[-115.189892,36.195637],[-115.191618,36.19562],[-115.192208,36.195615],[-115.192407,36.195613],[-115.192464,36.195613],[-115.194546,36.197895],[-115.196661,36.200214],[-115.196883,36.200456],[-115.197489,36.20112],[-115.198918,36.202685],[-115.199001,36.202778],[-115.199419,36.203238],[-115.202713,36.206842],[-115.205265,36.209635],[-115.205353,36.209734],[-115.205474,36.20987],[-115.205609,36.210017],[-115.205933,36.21037],[-115.206161,36.210619],[-115.206852,36.211378],[-115.207798,36.212431],[-115.208544,36.213248],[-115.212091,36.21713],[-115.211846,36.217139],[-115.211811,36.21714],[-115.207477,36.217275],[-115.207477,36.217411],[-115.207485,36.219136],[-115.207484,36.219207],[-115.207484,36.219208],[-115.207489,36.220559],[-115.20749,36.220974],[-115.207492,36.221486],[-115.207493,36.221577],[-115.207493,36.221585],[-115.207493,36.221738],[-115.207494,36.2219],[-115.207498,36.22281],[-115.207499,36.223387],[-115.207504,36.224589],[-115.207504,36.224672],[-115.2075,36.22503],[-115.207492,36.225846],[-115.207485,36.226528],[-115.207484,36.226601],[-115.207483,36.226719],[-115.20748,36.227],[-115.207475,36.227478],[-115.207475,36.227492],[-115.207469,36.228025],[-115.207469,36.228054],[-115.207466,36.228353],[-115.207465,36.228392],[-115.207465,36.228429],[-115.207456,36.22929],[-115.207447,36.230197],[-115.207445,36.23031],[-115.207437,36.231146],[-115.207428,36.232004],[-115.207444,36.232537],[-115.207456,36.232972],[-115.20746,36.233077],[-115.207478,36.233685],[-115.207484,36.2339],[-115.207493,36.234219],[-115.207505,36.234599],[-115.207507,36.234677],[-115.20751,36.234784],[-115.207511,36.234815],[-115.207515,36.234952],[-115.207521,36.235142],[-115.207525,36.235289],[-115.207527,36.235366],[-115.207528,36.235384],[-115.207529,36.235437],[-115.207538,36.235735],[-115.207542,36.235872],[-115.207543,36.235906],[-115.207548,36.236058],[-115.207556,36.236332],[-115.207567,36.236695],[-115.207578,36.237077],[-115.207625,36.238663],[-115.207627,36.238729],[-115.207627,36.238745],[-115.207627,36.238746],[-115.207627,36.238831],[-115.207626,36.238919],[-115.207605,36.240848],[-115.207605,36.240856],[-115.207601,36.241392],[-115.2076,36.241561],[-115.207599,36.24173],[-115.207599,36.241794],[-115.207587,36.242755],[-115.207579,36.243522],[-115.207571,36.244197],[-115.207566,36.244748],[-115.207561,36.245133],[-115.207557,36.245505],[-115.207544,36.246736],[-115.207544,36.246736],[-115.207544,36.246736],[-115.207534,36.248385],[-115.207533,36.248545],[-115.207532,36.248728],[-115.20753,36.248951],[-115.207529,36.24911],[-115.207523,36.250144],[-115.207521,36.250449],[-115.20752,36.250472],[-115.2075,36.251256],[-115.207499,36.251288],[-115.207498,36.251364],[-115.207473,36.252321],[-115.207426,36.254162],[-115.207425,36.254198],[-115.207376,36.255894],[-115.207363,36.256319],[-115.207353,36.256673],[-115.207337,36.257207],[-115.20732,36.257798],[-115.20732,36.257813],[-115.207319,36.257849],[-115.207318,36.257879],[-115.207318,36.25788],[-115.207301,36.25843],[-115.207277,36.259246],[-115.207239,36.260516],[-115.207219,36.26119],[-115.207216,36.261302],[-115.207211,36.261474],[-115.207211,36.261475],[-115.20721,36.261582],[-115.20721,36.261586],[-115.20721,36.26159],[-115.20721,36.26159],[-115.207206,36.261662],[-115.207206,36.261668],[-115.207203,36.26173],[-115.207156,36.262682],[-115.207118,36.263455],[-115.207073,36.264385],[-115.207027,36.265317],[-115.206845,36.269048],[-115.206796,36.270051],[-115.206754,36.270917],[-115.206649,36.273093],[-115.206592,36.274258],[-115.206562,36.274882],[-115.206547,36.275196],[-115.206539,36.275357],[-115.206515,36.275854],[-115.206492,36.276326],[-115.206483,36.276507],[-115.206484,36.276582],[-115.206496,36.277542],[-115.206507,36.278331],[-115.206517,36.279143],[-115.20653,36.280161],[-115.206532,36.28032],[-115.206533,36.280375],[-115.20655,36.281806],[-115.206572,36.283693],[-115.206573,36.283811],[-115.206577,36.284112],[-115.206617,36.287539],[-115.20662,36.287788],[-115.206638,36.289385],[-115.206638,36.289387],[-115.206659,36.29125],[-115.206659,36.291263],[-115.206667,36.291516],[-115.206759,36.294978],[-115.206764,36.295112],[-115.206771,36.295311],[-115.206888,36.298705],[-115.206892,36.298846],[-115.207003,36.302426],[-115.207006,36.302508],[-115.207008,36.302586],[-115.207016,36.302852],[-115.207055,36.304087],[-115.207118,36.306147],[-115.207118,36.306229],[-115.207114,36.307058],[-115.207111,36.307585],[-115.207111,36.307696],[-115.207109,36.307969],[-115.207105,36.308812],[-115.2071,36.309792],[-115.2071,36.309821],[-115.207098,36.310225],[-115.207092,36.311531],[-115.207092,36.311615],[-115.207092,36.31163],[-115.207084,36.313438],[-115.207084,36.313548],[-115.207075,36.315378],[-115.207067,36.317084],[-115.207051,36.32073],[-115.207034,36.324377],[-115.20702,36.327443],[-115.207018,36.328023],[-115.207001,36.331669],[-115.206985,36.335315],[-115.19816,36.335275],[-115.188933,36.335229],[-115.179906,36.335197],[-115.170863,36.335176],[-115.161858,36.33503],[-115.152864,36.334879],[-115.143936,36.334843],[-115.134939,36.334802],[-115.12594,36.334763],[-115.116938,36.334725],[-115.107681,36.335294],[-115.098433,36.335858],[-115.09384,36.335851],[-115.08928,36.335844],[-115.084719,36.335837],[-115.080158,36.33583],[-115.080153,36.332139],[-115.080149,36.328449],[-115.080144,36.324759],[-115.08014,36.321069],[-115.079819,36.306263],[-115.079864,36.298864],[-115.079908,36.291465],[-115.072484,36.291626],[-115.061636,36.29186],[-115.043059,36.291433],[-115.043319,36.307004],[-115.025131,36.305617],[-115.007097,36.305568],[-114.998285,36.305311],[-114.994509,36.305201],[-114.994067,36.305188],[-114.989034,36.305041],[-114.989036,36.305511],[-114.989044,36.306704],[-114.989047,36.307093],[-114.989048,36.307309],[-114.989057,36.308665],[-114.989081,36.312289],[-114.989082,36.312465],[-114.989084,36.312815],[-114.989093,36.315913],[-114.989103,36.319536],[-114.989104,36.320135],[-114.98912,36.323566],[-114.989134,36.32678],[-114.9869,36.326781],[-114.986895,36.323158],[-114.98242,36.323163],[-114.980372,36.323164],[-114.980375,36.326788],[-114.975705,36.326791],[-114.975696,36.323165],[-114.9745,36.323167],[-114.97449,36.319541],[-114.977929,36.31954],[-114.980582,36.31954],[-114.980573,36.314543],[-114.977921,36.31519],[-114.974949,36.315916],[-114.97344,36.316284],[-114.970525,36.316995],[-114.968963,36.317377],[-114.964486,36.318469],[-114.962022,36.31907],[-114.96106,36.319551],[-114.960009,36.320075],[-114.955535,36.322309],[-114.953793,36.323179],[-114.95106,36.324543],[-114.947861,36.32614],[-114.955552,36.326073],[-114.957867,36.326053],[-114.959416,36.326039],[-114.958171,36.331014],[-114.959727,36.334036],[-114.960103,36.334766],[-114.96159,36.337658],[-114.963181,36.340752],[-114.965264,36.340753],[-114.966887,36.340754],[-114.96688,36.341639],[-114.966854,36.344731],[-114.973478,36.344745],[-114.975767,36.34475],[-114.975696,36.344908],[-114.974085,36.348532],[-114.973476,36.3499],[-114.97247,36.352159],[-114.971771,36.35373],[-114.969978,36.353962],[-114.966184,36.354451],[-114.966587,36.355234],[-114.966871,36.355786],[-114.968738,36.359413],[-114.968887,36.359703],[-114.970604,36.363039],[-114.972467,36.366659],[-114.973246,36.368172],[-114.972785,36.37028],[-114.971992,36.373907],[-114.9712,36.377533],[-114.970406,36.38116],[-114.969613,36.384788],[-114.968961,36.387772],[-114.96882,36.388414],[-114.968027,36.39204],[-114.967234,36.395667],[-114.966441,36.399293],[-114.965891,36.401808],[-114.965648,36.40292],[-114.965341,36.404324],[-114.964855,36.406548],[-114.964815,36.406729],[-114.959294,36.406728],[-114.958717,36.409364],[-114.958167,36.411877],[-114.957753,36.41377],[-114.957625,36.414354],[-114.956889,36.417716],[-114.95648,36.419585],[-114.961997,36.419608],[-114.961565,36.421583],[-114.961095,36.423732],[-114.960919,36.424537],[-114.960697,36.42555],[-114.960401,36.426904],[-114.960126,36.428162],[-114.960097,36.428294],[-114.959496,36.43104],[-114.959332,36.431789],[-114.958571,36.435265],[-114.958378,36.435018],[-114.958191,36.43479],[-114.958,36.434565],[-114.957803,36.434342],[-114.957602,36.434122],[-114.957397,36.433906],[-114.957186,36.433692],[-114.956972,36.433481],[-114.956752,36.433273],[-114.956528,36.433068],[-114.956491,36.433036],[-114.9563,36.432867],[-114.956025,36.432633],[-114.955502,36.432198],[-114.954605,36.43145],[-114.953066,36.430169],[-114.951445,36.428819],[-114.951409,36.428789],[-114.950662,36.428168],[-114.949192,36.426943],[-114.947528,36.425558],[-114.946532,36.424729],[-114.945084,36.423523],[-114.942561,36.421421],[-114.940741,36.419906],[-114.937898,36.417537],[-114.937572,36.417266],[-114.934514,36.414718],[-114.930864,36.411677],[-114.928882,36.410026],[-114.92652,36.408059],[-114.925016,36.406807],[-114.925016,36.406806],[-114.925328,36.406561],[-114.927004,36.405247],[-114.928991,36.403688],[-114.928625,36.403383],[-114.927176,36.402174],[-114.9232,36.405291],[-114.921388,36.403781],[-114.919891,36.402533],[-114.920246,36.402245],[-114.920289,36.402209],[-114.920332,36.402173],[-114.920374,36.402135],[-114.920415,36.402098],[-114.920455,36.402059],[-114.920495,36.40202],[-114.920534,36.401981],[-114.920572,36.401941],[-114.920608,36.4019],[-114.920645,36.401859],[-114.92068,36.401818],[-114.920714,36.401776],[-114.920747,36.401733],[-114.92078,36.40169],[-114.920811,36.401647],[-114.920842,36.401603],[-114.920872,36.401559],[-114.9209,36.401514],[-114.920928,36.401469],[-114.920955,36.401424],[-114.92098,36.401378],[-114.921005,36.401331],[-114.921029,36.401285],[-114.921051,36.401238],[-114.921073,36.401191],[-114.921094,36.401143],[-114.921114,36.401096],[-114.921132,36.401048],[-114.92115,36.400999],[-114.921166,36.400951],[-114.921182,36.400902],[-114.921196,36.400853],[-114.92121,36.400804],[-114.921222,36.400755],[-114.921233,36.400705],[-114.921243,36.400655],[-114.921252,36.400606],[-114.921265,36.400522],[-114.923339,36.402251],[-114.925159,36.400824],[-114.92516,36.400823],[-114.925161,36.400822],[-114.925162,36.400821],[-114.925164,36.40082],[-114.925165,36.400819],[-114.925166,36.400818],[-114.925167,36.400817],[-114.925169,36.400817],[-114.92517,36.400816],[-114.925171,36.400815],[-114.925173,36.400814],[-114.925174,36.400813],[-114.925175,36.400812],[-114.925176,36.400811],[-114.925178,36.40081],[-114.925179,36.400809],[-114.92518,36.400809],[-114.925182,36.400808],[-114.925183,36.400807],[-114.925184,36.400806],[-114.925186,36.400805],[-114.925187,36.400804],[-114.925189,36.400804],[-114.92519,36.400803],[-114.925191,36.400802],[-114.925193,36.400801],[-114.925194,36.4008],[-114.925195,36.4008],[-114.925197,36.400799],[-114.925198,36.400798],[-114.9252,36.400797],[-114.925201,36.400797],[-114.925203,36.400796],[-114.925204,36.400795],[-114.925205,36.400794],[-114.925207,36.400794],[-114.925208,36.400793],[-114.92521,36.400792],[-114.925211,36.400791],[-114.925213,36.400791],[-114.925214,36.40079],[-114.925216,36.400789],[-114.925217,36.400789],[-114.925219,36.400788],[-114.92522,36.400787],[-114.925222,36.400787],[-114.925223,36.400786],[-114.925225,36.400785],[-114.925226,36.400785],[-114.925228,36.400784],[-114.925229,36.400784],[-114.925231,36.400783],[-114.925232,36.400782],[-114.925234,36.400782],[-114.925235,36.400781],[-114.925237,36.400781],[-114.925238,36.40078],[-114.92524,36.400779],[-114.925241,36.400779],[-114.925243,36.400778],[-114.925244,36.400778],[-114.925246,36.400777],[-114.925248,36.400777],[-114.925249,36.400776],[-114.925251,36.400776],[-114.925252,36.400775],[-114.925254,36.400775],[-114.925255,36.400774],[-114.925257,36.400774],[-114.925259,36.400773],[-114.92526,36.400773],[-114.925262,36.400772],[-114.925263,36.400772],[-114.925265,36.400771],[-114.925267,36.400771],[-114.925268,36.40077],[-114.92527,36.40077],[-114.925272,36.40077],[-114.925273,36.400769],[-114.925275,36.400769],[-114.925276,36.400768],[-114.925278,36.400768],[-114.92528,36.400768],[-114.925281,36.400767],[-114.925283,36.400767],[-114.925285,36.400767],[-114.925286,36.400766],[-114.925288,36.400766],[-114.92529,36.400766],[-114.925291,36.400765],[-114.925293,36.400765],[-114.925294,36.400765],[-114.925296,36.400764],[-114.925298,36.400764],[-114.925299,36.400764],[-114.925301,36.400763],[-114.925303,36.400763],[-114.925304,36.400763],[-114.925306,36.400763],[-114.925308,36.400762],[-114.925309,36.400762],[-114.925311,36.400762],[-114.925313,36.400762],[-114.925315,36.400762],[-114.925316,36.400761],[-114.925318,36.400761],[-114.92532,36.400761],[-114.925321,36.400761],[-114.925323,36.400761],[-114.925325,36.40076],[-114.925326,36.40076],[-114.925328,36.40076],[-114.92533,36.40076],[-114.925331,36.40076],[-114.925333,36.40076],[-114.925335,36.40076],[-114.925336,36.40076],[-114.925338,36.400759],[-114.92534,36.400759],[-114.925342,36.400759],[-114.925343,36.400759],[-114.925345,36.400759],[-114.925347,36.400759],[-114.925348,36.400759],[-114.92535,36.400759],[-114.925352,36.400759],[-114.925353,36.400759],[-114.925355,36.400759],[-114.925357,36.400759],[-114.925359,36.400759],[-114.92536,36.400759],[-114.925362,36.400759],[-114.925364,36.400759],[-114.925357,36.399308],[-114.921295,36.399311],[-114.921126,36.399312],[-114.920956,36.399312],[-114.919663,36.399313],[-114.919666,36.396594],[-114.916883,36.396594],[-114.913938,36.396591],[-114.913332,36.397066],[-114.911357,36.395419],[-114.909857,36.394169],[-114.907331,36.392063],[-114.910698,36.392061],[-114.910701,36.389549],[-114.910704,36.387369],[-114.908486,36.388436],[-114.906215,36.389529],[-114.904996,36.390116],[-114.902984,36.388438],[-114.901731,36.387393],[-114.900622,36.386468],[-114.899679,36.385682],[-114.898636,36.384812],[-114.898453,36.384659],[-114.900198,36.383292],[-114.899279,36.382124],[-114.89921,36.382043],[-114.899136,36.381968],[-114.899056,36.381897],[-114.89897,36.381831],[-114.898879,36.38177],[-114.898782,36.381715],[-114.898681,36.381665],[-114.898576,36.381621],[-114.897377,36.381159],[-114.898177,36.3798],[-114.898178,36.379799],[-114.898178,36.379797],[-114.898179,36.379796],[-114.89818,36.379795],[-114.898181,36.379794],[-114.898181,36.379792],[-114.898182,36.379791],[-114.898183,36.37979],[-114.898184,36.379789],[-114.898184,36.379788],[-114.898185,36.379786],[-114.898186,36.379785],[-114.898187,36.379784],[-114.898187,36.379783],[-114.898188,36.379781],[-114.898189,36.37978],[-114.89819,36.379779],[-114.89819,36.379778],[-114.898191,36.379776],[-114.898192,36.379775],[-114.898193,36.379774],[-114.898193,36.379773],[-114.898194,36.379772],[-114.898195,36.37977],[-114.898196,36.379769],[-114.898196,36.379768],[-114.898197,36.379767],[-114.898198,36.379765],[-114.898199,36.379764],[-114.8982,36.379763],[-114.8982,36.379762],[-114.898201,36.379761],[-114.898202,36.379759],[-114.898203,36.379758],[-114.898203,36.379757],[-114.898204,36.379756],[-114.898205,36.379754],[-114.898206,36.379753],[-114.898207,36.379752],[-114.898207,36.379751],[-114.898208,36.37975],[-114.898209,36.379748],[-114.89821,36.379747],[-114.896791,36.3791],[-114.896729,36.379068],[-114.896688,36.379145],[-114.895611,36.381187],[-114.895186,36.381993],[-114.894958,36.381839],[-114.89481,36.381744],[-114.894506,36.381559],[-114.894195,36.381384],[-114.894066,36.381316],[-114.893877,36.381217],[-114.893715,36.381138],[-114.893386,36.380985],[-114.893219,36.380912],[-114.893019,36.380828],[-114.89335,36.380291],[-114.89372,36.379689],[-114.894068,36.379124],[-114.893847,36.379015],[-114.89387,36.378978],[-114.894192,36.378455],[-114.894525,36.377915],[-114.894742,36.377561],[-114.896046,36.377561],[-114.897523,36.377561],[-114.901745,36.377561],[-114.904323,36.37756],[-114.905482,36.377559],[-114.906232,36.377559],[-114.906226,36.381186],[-114.906225,36.382065],[-114.906711,36.383538],[-114.910712,36.381613],[-114.911604,36.381183],[-114.912955,36.380533],[-114.915199,36.379453],[-114.919145,36.377553],[-114.919684,36.377293],[-114.922582,36.375898],[-114.923442,36.373923],[-114.924171,36.37225],[-114.924171,36.37225],[-114.925022,36.370296],[-114.925739,36.368649],[-114.926129,36.367754],[-114.926601,36.366668],[-114.927142,36.365428],[-114.928041,36.363362],[-114.928181,36.363041],[-114.928549,36.362196],[-114.928659,36.361944],[-114.929058,36.361026],[-114.929567,36.359857],[-114.929759,36.359417],[-114.93006,36.358724],[-114.928495,36.358211],[-114.926425,36.357531],[-114.924183,36.356795],[-114.924184,36.355797],[-114.928666,36.355796],[-114.928668,36.35441],[-114.928672,36.350835],[-114.928673,36.349688],[-114.928674,36.348547],[-114.928675,36.347625],[-114.930219,36.347629],[-114.930307,36.345926],[-114.928676,36.3459],[-114.928676,36.34492],[-114.928678,36.341295],[-114.928679,36.338722],[-114.92868,36.337063],[-114.928681,36.335429],[-114.928762,36.335379],[-114.928843,36.335329],[-114.930929,36.334041],[-114.928682,36.334042],[-114.927471,36.334042],[-114.926247,36.334043],[-114.925197,36.334044],[-114.924202,36.334044],[-114.924198,36.334044],[-114.923743,36.334044],[-114.923723,36.334044],[-114.923286,36.334045],[-114.922915,36.334045],[-114.920597,36.334046],[-114.919822,36.334046],[-114.919786,36.334046],[-114.919714,36.334046],[-114.919442,36.334046],[-114.918631,36.334047],[-114.915234,36.334048],[-114.910754,36.33405],[-114.906276,36.334052],[-114.901799,36.334055],[-114.901797,36.330429],[-114.901797,36.329112],[-114.901796,36.326803],[-114.901796,36.326389],[-114.901795,36.325013],[-114.902891,36.325013],[-114.903986,36.325012],[-114.903985,36.323637],[-114.90289,36.323637],[-114.901795,36.323637],[-114.901795,36.323175],[-114.901793,36.319547],[-114.903573,36.319547],[-114.903846,36.319547],[-114.9044,36.319546],[-114.906272,36.319546],[-114.910751,36.319545],[-114.915233,36.319544],[-114.915611,36.319544],[-114.915611,36.320469],[-114.919715,36.323169],[-114.919715,36.32317],[-114.916826,36.325516],[-114.916419,36.325846],[-114.919716,36.328016],[-114.921368,36.329103],[-114.921507,36.329103],[-114.921989,36.329103],[-114.922721,36.329102],[-114.923607,36.329102],[-114.924022,36.329102],[-114.924194,36.329102],[-114.924895,36.329101],[-114.926568,36.3291],[-114.927225,36.3291],[-114.928022,36.329099],[-114.928263,36.329099],[-114.928672,36.329099],[-114.928725,36.329099],[-114.932447,36.329097],[-114.933967,36.329049],[-114.933969,36.329048],[-114.934682,36.328725],[-114.935384,36.328394],[-114.935385,36.328603],[-114.936273,36.328602],[-114.93755,36.328601],[-114.937623,36.328601],[-114.937623,36.328563],[-114.93762,36.327908],[-114.937617,36.327249],[-114.938139,36.326962],[-114.938447,36.326786],[-114.939481,36.326787],[-114.93962,36.326787],[-114.940735,36.326789],[-114.942099,36.326791],[-114.942096,36.325915],[-114.942093,36.325213],[-114.942093,36.325103],[-114.94209,36.324482],[-114.942631,36.324098],[-114.943237,36.323654],[-114.943873,36.323168],[-114.944418,36.322739],[-114.945013,36.322254],[-114.946561,36.320967],[-114.948269,36.319547],[-114.948705,36.319185],[-114.94884,36.319071],[-114.948972,36.318955],[-114.949188,36.318757],[-114.949189,36.318756],[-114.949355,36.318595],[-114.949477,36.318472],[-114.949597,36.318347],[-114.949714,36.31822],[-114.949828,36.318092],[-114.949939,36.317962],[-114.950048,36.31783],[-114.950154,36.317697],[-114.950256,36.317562],[-114.950356,36.317426],[-114.950453,36.317289],[-114.950547,36.31715],[-114.950638,36.31701],[-114.950726,36.316869],[-114.950811,36.316727],[-114.95096,36.316459],[-114.951034,36.316317],[-114.951089,36.316207],[-114.951119,36.316145],[-114.951221,36.315925],[-114.951033,36.315924],[-114.951033,36.315905],[-114.951031,36.314112],[-114.948787,36.31411],[-114.948786,36.313203],[-114.947166,36.313202],[-114.947389,36.313085],[-114.947641,36.312958],[-114.947895,36.312835],[-114.948151,36.312715],[-114.94841,36.312599],[-114.948672,36.312487],[-114.948936,36.312378],[-114.949143,36.312297],[-114.950557,36.311767],[-114.950699,36.312016],[-114.951027,36.311893],[-114.951859,36.311582],[-114.951851,36.311232],[-114.951851,36.311128],[-114.951851,36.310959],[-114.951856,36.310711],[-114.951857,36.310686],[-114.951869,36.310413],[-114.951879,36.31026],[-114.951886,36.31014],[-114.95191,36.309867],[-114.951921,36.309764],[-114.95194,36.309595],[-114.951975,36.309323],[-114.952015,36.309056],[-114.952062,36.308785],[-114.952083,36.308673],[-114.952781,36.308673],[-114.953459,36.308673],[-114.953507,36.308445],[-114.953567,36.308195],[-114.953632,36.307947],[-114.953702,36.307699],[-114.953778,36.307453],[-114.953858,36.307207],[-114.953945,36.306963],[-114.954036,36.30672],[-114.954133,36.306478],[-114.954234,36.306238],[-114.954341,36.305999],[-114.954454,36.305762],[-114.954571,36.305526],[-114.954693,36.305292],[-114.954826,36.305049],[-114.955503,36.30505],[-114.955502,36.30397],[-114.955502,36.303859],[-114.955501,36.30292],[-114.955501,36.302879],[-114.955501,36.302705],[-114.9555,36.301931],[-114.9555,36.3019],[-114.955488,36.29054],[-114.964445,36.290541],[-114.964425,36.276037],[-114.973381,36.276038],[-114.973377,36.268789],[-114.977125,36.268784],[-114.977125,36.268784],[-114.97703,36.279459],[-114.98746,36.279599],[-114.989028,36.279621],[-114.989034,36.282187],[-114.99789,36.282338],[-114.997895,36.276333],[-115.002308,36.276333],[-115.004523,36.276334],[-115.005632,36.276334],[-115.00565,36.277244],[-115.006757,36.277247],[-115.006776,36.278161],[-115.006814,36.279988],[-115.006853,36.281816],[-115.006891,36.283643],[-115.006929,36.28547],[-115.006967,36.287298],[-115.007003,36.289012],[-115.007005,36.289125],[-115.007006,36.289126],[-115.00701,36.289126],[-115.008285,36.289129],[-115.00942,36.289131],[-115.010392,36.289132],[-115.010388,36.288775],[-115.010383,36.288343],[-115.010382,36.288217],[-115.010716,36.288218],[-115.011878,36.28822],[-115.012648,36.288221],[-115.012647,36.287933],[-115.012645,36.287495],[-115.012644,36.287305],[-115.013151,36.287305],[-115.014312,36.287307],[-115.014916,36.287307],[-115.014916,36.287079],[-115.014917,36.286644],[-115.014917,36.286391],[-115.015591,36.286391],[-115.016056,36.286392],[-115.016747,36.286392],[-115.017181,36.286392],[-115.017182,36.286228],[-115.017184,36.285795],[-115.017185,36.285475],[-115.018039,36.285475],[-115.019186,36.285475],[-115.019435,36.285476],[-115.019435,36.285383],[-115.019437,36.284948],[-115.019439,36.284557],[-115.020226,36.284557],[-115.020478,36.284557],[-115.021642,36.284557],[-115.021689,36.284557],[-115.021689,36.28454],[-115.021691,36.284102],[-115.021692,36.283801],[-115.021693,36.283638],[-115.021965,36.283638],[-115.02293,36.283638],[-115.024088,36.283638],[-115.025066,36.283638],[-115.025066,36.283637],[-115.025066,36.283635],[-115.025068,36.283271],[-115.02507,36.282837],[-115.025074,36.282235],[-115.025074,36.282234],[-115.025074,36.282234],[-115.025076,36.281873],[-115.025076,36.281752],[-115.025078,36.281539],[-115.025078,36.281458],[-115.025079,36.281267],[-115.025079,36.281266],[-115.025087,36.279956],[-115.025087,36.279955],[-115.025088,36.279778],[-115.025088,36.279777],[-115.025092,36.279047],[-115.025097,36.278114],[-115.025107,36.276273],[-115.025097,36.272746],[-115.025085,36.272623],[-115.025266,36.272631],[-115.027352,36.272733],[-115.029506,36.272839],[-115.029608,36.272844],[-115.029608,36.271012],[-115.029608,36.26918],[-115.029608,36.26907],[-115.029602,36.26734],[-115.029596,36.265501],[-115.027321,36.265405],[-115.025041,36.265309],[-115.025,36.261663],[-115.024933,36.258264],[-115.025103,36.258268],[-115.029474,36.258369],[-115.034024,36.258474],[-115.036353,36.258526],[-115.038682,36.258577],[-115.038687,36.259028],[-115.038689,36.259253],[-115.038701,36.260377],[-115.038803,36.26038],[-115.039853,36.260412],[-115.041005,36.260448],[-115.041011,36.258712],[-115.041011,36.258629],[-115.042175,36.258655]],[[-115.04317,36.258677],[-115.042175,36.258655],[-115.042175,36.258738],[-115.042157,36.260483],[-115.04314,36.260513],[-115.043174,36.260514],[-115.043309,36.260518],[-115.04334,36.258681],[-115.04317,36.258677]],[[-114.963138,36.348531],[-114.961273,36.344905],[-114.959408,36.341279],[-114.957545,36.337657],[-114.955683,36.334036],[-114.951091,36.334036],[-114.951089,36.335848],[-114.949045,36.335848],[-114.949043,36.33766],[-114.945497,36.337662],[-114.942481,36.344914],[-114.944358,36.344912],[-114.944352,36.352165],[-114.946592,36.352163],[-114.95107,36.35579],[-114.955557,36.35216],[-114.960043,36.34853],[-114.963138,36.348531]],[[-114.919678,36.38305],[-114.918646,36.383547],[-114.916024,36.384809],[-114.919676,36.384807],[-114.919676,36.385804],[-114.919675,36.386738],[-114.919673,36.389118],[-114.919844,36.389118],[-114.924158,36.389113],[-114.924161,36.384803],[-114.924165,36.378973],[-114.91968,36.381132],[-114.91968,36.38118],[-114.919678,36.38305]],[[-114.964466,36.305952],[-114.964465,36.305554],[-114.964464,36.305046],[-114.964209,36.305046],[-114.959984,36.305048],[-114.956182,36.305049],[-114.955847,36.308177],[-114.955507,36.308304],[-114.955508,36.308676],[-114.956109,36.308675],[-114.957278,36.308675],[-114.958819,36.308674],[-114.959989,36.308673],[-114.959988,36.308236],[-114.959988,36.307767],[-114.961108,36.307767],[-114.961107,36.307241],[-114.961107,36.30686],[-114.962127,36.30686],[-114.962227,36.30686],[-114.963347,36.306859],[-114.963346,36.306404],[-114.963346,36.305974],[-114.963346,36.305963],[-114.963346,36.305953],[-114.963374,36.305953],[-114.963401,36.305953],[-114.964466,36.305952]],[[-114.939123,36.337664],[-114.940598,36.334037],[-114.937648,36.334037],[-114.934505,36.334039],[-114.933961,36.33647],[-114.933723,36.337678],[-114.933753,36.337678],[-114.93626,36.337692],[-114.936263,36.337692],[-114.937646,36.337699],[-114.939105,36.337707],[-114.939123,36.337664]],[[-114.949822,36.364987],[-114.946646,36.364987],[-114.943471,36.364988],[-114.943449,36.367639],[-114.946625,36.367638],[-114.9498,36.367637],[-114.949822,36.364987]],[[-115.134762,36.259583],[-115.134762,36.258379],[-115.134761,36.257801],[-115.134761,36.257776],[-115.134591,36.257779],[-115.13454,36.25778],[-115.134471,36.25778],[-115.133484,36.257788],[-115.133285,36.257789],[-115.13255,36.257794],[-115.130404,36.25781],[-115.130302,36.257811],[-115.130319,36.259645],[-115.132549,36.259614],[-115.134762,36.259583]],[[-114.933488,36.350848],[-114.933987,36.349702],[-114.930268,36.349692],[-114.930267,36.349692],[-114.930417,36.35084],[-114.93053,36.351702],[-114.93053,36.351703],[-114.93053,36.351705],[-114.93053,36.351706],[-114.930531,36.351708],[-114.930531,36.351709],[-114.930531,36.35171],[-114.930531,36.351712],[-114.930531,36.351713],[-114.930531,36.351714],[-114.930532,36.351716],[-114.930532,36.351717],[-114.930532,36.351718],[-114.930532,36.35172],[-114.930532,36.351721],[-114.930532,36.351723],[-114.930533,36.351724],[-114.930533,36.351725],[-114.930533,36.351727],[-114.930533,36.351728],[-114.930533,36.351729],[-114.930533,36.351731],[-114.930534,36.351732],[-114.930534,36.351734],[-114.930534,36.351735],[-114.930534,36.351736],[-114.930534,36.351738],[-114.930534,36.351739],[-114.930535,36.35174],[-114.930535,36.351742],[-114.930535,36.351743],[-114.930535,36.351744],[-114.930535,36.351746],[-114.930535,36.351747],[-114.930536,36.351749],[-114.930536,36.35175],[-114.930536,36.351751],[-114.930536,36.351753],[-114.930536,36.351754],[-114.930536,36.351755],[-114.930537,36.351757],[-114.930537,36.351758],[-114.930537,36.351759],[-114.930537,36.351761],[-114.930537,36.351762],[-114.930537,36.351764],[-114.930538,36.351765],[-114.930538,36.351766],[-114.930538,36.351768],[-114.930538,36.351769],[-114.930538,36.35177],[-114.930538,36.351772],[-114.930539,36.351773],[-114.930539,36.351775],[-114.930539,36.351776],[-114.930539,36.351777],[-114.930539,36.351779],[-114.930539,36.35178],[-114.930539,36.351781],[-114.93054,36.351783],[-114.93054,36.351784],[-114.93054,36.351785],[-114.93054,36.351787],[-114.93054,36.351788],[-114.93054,36.35179],[-114.930541,36.351791],[-114.930541,36.351792],[-114.930541,36.351794],[-114.930541,36.351795],[-114.930541,36.351796],[-114.930541,36.351798],[-114.930541,36.351799],[-114.930542,36.351801],[-114.930542,36.351802],[-114.930542,36.351803],[-114.930542,36.351805],[-114.930542,36.351806],[-114.930542,36.351807],[-114.930542,36.351809],[-114.930543,36.35181],[-114.930543,36.351811],[-114.930543,36.351813],[-114.930543,36.351814],[-114.930543,36.351816],[-114.930543,36.351817],[-114.930543,36.351818],[-114.930544,36.35182],[-114.930544,36.351821],[-114.930544,36.351822],[-114.930544,36.351824],[-114.930544,36.351825],[-114.930544,36.351827],[-114.930544,36.351828],[-114.930545,36.351829],[-114.930545,36.351831],[-114.930545,36.351832],[-114.930545,36.351833],[-114.930545,36.351835],[-114.930545,36.351836],[-114.930545,36.351837],[-114.930546,36.351839],[-114.930546,36.35184],[-114.930546,36.351842],[-114.930546,36.351843],[-114.930546,36.351844],[-114.930546,36.351846],[-114.930546,36.351847],[-114.930547,36.351848],[-114.930547,36.35185],[-114.930547,36.351851],[-114.930547,36.351853],[-114.930547,36.351854],[-114.930547,36.351855],[-114.930547,36.351857],[-114.930547,36.351858],[-114.930548,36.351859],[-114.930548,36.351861],[-114.930548,36.351862],[-114.930548,36.351863],[-114.930548,36.351865],[-114.930548,36.351866],[-114.930548,36.351868],[-114.930548,36.351869],[-114.930549,36.35187],[-114.930549,36.351872],[-114.930549,36.351873],[-114.930549,36.351874],[-114.930549,36.351876],[-114.930549,36.351877],[-114.930549,36.351879],[-114.930549,36.35188],[-114.93055,36.351881],[-114.93055,36.351883],[-114.93055,36.351884],[-114.93055,36.351885],[-114.93055,36.351887],[-114.93055,36.351888],[-114.93055,36.35189],[-114.93055,36.351891],[-114.930551,36.351892],[-114.930551,36.351894],[-114.930551,36.351895],[-114.930551,36.351896],[-114.930551,36.351898],[-114.930551,36.351899],[-114.930551,36.3519],[-114.930551,36.351902],[-114.930551,36.351903],[-114.930552,36.351905],[-114.930552,36.351906],[-114.930552,36.351907],[-114.930552,36.351909],[-114.930552,36.35191],[-114.930552,36.351911],[-114.930552,36.351913],[-114.930552,36.351914],[-114.930553,36.351916],[-114.930553,36.351917],[-114.930553,36.351918],[-114.930553,36.35192],[-114.930553,36.351921],[-114.930553,36.351922],[-114.930553,36.351924],[-114.930553,36.351925],[-114.930553,36.351927],[-114.930554,36.351928],[-114.930554,36.351929],[-114.930554,36.351931],[-114.930554,36.351932],[-114.930554,36.351933],[-114.930554,36.351935],[-114.930554,36.351936],[-114.930554,36.351937],[-114.930554,36.351939],[-114.930554,36.35194],[-114.930555,36.351942],[-114.930555,36.351943],[-114.930555,36.351944],[-114.930555,36.351946],[-114.930555,36.351947],[-114.930555,36.351948],[-114.930555,36.35195],[-114.930555,36.351951],[-114.930555,36.351953],[-114.930556,36.351954],[-114.930556,36.351955],[-114.930556,36.351957],[-114.930556,36.351958],[-114.930556,36.351959],[-114.930556,36.351961],[-114.930556,36.351962],[-114.930556,36.351964],[-114.930556,36.351965],[-114.930556,36.351966],[-114.930556,36.351968],[-114.930557,36.351969],[-114.930557,36.35197],[-114.930557,36.351972],[-114.930557,36.351973],[-114.930557,36.351974],[-114.930557,36.351976],[-114.930557,36.351977],[-114.930557,36.351979],[-114.930557,36.35198],[-114.930557,36.351981],[-114.930558,36.351983],[-114.930558,36.351984],[-114.930558,36.351985],[-114.930558,36.351987],[-114.930558,36.351988],[-114.930558,36.35199],[-114.930558,36.351991],[-114.930558,36.351992],[-114.930558,36.351994],[-114.930558,36.351995],[-114.930558,36.351997],[-114.932986,36.352003],[-114.933154,36.351617],[-114.933488,36.350848],[-114.933488,36.350848]],[[-114.955517,36.315494],[-114.955515,36.314005],[-114.955513,36.312871],[-114.955512,36.312302],[-114.955512,36.31201],[-114.955443,36.312101],[-114.955378,36.312194],[-114.955311,36.312301],[-114.955288,36.312337],[-114.955208,36.312483],[-114.955162,36.31258],[-114.955088,36.31275],[-114.955008,36.312962],[-114.95456,36.314094],[-114.95456,36.314095],[-114.954559,36.314096],[-114.954559,36.314098],[-114.954558,36.314099],[-114.954558,36.3141],[-114.954557,36.314101],[-114.954557,36.314103],[-114.954556,36.314104],[-114.954556,36.314105],[-114.954555,36.314107],[-114.954555,36.314108],[-114.954554,36.314109],[-114.954554,36.314111],[-114.954553,36.314112],[-114.954553,36.314113],[-114.954552,36.314115],[-114.954552,36.314116],[-114.954551,36.314117],[-114.954551,36.314119],[-114.95455,36.31412],[-114.95455,36.314121],[-114.954549,36.314122],[-114.954549,36.314124],[-114.954548,36.314125],[-114.954548,36.314126],[-114.954547,36.314128],[-114.954547,36.314129],[-114.954546,36.31413],[-114.954546,36.314132],[-114.954545,36.314133],[-114.954545,36.314134],[-114.954544,36.314136],[-114.954544,36.314137],[-114.954543,36.314138],[-114.954543,36.31414],[-114.954542,36.314141],[-114.954542,36.314142],[-114.954541,36.314143],[-114.954541,36.314145],[-114.95454,36.314146],[-114.95454,36.314147],[-114.954539,36.314149],[-114.954539,36.31415],[-114.954538,36.314151],[-114.954538,36.314153],[-114.954537,36.314154],[-114.954536,36.314155],[-114.954536,36.314157],[-114.954535,36.314158],[-114.954535,36.314159],[-114.954534,36.31416],[-114.954534,36.314162],[-114.954533,36.314163],[-114.954533,36.314164],[-114.954532,36.314166],[-114.954532,36.314167],[-114.954531,36.314168],[-114.954531,36.31417],[-114.95453,36.314171],[-114.95453,36.314172],[-114.954529,36.314174],[-114.954529,36.314175],[-114.954528,36.314176],[-114.954528,36.314177],[-114.954527,36.314179],[-114.954527,36.31418],[-114.954526,36.314181],[-114.954526,36.314183],[-114.954525,36.314184],[-114.954525,36.314185],[-114.954524,36.314187],[-114.954524,36.314188],[-114.954523,36.314189],[-114.954522,36.314191],[-114.954522,36.314192],[-114.954521,36.314193],[-114.954521,36.314194],[-114.95452,36.314196],[-114.95452,36.314197],[-114.954519,36.314198],[-114.954519,36.3142],[-114.954518,36.314201],[-114.954518,36.314202],[-114.954517,36.314204],[-114.954517,36.314205],[-114.954516,36.314206],[-114.954516,36.314208],[-114.954515,36.314209],[-114.954515,36.31421],[-114.954514,36.314211],[-114.954514,36.314213],[-114.954513,36.314214],[-114.954512,36.314215],[-114.954512,36.314217],[-114.954511,36.314218],[-114.954511,36.314219],[-114.95451,36.314221],[-114.95451,36.314222],[-114.954509,36.314223],[-114.954509,36.314224],[-114.954508,36.314226],[-114.954508,36.314227],[-114.954507,36.314228],[-114.954507,36.31423],[-114.954506,36.314231],[-114.954505,36.314232],[-114.954505,36.314234],[-114.954504,36.314235],[-114.954504,36.314236],[-114.954503,36.314237],[-114.954503,36.314239],[-114.954502,36.31424],[-114.954502,36.314241],[-114.954501,36.314243],[-114.954501,36.314244],[-114.9545,36.314245],[-114.9545,36.314247],[-114.954499,36.314248],[-114.954498,36.314249],[-114.954498,36.314251],[-114.954497,36.314252],[-114.954497,36.314253],[-114.954496,36.314254],[-114.954496,36.314256],[-114.954495,36.314257],[-114.954495,36.314258],[-114.954494,36.31426],[-114.954494,36.314261],[-114.954493,36.314262],[-114.954492,36.314264],[-114.954492,36.314265],[-114.954491,36.314266],[-114.954491,36.314267],[-114.95449,36.314269],[-114.95449,36.31427],[-114.954489,36.314271],[-114.954489,36.314273],[-114.954488,36.314274],[-114.954487,36.314275],[-114.954487,36.314276],[-114.954486,36.314278],[-114.954486,36.314279],[-114.954485,36.31428],[-114.954485,36.314282],[-114.954484,36.314283],[-114.954484,36.314284],[-114.954483,36.314286],[-114.954482,36.314287],[-114.954482,36.314288],[-114.954481,36.314289],[-114.954481,36.314291],[-114.95448,36.314292],[-114.95448,36.314293],[-114.954479,36.314295],[-114.954479,36.314296],[-114.954478,36.314297],[-114.954477,36.314299],[-114.954477,36.3143],[-114.954476,36.314301],[-114.954476,36.314302],[-114.954475,36.314304],[-114.954475,36.314305],[-114.954474,36.314306],[-114.954473,36.314308],[-114.954473,36.314309],[-114.954472,36.31431],[-114.954472,36.314312],[-114.954471,36.314313],[-114.954471,36.314314],[-114.95447,36.314315],[-114.95447,36.314317],[-114.954469,36.314318],[-114.954468,36.314319],[-114.954468,36.314321],[-114.954467,36.314322],[-114.954467,36.314323],[-114.954466,36.314324],[-114.954466,36.314326],[-114.954465,36.314327],[-114.954464,36.314328],[-114.954464,36.31433],[-114.954463,36.314331],[-114.954463,36.314332],[-114.954462,36.314334],[-114.954462,36.314335],[-114.954461,36.314336],[-114.95446,36.314337],[-114.95446,36.314339],[-114.954459,36.31434],[-114.954459,36.314341],[-114.954458,36.314343],[-114.954458,36.314344],[-114.954457,36.314345],[-114.954456,36.314346],[-114.954456,36.314348],[-114.954455,36.314349],[-114.954455,36.31435],[-114.954454,36.314352],[-114.954453,36.314353],[-114.954453,36.314354],[-114.954452,36.314355],[-114.954452,36.314357],[-114.954451,36.314358],[-114.954451,36.314359],[-114.95445,36.314361],[-114.954449,36.314362],[-114.954449,36.314363],[-114.954448,36.314364],[-114.954448,36.314366],[-114.954447,36.314367],[-114.954446,36.314368],[-114.954446,36.31437],[-114.954445,36.314371],[-114.954445,36.314372],[-114.954444,36.314374],[-114.954444,36.314375],[-114.954443,36.314376],[-114.954442,36.314377],[-114.954442,36.314379],[-114.954441,36.31438],[-114.954441,36.314381],[-114.95444,36.314383],[-114.954439,36.314384],[-114.954439,36.314385],[-114.954438,36.314386],[-114.954438,36.314388],[-114.954437,36.314389],[-114.954436,36.31439],[-114.954436,36.314392],[-114.954435,36.314393],[-114.954435,36.314394],[-114.954434,36.314395],[-114.954433,36.314397],[-114.954433,36.314398],[-114.954432,36.314399],[-114.954432,36.314401],[-114.954431,36.314402],[-114.954431,36.314403],[-114.95443,36.314404],[-114.954429,36.314406],[-114.954429,36.314407],[-114.954428,36.314408],[-114.954428,36.31441],[-114.954427,36.314411],[-114.954426,36.314412],[-114.954426,36.314413],[-114.954425,36.314415],[-114.954425,36.314416],[-114.954424,36.314417],[-114.954423,36.314419],[-114.954423,36.31442],[-114.954422,36.314421],[-114.954422,36.314422],[-114.954421,36.314424],[-114.95442,36.314425],[-114.95442,36.314426],[-114.954419,36.314428],[-114.954418,36.314429],[-114.954418,36.31443],[-114.954417,36.314431],[-114.954417,36.314433],[-114.954416,36.314434],[-114.954415,36.314435],[-114.954415,36.314437],[-114.954414,36.314438],[-114.954414,36.314439],[-114.954413,36.31444],[-114.954412,36.314442],[-114.954412,36.314443],[-114.954411,36.314444],[-114.954411,36.314445],[-114.95441,36.314447],[-114.954409,36.314448],[-114.954409,36.314449],[-114.954408,36.314451],[-114.954408,36.314452],[-114.954407,36.314453],[-114.954406,36.314454],[-114.954406,36.314456],[-114.954405,36.314457],[-114.954404,36.314458],[-114.954404,36.31446],[-114.954403,36.314461],[-114.954403,36.314462],[-114.954402,36.314463],[-114.954401,36.314465],[-114.954401,36.314466],[-114.9544,36.314467],[-114.954399,36.314469],[-114.954399,36.31447],[-114.954398,36.314471],[-114.954398,36.314472],[-114.954397,36.314474],[-114.954396,36.314475],[-114.954396,36.314476],[-114.954395,36.314477],[-114.954395,36.314479],[-114.954394,36.31448],[-114.954393,36.314481],[-114.954393,36.314483],[-114.954392,36.314484],[-114.954391,36.314485],[-114.954391,36.314486],[-114.95439,36.314488],[-114.95439,36.314489],[-114.954389,36.31449],[-114.954388,36.314492],[-114.954388,36.314493],[-114.954387,36.314494],[-114.954386,36.314495],[-114.954386,36.314497],[-114.954385,36.314498],[-114.954384,36.314499],[-114.954384,36.3145],[-114.954383,36.314502],[-114.954383,36.314503],[-114.954382,36.314504],[-114.954381,36.314506],[-114.954381,36.314507],[-114.95438,36.314508],[-114.954379,36.314509],[-114.954379,36.314511],[-114.954378,36.314512],[-114.954378,36.314513],[-114.954377,36.314514],[-114.954376,36.314516],[-114.954376,36.314517],[-114.954375,36.314518],[-114.954374,36.31452],[-114.954315,36.314624],[-114.95425,36.314726],[-114.954178,36.314824],[-114.9541,36.314919],[-114.954015,36.315011],[-114.953925,36.315099],[-114.953797,36.31521],[-114.953694,36.315289],[-114.953586,36.315363],[-114.953474,36.315432],[-114.953357,36.315497],[-114.953237,36.315557],[-114.953113,36.315611],[-114.952985,36.31566],[-114.952854,36.315704],[-114.952722,36.315741],[-114.952655,36.31592],[-114.952653,36.315925],[-114.952652,36.315926],[-114.952607,36.316042],[-114.952542,36.316195],[-114.952526,36.316233],[-114.952523,36.316239],[-114.952462,36.316377],[-114.952391,36.31653],[-114.952303,36.316708],[-114.952209,36.316889],[-114.952959,36.316426],[-114.953767,36.315926],[-114.953775,36.315921],[-114.953782,36.315917],[-114.95432,36.315786],[-114.955517,36.315494]],[[-115.12583,36.252406],[-115.12583,36.252308],[-115.125824,36.250589],[-115.125688,36.250589],[-115.123601,36.250598],[-115.123606,36.251507],[-115.123608,36.251961],[-115.123611,36.252416],[-115.123713,36.252416],[-115.12472,36.252411],[-115.125694,36.252406],[-115.12583,36.252406]],[[-114.932711,36.342891],[-114.932979,36.341546],[-114.930533,36.341533],[-114.930464,36.342878],[-114.932711,36.342891]],[[-115.043143,36.262351],[-115.043278,36.262356],[-115.043292,36.261545],[-115.043157,36.26154],[-115.043149,36.261539],[-115.043106,36.261538],[-115.042147,36.261502],[-115.04214,36.262217],[-115.042139,36.262313],[-115.043143,36.262351]],[[-115.125822,36.249155],[-115.125821,36.248775],[-115.125686,36.248774],[-115.125651,36.248774],[-115.12548,36.248775],[-115.125347,36.248775],[-115.125215,36.248775],[-115.125082,36.248776],[-115.12495,36.248776],[-115.124817,36.248776],[-115.124685,36.248777],[-115.124553,36.248777],[-115.12442,36.248777],[-115.124288,36.248778],[-115.124155,36.248778],[-115.124023,36.248778],[-115.12389,36.248779],[-115.123728,36.248779],[-115.123694,36.248779],[-115.123592,36.248779],[-115.123594,36.24908],[-115.123696,36.249081],[-115.124856,36.249078],[-115.124856,36.249155],[-115.125686,36.249156],[-115.125822,36.249155]],[[-115.125822,36.249682],[-115.125822,36.249457],[-115.125687,36.249457],[-115.124692,36.24946],[-115.124692,36.249381],[-115.124325,36.249382],[-115.123697,36.249384],[-115.123595,36.249383],[-115.123597,36.249689],[-115.123699,36.249688],[-115.124326,36.249686],[-115.124709,36.249685],[-115.125687,36.249682],[-115.125822,36.249682]],[[-115.125836,36.254223],[-115.125834,36.253698],[-115.125699,36.253696],[-115.124726,36.253701],[-115.124728,36.254119],[-115.124727,36.254228],[-115.125836,36.254223]],[[-115.122482,36.248783],[-115.122482,36.248701],[-115.122481,36.248288],[-115.122147,36.248289],[-115.121841,36.24829],[-115.12147,36.248291],[-115.121368,36.248292],[-115.121371,36.248787],[-115.121474,36.248787],[-115.121837,36.248785],[-115.122024,36.248785],[-115.122213,36.248784],[-115.1224,36.248784],[-115.122482,36.248783]],[[-115.123586,36.247417],[-115.123584,36.2471],[-115.123583,36.246963],[-115.122471,36.246966],[-115.122472,36.24708],[-115.122472,36.247103],[-115.122472,36.247116],[-115.122474,36.24742],[-115.122552,36.24742],[-115.123031,36.247419],[-115.123125,36.247419],[-115.123485,36.247418],[-115.123586,36.247417]]]]},"properties":{"neighborhood":"City of North Las Vegas"}}]}