{"type":"FeatureCollection","features":[{"type":"Feature","geometry":{"type":"Polygon","coordinates":[[[-115.16928999979469,36.12547300025665],[-115.168001000007,36.12528099979453],[-115.16779500014266,36.125235999765714],[-115.16732099959141,36.12501099996012],[-115.167163000306,36.12489400000952],[-115.16698099983282,36.124692000068876],[-115.16686200000711,36.124498000110734],[-115.16676499992275,36.12428899996346],[-115.16651899987544,36.123608999713326],[-115.16642799963883,36.12340899988465],[-115.16618599978952,36.12304099985544],[-115.16593899991732,36.12279500015166],[-115.1657270002052,36.12265399991197],[-115.16551700014291,36.122539999795436],[-115.16527299974545,36.122466000165886],[-115.16450799983937,36.12237100021565],[-115.16408299969194,36.122409000354686],[-115.16406699979841,36.11919499970293],[-115.162038000219,36.11919499970293],[-115.1619050001496,36.11921899992354],[-115.16165800027743,36.11931000027002],[-115.16141899990279,36.119468999729136],[-115.16129099985629,36.119437999964816],[-115.16105700040288,36.11925999998106],[-115.1608630002341,36.11918300031552],[-115.16067499991314,36.119158000134625],[-115.15953400026345,36.119134999845],[-115.15955699982966,36.11851399963835],[-115.15957199989828,36.11842099990316],[-115.15953699973817,36.11678700026572],[-115.15946300011832,36.11670099980123],[-115.15992699972551,36.116548999694935],[-115.16042899986583,36.11648899999218],[-115.16096299979324,36.1165069996901],[-115.16154299975136,36.1166090000776],[-115.1618819996851,36.11669799985925],[-115.16222599964165,36.116823000246555],[-115.16257899981908,36.11702300016212],[-115.16310299970071,36.11721299982773],[-115.1634890003884,36.117268999809504],[-115.16404099985915,36.11729999970448],[-115.16402199959256,36.11675400020832],[-115.16399599965331,36.11443000005642],[-115.15908200035182,36.114306000225156],[-115.15911800033682,36.11310600019366],[-115.1591030002682,36.112071000143665],[-115.15913000003239,36.11200799980122],[-115.15924899985806,36.111927000116005],[-115.15927899999531,36.11188099964834],[-115.15929099969085,36.111686999966985],[-115.15934599994246,36.111657000078225],[-115.1594189997374,36.11164400021964],[-115.15944200020195,36.11147899987363],[-115.15997299975625,36.11148800029728],[-115.1600179999621,36.11127999967684],[-115.16005599959693,36.111041999833276],[-115.16003800005359,36.10927299990727],[-115.16005700032018,36.10889500032025],[-115.16212000023476,36.10887899976385],[-115.16259300006278,36.108977000308364],[-115.16395499964541,36.10897799966158],[-115.16389799974401,36.10628000006778],[-115.1602020000851,36.10631099994594],[-115.15991599985485,36.10607200017101],[-115.1599040001593,36.10458899998064],[-115.15912099981155,36.1045860003018],[-115.15863799993781,36.10460200028113],[-115.15844399976903,36.104690999879665],[-115.15838199984476,36.104792999646264],[-115.15837400034715,36.104368000349936],[-115.16277600036088,36.104366000074556],[-115.16281300017083,36.10442699974075],[-115.16285500000359,36.10445299966736],[-115.16335899979376,36.10447099994648],[-115.16333799987736,36.10355000033051],[-115.16333600022752,36.10160800011975],[-115.16385000006345,36.10158300015056],[-115.1638340001699,36.100860000125294],[-115.16275399972126,36.10083099991318],[-115.16142899994854,36.10083499991805],[-115.16074799970806,36.1008560001217],[-115.15621299962497,36.10090400015127],[-115.15426799971112,36.100961000329825],[-115.14960999960437,36.10102000010181],[-115.14758100002494,36.10108400000116],[-115.14686399979945,36.10106299985849],[-115.14591499977038,36.10097099996215],[-115.14592399999123,36.101383000110495],[-115.14598500009059,36.10168299997965],[-115.14603100012134,36.10183300021048],[-115.14619199977982,36.10212700026761],[-115.1463099997806,36.10228400007467],[-115.14649599955342,36.10247200023521],[-115.1467180002096,36.102648000209406],[-115.1468880000889,36.10275599994891],[-115.14722199999976,36.10290100025278],[-115.1486399996589,36.10343999993197],[-115.1489019995997,36.10357499967379],[-115.14912199970772,36.10375600008193],[-115.14929400013519,36.10393200008286],[-115.1494230000066,36.10409799973068],[-115.1495190002661,36.104295999840055],[-115.14965200033546,36.10476099976225],[-115.14982600041272,36.1056949998161],[-115.14995399956096,36.10617699993999],[-115.15033000020289,36.10708099966575],[-115.15037399968553,36.10729499967076],[-115.15041300004357,36.10795000028874],[-115.1504630002723,36.10999099983112],[-115.15047599979276,36.111170999993526],[-115.15046900012008,36.11147499968498],[-115.15042800011219,36.111751999928586],[-115.15033000020289,36.11199900016285],[-115.15018399971471,36.11220000006518],[-115.14998600024633,36.11239399993081],[-115.149740000199,36.112555999705755],[-115.1494720004104,36.11267599999561],[-115.14897500029296,36.112827000311455],[-115.14825300004458,36.113005999665766],[-115.14754500003994,36.113204999843404],[-115.14719600006048,36.113325999890904],[-115.14701199993746,36.11343100012288],[-115.14683799986018,36.11357100021386],[-115.14663199999588,36.113793000095214],[-115.14650899997224,36.11400899998548],[-115.14646899978923,36.114094999769684],[-115.14641199988783,36.11432499970871],[-115.14638299957552,36.11461200013298],[-115.15056500037956,36.114666999786046],[-115.1505489995877,36.1154620002326],[-115.15063700034956,36.115766000004925],[-115.15064300019736,36.11591300022231],[-115.15177600034946,36.1159050002965],[-115.15200700032811,36.115950999858555],[-115.15219099955281,36.11602299984458],[-115.15278499975467,36.11634700005327],[-115.15277499970891,36.11863900003737],[-115.15274799994475,36.1203229999635],[-115.15056700002935,36.12029500034103],[-115.15055600015872,36.12123899993662],[-115.15111299965231,36.12124199970511],[-115.1510690001697,36.12357800013245],[-115.1503519999442,36.12358300032314],[-115.15044599965553,36.123510000119445],[-115.15050599992998,36.123297999828814],[-115.15053699989214,36.122261000053236],[-115.147612999812,36.12227299969585],[-115.14761799983488,36.12131499984084],[-115.14795099992082,36.12123899993662],[-115.14818500027255,36.12121199983837],[-115.14819199994523,36.120750999791774],[-115.14763600027653,36.1207179999491],[-115.14763499955332,36.12079400035764],[-115.14619000012998,36.12121299976156],[-115.14607200012921,36.12123099982785],[-115.14181300023063,36.121228000058956],[-115.14184800039071,36.120256999904434],[-115.13750699957805,36.120245999889185],[-115.13737699988171,36.12214099989817],[-115.13684999962703,36.12210899982587],[-115.13658500021147,36.122049000017896],[-115.13642600020282,36.12198200004511],[-115.1360169999489,36.12174399998279],[-115.13569800010666,36.12167799966698],[-115.13465199999321,36.12161499977556],[-115.13442500021249,36.1216159996936],[-115.13397599977559,36.121668999685596],[-115.1334889997039,36.1218579998039],[-115.13285900041535,36.122132999881316],[-115.13264900035304,36.12217599969022],[-115.1278380000854,36.12219199971441],[-115.12767900007677,36.122132999881316],[-115.12753699978654,36.12203299996463],[-115.12747700041041,36.12195199973556],[-115.12743999970216,36.121813999905314],[-115.12757100012173,36.12020800015453],[-115.12767300022897,36.119170000251444],[-115.1277229995594,36.11838899976595],[-115.11933899965649,36.118426999655334],[-115.1190290000351,36.11844199975934],[-115.11900200027091,36.1187749997346],[-115.11890000016368,36.1216159996936],[-115.11878999966048,36.1237099996908],[-115.11860700026071,36.12871399972453],[-115.11854899963606,36.12982700024162],[-115.1185140003743,36.13016600011865],[-115.1185019997804,36.13056000011136],[-115.11851600002412,36.13079299983379],[-115.1181789997402,36.13077399998193],[-115.11817100024263,36.13131900012944],[-115.11742899990277,36.13131200011692],[-115.11743300010072,36.131752999686036],[-115.11790699975366,36.13175499998934],[-115.1179109999516,36.13201099994337],[-115.11770400026238,36.13209700032435],[-115.11778700010306,36.132268000295674],[-115.11780600036963,36.13241400030728],[-115.11780200017168,36.13342099989742],[-115.11855200000912,36.133420000129746],[-115.11858399979617,36.13627399982822],[-115.1185720001006,36.137027999661086],[-115.11699799990754,36.137027999661086],[-115.11697100014338,36.137970000290714],[-115.11693599998327,36.140694999860095],[-115.11869099992629,36.14070199976104],[-115.1193179997401,36.14073699998205],[-115.11988600000267,36.140797999687344],[-115.12108699992683,36.14083999975416],[-115.12315700041243,36.14081900008629],[-115.12325799979644,36.14422699988425],[-115.12548700029073,36.14423800016584],[-115.12548700029073,36.14442200003075],[-115.1280260004064,36.144435000265126],[-115.12802700023128,36.14260099999035],[-115.12858700009795,36.142605999694574],[-115.12925400009475,36.14257899969197],[-115.12925900011761,36.14286799985504],[-115.13147500019309,36.14282499977519],[-115.13482199987251,36.14279199978227],[-115.13479599993325,36.14275299970684],[-115.13478300041278,36.14080699965172],[-115.13687200026664,36.140788000048076],[-115.13688200031238,36.1400060002285],[-115.13447100024325,36.13998699970541],[-115.13448299993881,36.13699500013179],[-115.13686399987073,36.13699399968415],[-115.13686700024377,36.13002299971125],[-115.13688700033525,36.12975499985447],[-115.13831199966708,36.1297530002257],[-115.1383340003067,36.129257999844825],[-115.14142900009108,36.129264000219926],[-115.14154899974164,36.1293170001274],[-115.14253499958066,36.12932299977241],[-115.14253600030389,36.128808000153484],[-115.14542199985087,36.12886799987443],[-115.14541299963005,36.12920700026581],[-115.14596400017417,36.12918599966128],[-115.14595300030352,36.12975599966884],[-115.14619699980268,36.12974799970247],[-115.14660500023169,36.129690000284654],[-115.14723600024345,36.129528000307644],[-115.14757400035226,36.12945599964626],[-115.1479169995856,36.129406000014676],[-115.14820899966365,36.12938699982711],[-115.14910300033948,36.12937899982311],[-115.15274100027203,36.12938399964435],[-115.15391999955656,36.129426000016274],[-115.15483799962352,36.1295539999055],[-115.15496400002023,36.12961100033318],[-115.15635400009027,36.12972399979843],[-115.15785799996311,36.12971500001391],[-115.15939699999608,36.129758999837385],[-115.1601450001837,36.12973599975139],[-115.1605169997294,36.12968899974388],[-115.1609190003106,36.12966000001854],[-115.16177299990514,36.129652999858045],[-115.16223599968741,36.12966300019079],[-115.16263900009355,36.12969199991504],[-115.16299200027096,36.129762999820144],[-115.16335600031903,36.1298649996736],[-115.16367299961313,36.12998399981879],[-115.16418599962411,36.13025899972624],[-115.16528399961611,36.1309449999338],[-115.16558499991497,36.131102000176725],[-115.16910999986965,36.12572100000727],[-115.16928999979469,36.12547300025665]]]},"properties":{"zcta":"89169"}},{"type":"Feature","geometry":{"type":"Polygon","coordinates":[[[-115.34740899996892,35.96929700015527],[-115.36106100007393,35.953197000082554],[-115.35168399976102,35.95302400005173],[-115.35002799955221,35.953014999682466],[-115.3464640001378,35.95292899981898],[-115.30760400024762,35.953425000111956],[-115.26948800034712,35.9541029999664],[-115.26884100044184,35.95518300026551],[-115.26446299981923,35.95959399963686],[-115.25499199979502,35.9697650000342],[-115.25463500031793,35.97056300034556],[-115.25389499962793,35.97132500019306],[-115.25276400002396,35.97344800013461],[-115.25186600004852,35.974256999645],[-115.25158800021417,35.97460300008627],[-115.24921899997781,35.97729299987771],[-115.24807099975712,35.98141400014268],[-115.24791000009861,35.981964999746275],[-115.24774900044015,35.98236299970533],[-115.24571599976444,35.984152999909405],[-115.24719100022332,35.98419299966128],[-115.248295999888,35.98414599987805],[-115.25016800000691,35.9841960002961],[-115.26572999986564,35.98422000028196],[-115.26581699990426,35.985923000056914],[-115.2613329998748,35.98591300034006],[-115.26137499970758,35.98823099994291],[-115.26150799977697,35.99124499995135],[-115.26150699995208,35.992172000227136],[-115.26157899992208,35.99392999966624],[-115.26409999959607,35.99510199981385],[-115.26673099977327,35.99663700002333],[-115.27095700005987,35.996272999931485],[-115.27329500033409,35.99554100025154],[-115.27507000036861,35.99517600011679],[-115.27898699996042,35.994535999895135],[-115.27974400036891,35.99439899965103],[-115.27995799973084,35.99800400001446],[-115.28006400003603,35.99823900025152],[-115.2795900003831,35.99821600020356],[-115.27917199990836,35.99816099977729],[-115.27883899982244,35.99814299988052],[-115.27816199977991,35.99813799970658],[-115.2775550000576,35.99816499991533],[-115.27629899988186,35.99815699963911],[-115.27605200000966,35.99813500032885],[-115.27583600009959,35.998088000130124],[-115.27576599977938,35.99805799978763],[-115.27291200001946,35.998203999796715],[-115.27074500034777,35.998242999658835],[-115.26981999970984,35.9982029997627],[-115.26660500027486,35.998203999796715],[-115.2617210002123,35.99826599969887],[-115.26041599963273,35.99826699973209],[-115.25748599970483,35.9983149998567],[-115.25716199983972,35.99833699984348],[-115.25376800030465,35.998426999791654],[-115.24362199988772,35.99864699979778],[-115.24122800043533,35.998768000229994],[-115.23888400031335,36.00296900031783],[-115.23733900043257,36.00577800027475],[-115.23726099971647,36.00606699997534],[-115.23693100000357,36.00665200004695],[-115.23639500042637,36.007790000151],[-115.23626200035697,36.008260999639326],[-115.23628900012118,36.00851199973701],[-115.23637299978674,36.008777999715285],[-115.23667999993341,36.009221999794086],[-115.23697100018657,36.009476000138655],[-115.23756399966514,36.00978500001508],[-115.23973999955767,36.011012000192],[-115.2434949996661,36.013066000253815],[-115.24347399974971,36.020534000359376],[-115.24350600043508,36.02242999977583],[-115.25197200035372,36.02095199969263],[-115.25427799994257,36.02057200032433],[-115.25431300010268,36.02075999965191],[-115.25427399974463,36.02120899997229],[-115.25427499956952,36.021421000250605],[-115.25429899985899,36.02146699987923],[-115.25432999982112,36.02148200032094],[-115.25468100034871,36.02148300005969],[-115.25653500002595,36.02137799981527],[-115.256426000246,36.02308000036153],[-115.2586930003751,36.02298200028345],[-115.26095600030624,36.022905999753405],[-115.26107599995683,36.02117400026905],[-115.26118999975965,36.02013499998424],[-115.27232200001558,36.02022399999895],[-115.27473800010759,36.02025699988907],[-115.29323599974204,36.02038500030087],[-115.29556599962032,36.02043300003837],[-115.2972820001036,36.02044899970221],[-115.29788700017609,36.02047600026281],[-115.29774400006097,36.02331599967885],[-115.2972810002787,36.03366800013932],[-115.29708799993485,36.03692199977787],[-115.29697199958389,36.038101999886294],[-115.29685399958312,36.04049500021572],[-115.29687000037497,36.040859999713945],[-115.29760599996871,36.04085200013909],[-115.29830800012557,36.04082200009186],[-115.29856699969335,36.04082900017652],[-115.29871200035663,36.040835000041106],[-115.2989519996578,36.04090900026999],[-115.29903000037395,36.04094900028628],[-115.29930200036051,36.04078099979087],[-115.29941000031552,36.04067700006556],[-115.30780599991398,36.04058600019319],[-115.30781599995974,36.04027900023914],[-115.30772200024839,36.04027900023914],[-115.30779900024129,36.039229999638295],[-115.30781299958669,36.03864699999104],[-115.30778900019553,36.03801700002313],[-115.30772200024839,36.037449999955996],[-115.30771800005044,36.036132000332785],[-115.30761000009541,36.036090999769215],[-115.30759400020187,36.03574399999129],[-115.30733100043615,36.03572700024342],[-115.30730999962144,36.03518400012719],[-115.30699300032734,36.03519400013377],[-115.30700699967274,36.03458400031664],[-115.30693899990068,36.0345769996768],[-115.30691200013649,36.03356199984029],[-115.30681699970192,36.03337199992048],[-115.3157689998674,36.03315900024544],[-115.3157699996923,36.02848400020906],[-115.31592799987604,36.02331299980587],[-115.31591000033269,36.022139000301024],[-115.31596200021123,36.01679000031878],[-115.31592700005115,36.013759999693974],[-115.31625299956606,36.01308699991296],[-115.3167279999422,36.012558999934015],[-115.31720300031834,36.011959000024675],[-115.31785600007144,36.01085499985619],[-115.31838999999883,36.009317999757315],[-115.31844799972515,36.00864499983836],[-115.31853700031192,36.008116999900025],[-115.31892300010128,36.00768499983058],[-115.31922000020222,36.00739700016478],[-115.31973800023609,36.00696900020158],[-115.31997800043557,36.00651900021691],[-115.32039099998913,36.00616000034768],[-115.32120500029903,36.00593599975702],[-115.32209700042668,36.005818999899425],[-115.32291300038636,36.005733000148105],[-115.32361399982003,36.00560300004168],[-115.323878000309,36.00544599983423],[-115.32387300028611,36.0051369996654],[-115.32363399991152,36.00444499979805],[-115.3235770000101,36.003266999868806],[-115.3238590000424,36.003069999762616],[-115.32526300035614,36.00163600031706],[-115.32646299955707,35.999976000132385],[-115.32677200025188,35.99961000015695],[-115.3272230003386,35.99940200015656],[-115.32835300011766,35.9981910000806],[-115.32852200017204,35.99784900001604],[-115.32928399970507,35.996889000109135],[-115.33013200035013,35.99503800018339],[-115.33100699986103,35.993576999730514],[-115.33207999973867,35.992069999796364],[-115.33394500018488,35.988847999840445],[-115.33854700021514,35.981470999653425],[-115.34131300011153,35.97738200027416],[-115.34218799962242,35.97633100000243],[-115.34740899996892,35.96929700015527]]]},"properties":{"zcta":"89178"}},{"type":"Feature","geometry":{"type":"Polygon","coordinates":[[[-115.44383099959818,36.057991999992346],[-115.44485099977238,36.05593799981155],[-115.44390199974329,36.05587400019562],[-115.44286999987354,36.05594700005973],[-115.44258899966614,36.055902000260936],[-115.44220100022693,36.05556100011008],[-115.44192500004242,36.05508299986279],[-115.44164800003297,36.05481099981472],[-115.44106800007482,36.05389999989594],[-115.44094300040136,36.05358800000606],[-115.44092199958665,36.05324499987308],[-115.4410710004479,36.053056000302284],[-115.44236400043356,36.05108999976067],[-115.44318000039324,36.050245999812944],[-115.44326400005883,36.04997000006603],[-115.44323499974654,36.04949099988968],[-115.44312199976864,36.04933100035646],[-115.4430079999658,36.04832399993809],[-115.44269599979629,36.047638999642984],[-115.44266599965904,36.04613000007917],[-115.44229800031131,36.04535299996974],[-115.44184499967646,36.044759000210696],[-115.44071499989742,36.0438219998101],[-115.44048899994159,36.04350199989168],[-115.43995099981626,36.043182000125434],[-115.4393879995766,36.04270300004914],[-115.43851100041582,36.04165200008825],[-115.43777699957359,36.04039500028674],[-115.43740699967773,36.03941099999515],[-115.43703900033003,36.03778900032161],[-115.43644500012817,36.03634800006155],[-115.43621699962424,36.034337000194824],[-115.43452199995566,36.03230300028541],[-115.43398300000541,36.03106900009637],[-115.43333399955199,36.03033799983265],[-115.43279399977682,36.02958300007341],[-115.43261600039989,36.028853000194836],[-115.43247599975952,36.02754799979296],[-115.43168200043945,36.0262579998279],[-115.42795900011802,36.026185999721086],[-115.41843100019241,36.02695000000139],[-115.41833599975784,36.020540000316785],[-115.41826399978783,36.01832399997637],[-115.41738199970591,36.01878799987291],[-115.41706399968858,36.01893199973626],[-115.41182399997385,36.02122500020508],[-115.40792699957522,36.02289599963996],[-115.40461500005587,36.02434700036091],[-115.40386900041638,36.024689000273206],[-115.40324000005444,36.02504800003072],[-115.40270299975403,36.02540500022766],[-115.40236499964519,36.02567999993982],[-115.40168099993001,36.02629800002019],[-115.40125900015558,36.02677100013721],[-115.40092900044272,36.02725500027396],[-115.40063099961858,36.02773900034324],[-115.40005400003349,36.02894199980672],[-115.39963899993178,36.02969699989758],[-115.39922600037822,36.030249999972504],[-115.39883600039087,36.03067700029854],[-115.39807399995955,36.03131100004658],[-115.39753300035946,36.031657999740524],[-115.39695599987608,36.031970000092564],[-115.39629100042742,36.032254000186136],[-115.39602699993848,36.03234900009883],[-115.39518500003953,36.03256300010953],[-115.39454300015709,36.032676999979756],[-115.39410200011613,36.03272999965292],[-115.39347000027946,36.032757999959315],[-115.39238800018099,36.032741000293335],[-115.38603600023058,36.032519999943624],[-115.38455499992394,36.03251400017198],[-115.38391100039168,36.03254699999983],[-115.38191799989899,36.03272300030122],[-115.3759989995936,36.033306999804445],[-115.37526399982477,36.033359000192156],[-115.36879499969848,36.03397499971384],[-115.36880499974421,36.03436800010853],[-115.3687899996756,36.03756099995994],[-115.36876600028447,36.03913600027609],[-115.3764200004414,36.0429840000863],[-115.37679100016216,36.04322900031101],[-115.37716500025596,36.04350899973808],[-115.37755000022042,36.043889000325166],[-115.37787699956027,36.04429200021505],[-115.37826099969982,36.044922000096705],[-115.37851799961778,36.04543199966365],[-115.37910599997183,36.04652499966817],[-115.37940100042293,36.04693799983301],[-115.37987000005299,36.04741700029152],[-115.38014600023752,36.04763999977604],[-115.38065300040071,36.04796600035453],[-115.38115499964275,36.048227000161006],[-115.38152000041401,36.04837699997545],[-115.38186799967026,36.048493999835635],[-115.38219099971045,36.048585000010206],[-115.38243199973486,36.04863299999606],[-115.38445000034193,36.048886999676],[-115.3915229998175,36.04969400007769],[-115.392528999748,36.04977199966725],[-115.39307500026925,36.0497749999851],[-115.39362799956488,36.04974100000722],[-115.39392899986377,36.04970399969418],[-115.39460199970833,36.04957400022299],[-115.3953110004362,36.04938900027019],[-115.39699699988395,36.0488280000007],[-115.39765600038314,36.04868499970556],[-115.39817100004393,36.04863400011651],[-115.39881999959906,36.048660000338394],[-115.39941899982377,36.0487649998062],[-115.39980399978823,36.04887699995573],[-115.40130299963822,36.04941400013221],[-115.4055320002979,36.05098599985325],[-115.40614999989089,36.051175000036906],[-115.4068649995682,36.05133899979775],[-115.40785200013045,36.05149199974489],[-115.40916699985742,36.05167200015629],[-115.409947999657,36.05180099971376],[-115.41031900027608,36.051881000278996],[-115.41130900031305,36.05214400032941],[-115.41215799988471,36.05245199984562],[-115.41658099981483,36.05435200028002],[-115.41885600033983,36.055348000177716],[-115.4198870003847,36.05583599983166],[-115.42082299999498,36.0563409997491],[-115.42309699979677,36.05769999972892],[-115.42858299955881,36.06091900015335],[-115.4307869999387,36.062239000101755],[-115.43194100000721,36.063011000129116],[-115.43238299987308,36.06331999989391],[-115.43289199968612,36.06370999998668],[-115.43396499956376,36.064580000097784],[-115.43468799963702,36.06522700017429],[-115.43536499967954,36.065865000173986],[-115.43564599988693,36.06571799999655],[-115.43588400043663,36.065644999756984],[-115.4363980002725,36.06558700020468],[-115.43683699976533,36.065489000012626],[-115.43881400036453,36.06477900019184],[-115.43913900005455,36.06471800025297],[-115.43979299963252,36.06465399979015],[-115.44010300015225,36.0645870002483],[-115.44144700019153,36.06413699967923],[-115.44183899982869,36.064039999784136],[-115.4419879997916,36.06397399964493],[-115.4421059997924,36.06389399975401],[-115.44217500028766,36.06379800021325],[-115.44220000040204,36.063662999685114],[-115.44211199964016,36.06273300024138],[-115.44207099963226,36.06152500017253],[-115.44210300031763,36.0612990002078],[-115.44215900039414,36.0612120000516],[-115.44213500010468,36.06103500028816],[-115.44383099959818,36.057991999992346]]]},"properties":{"zcta":"89004"}},{"type":"Feature","geometry":{"type":"Polygon","coordinates":[[[-115.04964200010401,36.083318000277465],[-115.04982899970177,36.083223000166406],[-115.04510199999802,36.080784000331896],[-115.04400300018114,36.080149999704076],[-115.04335799992566,36.079748000202954],[-115.04291400040998,36.079446999637284],[-115.04244200040687,36.07910000003972],[-115.04152599998974,36.078335999755055],[-115.04080899976427,36.07763399992107],[-115.04012800042209,36.07687800018423],[-115.0398120000546,36.076482999746396],[-115.03947200029596,36.07601500017423],[-115.0390940000042,36.07544599980358],[-115.03671300007228,36.071506000244],[-115.03644299973553,36.071507000073765],[-115.03433100031543,36.06798400031557],[-115.02870699956286,36.058731999826676],[-115.0287020004383,36.058306999845065],[-115.02831800029875,36.057701999739365],[-115.02752499990527,36.05634399981662],[-115.02667700015853,36.05465799978309],[-115.02410299988276,36.04964100020072],[-115.02374899988044,36.04884700006102],[-115.02340699957365,36.04799900024431],[-115.02311500039393,36.04717699999397],[-115.02273200007929,36.046025000002125],[-115.02253399971256,36.04606300001854],[-115.02200499980806,36.04436200012802],[-115.01903300004736,36.04464099971273],[-115.01910500001738,36.045089000307286],[-115.01844200021856,36.045173999800014],[-115.01511200025756,36.05243299992918],[-115.01421299955888,36.052224999894506],[-115.01417099972609,36.053203000169084],[-115.01133799988254,36.05318000018333],[-115.01133700005765,36.053199999981835],[-115.01515300026546,36.05530500010778],[-115.01518099985454,36.05645700009652],[-115.01377599971588,36.05647299970532],[-115.01313300000854,36.05639000011081],[-115.0122640003454,36.056154999699174],[-115.00790300033958,36.05467899997591],[-115.00688800018824,36.054326999807614],[-115.00527899983507,36.05372599983059],[-115.0044849996167,36.0534089996785],[-115.00291700016975,36.05273999969881],[-115.0011699997243,36.0519250001194],[-114.99850299956213,36.05057899971151],[-114.998070999742,36.050432000028124],[-114.99761600035565,36.05032499968079],[-114.99733000012539,36.0502759999008],[-114.99689599975711,36.05023099976477],[-114.99659000033367,36.05022299968943],[-114.99610499991176,36.050245999812944],[-114.9957750001989,36.050287000269094],[-114.99488899991903,36.05047399975814],[-114.99369100036792,36.05065400031872],[-114.99177200039335,36.05106699988376],[-114.99017999975862,36.05132800030277],[-114.98789400026125,36.05174999996469],[-114.9871650003402,36.051909000312364],[-114.98669800035995,36.052062999954636],[-114.98615100001378,36.05228700015092],[-114.9856220001093,36.05254900022657],[-114.98419000020645,36.05336199976033],[-114.98349100042262,36.053667000150995],[-114.9827859998927,36.05391099975777],[-114.98164299969486,36.05426499970567],[-114.9811809997375,36.05433899965771],[-114.98037300017373,36.05438799981339],[-114.98001199960039,36.05434800008875],[-114.97957200028264,36.05427600024275],[-114.9791880001431,36.054186000160996],[-114.97849500020705,36.05392000023775],[-114.97652400035395,36.05309399982978],[-114.97504600042036,36.05244399999602],[-114.97474500012147,36.052338000278326],[-114.9740990000411,36.05207600022661],[-114.97317400030147,36.05167400031999],[-114.97108299989948,36.05070899970181],[-114.96782800028153,36.05545700030037],[-114.96606900014055,36.05811000008486],[-114.96475799971323,36.06001800025783],[-114.9643069996265,36.06072099970354],[-114.9638339997985,36.06153499973828],[-114.9635790004287,36.061928999770934],[-114.963236000297,36.0624280001305],[-114.96284499958645,36.06294799966856],[-114.9598059998786,36.06748899986415],[-114.95814100034724,36.06990900029517],[-114.95759200035126,36.07067699975971],[-114.95726400028818,36.071087999856054],[-114.95679899995777,36.07160299964646],[-114.95543999984989,36.07280400020599],[-114.95491799961803,36.073222999995245],[-114.95398600020573,36.073856000038916],[-114.95324200021606,36.074309000301085],[-114.9527380004259,36.07458300005233],[-114.95227899994329,36.07481099991263],[-114.95180600011525,36.075021000078124],[-114.9512529999213,36.075240999684596],[-114.94954599965885,36.075794000053484],[-114.94758099965352,36.07632299991435],[-114.9460569996892,36.07668399975025],[-114.94501999979657,36.07686199964259],[-114.94411099995045,36.0769769997422],[-114.94203399979214,36.07714899969728],[-114.94153599984979,36.077202999681575],[-114.94083700006595,36.07730699978882],[-114.93946600026248,36.07759200016669],[-114.93853700032489,36.07786099989933],[-114.93762799958049,36.07820199996249],[-114.93678700040473,36.07857699987464],[-114.92980400044254,36.08192500011076],[-114.92915800036215,36.082221999676186],[-114.92803600008072,36.08268700026982],[-114.92682500011082,36.08315200029116],[-114.92527299965909,36.08370300012546],[-114.92431199993443,36.08401800011674],[-114.9236609998312,36.084275000006706],[-114.92212299962311,36.08480000006905],[-114.92038299974872,36.085524000132715],[-114.91957799965967,36.08581099978754],[-114.91340399998448,36.08761199984767],[-114.91295799992065,36.087758000134045],[-114.91251400040497,36.08792900011475],[-114.91207699966363,36.08813199985933],[-114.91178999960846,36.08828599974142],[-114.9113419998948,36.0885640000563],[-114.91096500032624,36.08883899983391],[-114.91067400007312,36.08908499990989],[-114.91038100017015,36.089363000302654],[-114.91014299962048,36.08962799984008],[-114.9096870004092,36.090202000075394],[-114.90506699993726,36.09668799968611],[-114.90449600019996,36.09756999987339],[-114.90375499968503,36.09921800004556],[-114.90153500030993,36.10462700001545],[-114.90128300041484,36.105193000000305],[-114.90111799966009,36.10562299979673],[-114.90098200011596,36.10606999993903],[-114.90052500018146,36.10708700028432],[-114.90006900007188,36.10826400026487],[-114.89939399967916,36.10988800021497],[-114.89993299962944,36.110034999823256],[-114.90019700011841,36.11012699999105],[-114.90042100042437,36.11024999982622],[-114.90060399982417,36.11040600003037],[-114.90078499957416,36.11065100002796],[-114.90098600031392,36.11104600004398],[-114.90117299991164,36.111362000077904],[-114.90140300006541,36.111684999878044],[-114.90420300029702,36.1147949997927],[-114.90444400032143,36.11509199996255],[-114.90463099991918,36.11535599981557],[-114.90484199980638,36.11573600022298],[-114.90496499983001,36.11604099964933],[-114.90509299987653,36.11644999990676],[-114.90516400002167,36.11679900001927],[-114.90520699967935,36.11735900026667],[-114.9051670003947,36.120306000349416],[-114.90512999968645,36.12076700010637],[-114.90489899970778,36.12223500021661],[-114.90550299995537,36.122110999649365],[-114.90628799995291,36.12178199969968],[-114.90638699968713,36.12177999986778],[-114.90623500024945,36.12567700009701],[-114.90853499999055,36.125674999638754],[-114.90850200037856,36.12659499971106],[-114.91195299981509,36.12659200014712],[-114.9118209995706,36.13026800017394],[-114.92199100027698,36.13023800012875],[-114.93390599998229,36.13027399974626],[-114.93953499985946,36.13030799973261],[-114.93952900001167,36.12829700011515],[-114.93956199962362,36.1229909997657],[-114.9398749996181,36.115654000034766],[-114.93957099984449,36.104689999746164],[-114.93777300024372,36.104683000262426],[-114.93770799994641,36.102020999998565],[-114.93785100006156,36.101954999799894],[-114.93835800022474,36.10203199966339],[-114.93845600013404,36.10200900016455],[-114.93845299976098,36.10213299981295],[-114.93847299985246,36.10200400005169],[-114.93856800028705,36.10198199998689],[-114.93902900041948,36.102020999998565],[-114.93930600042891,36.10201000033226],[-114.93959699978373,36.101937999838746],[-114.939698999891,36.10193299972137],[-114.93992900004476,36.101954999799894],[-114.94009800009916,36.101944000124334],[-114.94024000038938,36.10191100036245],[-114.94043000036018,36.10190500007438],[-114.9408970003404,36.10180599997233],[-114.94136400032065,36.10166899974997],[-114.94152699962895,36.10163599987256],[-114.94170900010215,36.10152599969742],[-114.94192599983711,36.1012350001015],[-114.94198699993649,36.10119100026083],[-114.94217600008237,36.10110299977981],[-114.94244100039626,36.10091600015411],[-114.94275900041356,36.100624999750494],[-114.943036000423,36.100492999855604],[-114.94321899982279,36.10032299981824],[-114.94353000016741,36.10007000018316],[-114.94361200018315,36.10002100017687],[-114.9437059998945,36.09991099991812],[-114.94384200033693,36.099686000130006],[-114.94400399982034,36.09928499984243],[-114.944058000247,36.09925199968965],[-114.94428199965468,36.099175000005005],[-114.94429500007347,36.099141999806015],[-114.94429500007347,36.09902099968356],[-114.94434299975406,36.09894399977256],[-114.94446499995277,36.09886200019918],[-114.94514799984309,36.09851600013625],[-114.94576399978624,36.09807100027415],[-114.9459739998485,36.097829000173725],[-114.9461499995756,36.0975269996568],[-114.94659700036266,36.0972679998128],[-114.94685400028062,36.0972190002367],[-114.94689500028849,36.097225000156804],[-114.9470710000156,36.097159000284606],[-114.94723300039732,36.097038000011956],[-114.94729399959834,36.097016000008345],[-114.9477339998144,36.097032000077576],[-114.94783599992168,36.097016000008345],[-114.94832999966607,36.09668599994109],[-114.94999500009573,36.09567800002288],[-114.95667199973616,36.09476799963767],[-114.96214499997771,36.093416999877824],[-114.96501600035437,36.092980999816845],[-114.96772399962614,36.091924999881556],[-114.97263199997816,36.09015900018277],[-114.97272400003968,36.09019399970887],[-114.97291999985826,36.0901989998473],[-114.97306200014849,36.09016600023442],[-114.97329899997494,36.09006199971397],[-114.9735090000372,36.09007300032695],[-114.97365800000016,36.0900450000835],[-114.97392199959079,36.089912999838376],[-114.97411099973667,36.089896999771625],[-114.97431400012626,36.08984700035865],[-114.97444299999769,36.08984200019782],[-114.97476799968769,36.08990199992894],[-114.9749230003967,36.089896999771625],[-114.97535000019397,36.08983100027846],[-114.97558700002044,36.08984200019782],[-114.97612099994781,36.089687999734565],[-114.9762029999636,36.08971499978106],[-114.97658799992806,36.089741999818216],[-114.97690000009759,36.089813999872085],[-114.97727199964326,36.089851999793204],[-114.97750199979703,36.08981900003469],[-114.97798300002097,36.08962700024071],[-114.97848299961318,36.08922499983367],[-114.97882200044522,36.08903300004063],[-114.9792679996107,36.08882999971917],[-114.97955300001607,36.08875800021584],[-114.97986400036069,36.08874300025048],[-114.98018900005071,36.08878000035335],[-114.98025000015006,36.08876900028536],[-114.9805270001595,36.08878499985578],[-114.9814069996933,36.088674999839476],[-114.98182699981787,36.08855400029705],[-114.98223299969874,36.088345000318725],[-114.9826389995796,36.08829600026071],[-114.98322100008586,36.08835599972009],[-114.9837349999218,36.088283999782604],[-114.98482500041617,36.08842699997702],[-114.98510300025049,36.08842100011112],[-114.9853269996582,36.08843499979744],[-114.98548099964397,36.08772199989967],[-114.99262199978992,36.08776299970149],[-114.99275300020948,36.08257300022416],[-114.99758399967027,36.082606000120656],[-114.999577000163,36.08318999980289],[-115.00035899978751,36.08345600022667],[-115.00220699961696,36.08276999970869],[-115.00282400028334,36.08264399989629],[-115.00507999964346,36.08264399989629],[-115.00516699968209,36.0769600001863],[-115.00368100025091,36.0769600001863],[-115.00373099958131,36.0719760001567],[-115.00368000042599,36.071026999726584],[-115.00462400043219,36.0710209999851],[-115.0073009997418,36.07106500001517],[-115.00764600042162,36.07094099999938],[-115.01169500025793,36.0708619997703],[-115.01171899964906,36.071178000210594],[-115.01169299970978,36.07198800021967],[-115.01165000005206,36.072345000347795],[-115.01156800003632,36.072597000103265],[-115.011538999724,36.07293299997346],[-115.01150699993694,36.07415499990527],[-115.0114180002485,36.076448999691365],[-115.01136899984468,36.078380000048924],[-115.0113970003321,36.07884200019592],[-115.0114690003021,36.07916099971586],[-115.01150799976185,36.07943100034442],[-115.01148799967036,36.08176199991154],[-115.02022399992576,36.081780000306466],[-115.02040499967573,36.081793999723395],[-115.02039999965285,36.080867000327686],[-115.02044099966074,36.07965099995592],[-115.02090900036421,36.07969099988515],[-115.02287199982138,36.07970699985114],[-115.02339900007608,36.079695000240015],[-115.0234159997945,36.07924600016161],[-115.02341699961941,36.07855699999225],[-115.0233389998016,36.07853199995062],[-115.0230070004389,36.07851700021216],[-115.0213589997277,36.078483000310506],[-115.02099800005267,36.07851299979743],[-115.02047800036897,36.07852099990071],[-115.0204930004376,36.07813000016384],[-115.02466799977228,36.078162999747015],[-115.0246829998409,36.077700999966844],[-115.02888800021111,36.081374999862064],[-115.030315999916,36.08267300028584],[-115.03264499996938,36.0847539996893],[-115.03313500041418,36.08437799980585],[-115.03356800005922,36.08413700004311],[-115.0337809995962,36.084049999736386],[-115.0342280003833,36.08391299977587],[-115.03457900001256,36.083843999869636],[-115.03496999982481,36.083794999909976],[-115.03742000025203,36.083814000238746],[-115.04666399959721,36.08395200004332],[-115.04727600024071,36.08390199975282],[-115.04837000003474,36.083709000351405],[-115.04913499994082,36.083501000236645],[-115.04964200010401,36.083318000277465]]]},"properties":{"zcta":"89011"}},{"type":"Feature","geometry":{"type":"Polygon","coordinates":[[[-115.09298000017588,36.023385000358516],[-115.09258400034075,36.022894000198335],[-115.08906299968577,36.02301600019088],[-115.08715999960472,36.023196000311316],[-115.08641800016319,36.023246999665254],[-115.08614199997868,36.023199000188754],[-115.08591000017506,36.02308800028843],[-115.08571400035649,36.022899999976104],[-115.08555100014988,36.02242000032853],[-115.08537100022484,36.02176200005003],[-115.08407900006408,36.02205999976374],[-115.0835400001138,36.020441000233966],[-115.08463599955768,36.02019000033991],[-115.08499999960573,36.020084000069296],[-115.08562099957174,36.019852000281766],[-115.08591099999998,36.01969899988838],[-115.08662599967732,36.019245000121145],[-115.08696200013632,36.0190619996594],[-115.0861169998643,36.01821500003505],[-115.0857160000063,36.01705399965777],[-115.08439799990629,36.01736700023557],[-115.08294400026213,36.01766899973315],[-115.0830880002022,36.013014000277934],[-115.08315000012647,36.00851500017342],[-115.08762199956207,36.008531000076694],[-115.08764099982865,36.00586100016642],[-115.08159900039793,36.00578499983994],[-115.08161000026858,36.005117999961215],[-115.0797950000511,36.00512700020413],[-115.07981199976956,36.00240500013345],[-115.08044000030658,36.00238599977093],[-115.08024000029003,35.99852199978699],[-115.07196000014423,35.998434000009446],[-115.07043399963175,35.99554799999868],[-115.07009800007108,35.99430900019406],[-115.07010999976664,35.99362200025286],[-115.06995400013105,35.99331100007565],[-115.0697680003582,35.9931439998531],[-115.0693669996019,35.99297900020427],[-115.06898699966027,35.992964000153016],[-115.06870499962798,35.99303199968421],[-115.06847700002234,35.9931439998531],[-115.06764299962099,35.993404000229084],[-115.06556899983576,35.99342399994296],[-115.06555999961492,35.9918790000245],[-115.06562400008734,35.98734699999995],[-115.06562400008734,35.98649900036058],[-115.06560300017092,35.98582500030595],[-115.06566500009521,35.98504699984845],[-115.06564300035392,35.98400899976241],[-115.0478379997572,35.983903000273735],[-115.04775699956633,35.99464700002989],[-115.04775200044178,35.9983230001169],[-115.02384400031501,35.99828799969936],[-115.01846700033293,35.99826699973209],[-115.01385299970875,35.998223999747005],[-115.01372999968511,35.998681000028085],[-115.01362400027823,35.999003999667906],[-115.0116369996333,35.99899100008371],[-114.99834699992654,36.014073000274294],[-114.99712900028392,36.01361599982674],[-114.99691800039675,36.01368600011799],[-114.99642600030214,36.014447999869134],[-114.99607499977456,36.01426599972474],[-114.9959459999031,36.01425400030731],[-114.99560600014448,36.0141369997152],[-114.99526600038587,36.01384699997072],[-114.99496199971395,36.013470000015694],[-114.99434099974793,36.013774000312964],[-114.99437699973294,36.0140900003352],[-114.99457599992455,36.01440099994796],[-114.99497400030782,36.01482200003649],[-114.9943099997858,36.01516099968841],[-114.99406399973847,36.014863000044045],[-114.99387399976769,36.01459300022237],[-114.99353999985685,36.014034000248856],[-114.99330899987815,36.01352499993646],[-114.9930989998159,36.01288499967263],[-114.99283600005013,36.01198699972],[-114.99254999981989,36.011231999965226],[-114.99235900002415,36.01088200007044],[-114.99010799978859,36.01180499970626],[-114.99047299966158,36.01242400018913],[-114.99075700024201,36.01283500000088],[-114.99108100010712,36.01326300008881],[-114.99143799958416,36.013682000040745],[-114.99175099957864,36.0140120002819],[-114.99218599977183,36.01440400016022],[-114.99637199987545,36.017900000350465],[-114.99801700021362,36.01930299967062],[-115.00090500030875,36.02172199973445],[-115.00237599967136,36.02299899987575],[-115.00417300034546,36.02441699983925],[-115.00487200012931,36.025019999889906],[-115.00641799983495,36.02629599993845],[-115.00715799962668,36.02689900013832],[-115.007884000073,36.02743599981783],[-115.00859100025274,36.02802800016611],[-115.01106500007107,36.03032999991548],[-115.01204699971211,36.03120900012217],[-115.01437499994057,36.033387000274956],[-115.0147840001945,36.03332200017129],[-115.01643600020536,36.033253999793075],[-115.01815900036132,36.033065999766684],[-115.02142900004789,36.03274399980733],[-115.02745100028542,36.03209300016416],[-115.03093900043015,36.03156600000617],[-115.03482500005985,36.03083699996239],[-115.04003800001043,36.0301500001112],[-115.05661500002044,36.028108000186116],[-115.06270699967989,36.027342999847235],[-115.0786250000891,36.02529199969519],[-115.07947899968362,36.02520499970202],[-115.08189599960053,36.024888000233595],[-115.08386200032909,36.0245849996412],[-115.09010200012652,36.0235580001965],[-115.09131700029437,36.02344299976699],[-115.09219500017835,36.02339199981338],[-115.09298000017588,36.023385000358516]]]},"properties":{"zcta":"89012"}},{"type":"Feature","geometry":{"type":"Polygon","coordinates":[[[-114.87288100021281,36.13213599989236],[-114.8732899995684,36.132142000047416],[-114.87206799972786,36.13121200028459],[-114.87073399973428,36.13028499980746],[-114.86657600011804,36.1283870002653],[-114.86260099990159,36.125175000298135],[-114.86233200028806,36.123905999922854],[-114.86169299988039,36.122182999791924],[-114.8591649996354,36.12029500034103],[-114.85427600044825,36.11807199974313],[-114.85024799963003,36.11768300004257],[-114.84653100005471,36.117862999904816],[-114.83368599968858,36.11334699965827],[-114.81958900024293,36.10779699984331],[-114.79844500036273,36.09713799981872],[-114.77115500039639,36.08209700013272],[-114.75561399955573,36.07318999979129],[-114.74440799967995,36.06618100035662],[-114.7411289997726,36.06545399965511],[-114.74220000000041,36.067833000235176],[-114.74213800007612,36.06867599976999],[-114.74233100041998,36.06915099991709],[-114.74354200038988,36.0710370002629],[-114.74523600023353,36.07251099991445],[-114.7477250001205,36.073893999686724],[-114.74889099988454,36.07498099995154],[-114.7505699996596,36.08032999989812],[-114.75403199986506,36.083093000172276],[-114.75468100031848,36.085051999841006],[-114.75450800006612,36.08617099997761],[-114.75378400016794,36.08780699980141],[-114.75283599996379,36.08939299999383],[-114.75144300041902,36.09076399964899],[-114.75009500018176,36.09227499964345],[-114.74914699997758,36.09489400034186],[-114.74891299962586,36.09518299968458],[-114.74508300007265,36.09771199964489],[-114.73749699968778,36.103102000211415],[-114.73675400042136,36.10355199990085],[-114.73576000018645,36.10405299990017],[-114.73485700018811,36.10442600032962],[-114.73408499971103,36.10467200024297],[-114.7315890001514,36.10510300011639],[-114.72597199996981,36.10594100011031],[-114.71825699971352,36.10716400019816],[-114.71719800007956,36.107292000095256],[-114.71570199970432,36.107321000099695],[-114.71536399959554,36.10734200002113],[-114.71133400002577,36.107264000180976],[-114.71025299975221,36.10737300020591],[-114.70926899956304,36.107396000311724],[-114.70852399974846,36.107565000188345],[-114.70796399988181,36.107784000071554],[-114.70733200004514,36.10799399997272],[-114.706090999938,36.10823900023647],[-114.70556600023146,36.108273000331174],[-114.7046670004311,36.10823700005967],[-114.7037369997703,36.108348000359975],[-114.70304600038237,36.10848800007702],[-114.70161699995427,36.10898600029303],[-114.69775899991367,36.11012399979794],[-114.6969809995888,36.11029699985987],[-114.69652700002737,36.11049000001199],[-114.69582300022067,36.11090200031416],[-114.69547500006614,36.11122299972817],[-114.69455199997631,36.11194300005149],[-114.69415199994323,36.11229099983737],[-114.69365499982577,36.112482000100854],[-114.69260500041267,36.112571000205584],[-114.69163100026923,36.112534999726925],[-114.68955099973786,36.11193499972132],[-114.68807399962921,36.11145700028509],[-114.68704400030758,36.11095300017308],[-114.68581200042128,36.11025700026534],[-114.68507900030225,36.109771000226424],[-114.68442599965086,36.10947200010903],[-114.68266999988295,36.10914599968642],[-114.68184700025057,36.10919200030444],[-114.6812799998129,36.109326000247314],[-114.6805120004321,36.109532000092784],[-114.67977500011513,36.10987399999601],[-114.67899099994249,36.110439999912806],[-114.67837499999932,36.11081499988077],[-114.67784100007196,36.11124700020813],[-114.67735700037329,36.11174100017336],[-114.67662900027713,36.11243699999326],[-114.6757189997078,36.11339299999294],[-114.6751060001377,36.114110999989194],[-114.67444699963853,36.11449299990738],[-114.67386599985548,36.11489700022692],[-114.67314399960712,36.11534699983522],[-114.67305499991869,36.11537799976332],[-114.67186700041329,36.115963999729885],[-114.66916599991593,36.11599500014007],[-114.66571600030434,36.11609799972957],[-114.66434299995274,36.11630000001182],[-114.66214399959568,36.11774200031703],[-114.66044800010219,36.11999900019661],[-114.65813099974439,36.124126999723416],[-114.6555120001611,36.12618699991803],[-114.65170000015124,36.12858900012982],[-114.64905700027849,36.129844999783884],[-114.64572800014241,36.131994999743966],[-114.64197600040703,36.13373000005044],[-114.64012500020452,36.13512600024638],[-114.63827999984981,36.135441999860056],[-114.63686200019067,36.13555199968872],[-114.63580900040452,36.13617000013325],[-114.63252799994902,36.13985799973614],[-114.63141400006351,36.14134799964542],[-114.63047400025525,36.142218000081236],[-114.62846200039428,36.14182199981336],[-114.62707899999694,36.14076100014526],[-114.62383699989947,36.13714399994104],[-114.62226400042964,36.134268000235764],[-114.62060499984779,36.13175899987038],[-114.61842899995526,36.130328000229866],[-114.61690099979293,36.12979499967459],[-114.6154549996464,36.129652999858045],[-114.61324000029417,36.13026599983268],[-114.60928799964391,36.13222900006771],[-114.60419199986924,36.135773000072184],[-114.59806699969954,36.140553999856145],[-114.59647400013822,36.14153700025774],[-114.59303500039728,36.14267399984799],[-114.58982799956159,36.143192000255446],[-114.58763999997353,36.143897000150275],[-114.58496699996356,36.145059000274756],[-114.58371599981069,36.14556000021934],[-114.58070700024005,36.1459869999253],[-114.57882800044848,36.14717499984447],[-114.57706000008666,36.14884499995405],[-114.57430099986296,36.15005299992943],[-114.57108999972766,36.15109899974367],[-114.56904699990454,36.151183999971366],[-114.56470900036321,36.150824000338424],[-114.56117299963958,36.150920999753346],[-114.5576119996999,36.1519240001524],[-114.55616200025374,36.15247000016332],[-114.55446099983905,36.152257000240645],[-114.5522539999844,36.151445000231426],[-114.54874200044853,36.15069699987616],[-114.54672499966635,36.15107999973136],[-114.54485000007274,36.151600999813716],[-114.54323200039707,36.15187100028243],[-114.53923299989115,36.15176400017564],[-114.5375619996137,36.151412999776625],[-114.53447799970002,36.15023000016014],[-114.53292399959844,36.14928199992],[-114.53230799965529,36.14804000013337],[-114.53109099983762,36.147644000239964],[-114.52884999964778,36.14775100016465],[-114.5262100001481,36.1481769999699],[-114.51686399979732,36.150277000195295],[-114.51428000037413,36.15079499971983],[-114.51121800020174,36.150576000129625],[-114.50810400015081,36.14971300009079],[-114.50104900021859,36.14451599977946],[-114.50023599973363,36.143225999722844],[-114.49999200023449,36.14159399996149],[-114.5003389996658,36.14069999968579],[-114.50108000018074,36.14005999981903],[-114.50321300041553,36.13924200015798],[-114.50514999993345,36.1380780000608],[-114.50717500021321,36.13634000020493],[-114.50840700009951,36.134576000202756],[-114.50920999964042,36.133247000226724],[-114.50902200021775,36.13161600018889],[-114.50846700037397,36.1299130001136],[-114.50720100015249,36.12848399985205],[-114.50471499974027,36.12718799978345],[-114.50179800023112,36.12655600029197],[-114.49884900003664,36.12661200014009],[-114.49183599993724,36.12803099984211],[-114.48763499976496,36.12865600026821],[-114.48382699995308,36.129719999813744],[-114.47824800030463,36.132683000293305],[-114.46867400034823,36.138889000187795],[-114.46557899966557,36.13949600024727],[-114.46260000023217,36.139643999971604],[-114.45894499968286,36.13921400002927],[-114.45648699975803,36.138031999679825],[-114.45511000010679,36.13637200027968],[-114.45379799985453,36.13358599984169],[-114.45133099970889,36.12983100022086],[-114.44879499996627,36.12775200002461],[-114.44713499955948,36.126021999655634],[-114.44620200032226,36.12567299990602],[-114.44504200040598,36.12534600011315],[-114.44373600000154,36.12559299967206],[-114.43952099958555,36.1279620002214],[-114.43550699990932,36.13005699980639],[-114.43089300018349,36.132655000000604],[-114.42593600032599,36.1356179999472],[-114.42311400035312,36.13735000007801],[-114.42008300014285,36.140528999952515],[-114.4181929995823,36.142770999911455],[-114.41525299960864,36.14512299982767],[-114.4124909999102,36.146510999999734],[-114.40914000003282,36.14699999988796],[-114.40562400029897,36.14698300024855],[-114.4022809999192,36.146507000145334],[-114.39837299964988,36.14579900021374],[-114.39432800001153,36.14456100036013],[-114.38830099975111,36.14294599987223],[-114.38147900034573,36.14134900003755],[-114.37997600029777,36.14138800008549],[-114.37809800033111,36.14208999981026],[-114.37664499961353,36.142955999961835],[-114.37535599982584,36.14355600010322],[-114.37577000010262,36.17159000003715],[-114.37598199981473,36.17159700008123],[-114.37614400019645,36.17175100016863],[-114.37619199987702,36.171854999820994],[-114.37619799972481,36.1719380000233],[-114.37615800044014,36.17206900016365],[-114.37596799957103,36.17226199997153],[-114.37598099998982,36.17227799993426],[-114.37663799994085,36.17227799993426],[-114.37675299956858,36.172294999891044],[-114.37686899991954,36.17236099968849],[-114.3769430004377,36.17243800010707],[-114.37697000020187,36.17257000013062],[-114.3769430004377,36.172711999852766],[-114.37687499976731,36.172855000032946],[-114.37650200039674,36.1732010002312],[-114.37709999989822,36.17350599965463],[-114.3774439998548,36.173438000130886],[-114.37804700027746,36.17294899978106],[-114.37843300006686,36.17270199993181],[-114.37875199990907,36.17254900025708],[-114.37894100005497,36.172493999836576],[-114.3790769995991,36.172493999836576],[-114.37929300040747,36.172571000124464],[-114.3794089998601,36.17265300030075],[-114.37965900010536,36.17289500035615],[-114.37993000026702,36.17319700028792],[-114.37997700012268,36.17346599964331],[-114.3799429997875,36.173614999781144],[-114.37984099968024,36.173756999785084],[-114.37917700005653,36.17424000033373],[-114.37912299962983,36.17426199972637],[-114.3790690001015,36.17432800004254],[-114.37908199962196,36.17438299990096],[-114.37921700023948,36.174537000314416],[-114.37928500001156,36.17470200005895],[-114.37928500001156,36.174768000004505],[-114.37918999957698,36.174971000048956],[-114.3789999996062,36.17516300000002],[-114.37901399984989,36.175272999956384],[-114.37924400000367,36.1755149998969],[-114.37940600038537,36.17578399999636],[-114.37947400015744,36.175860999951865],[-114.37993399956667,36.17591600018452],[-114.38011100001697,36.175981999832665],[-114.38032699992705,36.176168999742316],[-114.38038100035372,36.17629500032942],[-114.38065199961706,36.17642199993341],[-114.38075999957209,36.176542999673],[-114.38104499997746,36.176542999673],[-114.3814850001935,36.17659800015206],[-114.381689000408,36.17665299986737],[-114.38187799965559,36.176751999837784],[-114.38195899984643,36.17684000035099],[-114.3819859996106,36.177003999659355],[-114.38195899984643,36.177135999967575],[-114.3818369996477,36.17735599998702],[-114.38162699958541,36.17764099988481],[-114.38144400018562,36.17780099998367],[-114.3810979996809,36.17801500004019],[-114.38082700041758,36.17812399969522],[-114.38008900027567,36.17831599989619],[-114.37959399980804,36.17837600017968],[-114.3791129995841,36.1783490001666],[-114.37893000018431,36.17832100022368],[-114.37868599978684,36.178232999923665],[-114.37851000005973,36.17832100022368],[-114.37834699985314,36.17835399976686],[-114.37811699969936,36.1784850000576],[-114.37741200006775,36.17874899981194],[-114.37731699963321,36.178804000192585],[-114.37739799982405,36.17902299996752],[-114.37737100005987,36.17920500032448],[-114.3771269996624,36.179386000351826],[-114.37667999977366,36.17961600034412],[-114.37607600042439,36.17998399965238],[-114.37580500026273,36.18028599981491],[-114.37580500026273,36.18042899994917],[-114.37527899983294,36.181085999761635],[-114.37544799988734,36.18125700023945],[-114.37550300013893,36.1813550003111],[-114.37554300032191,36.181497999944085],[-114.37567899986603,36.18152000019916],[-114.37580400043782,36.18160400019324],[-114.3760410002643,36.181681000229524],[-114.37630599967983,36.18167600011647],[-114.37650900006943,36.1817139998076],[-114.376704999888,36.18191199988429],[-114.37676599998737,36.182048999988645],[-114.37675199974368,36.182235999919044],[-114.37677299966006,36.18230700011689],[-114.37683999960721,36.18236200017489],[-114.37698899957014,36.18238400018725],[-114.37746399994629,36.18237900011908],[-114.3778020000551,36.18248900009529],[-114.37803200020888,36.1826429998025],[-114.37818100017176,36.18278599998463],[-114.3783030003705,36.182950999758845],[-114.37843800008972,36.183268999978],[-114.37850599986179,36.18332400008556],[-114.37858100020486,36.18332999994996],[-114.37869599983259,36.183302000337214],[-114.37894699990274,36.18313199983208],[-114.379197000148,36.18299500017164],[-114.37969900028834,36.18283100035301],[-114.37999700021417,36.182655000360235],[-114.38001700030566,36.182517999865546],[-114.3799429997875,36.182128000056316],[-114.3799429997875,36.18190799966062],[-114.37997100027489,36.18178700023098],[-114.38012000023782,36.18157900032523],[-114.38020800010136,36.18149600018429],[-114.38068199975429,36.18115100024586],[-114.38089299964149,36.18094200021459],[-114.38130600009336,36.18063500022618],[-114.38153000039934,36.18049199974291],[-114.38204500006016,36.18024999994794],[-114.38273600034637,36.179877000211086],[-114.38295300008136,36.17977899974067],[-114.38310899971697,36.17966900030966],[-114.38351499959782,36.17950400014848],[-114.38361000003239,36.17950400014848],[-114.38369200004816,36.179526000238425],[-114.38378599975948,36.179591999745995],[-114.38382000009467,36.1796640000682],[-114.38382699976738,36.179746000072605],[-114.38375899999531,36.179937999924036],[-114.38386699995033,36.1800319998761],[-114.38389399971453,36.180120000330675],[-114.38387399962302,36.18040500032516],[-114.38389399971453,36.180415999881816],[-114.38410399977678,36.18034500014532],[-114.38423299964823,36.180327999759726],[-114.38436900009066,36.1803390000523],[-114.38448999956618,36.18042700016203],[-114.38454399999283,36.1805150001729],[-114.38455800023657,36.180669000135325],[-114.38453099957405,36.180789999841664],[-114.38446299980198,36.18089999987392],[-114.38434800017427,36.1810099997517],[-114.38419199964036,36.181119000315384],[-114.38368299982731,36.18139400003912],[-114.38335800013732,36.18150300006855],[-114.38325600003007,36.18160799970729],[-114.38304599996776,36.181755999711854],[-114.38283000005771,36.18184399967996],[-114.3826740004221,36.18193099967488],[-114.3826740004221,36.18195299980829],[-114.38274800004194,36.18197499993557],[-114.38325000018229,36.18192100020547],[-114.38369000039833,36.181947999712605],[-114.3838999995623,36.18199799993017],[-114.38405600009622,36.18206400025545],[-114.38412999971607,36.18211899975897],[-114.38419800038643,36.18225100014998],[-114.38418400014272,36.18242599973229],[-114.38413700028708,36.18247599964475],[-114.38417699957172,36.18259700018532],[-114.38419099981544,36.18280500028832],[-114.38416300022637,36.182887999767416],[-114.38402099993613,36.18299199986413],[-114.3836889996751,36.18307999989389],[-114.38350600027532,36.18309599982281],[-114.38324199978638,36.18306899998622],[-114.3831670003416,36.183084999917384],[-114.38294999970832,36.18319500035234],[-114.38276099956242,36.183238999903],[-114.38232700009246,36.183513000305965],[-114.38210299978647,36.18358999991593],[-114.38191299981567,36.1837930003045],[-114.3817029997534,36.18395200031644],[-114.38154700011779,36.18402900021993],[-114.38125599986465,36.184270000097165],[-114.38109299965804,36.18432500022694],[-114.38087599992305,36.184368999867935],[-114.38081499982368,36.18445699980088],[-114.38056499957843,36.18462199968052],[-114.38040200027012,36.184642999943456],[-114.38022599964472,36.184620999840476],[-114.37999600038926,36.18453300009184],[-114.37986699961952,36.18446199973641],[-114.37976500041057,36.18436800002472],[-114.37968400021971,36.18432500022694],[-114.37961600044767,36.18433500011461],[-114.37958899978518,36.18439000019875],[-114.37972500022761,36.184642999943456],[-114.37972400040269,36.18476400003691],[-114.3796969997402,36.18484099986719],[-114.37958899978518,36.18491800034684],[-114.37939899981437,36.18493999964134],[-114.37945300024104,36.18513699970591],[-114.37945300024104,36.185356999733436],[-114.37942599957856,36.18544500000643],[-114.37910000006362,36.18569700014239],[-114.37891699976552,36.18576899992874],[-114.37884300014568,36.18582900030435],[-114.37891099991772,36.185851000068084],[-114.37901200020009,36.18582299990638],[-114.37938499957066,36.185785000033455],[-114.37964200038692,36.185839999824495],[-114.37993299974175,36.186027000130196],[-114.38027900024649,36.186318000020435],[-114.38030600001065,36.186428000265444],[-114.38026500000278,36.18653800035597],[-114.38013600013133,36.186658999697016],[-114.37999399984112,36.18674699995727],[-114.3798309996345,36.18682400001326],[-114.37976299986244,36.18683500011865],[-114.37943800017244,36.18696600000266],[-114.378936999857,36.187208000075614],[-114.37884800016855,36.18721900012708],[-114.37867200044145,36.18731699999007],[-114.3782389998981,36.187383000183765],[-114.3782249996544,36.187492999658076],[-114.37814400036186,36.187547999699746],[-114.3778520002838,36.187641000143834],[-114.3776559995669,36.18765699986606],[-114.3775340002665,36.18781100028809],[-114.37738500030358,36.18790999993338],[-114.37707300013403,36.18799699971612],[-114.37692400017112,36.18808499992304],[-114.37697799969948,36.1881290003519],[-114.37703200012615,36.18814000027402],[-114.37726899995262,36.18827800015421],[-114.37746599959611,36.18826100004024],[-114.37787200037529,36.18816299990844],[-114.37831900026404,36.188119000223665],[-114.37848199957234,36.188119000223665],[-114.37869199963463,36.18814700028959],[-114.37924800020163,36.18812499972075],[-114.37998600034352,36.18814700028959],[-114.38027699969835,36.18799900003499],[-114.380555000431,36.18791699996945],[-114.38083300026535,36.187890000344666],[-114.38095499956576,36.187812999886674],[-114.38108400033552,36.18777999997793],[-114.38121300020694,36.18770300013683],[-114.38131399959097,36.18767599971323],[-114.38146299955388,36.187664999725946],[-114.38190399959485,36.187428999890436],[-114.38225599994736,36.187264000123754],[-114.38243900024545,36.18721500017443],[-114.38264900030774,36.18719799982977],[-114.38278499985186,36.18720999968959],[-114.38289299980688,36.18724200003197],[-114.38296099957896,36.187286000209404],[-114.38302900024934,36.187373999765185],[-114.3830629996862,36.187578000299446],[-114.38302800042442,36.18780299971809],[-114.38293399981478,36.18796700000196],[-114.38285199979902,36.18804999981138],[-114.3827029998361,36.188154000304486],[-114.38255399987318,36.18821999979284],[-114.3825129998653,36.18831300016398],[-114.38241800032907,36.18838499972056],[-114.38224900027465,36.188460999825146],[-114.38226199979515,36.18849400017199],[-114.38241800032907,36.18858199982047],[-114.38241099975805,36.18866499970314],[-114.38229600013031,36.188779999936806],[-114.3819839999608,36.18891199997791],[-114.38164500002708,36.18902099969586],[-114.38145599988118,36.18906500032388],[-114.38079100043257,36.18914200027595],[-114.38063599972355,36.18917999997019],[-114.38049299960839,36.18918600011103],[-114.3803579998892,36.18915300005579],[-114.38019499968257,36.18906500032388],[-114.3799779999476,36.18909200026863],[-114.379782000129,36.18907500033139],[-114.37961300007461,36.18902600006506],[-114.37948400020318,36.189009000113515],[-114.37937600024816,36.18903099970894],[-114.37905700040592,36.18916300005205],[-114.37892799963618,36.189344000270616],[-114.37910400026159,36.18943199968901],[-114.37915799978995,36.18948099970132],[-114.37919899979784,36.18961900011854],[-114.3792399998057,36.18967899971979],[-114.37930699975286,36.1896020002957],[-114.37948400020318,36.18948200020428],[-114.37955100015033,36.18946000001048],[-114.37965999993027,36.18946000001048],[-114.37981599956589,36.189537000299204],[-114.37991699984822,36.18961900011854],[-114.3799579998561,36.1896909999245],[-114.38009299957533,36.189680000220235],[-114.38027599987343,36.18961900011854],[-114.3805069998521,36.189625000225746],[-114.38064199957132,36.1896909999245],[-114.38083200044044,36.18983400028934],[-114.38089900038759,36.18996600000392],[-114.38136700019274,36.19000400002334],[-114.38156300001131,36.1900700001277],[-114.3819560003717,36.1900709998982],[-114.38209199991583,36.1900929999203],[-114.38225400029752,36.19014800031112],[-114.38244400026831,36.19029099984148],[-114.38245699978881,36.19034500032626],[-114.38243699969732,36.19047699990459],[-114.38271500043,36.19047699990459],[-114.3828440003014,36.190510000126885],[-114.38323000009079,36.19068599986936],[-114.38329700003794,36.1907409998437],[-114.38335099956632,36.1908730002045],[-114.38335800013732,36.19096700008412],[-114.3833780002288,36.190982999851876],[-114.38360900020749,36.190982999851876],[-114.38385899955442,36.19111499980476],[-114.38399499999684,36.191207999637946],[-114.38405600009622,36.191257999744295],[-114.38408299986041,36.19132400024175],[-114.38412300004337,36.19135700010716],[-114.38411700019559,36.191483000190225],[-114.38405600009622,36.19154899977304],[-114.38385199988173,36.19169699984372],[-114.38359499996376,36.191927999684054],[-114.38385199988173,36.192060000218945],[-114.38385199988173,36.19225699977412],[-114.38353999971218,36.19258699967021],[-114.38351299994801,36.192652999772534],[-114.38344500017595,36.19271899981922],[-114.3833639999851,36.19276200008335],[-114.38320800034948,36.192778999945254],[-114.38305199981555,36.19276799994974],[-114.38303199972407,36.192789999939215],[-114.38303099989916,36.192943999692176],[-114.3829699997998,36.19301500033308],[-114.38280099974538,36.193059000167],[-114.38263199969099,36.193059000167],[-114.38264500010979,36.19310299997619],[-114.38271299988186,36.19315799970287],[-114.38271899972963,36.193240000080486],[-114.38265799963027,36.19329999980724],[-114.38255700024624,36.193344000206],[-114.3820350000144,36.19348099988864],[-114.38193299990716,36.19348699969994],[-114.38179099961695,36.193443000106534],[-114.38174399976128,36.19353099999358],[-114.38164900022504,36.19360700017892],[-114.38140499982757,36.19373900005845],[-114.38118800009258,36.19379400006339],[-114.38055799990575,36.19376599984161],[-114.38047000004218,36.19380499991477],[-114.38051000022517,36.19384800030749],[-114.38103199955867,36.193898000178066],[-114.38124199962094,36.19393700018548],[-114.38133700005551,36.19396999967466],[-114.38146500010203,36.19406900023362],[-114.38171600017219,36.19401399969687],[-114.38187900037882,36.19401399969687],[-114.38201400009802,36.1940740002805],[-114.38206799962637,36.1941679999425],[-114.38210199996155,36.19417899974134],[-114.38218999982513,36.194157000142106],[-114.38236700027544,36.19406900023362],[-114.38243400022259,36.19408000004637],[-114.38255600042133,36.19414600034023],[-114.3829489998834,36.19403100001189],[-114.38305099999063,36.19402500024233],[-114.38311200009001,36.19406900023362],[-114.38317300018937,36.194162999901614],[-114.38319300028085,36.1943499999082],[-114.38316599961837,36.194415999974424],[-114.38340300034316,36.19451400025578],[-114.38351100029818,36.194613000126985],[-114.38353800006236,36.19470100014906],[-114.38352499964357,36.19479999978377],[-114.38358599974293,36.194816999928136],[-114.38371399978946,36.19479999978377],[-114.38380900022402,36.19481100021879],[-114.38390399976026,36.19487699989649],[-114.38398499995111,36.19497600003365],[-114.3839919996238,36.19512400015174],[-114.38431700021214,36.19528400006262],[-114.3843780003115,36.19532800007146],[-114.38443199983985,36.19540499966489],[-114.38444600008356,36.19549300024671],[-114.3843780003115,36.19559099990504],[-114.38452700027442,36.19571199975778],[-114.38451300003071,36.19578899969853],[-114.38444500025865,36.19586600028851],[-114.38411999967033,36.19605299985255],[-114.3841670004243,36.1961300001829],[-114.38417400009699,36.19621200034787],[-114.38440400025075,36.196293999702014],[-114.38456699955906,36.196398999810484],[-114.38462099998574,36.19650300008982],[-114.38499400025465,36.196591000162506],[-114.38529899985318,36.196711999919735],[-114.38549499967176,36.19682200006397],[-114.38561000019779,36.19693200005365],[-114.38563699996197,36.197086000359526],[-114.38561000019779,36.19715200029433],[-114.38553499985473,36.19722300001928],[-114.38529800002826,36.19738200031336],[-114.38493900000306,36.19755799983375],[-114.38494499985084,36.19774499970617],[-114.38497300033826,36.19776100026374],[-114.38557599986261,36.19756899988122],[-114.3857380002443,36.19755799983375],[-114.38582600010787,36.19757500010421],[-114.38586700011575,36.197608000234894],[-114.385961999652,36.19761900027541],[-114.38603000032235,36.1975970001929],[-114.38662600017403,36.1972680000669],[-114.38679600005332,36.19721800017349],[-114.38707300006278,36.19718499987843],[-114.38718199984272,36.196916000051594],[-114.3874260002402,36.196679999822386],[-114.38775199975511,36.19649899988649],[-114.3883209998426,36.19622499996831],[-114.38855199982129,36.19618099973865],[-114.38874099996718,36.196213999731945],[-114.38887700040961,36.196279999676875],[-114.38898500036463,36.19636800000025],[-114.389038999893,36.196433999815355],[-114.3890530001367,36.19658799965088],[-114.38897100012092,36.19679600029421],[-114.3888489999222,36.19693400014428],[-114.38836799969826,36.19728499967541],[-114.38836100002555,36.19731799992833],[-114.38841499955392,36.19737800015491],[-114.38853699975266,36.19737800015491],[-114.3888489999222,36.197443999843564],[-114.38894400035676,36.19748800008832],[-114.38903800006808,36.19756499973233],[-114.38910599984015,36.19765300006124],[-114.38913299960431,36.197752000312974],[-114.38910599984015,36.19789499973068],[-114.38894299963353,36.19809199982897],[-114.38898399964143,36.198180000290385],[-114.38899000038751,36.19827400009745],[-114.3890179999766,36.1982959999897],[-114.38933599999392,36.19825699997875],[-114.38951199972101,36.19825699997875],[-114.38970199969182,36.19830200015693],[-114.38981700021785,36.19836799979157],[-114.38993199984557,36.19846600020084],[-114.38995899960977,36.198520999784996],[-114.39003399995283,36.19857100029613],[-114.39021700025093,36.19814800006817],[-114.39027099977929,36.198071000272606],[-114.3904199997422,36.19797199969934],[-114.39048800041257,36.197960999708435],[-114.390834000019,36.1980329998184],[-114.39152500030522,36.19809399988997],[-114.39166699969711,36.19812100034619],[-114.3917420000402,36.19817600017272],[-114.39181599966005,36.19833000020641],[-114.39180300013956,36.198462000097784],[-114.3917210001238,36.19857199995802],[-114.39153100015301,36.19875799992369],[-114.39160599959776,36.198785999810084],[-114.39210699991318,36.19875300017593],[-114.39230399955666,36.198802000154956],[-114.39239899999123,36.19888999981832],[-114.3924390001742,36.198999999802105],[-114.39241200041,36.199110000356285],[-114.39234399973964,36.199264000002565],[-114.39218100043134,36.19951599989064],[-114.3920319995701,36.199647999957044],[-114.39196399979804,36.19968099993884],[-114.39178100039825,36.19969700010075],[-114.39148299957411,36.19968099993884],[-114.39129299960331,36.1999329999344],[-114.39177399982725,36.20002200014462],[-114.391896000026,36.2000650000226],[-114.39199800013323,36.200125999960676],[-114.39208599999678,36.20020800028978],[-114.39210000024048,36.200285000158196],[-114.39208599999678,36.20033999991427],[-114.39204499998888,36.2003899999885],[-114.39191000026969,36.20048299967911],[-114.3917200002989,36.20054899964982],[-114.39170600005518,36.200575999984196],[-114.39172699997158,36.20059799995449],[-114.39196399979804,36.20060399994528],[-114.3924249999305,36.20057100035254],[-114.39272299985633,36.20059300032424],[-114.39308899955422,36.2006810001491],[-114.39334600037049,36.20084100030213],[-114.3934810000897,36.200989000206874],[-114.3934879997624,36.20111500001307],[-114.3934540003255,36.20122000017986],[-114.39334600037049,36.201329000162644],[-114.39297999977428,36.201494000013994],[-114.39281699956764,36.20154899964555],[-114.39268100002354,36.201636999845505],[-114.39267500017576,36.20166399980467],[-114.39278999980348,36.201757000156476],[-114.39287099999434,36.20188399979591],[-114.39288400041313,36.20204300004718],[-114.39280999989496,36.2021529999499],[-114.39262699959686,36.20225699983446],[-114.3923620001813,36.202361000305686],[-114.39234200008981,36.202416000052935],[-114.39243699962607,36.202487999690035],[-114.39280999989496,36.20267500010945],[-114.39310100014812,36.20290600018127],[-114.39313499958497,36.20298799977299],[-114.39314100033107,36.203081000001504],[-114.39298499979715,36.20355900006413],[-114.39293799994148,36.20355300029984],[-114.3929110001773,36.20359700001062],[-114.39280200039735,36.20365200033918],[-114.39258499976407,36.203674000169805],[-114.39240200036429,36.203647000179096],[-114.39193500038405,36.20351999977562],[-114.39171799975075,36.20350399967023],[-114.39167699974287,36.20370699990421],[-114.39160300012303,36.203789000106525],[-114.39151400043457,36.20386000033607],[-114.39136499957333,36.20393700023654],[-114.39120300008994,36.203969999860064],[-114.39048400021464,36.20390900001794],[-114.38980700017213,36.203755000086105],[-114.38887900005942,36.203463999754845],[-114.38795000012185,36.20329899970669],[-114.3878420001668,36.20329899970669],[-114.38769900005167,36.20344100026543],[-114.38752300032458,36.20356800007219],[-114.38741500036954,36.203611999774544],[-114.38721100015503,36.20364399993792],[-114.38715699972838,36.20367699968497],[-114.38712999996419,36.203896999817594],[-114.38699400042006,36.20415000032924],[-114.38699400042006,36.20423700019017],[-114.38750200040818,36.204660999719756],[-114.38795599996962,36.2050890003414],[-114.3885109998134,36.205522999686195],[-114.38863300001213,36.20564999973907],[-114.38871400020298,36.20582600024226],[-114.38874099996718,36.205945999930115],[-114.38874099996718,36.20611100019718],[-114.38871400020298,36.206221000181955],[-114.38864600043094,36.206297999934314],[-114.3884969995697,36.206407999656264],[-114.38827999983471,36.206516999663194],[-114.3883069995989,36.206626999802225],[-114.38829400007842,36.20681399975619],[-114.38872699972347,36.206880000187546],[-114.38883600040172,36.20692400020264],[-114.3890249996493,36.20706700026188],[-114.3892420002826,36.207406999911306],[-114.38937000032911,36.20772099976784],[-114.38941800000968,36.2078799997595],[-114.38940399976599,36.208165000208005],[-114.38933599999392,36.20834100012937],[-114.38923399988667,36.20849499973594],[-114.38907800025106,36.20861599993901],[-114.38878000032524,36.20873599969803],[-114.38865099955548,36.20882399979096],[-114.38854900034654,36.20903300006806],[-114.3884410003915,36.209137000233845],[-114.3882780001849,36.20922999967954],[-114.38807499979531,36.209307000095656],[-114.38766800008953,36.20937299987428],[-114.38754599989079,36.20960399974833],[-114.38741700001935,36.20975199975482],[-114.38728800014793,36.20985599968987],[-114.38703799990267,36.20992700021435],[-114.38686800002336,36.20994399997304],[-114.38670499981673,36.21008700031268],[-114.38654300033335,36.21010800026958],[-114.38646100031758,36.2101470001746],[-114.386474999663,36.210426999888476],[-114.38644799989879,36.21055899967532],[-114.38639299964721,36.210658000275345],[-114.3862710003468,36.21072300013264],[-114.38596599984996,36.210817000098345],[-114.38560000015207,36.210865999773574],[-114.38582399955973,36.211097000314126],[-114.38599299961413,36.211420999914004],[-114.38601299970563,36.21160200013767],[-114.38598599994143,36.21172299988556],[-114.38593099968983,36.21181100024353],[-114.38585000039733,36.21185499966064],[-114.38563299976401,36.211888000294415],[-114.3851249997759,36.211842999953824],[-114.3847790001695,36.211761000217],[-114.38461000011509,36.21175500035659],[-114.38416300022637,36.21182100024503],[-114.38404699987541,36.21186499965648],[-114.38405400044641,36.21195800020906],[-114.38463000020658,36.21235900018005],[-114.38473099959059,36.21246900008048],[-114.38479900026097,36.2125570003243],[-114.38486000036035,36.21270600002561],[-114.38486700003304,36.21286500003601],[-114.38481199978146,36.21295299983455],[-114.38473099959059,36.21301900016202],[-114.3845480001908,36.21306799990794],[-114.38414099958672,36.213089999990984],[-114.38389100023979,36.21307300019094],[-114.38385000023189,36.21312199990305],[-114.38390399976026,36.21342500002975],[-114.38395800018694,36.21345800000144],[-114.38405299972318,36.213468999988855],[-114.38417499992191,36.213540000134294],[-114.38425600011276,36.21363899986199],[-114.38421500010487,36.21387499969597],[-114.38426899963325,36.2138970002769],[-114.38463500022945,36.2139249998213],[-114.38498800040686,36.21401299987723],[-114.38514999989026,36.21412300035151],[-114.38521799966232,36.21421100018475],[-114.3852589996702,36.21443000023781],[-114.3852310000811,36.21454000012591],[-114.38517699965443,36.21462800021493],[-114.38491300006379,36.21480900026805],[-114.38445799977912,36.21502299993883],[-114.38451300003071,36.215066999724094],[-114.3847020001766,36.215066999724094],[-114.38548899982398,36.21501300034658],[-114.38571899997773,36.215034999882754],[-114.38587499961334,36.21509000014559],[-114.38597699972061,36.215189000086404],[-114.38600299965987,36.21533100009035],[-114.38597599989569,36.21545199986992],[-114.38581400041231,36.21566099983905],[-114.3859900001394,36.2157379997251],[-114.38612499985861,36.215847999948494],[-114.38618599995797,36.21600700009695],[-114.38612499985861,36.216116999942194],[-114.38601600007865,36.21619900018741],[-114.38586700011575,36.21625400035675],[-114.38535199955662,36.21634199996752],[-114.3843079999913,36.216417999749346],[-114.383765999668,36.216417999749346],[-114.38213899977148,36.21648299989515],[-114.38208500024312,36.216735000150635],[-114.38198999980857,36.216900000137066],[-114.38166400029364,36.217208000146954],[-114.38171199997421,36.21728999997345],[-114.38184000002073,36.217371999714004],[-114.3830190002036,36.21782300001209],[-114.38334499971852,36.217976999801216],[-114.38347299976503,36.21801600013269],[-114.38402199976105,36.21808699977562],[-114.38437499993847,36.21822999972851],[-114.38471999971995,36.2184060002037],[-114.38497099979011,36.21864800021062],[-114.38501099997308,36.21870300010774],[-114.38506600022468,36.21890600005231],[-114.38503799973728,36.219005000237544],[-114.38491600043683,36.21911500021599],[-114.3846450002752,36.21922500003971],[-114.38403500017984,36.21937299996702],[-114.38385899955442,36.219515000348956],[-114.38377700043696,36.21955899978214],[-114.38355999980367,36.21958100021418],[-114.38350600027532,36.219631000316575],[-114.38347899961283,36.219756999824114],[-114.38341099984073,36.21981199966633],[-114.38339699959704,36.219867000194554],[-114.38344500017595,36.22015199974302],[-114.38339699959704,36.22032200031433],[-114.38328199996933,36.22043799981002],[-114.38327500029663,36.22046499980539],[-114.38337599968067,36.22070100006622],[-114.38338999992438,36.22082200023706],[-114.38335599958917,36.22092700005393],[-114.38329500038812,36.22100399983005],[-114.38311200009001,36.221112999797704],[-114.38278599967678,36.22120099974052],[-114.38269100014054,36.221256000016936],[-114.38275899991258,36.221355000127005],[-114.38294200021069,36.221470000170825],[-114.3832739995734,36.221761000219736],[-114.38333499967277,36.22195400004605],[-114.3833010002359,36.22208000016012],[-114.38326000022802,36.222129000028886],[-114.3829620003022,36.22228899981549],[-114.38290799987551,36.22234899974171],[-114.38298900006636,36.22253000004947],[-114.38299499991415,36.22272799981839],[-114.38285900037003,36.22316700025621],[-114.38276399993546,36.2232770001796],[-114.38249299977383,36.223409000028475],[-114.38258099963737,36.223623000089695],[-114.38258099963737,36.22375500007925],[-114.38243199967445,36.2238869998461],[-114.38245900033695,36.22398500018776],[-114.38245199976593,36.22405700027178],[-114.38241099975805,36.22411199998931],[-114.38209899958851,36.224253999740114],[-114.38203199964136,36.22431499966615],[-114.38230299980303,36.22458400025763],[-114.38236999975018,36.224682999779],[-114.38246500018474,36.22484799966915],[-114.38246500018474,36.22499000025775],[-114.38226099997023,36.22514399970649],[-114.38184099984565,36.22519900010902],[-114.38148900039147,36.22522099967943],[-114.38142099972109,36.22526500025112],[-114.38147500014776,36.225330000292736],[-114.38179300016508,36.22553399974925],[-114.38204400023525,36.22575900022717],[-114.38208500024312,36.22588600004691],[-114.38205699975572,36.225978999875366],[-114.38199599965634,36.22603899986962],[-114.38173200006571,36.226186999948624],[-114.38100599961939,36.226462000081206],[-114.38099300009891,36.22650599995473],[-114.38113500038912,36.226571999718566],[-114.38121599968167,36.226637000123304],[-114.38121599968167,36.226747000239186],[-114.38075500044755,36.22702199985202],[-114.38076899979293,36.22714199964351],[-114.38049699980637,36.227394999639316],[-114.38052399957053,36.22744999990819],[-114.38103999995458,36.227318000357386],[-114.3815689998591,36.22698899980458],[-114.3817449995862,36.226900999851644],[-114.38207000017451,36.22685200007368],[-114.38221900013743,36.22687399990385],[-114.38234100033617,36.2269180002702],[-114.38250399964447,36.227061000021834],[-114.38258499983533,36.22721499974065],[-114.38269399961528,36.227237000193334],[-114.38339900014519,36.227148999794736],[-114.3837380000789,36.227172000287275],[-114.38381199969874,36.22719400002743],[-114.38389399971453,36.227237000193334],[-114.38400900024055,36.227335999979836],[-114.3840760001877,36.227533999901574],[-114.3840760001877,36.2278309999313],[-114.38404900042353,36.227940999817065],[-114.38400800041563,36.22801699992448],[-114.3838999995623,36.228105000070975],[-114.38296399995201,36.22823699974269],[-114.38285599999698,36.228275000024134],[-114.3828149999891,36.22832999967412],[-114.3829909997162,36.228499999862834],[-114.38300499995991,36.22855500007919],[-114.38285500017207,36.2287969998471],[-114.38265199978248,36.22904400030216],[-114.38250199999464,36.229158999910524],[-114.38227199984087,36.229202999715916],[-114.38174299993636,36.229158999910524],[-114.38158700030075,36.22918099981632],[-114.38156700020926,36.229344999643715],[-114.38157999972977,36.22939999999041],[-114.38149199986618,36.22954900022153],[-114.38149199986618,36.22958099992283],[-114.38162099973763,36.22974099968244],[-114.381681999837,36.22986700029531],[-114.38168799968479,36.2300370000413],[-114.3816609999206,36.230114000269246],[-114.38156600038435,36.23021899993095],[-114.38144400018562,36.23031199967913],[-114.38157899990485,36.230466000242316],[-114.38159999982123,36.23061399991428],[-114.38156600038435,36.230751000300984],[-114.38151100013278,36.23082799982587],[-114.38131500031419,36.23101999976962],[-114.38101599966512,36.23123400001938],[-114.38087400027322,36.231310999793266],[-114.38069799964782,36.23135499983706],[-114.38067000005873,36.231574999684646],[-114.38060899995935,36.231673999776426],[-114.38037799998068,36.23184899974915],[-114.38036499956188,36.23189899997995],[-114.380555000431,36.23201399973734],[-114.38082599969434,36.23221699991709],[-114.38096799998456,36.23235500034875],[-114.38102200041124,36.232498000302776],[-114.38095399974087,36.23267299988058],[-114.38073700000588,36.23277200003136],[-114.38058800004298,36.232793999645295],[-114.38009299957533,36.23280499981224],[-114.37993000026702,36.232827000141505],[-114.37967199962584,36.232891999694786],[-114.37951000014246,36.233001999707525],[-114.37932000017165,36.23305699965589],[-114.37902200024581,36.233101000166364],[-114.37907599977419,36.23325500030894],[-114.37925200039959,36.23328799988599],[-114.37947599980725,36.2333869999827],[-114.37972000020473,36.233568000106274],[-114.37979399982457,36.23363900012436],[-114.37980100039559,36.233792999931914],[-114.38016000042077,36.23389799972554],[-114.3803160000564,36.23400200016887],[-114.38045800034662,36.23413899969173],[-114.38048500011081,36.23420500025944],[-114.38049799963127,36.234347999728456],[-114.38047099986709,36.23445799986658],[-114.38040300009503,36.23458999968312],[-114.38048500011081,36.234677999678574],[-114.38052500029377,36.23478199980897],[-114.38052500029377,36.23488599980105],[-114.38040300009503,36.23498500004813],[-114.38024699956111,36.23500200015848],[-114.37959600035617,36.23491299988087],[-114.37953500025681,36.23496300032607],[-114.37971099998391,36.235193999997115],[-114.37970400031121,36.235308999980354],[-114.37957600026468,36.23540200019596],[-114.37946699958644,36.235435000315974],[-114.37941300005808,36.23547900021285],[-114.37951400034041,36.23565999984094],[-114.37953500025681,36.23578700024654],[-114.37952100001311,36.235885000167514],[-114.37939899981437,36.236022999921836],[-114.37930400027814,36.236083000180095],[-114.37886300023716,36.23616499978232],[-114.37829999999747,36.23617000003804],[-114.3782049995629,36.23619200014499],[-114.37813799961575,36.236236000340426],[-114.37797500030743,36.236522000282264],[-114.37788599972068,36.23660400014858],[-114.37764899989422,36.236751999795665],[-114.37743899983192,36.23682899993206],[-114.37732300037928,36.23697199967367],[-114.37720100018055,36.23704900031797],[-114.37722799994474,36.23712500026789],[-114.37737699990764,36.237301000249595],[-114.37771599984136,36.23745500008968],[-114.37842800004398,36.237828999990974],[-114.37859000042567,36.23794500032916],[-114.37871900029712,36.23807100003924],[-114.37871900029712,36.238235999939],[-114.37858299985467,36.2383120001841],[-114.37847499989965,36.23833399968829],[-114.37840700012758,36.23839500022432],[-114.37882700025214,36.23869699967069],[-114.37892199978839,36.23880700021084],[-114.37899600030654,36.23896600005931],[-114.37897600021508,36.239170000170546],[-114.37893500020719,36.23924600023213],[-114.37875899958178,36.239421999785996],[-114.378359000447,36.23960900032691],[-114.37836500029479,36.239773000018516],[-114.37832400028692,36.23987199987342],[-114.3781479996615,36.24006999993169],[-114.3781610000803,36.24016900013505],[-114.37812099989732,36.240289999891246],[-114.37801899979007,36.24048699976433],[-114.37802600036109,36.24051999991147],[-114.37832400028692,36.240762000323585],[-114.37887300028291,36.241019999668374],[-114.3790349997663,36.241129999837725],[-114.37911000010938,36.2412070000091],[-114.37917100020874,36.2413340000978],[-114.37915000029233,36.241504000270055],[-114.3790620004288,36.24162500013335],[-114.3788790001307,36.24172299998112],[-114.37879799993985,36.241734000340834],[-114.37862800006053,36.24179499967271],[-114.37864800015201,36.24185499984809],[-114.3788790001307,36.24204199964024],[-114.37894600007785,36.24212999994168],[-114.37898700008573,36.242244999865164],[-114.37896000032153,36.24238200015799],[-114.37880999963541,36.24254699965251],[-114.37858700005263,36.24260699997509],[-114.37841700017333,36.24261299964259],[-114.37834900040127,36.242646000341225],[-114.37841700017333,36.24275599967139],[-114.37841700017333,36.24286499975074],[-114.37840299992962,36.24290899981281],[-114.37826700038549,36.24305200002459],[-114.37820000043834,36.24308499981336],[-114.37781299992575,36.24312899975159],[-114.37777899959055,36.243151000073674],[-114.37783999968993,36.243206000127245],[-114.37820600028613,36.243382000183594],[-114.37855199989254,36.24367800033958],[-114.3786330000834,36.243854000057546],[-114.37862600041069,36.24400300027466],[-114.37857199998402,36.24409000001237],[-114.37842200019621,36.244194999741715],[-114.37825999981449,36.244215999960495],[-114.37812400027036,36.24419399993818],[-114.37781200010085,36.244072999704805],[-114.37732500002912,36.24375500017439],[-114.37720299983037,36.24371099986405],[-114.3769450000875,36.243665999718665],[-114.37633499999214,36.24359999989323],[-114.3762399995576,36.243610999988775],[-114.37556900026117,36.24402200020901],[-114.37574599981318,36.24437300007159],[-114.37575900023197,36.24451000025696],[-114.37569200028481,36.24456500007872],[-114.37554300032191,36.244626000099224],[-114.37555599984238,36.24468600027486],[-114.37559699985026,36.2447190000983],[-114.37571200037632,36.244734999744175],[-114.37606899985337,36.244682000361216],[-114.3762250003873,36.24470999975264],[-114.37640199993929,36.24481999980049],[-114.37648300013015,36.24489699995923],[-114.37669999986514,36.2449840001508],[-114.3767950002997,36.24506100014792],[-114.37682799991164,36.245144000266876],[-114.37679399957646,36.245291999684184],[-114.37666499970504,36.245402000361906],[-114.37660399960566,36.24548400033169],[-114.37662500042038,36.24551200016029],[-114.37683499958435,36.245545000359414],[-114.37690300025471,36.2455779998201],[-114.37697699987459,36.24568199993932],[-114.37698400044557,36.24574299981255],[-114.37695699978309,36.24585200007311],[-114.37688200033833,36.24596199996258],[-114.37672599980439,36.246093999915395],[-114.37662200004732,36.24615599996999],[-114.37660399960566,36.24625300015532],[-114.37653599983359,36.24633499995667],[-114.37635300043382,36.24641200007177],[-114.37654199968136,36.246521999897524],[-114.37672499997949,36.24668700007038],[-114.37675199974368,36.24684100025545],[-114.37672499997949,36.246917999871954],[-114.37661000035176,36.24703299999533],[-114.37661700002445,36.247060999993444],[-114.37679299975154,36.24720300008824],[-114.37681299984305,36.24725299991729],[-114.37681899969083,36.24748899975099],[-114.37696900037696,36.24763200027661],[-114.37699600014115,36.24778600004839],[-114.37696799965373,36.24788499989674],[-114.3768599996987,36.24799400006762],[-114.37679199992664,36.24802699994318],[-114.37643899974923,36.24809299965246],[-114.37641199998504,36.24815900003043],[-114.37639199989356,36.248356000355166],[-114.3766699997279,36.2485429998068],[-114.37673699967505,36.2487029998812],[-114.37669599966718,36.248813000104526],[-114.37661500037464,36.24887800013079],[-114.37630999987779,36.24902599972138],[-114.37634300038806,36.249186000255726],[-114.37632999996926,36.24927399975793],[-114.37626200019722,36.24936199988555],[-114.37612599975478,36.24944900017772],[-114.37580699991256,36.249499000018666],[-114.37548499969728,36.249502999685824],[-114.37551200035976,36.24972299989875],[-114.37586100033921,36.25002199985702],[-114.37590099962388,36.2501040000503],[-114.37590099962388,36.25019199996761],[-114.3760370000663,36.250268999904534],[-114.37615900026505,36.2502470001373],[-114.37625399980129,36.2502029998598],[-114.37643000042671,36.25022499963942],[-114.37690499990455,36.25042300027525],[-114.3769860000954,36.250489000134166],[-114.37699899961588,36.25058800018035],[-114.37686399989666,36.250752999737024],[-114.37656500014593,36.25092299970618],[-114.37687700031546,36.251115000283406],[-114.37693099984381,36.25118100028227],[-114.3769719998517,36.25128000017615],[-114.37694400026261,36.25142300028428],[-114.37685600039906,36.2514999997326],[-114.37647599955915,36.25156499969704],[-114.37638100002292,36.25162000034914],[-114.3764220000308,36.251685999921506],[-114.3765850002374,36.25181800034782],[-114.37662500042038,36.25189500013132],[-114.3766120000016,36.25198300020489],[-114.37651699956703,36.25210399978204],[-114.37625200015148,36.25222999984906],[-114.37570399998039,36.25231600014609],[-114.37564999955372,36.25247500004163],[-114.3755209996823,36.252546999969866],[-114.3753039999473,36.25256899981397],[-114.37519500016737,36.2525580002549],[-114.3749240000057,36.252487000034264],[-114.37475499995132,36.25241000010976],[-114.37471399994342,36.252415000050675],[-114.37466000041508,36.25253099975006],[-114.37457800039931,36.252608000279785],[-114.37428700014618,36.25270100019742],[-114.37427999957517,36.2529099998655],[-114.37417199962012,36.253013999644516],[-114.37412399993954,36.253031000180336],[-114.37403600007599,36.25309700000965],[-114.37426000038198,36.25332700001101],[-114.3742810002984,36.25350299973111],[-114.37441000016982,36.2535910001669],[-114.37451099955383,36.25371200015152],[-114.37466100023997,36.25368999990483],[-114.37525700009165,36.25350299973111],[-114.37552200040551,36.25348600002241],[-114.37565100027695,36.25354100004671],[-114.37568399988889,36.253584999893384],[-114.37571200037632,36.25374999964106],[-114.3758029997146,36.25376499993015],[-114.37593900015702,36.2537559999019],[-114.37624399975554,36.25379499977516],[-114.37638000019798,36.25379499977516],[-114.3767459998959,36.253746000191335],[-114.3770709995859,36.25377899981098],[-114.37718000026416,36.253834000353386],[-114.37732900022706,36.253988000217454],[-114.37738299975543,36.25418600001061],[-114.37728800021918,36.2548450001348],[-114.37719299978463,36.25497599990499],[-114.3770639999132,36.25507000029044],[-114.37708400000469,36.25526200009436],[-114.3770289997531,36.25538299966425],[-114.37706999976099,36.25551499963986],[-114.37704299999682,36.25562400003332],[-114.37712400018768,36.2557120002533],[-114.37717799971604,36.25584399967308],[-114.37714400027915,36.25608599972027],[-114.37704899984459,36.25620700018709],[-114.37699500031623,36.25632700009386],[-114.37685899987379,36.25643699972573],[-114.37677799968294,36.256612999683796],[-114.37668300014668,36.25668999981241],[-114.37653300035888,36.25676600022245],[-114.37650599969638,36.25690899970689],[-114.3764379999243,36.25698600026815],[-114.3762889999614,36.25708500005038],[-114.3760989999906,36.2571399997142],[-114.3760849997469,36.257358999795954],[-114.37604399973901,36.25751299995548],[-114.37613900017358,36.25763399966086],[-114.37618000018145,36.25772199978982],[-114.37622000036443,36.257986000306396],[-114.37618000018145,36.25820500018957],[-114.37602299982262,36.25841400034567],[-114.37604399973901,36.25865500005679],[-114.37597599996695,36.2589299997056],[-114.37570999982816,36.259494000026095],[-114.37551999985737,36.25969200035185],[-114.37561500029193,36.259912000125205],[-114.37563500038341,36.26006600032222],[-114.37560199987314,36.26031299976436],[-114.37554099977378,36.26042799973082],[-114.37558199978164,36.260575999898315],[-114.37558199978164,36.260691999794396],[-114.37554800034478,36.26080199979898],[-114.37545299991021,36.260988000297175],[-114.37550099959081,36.26111500011026],[-114.3755280002533,36.261333999913255],[-114.37544000038974,36.26157600033742],[-114.37531099962,36.26174099986751],[-114.37536599987159,36.26189500008023],[-114.37536599987159,36.262190999645824],[-114.375494999743,36.26232799973797],[-114.37554199959868,36.26242199996884],[-114.37555599984238,36.2625749999948],[-114.3755149998345,36.26275099988598],[-114.37562399961445,36.262937999652735],[-114.3755840003298,36.26328400004689],[-114.37550899998672,36.2634870001383],[-114.37535300035113,36.26378399974242],[-114.37549599956793,36.26398699998285],[-114.37552999990311,36.264134999925524],[-114.37550300013893,36.26441499973497],[-114.37544200003957,36.26450900035132],[-114.37551700038264,36.26471700003391],[-114.37552400005534,36.265095999699234],[-114.3754019998566,36.265613000078154],[-114.37544299986449,36.265909000039116],[-114.37536900024465,36.26606900004025],[-114.37521299971071,36.266195000036795],[-114.37523299980218,36.26624399977933],[-114.37534199958212,36.26632699984958],[-114.37539600000882,36.26640399981842],[-114.3754439996894,36.266501999734835],[-114.37545700010818,36.26660099976941],[-114.37542399959791,36.2669309997025],[-114.37535599982584,36.26706800017152],[-114.37525399971861,36.26719500023838],[-114.37529499972648,36.267358999979194],[-114.37530899997019,36.26750200035096],[-114.3752889998787,36.26760099984205],[-114.37522799977933,36.267755000088655],[-114.3751330002431,36.26786999996181],[-114.37527600035821,36.268216000234226],[-114.3752889998787,36.268424999677],[-114.37522799977933,36.26855100021785],[-114.37515400015948,36.26862800016664],[-114.37502500028805,36.268693999855365],[-114.37482799974624,36.26876000021258],[-114.37478099989058,36.2688100000071],[-114.37486200008142,36.26896299983136],[-114.37486899975413,36.26906199964308],[-114.37482199989847,36.26919399967966],[-114.37468600035433,36.269304000022515],[-114.3747340000349,36.269457999807614],[-114.3747340000349,36.269545000172755],[-114.37469999969973,36.26961700030177],[-114.37454400006412,36.26975399967983],[-114.3745919997447,36.2698419999148],[-114.37461199983616,36.269974000081376],[-114.3745919997447,36.27018800014062],[-114.37453800021633,36.27027099964023],[-114.37433499982674,36.270424000223066],[-114.37430100038986,36.270478999909606],[-114.37434200039776,36.270628000050976],[-114.37436900016192,36.27066600000268],[-114.37439599992612,36.270802999713],[-114.37436900016192,36.271023000055976],[-114.37426700005467,36.271226000309824],[-114.37413200033546,36.27137499974999],[-114.37413900000816,36.27147400012489],[-114.37416599977234,36.271511999664824],[-114.37416599977234,36.27162699979898],[-114.37413900000816,36.27166600016497],[-114.37412499976445,36.271737000335534],[-114.37401000013672,36.271917999998955],[-114.37380000007445,36.27206700029133],[-114.37382000016594,36.272115999970495],[-114.37417300034336,36.27232499983832],[-114.37439699975101,36.27250000004228],[-114.37447200009409,36.27266000029937],[-114.37447200009409,36.2727589997692],[-114.37444500032991,36.27285200031992],[-114.37430899988748,36.272983999743325],[-114.37412599958937,36.27303300029548],[-114.37379400022667,36.27301099969665],[-114.3737330001273,36.27316000007587],[-114.37366500035525,36.27319800024373],[-114.373523000065,36.2732150000079],[-114.37347500038442,36.27325300014893],[-114.373523000065,36.27336299984323],[-114.37399099987014,36.27349999989095],[-114.37424199994032,36.27359899974409],[-114.37440500014694,36.27372499990234],[-114.37439799957592,36.273862000039074],[-114.37428299994819,36.27393899982005],[-114.37405899964222,36.27397799975545],[-114.37373999979998,36.274000000081784],[-114.37368600027163,36.27402799982978],[-114.37367899970062,36.27405000014201],[-114.37382900038676,36.274186999708455],[-114.37390399983153,36.274368000210124],[-114.37455499993477,36.27454300018022],[-114.3749080001122,36.27469699977145],[-114.37509100041031,36.27483399965094],[-114.37516599985503,36.274988000116586],[-114.37514499993866,36.27512500020965],[-114.3750779999915,36.27523000023452],[-114.37511200032668,36.27536099985378],[-114.37509100041031,36.2755920003274],[-114.37505100022732,36.27568499967608],[-114.37498299955693,36.27575200004157],[-114.37491499978486,36.27577899976182],[-114.37477300039298,36.275789999672],[-114.3745289999955,36.27576799985009],[-114.37431800010832,36.27571900029032],[-114.37403299970293,36.27557599975854],[-114.37399300041828,36.27560399966553],[-114.37388399974004,36.27575200004157],[-114.37379599987648,36.27580700032021],[-114.37368799992146,36.27583500014434],[-114.37355200037733,36.27583500014434],[-114.3733819995997,36.27577399986799],[-114.37321900029139,36.275632000286684],[-114.37311100033637,36.275357000062165],[-114.37292800003826,36.275363000111604],[-114.37275099958795,36.27534100016936],[-114.37270999958005,36.2753740000804],[-114.37275099958795,36.27560399966553],[-114.37271100030328,36.27574700014596],[-114.37260199962502,36.27584600004663],[-114.37249399966998,36.275856999947365],[-114.37243299957062,36.27588999964029],[-114.37258900010454,36.276120999996984],[-114.37272499964867,36.27618599975155],[-114.37291499961947,36.27632899989011],[-114.3730229995745,36.2763399997228],[-114.3732130004436,36.27639500031138],[-114.37339599984341,36.27650999977096],[-114.37402100000739,36.276992999851444],[-114.37418400021402,36.27716299992593],[-114.37423100006966,36.27730099992716],[-114.3741979995594,36.27742699990414],[-114.37413700035835,36.277509000297194],[-114.37398699967221,36.277596999757705],[-114.3738109999451,36.277614000012356],[-114.37356700044593,36.27758100032399],[-114.37326799979688,36.27744899998273],[-114.37277999990025,36.27715300031518],[-114.37267799979301,36.2772140002382],[-114.37260300034824,36.27728499970862],[-114.37235200027808,36.27735599983867],[-114.37204699978123,36.27739500023959],[-114.37150500035627,36.27735100004579],[-114.37073100022937,36.277165000137586],[-114.37070399956686,36.27717599985247],[-114.370629999947,36.27742300021836],[-114.3708130002451,36.27751099977583],[-114.370854000253,36.27754400021792],[-114.37087400034449,36.27761000033616],[-114.37092799987285,36.27763700013801],[-114.37107699983578,36.27766500002998],[-114.37120599970719,36.27777399992749],[-114.3713899998302,36.27781799988288],[-114.37155899988461,36.278026999694326],[-114.37185799963535,36.27797700000862],[-114.37199999992556,36.27801600009936],[-114.37222400023157,36.27819099985791],[-114.3723460004303,36.27824100013074],[-114.37244099996656,36.27831200011541],[-114.37250299989083,36.27838899985248],[-114.372529999655,36.27847699976929],[-114.3725089997386,36.27857599982871],[-114.37242800044606,36.2786640002589],[-114.37220400014009,36.27879000020843],[-114.37201400016927,36.278855999997326],[-114.37174300000763,36.2789170000379],[-114.37148500026477,36.27893299992191],[-114.37127500020249,36.27907099969082],[-114.37114600033105,36.27912599980357],[-114.37094299994148,36.279175000121576],[-114.37086799959839,36.27922399968463],[-114.37100400004083,36.27935599992109],[-114.3710790003839,36.279472000164056],[-114.37109299972929,36.279679999818505],[-114.37113299991226,36.27969099990318],[-114.37132299988305,36.27965299999912],[-114.37162199963379,36.279657999644506],[-114.37171000039567,36.27955399985728],[-114.3718049999319,36.27949900004611],[-114.37186600003126,36.279487999934375],[-114.37200099975048,36.279393999969734],[-114.37229299982853,36.279333999655826],[-114.37246899955564,36.27936100030968],[-114.3725439998987,36.279295000223584],[-114.37269299986161,36.2792179999319],[-114.37295800017549,36.27922300032933],[-114.3730999995674,36.27926199979754],[-114.37333100044438,36.27919600035187],[-114.37378500000581,36.27917899971758],[-114.37394800021245,36.279086000186275],[-114.3740290004033,36.27905800007982],[-114.37420599995531,36.27906399984485],[-114.37427299990246,36.279106999716326],[-114.37439599992612,36.27925000029745],[-114.37455199956172,36.27932699983343],[-114.37475499995132,36.27952499984313],[-114.37475499995132,36.27966199993994],[-114.37472200033935,36.279717000360435],[-114.37464699999627,36.27978799972682],[-114.3746400003236,36.27983199999529],[-114.37472200033935,36.279887000296],[-114.37510200028093,36.280008000097055],[-114.375170000053,36.28006300027376],[-114.37521000023597,36.28011799968753],[-114.37523100015238,36.28018900013747],[-114.3751769997257,36.280332000184714],[-114.37518299957348,36.28035899976924],[-114.37548899989523,36.28055099968343],[-114.37567200019333,36.28072099997506],[-114.3757059996302,36.280831000009066],[-114.37567200019333,36.28088600033003],[-114.37557699975879,36.280902999868424],[-114.37527200016025,36.28088100003913],[-114.37468899982908,36.280902999868424],[-114.37456599980544,36.280875999747906],[-114.37432899997897,36.28077200013518],[-114.37413200033546,36.28075000026896],[-114.3740920001525,36.28078300006597],[-114.37415999992456,36.280947000232516],[-114.37415999992456,36.281046000055866],[-114.37412599958937,36.28120600017788],[-114.37403799972581,36.28124999964702],[-114.37387500041751,36.281254999914275],[-114.37367100020302,36.28120600017788],[-114.37352899991279,36.28112900032303],[-114.3734539995697,36.281145999808444],[-114.37344100004925,36.2812109997238],[-114.3734949995776,36.28140900002354],[-114.37346799981343,36.2814800000233],[-114.37357699959338,36.28158500019012],[-114.37361699977635,36.28172799985229],[-114.37361799960125,36.28184799965014],[-114.37358400016437,36.28196900003192],[-114.37350899982131,36.28204100028979],[-114.37340099986629,36.2820959997581],[-114.37322400031427,36.28212300018074],[-114.37293899990891,36.282128999710125],[-114.37274999976303,36.28228799974433],[-114.37284500019759,36.28247499979356],[-114.37283799962657,36.28259599992746],[-114.37276999985451,36.282694999831676],[-114.37276400000674,36.28274400008158],[-114.37298699958949,36.28281500031524],[-114.37310999961315,36.28289800014947],[-114.37312300003194,36.28295299973802],[-114.37310299994044,36.283018000320915],[-114.37289999955084,36.283134000190515],[-114.37286600011399,36.28316100025407],[-114.37286600011399,36.2831939997558],[-114.37290600029696,36.28322699996773],[-114.37313700027563,36.283248999859914],[-114.37327299981976,36.283297999762],[-114.3733880003458,36.28339700022399],[-114.3734290003537,36.28346299973808],[-114.3734290003537,36.283546000331484],[-114.37327299981976,36.28367699975362],[-114.37315800019202,36.28373200024149],[-114.37303599999329,36.28377599973491],[-114.37251999960927,36.283876000334544],[-114.37214700023866,36.284116999674524],[-114.37202500003993,36.284133999957426],[-114.37181499997766,36.28410700023054],[-114.3715639999075,36.28418900012325],[-114.37151000037912,36.28445300023456],[-114.37157800015119,36.284568000132765],[-114.3715639999075,36.2846390001553],[-114.37165900034204,36.284671999756235],[-114.37183599989405,36.28478200001484],[-114.37199200042798,36.28472200022216],[-114.37203199971262,36.284611999879],[-114.37214800006358,36.28450200010486],[-114.37224199977491,36.28445200022212],[-114.37240499998154,36.28442999994497],[-114.37273100039477,36.284473999768956],[-114.37283299960369,36.284518000292316],[-114.37292800003826,36.284599999753176],[-114.37294800012975,36.28471000011326],[-114.3730229995745,36.28478100000662],[-114.373042999666,36.28483599971641],[-114.373042999666,36.284913000258825],[-114.37298199956662,36.285051000316635],[-114.37308399967387,36.28518200010909],[-114.37308399967387,36.285346999722634],[-114.3730229995745,36.28542899976066],[-114.37294899995464,36.28546799974857],[-114.37261599986873,36.28549599972781],[-114.37258900010454,36.2855179997045],[-114.37256200034035,36.28561600024931],[-114.37246000023312,36.28572599990145],[-114.37249399966998,36.28575899976682],[-114.37260300034824,36.285792000342404],[-114.3726979998845,36.28585800000347],[-114.37275200031117,36.28594000022869],[-114.37275899998386,36.286000999801665],[-114.37270499955719,36.28607799991868],[-114.37271200012819,36.28611100035937],[-114.37279300031904,36.28610499968785],[-114.37294200028198,36.286011999719605],[-114.37304400038921,36.285983999925456],[-114.37328799988838,36.285983999925456],[-114.3733759997519,36.28605500010799],[-114.3734379996762,36.28620400020962],[-114.3734379996762,36.28635799996709],[-114.37313899992544,36.28658799977245],[-114.37316700041288,36.286616000074005],[-114.37336300023144,36.286681999762244],[-114.3734379996762,36.28668699968149],[-114.37366199998218,36.28653899976371],[-114.374176999643,36.28625299970459],[-114.37449600038353,36.28615399996909],[-114.37467200011064,36.286126000225885],[-114.37480799965476,36.28611500032407],[-114.37520100001515,36.286131000180816],[-114.37527600035821,36.286174999769884],[-114.37532999988657,36.286240999831094],[-114.37536400022177,36.28640100016483],[-114.37540500022963,36.286466000048264],[-114.37543899966651,36.28646100011487],[-114.3756699996452,36.28632900030869],[-114.37605499960968,36.286170999808256],[-114.37623200005999,36.28606700001008],[-114.37654400022953,36.28594600018879],[-114.37674800044402,36.28596800003857],[-114.37688300016323,36.28604500018815],[-114.3771269996624,36.285978999961166],[-114.37754799961188,36.285958000107634],[-114.37814500018675,36.28601299971205],[-114.37842999969381,36.286134000153545],[-114.37860600031922,36.28632099967691],[-114.3786470003271,36.28641999992467],[-114.37861899983967,36.286572999994725],[-114.37852400030344,36.286650000271415],[-114.37836199992174,36.28672699974807],[-114.37827999990598,36.286793000066595],[-114.37819899971512,36.28692499981197],[-114.37811699969936,36.28696899967748],[-114.37776400042027,36.28706699984834],[-114.37754699978696,36.287078000340095],[-114.37731699963321,36.28703399981194],[-114.37707200030911,36.28705600007911],[-114.37697699987459,36.287099999870755],[-114.37678699990377,36.28728599999957],[-114.37659699993297,36.287406999915426],[-114.37631200042593,36.28751699993941],[-114.37629900000712,36.28756100019523],[-114.37635300043382,36.287594000008795],[-114.37652900016091,36.28761600011809],[-114.37662399969716,36.287660000318084],[-114.376704999888,36.287747999919546],[-114.3767190001317,36.28786899984308],[-114.376704999888,36.28799999997369],[-114.37667800012383,36.28804399995717],[-114.37669200036753,36.288099000263635],[-114.37682700008675,36.2880659999396],[-114.37703100030123,36.28805500031119],[-114.3774649997712,36.288078000256505],[-114.37769599974989,36.28812200019599],[-114.37814299963861,36.28826500019007],[-114.3785770000069,36.28847900007138],[-114.37882100040437,36.28863299968372],[-114.37893000018431,36.28865500022419],[-114.37922800011013,36.28864399995475],[-114.37950000009671,36.28857899971319],[-114.37959499963296,36.28853500003139],[-114.3797310000754,36.288381000225655],[-114.37989400028201,36.28828200029342],[-114.38000200023703,36.28825999964784],[-114.38016500044365,36.28825999964784],[-114.3802599999799,36.2882379997201],[-114.38032799975196,36.288193999846015],[-114.38043700043023,36.287997000072636],[-114.3804640001944,36.28785400031159],[-114.38053199996646,36.287689000205916],[-114.38062700040102,36.28761200023032],[-114.38072199993728,36.287568999975775],[-114.38084400013601,36.28755800027729],[-114.3812509998418,36.28763500030622],[-114.38139999980469,36.28771200025911],[-114.38144099981258,36.287799999801976],[-114.38141300022349,36.287864999968285],[-114.38131799978895,36.287963999705454],[-114.38080300012811,36.288315999765004],[-114.38065300034029,36.28836999991753],[-114.38053100014154,36.288391999808056],[-114.3804499999507,36.28843600029459],[-114.38017799996412,36.288699999796336],[-114.37998799999333,36.288776000189486],[-114.37989299955879,36.28878699971627],[-114.37983900003044,36.28881999973539],[-114.37970299958798,36.28896299989846],[-114.37958100028756,36.28901800028129],[-114.37945900008881,36.289039999989114],[-114.37911900033019,36.28900700006302],[-114.37898399971267,36.28896299989846],[-114.37827900008108,36.288626999930216],[-114.37803399985867,36.288483999875496],[-114.37781799994862,36.28841800026313],[-114.37741000041794,36.28841800026313],[-114.37728800021918,36.28847300030599],[-114.37719299978463,36.28859399982947],[-114.37731499998335,36.28882400028533],[-114.37729499989189,36.28892300025395],[-114.377253999884,36.288966999716976],[-114.37713199968526,36.28902200009698],[-114.37690099970658,36.289076999714105],[-114.37684700017822,36.289120999814386],[-114.37673800039828,36.28932899982082],[-114.37675199974368,36.289372999779],[-114.37684700017822,36.289439000031784],[-114.3768599996987,36.28949400007908],[-114.37673099982726,36.289658999988376],[-114.37741600026571,36.28981300016822],[-114.37748400003778,36.289867999951895],[-114.37746999979409,36.289922999696806],[-114.3772670003028,36.29006600001066],[-114.376668999903,36.290328999853024],[-114.37642500040384,36.290395000021256],[-114.37580799973748,36.29034999997845],[-114.37559799967516,36.29025600006275],[-114.37550999981164,36.290189999776985],[-114.37546899980376,36.290124000159494],[-114.37525899974146,36.290129999797884],[-114.37499400032591,36.29005300005878],[-114.37495300031803,36.29009700033278],[-114.37495400014292,36.2903330003256],[-114.37512999987001,36.29038799974274],[-114.37528600040397,36.290530999928464],[-114.37530700032035,36.29059100032329],[-114.37526600031248,36.29081099992811],[-114.37561199991887,36.29087599975846],[-114.37567999969095,36.29091499992028],[-114.37572700044491,36.29098599996064],[-114.37572800026983,36.29106300022716],[-114.37569399993465,36.291113000218424],[-114.37536099984871,36.2913429997657],[-114.37512400002224,36.291463999907045],[-114.3750560002502,36.29151899997509],[-114.3750560002502,36.29155200028692],[-114.37510399993077,36.29158000025534],[-114.3752670001374,36.291591000110856],[-114.37552400005534,36.2915630001464],[-114.37580699991256,36.291585999781766],[-114.37620699994562,36.2915589997369],[-114.3764789999322,36.29158100017642],[-114.3766410003139,36.291613999737976],[-114.37669499984226,36.29166899970028],[-114.3766820003218,36.29171299978699],[-114.37658699988722,36.29175699984889],[-114.37632199957335,36.29182799984711],[-114.37580699991256,36.29188299965856],[-114.37530800014527,36.29217800002601],[-114.37515900018235,36.292250000277704],[-114.3746699995625,36.29234300005189],[-114.37479199976123,36.29242599988918],[-114.37488700019577,36.292523999722874],[-114.37494900012007,36.29265099964939],[-114.37494900012007,36.29276100024528],[-114.37479299958613,36.29292000033887],[-114.3747109995704,36.29296399972009],[-114.37445399965243,36.29305199985623],[-114.37441299964456,36.293085000243664],[-114.37457599985115,36.29319500022769],[-114.37472499981408,36.29317799974665],[-114.37484700001282,36.29318399987425],[-114.37498299955693,36.29309599988706],[-114.37510499975568,36.293045999718416],[-114.37536300039683,36.293007999800594],[-114.37551900003245,36.292876000208786],[-114.3758029997146,36.29276599977499],[-114.37657299964353,36.29268500011343],[-114.37691199957725,36.292630000143284],[-114.37742700013636,36.292653000188174],[-114.37797000028458,36.292730000257606],[-114.37852599995327,36.29277399974597],[-114.37870300040359,36.292817999933575],[-114.37877000035074,36.292850999695986],[-114.37882499970401,36.29291699990297],[-114.37882499970401,36.293027000123814],[-114.37877000035074,36.29312599982801],[-114.37856699996117,36.29326800016438],[-114.37833599998247,36.29337799989039],[-114.37818000034686,36.29353199997024],[-114.37800299989654,36.2936299998628],[-114.3778809996978,36.29366300000579],[-114.3775550001829,36.293805999981394],[-114.37735199979329,36.29394899969488],[-114.37701200003465,36.29406900024962],[-114.37682200006387,36.29410200020693],[-114.37655099990222,36.29417900029431],[-114.37636099993142,36.29429999965753],[-114.37615699971693,36.29446399965572],[-114.37580500026273,36.29480400007236],[-114.37571700039918,36.29504499969177],[-114.37564299988101,36.29510000013147],[-114.37548600042051,36.29511100021475],[-114.37532400003879,36.29521000017052],[-114.3751199998243,36.29524299964519],[-114.37497800043239,36.29537500030024],[-114.37488299999784,36.29542999978325],[-114.37474699955538,36.29545199985525],[-114.37452300014772,36.29562800020753],[-114.3743809998575,36.29571600023477],[-114.37417800036623,36.2958040001628],[-114.37353999978345,36.2963810001931],[-114.37316700041288,36.29674899978036],[-114.37301099987893,36.29679299989816],[-114.3729029999239,36.29678200005199],[-114.37278099972517,36.29671600021878],[-114.37245500021024,36.296408999876476],[-114.37227799975993,36.29604600017691],[-114.37216899997998,36.29557400001005],[-114.3721420002158,36.29557900008355],[-114.37207400044373,36.29566700016606],[-114.37202000001707,36.29570000017138],[-114.37189799981832,36.29572200016719],[-114.37185699981045,36.29583200005322],[-114.37182300037357,36.29584899995593],[-114.37134200014964,36.295864999988744],[-114.37143000001318,36.29594799969918],[-114.37157200030342,36.29603000018115],[-114.37173499961172,36.29618400009412],[-114.37172899976393,36.29628800016427],[-114.37168100008336,36.2963379997031],[-114.37166799966457,36.2963920000958],[-114.37172200009122,36.296430999672324],[-114.37184400028997,36.29645300018599],[-114.37195300006992,36.29651900024178],[-114.37203400026078,36.296585000241734],[-114.37214300004072,36.29671600021878],[-114.37227199991214,36.29697400010509],[-114.37228600015584,36.297116999803606],[-114.37225199982066,36.29721100014108],[-114.37216999980488,36.29725499999825],[-114.37202800041298,36.297293000019515],[-114.37173600033493,36.2973210000995],[-114.37153299994534,36.297430999902794],[-114.37109799975215,36.29750800032438],[-114.37105799956919,36.29755200001401],[-114.3710850002317,36.297584999946004],[-114.37153299994534,36.29772200019429],[-114.3718319996961,36.29790299969366],[-114.37203500008567,36.29789200000408],[-114.37228600015584,36.29785299970997],[-114.3727470002883,36.29766600031214],[-114.37311999965887,36.29760600029029],[-114.37339199964545,36.2975939999908],[-114.37374499982286,36.29765499986513],[-114.37400299956572,36.297731000223344],[-114.3743619995909,36.29791800018935],[-114.37487799997496,36.29830799975621],[-114.37499400032591,36.29846099968312],[-114.37508899986214,36.298669999959465],[-114.37508899986214,36.29881800003471],[-114.37506200009797,36.298917000353896],[-114.3750140004174,36.29897200023559],[-114.37493300022655,36.29901099997023],[-114.37484500036298,36.2990270000785],[-114.37462799972971,36.299022000226024],[-114.37412599958937,36.298961999799296],[-114.3740849995815,36.29901099997023],[-114.37416699959724,36.29918700025666],[-114.37416699959724,36.299279999725215],[-114.37411899991666,36.299351999938246],[-114.37404500029683,36.29940099986424],[-114.37382699983861,36.299428999911555],[-114.37360400025587,36.29940099986424],[-114.3732910002614,36.29931900002985],[-114.37319599982688,36.29937900018201],[-114.37305400043496,36.299389999661905],[-114.3729590000004,36.29942400008483],[-114.3731420002985,36.29958800017062],[-114.37391600042541,36.300000000312835],[-114.3743170002834,36.30030199978336],[-114.37437800038276,36.3003840000323],[-114.37439099990324,36.30043300003391],[-114.37437099981176,36.30050999966405],[-114.3743170002834,36.30060400025652],[-114.37420199975736,36.30068099971784],[-114.37405199996952,36.30071399977399],[-114.37376699956418,36.30065899967265],[-114.37320400022278,36.30049399985999],[-114.37285100004536,36.30035199964521],[-114.37251200011164,36.300259000006875],[-114.37160900011332,36.29992399999339],[-114.37120200040755,36.29983599964532],[-114.37112000039178,36.299901999734686],[-114.37104599987363,36.3001770003505],[-114.37099900001796,36.30023699984266],[-114.37087000014652,36.30057199995974],[-114.37081599971987,36.30065499972963],[-114.37070000026722,36.30075900035458],[-114.37102599978212,36.3009570002839],[-114.37110799979791,36.30105600006008],[-114.37110799979791,36.301153999912266],[-114.37108100003371,36.30117599981778],[-114.37106699979002,36.30123100027852],[-114.37099900001796,36.30129699991139],[-114.37099900001796,36.30135200028682],[-114.37104000002584,36.301374000136526],[-114.37124400024034,36.30140699989941],[-114.37181400015274,36.30158200005423],[-114.37196300011566,36.301676000078764],[-114.37211299990348,36.30182899991483],[-114.37212600032228,36.30190600033866],[-114.37208600013929,36.3020600002343],[-114.37194999969685,36.302213999825874],[-114.37175999972607,36.30232399996852],[-114.37166500018982,36.30235700005342],[-114.37161099976315,36.302400999903654],[-114.37140700044695,36.302489000253566],[-114.37142099979233,36.30257699978015],[-114.37137999978447,36.302675999671926],[-114.37135300002029,36.30285099987519],[-114.37128600007314,36.30296099984338],[-114.37135300002029,36.30299399965876],[-114.37154299999108,36.30302700018412],[-114.37192299993268,36.303136999904076],[-114.37257499986086,36.303389000204426],[-114.37290100027408,36.30360899991582],[-114.373050000237,36.30386100013899],[-114.37306399958239,36.30401499979404],[-114.3730369998182,36.30410299977065],[-114.37296900004614,36.30418000012117],[-114.37282000008322,36.30427900014992],[-114.37271200012819,36.304322999639695],[-114.37213499964479,36.30445500013197],[-114.37209399963692,36.30447699983034],[-114.3720800002915,36.30450999972819],[-114.37265100002882,36.30462999996301],[-114.37274599956507,36.304729000144434],[-114.37275899998386,36.30479499971295],[-114.3728950004263,36.304883000257284],[-114.37292200019047,36.304883000257284],[-114.37312600040498,36.304991999781954],[-114.37331600037577,36.305134999983316],[-114.3734250001557,36.30525599972622],[-114.37347899968407,36.30537700000521],[-114.37345199991991,36.30554099988032],[-114.37332999972118,36.30564000035308],[-114.37322099994124,36.30568399979892],[-114.37301799955164,36.30575000000708],[-114.3727189998009,36.30579400011474],[-114.37247500030173,36.3058600002298],[-114.37242099987506,36.30589300026636],[-114.37239400011089,36.30593700029334],[-114.37254300007378,36.30602500027292],[-114.37256999983798,36.30602500027292],[-114.3727060002804,36.30612400013121],[-114.37282799958084,36.30624499978738],[-114.3728689995887,36.306327000303135],[-114.37297800026698,36.306360000142064],[-114.37333100044438,36.30639299996704],[-114.3742810002984,36.306414000111666],[-114.37479599995919,36.30646899977408],[-114.37521699990867,36.3064910003521],[-114.37536599987159,36.30653500004173],[-114.37548800007032,36.306622000342074],[-114.37554300032191,36.306787000220744],[-114.37550200031401,36.30689699970459],[-114.37535300035113,36.3070619997253],[-114.37531200034323,36.3071390000498],[-114.37528499968074,36.30723799994167],[-114.37525799991654,36.307556000147954],[-114.37520400038818,36.307665999994825],[-114.37516400020523,36.30769899999102],[-114.37509600043316,36.30773199997326],[-114.37494599974701,36.30774299972295],[-114.37458000004912,36.30770999974537],[-114.37429499964377,36.30772100022202],[-114.37413200033546,36.30774400016078],[-114.373114999636,36.30800800019909],[-114.3731280000548,36.30806199975132],[-114.37316900006267,36.30809500030384],[-114.37323699983475,36.3082270002025],[-114.37323699983475,36.30840299996112],[-114.37307399962813,36.30864499997591],[-114.37337300027718,36.30885300004646],[-114.37346799981343,36.30895199993389],[-114.3735220002401,36.30907300026906],[-114.3734949995776,36.30925400021055],[-114.37345500029295,36.30934799967442],[-114.37321099989546,36.309534000328114],[-114.37323799965966,36.30965499976011],[-114.37327899966753,36.30968799963845],[-114.37331899985051,36.30984200009237],[-114.3733470003379,36.309863999718736],[-114.3733470003379,36.310051000273624],[-114.37331300000272,36.31007299984102],[-114.37329899975904,36.310148999680806],[-114.37322500013917,36.310232000116464],[-114.37314300012342,36.310280999721705],[-114.37312300003194,36.31032500016827],[-114.373190999804,36.31036899986612],[-114.37361199975348,36.31049000017396],[-114.37369299994432,36.31053399977868],[-114.3737880003789,36.31065400015386],[-114.37380199972426,36.31073099982682],[-114.37373399995221,36.310852000296755],[-114.37353099956262,36.31097299985506],[-114.373190999804,36.311082999948574],[-114.3729880003127,36.3111159999464],[-114.37289299987816,36.3111599999217],[-114.37271700015107,36.311313999639886],[-114.37268899966365,36.311313999639886],[-114.37241800040033,36.31146799977771],[-114.37209199998708,36.311556000030166],[-114.37182099982543,36.31157799989679],[-114.37175999972607,36.31161099968505],[-114.37174700020559,36.31200100027086],[-114.37172600028919,36.31211100036175],[-114.37197700035935,36.31220400034387],[-114.37214700023866,36.3123799998118],[-114.37242599989791,36.312517000130306],[-114.37256800018815,36.312648999781395],[-114.37262300043973,36.31273700014859],[-114.37262300043973,36.31294500016083],[-114.37259599977723,36.3130000002836],[-114.37247399957849,36.31314300027642],[-114.3721620003073,36.31336299997587],[-114.37217499982776,36.31343999986883],[-114.37236499979855,36.31368099981303],[-114.37242000005014,36.31386799989918],[-114.37239300028597,36.31396699993351],[-114.3723320001866,36.31405999987315],[-114.37236599962347,36.31418700020307],[-114.37232499961559,36.31434600005094],[-114.37223000007934,36.31449400005488],[-114.37207400044373,36.3146319999033],[-114.37206699987271,36.31465899992372],[-114.37215599956119,36.31485700002921],[-114.3721420002158,36.31495600025525],[-114.37204099993346,36.31505999990404],[-114.37169399960382,36.315196999855964],[-114.37170799984752,36.3152519998376],[-114.372020999842,36.31564800015248],[-114.37208199994134,36.315817999973945],[-114.37208899961404,36.31588899978535],[-114.37203400026078,36.316086999662005],[-114.37196700031363,36.31619699977835],[-114.37195300006992,36.3162629997736],[-114.37200699959827,36.31629599975029],[-114.3723740000194,36.31635000007683],[-114.37255099957139,36.316415999942535],[-114.37269299986161,36.316510000181296],[-114.37282199973303,36.3166469997564],[-114.37282900030405,36.31677299989274],[-114.37280900021257,36.31684499987922],[-114.37275499978588,36.3169540000539],[-114.37263199976225,36.31705299978828],[-114.37263900033325,36.31712500023996],[-114.3727480001132,36.31726799990431],[-114.37275499978588,36.31746000019013],[-114.37282299955795,36.31753099995364],[-114.37282299955795,36.317805999925824],[-114.37275499978588,36.3178720000064],[-114.37266000024965,36.31791599978783],[-114.37236200032383,36.318003999999924],[-114.37234800008011,36.318057999867065],[-114.3724030003317,36.31810200026725],[-114.37263299958717,36.318135000189244],[-114.37281000003748,36.31823399987127],[-114.37283699980166,36.3183110000196],[-114.37287799980955,36.318343999853106],[-114.37317599973538,36.3183989997858],[-114.3733599998584,36.31854099970889],[-114.37340699971406,36.31872799971767],[-114.37329899975904,36.318992000200986],[-114.37308200002406,36.31914599964772],[-114.37267500031827,36.3192889999473],[-114.37266100007457,36.31937599976836],[-114.37271600032616,36.31940899987473],[-114.37306899960527,36.319496999848866],[-114.37323199981189,36.319595999972385],[-114.37326500032216,36.31967800019884],[-114.37325899957605,36.31978300034525],[-114.37322500013917,36.31985900012854],[-114.3731640000398,36.31991999995817],[-114.3729940001605,36.3200130000337],[-114.37297400006901,36.32005200010238],[-114.3731640000398,36.320161999689915],[-114.37329999958394,36.32029900008427],[-114.37330700015495,36.320518000304325],[-114.37328000039075,36.32071600000335],[-114.37315800019202,36.320880999730214],[-114.37311700018415,36.32098000026718],[-114.37312399985684,36.32100700026019],[-114.37319900019992,36.32107899995461],[-114.37344299969905,36.321112000063735],[-114.37361299957837,36.32118799999871],[-114.37368700009652,36.32126500012393],[-114.37372800010442,36.321342000173104],[-114.37376900011232,36.32150700002223],[-114.37372800010442,36.32169400015274],[-114.37358599981421,36.321874999743336],[-114.37350499962335,36.321945999827896],[-114.37359300038523,36.32214400024176],[-114.3736000000579,36.32224799970937],[-114.37356599972271,36.32243500023322],[-114.37351200019435,36.322534000243785],[-114.3733759997519,36.322654999764175],[-114.37317300026065,36.32276500002056],[-114.3730229995745,36.32282500022653],[-114.37275200031117,36.32289099967601],[-114.37269100021179,36.32293500024292],[-114.3726569998766,36.32319900022789],[-114.37307799982608,36.32329200000957],[-114.3732550002764,36.323384999680286],[-114.37334999981265,36.3234730002315],[-114.37338999999562,36.32354499981903],[-114.37340400023933,36.32374200028051],[-114.37328899971328,36.32391799975361],[-114.37315999984186,36.32404499994482],[-114.37294300010687,36.32416000009903],[-114.37286199991603,36.32418200002733],[-114.37279400014395,36.32423100027308],[-114.3727399997173,36.324379999826654],[-114.37267199994523,36.32448999981946],[-114.3724950003932,36.32470899984288],[-114.37245500021024,36.3248079998597],[-114.37246799973072,36.32484099983738],[-114.372577000409,36.324852000068084],[-114.3726989997094,36.32483000032887],[-114.37319400017704,36.32457199996314],[-114.37337800030006,36.3245219997093],[-114.37375800024165,36.32449999987693],[-114.37416499994744,36.324599000159246],[-114.37499299960268,36.324423000052896],[-114.37533200043471,36.32439999996851],[-114.37552200040551,36.32443900001318],[-114.37557000008609,36.324509999933085],[-114.37557699975879,36.32455400030968],[-114.37554300032191,36.32464200026461],[-114.37548200022255,36.32469100022112],[-114.37523700000015,36.32480099977494],[-114.37442299969028,36.32502099986426],[-114.37437599983463,36.32507099979794],[-114.37430100038986,36.325241000056224],[-114.37417199962012,36.32540100000309],[-114.3736839997235,36.32573599984565],[-114.37335099963755,36.32587299985028],[-114.3732970001092,36.325939000337094],[-114.37334499978977,36.32601099981752],[-114.3735010003237,36.32614200029971],[-114.37358199961623,36.326235999664746],[-114.37363699986781,36.326366999768695],[-114.37367799987571,36.32691700007803],[-114.37373899997509,36.32700999976508],[-114.37380699974713,36.32705400017754],[-114.37399699971792,36.32710300006481],[-114.37436300031415,36.32705400017754],[-114.37580199988969,36.326663000164956],[-114.3762260002122,36.32657699998967],[-114.37627999974056,36.326620999922945],[-114.3762529999764,36.32670899971486],[-114.37614400019645,36.326850999695885],[-114.37610300018856,36.32696099981933],[-114.37607600042439,36.32716999969838],[-114.37543600019178,36.32738299976021],[-114.37456800035356,36.3276140003617],[-114.37443199991114,36.32766900026614],[-114.37383500023454,36.328031000221166],[-114.37338699962257,36.328174000139825],[-114.37319699965177,36.32817999974602],[-114.37315599964388,36.32822400022153],[-114.3731699998876,36.32828399984301],[-114.37312899987973,36.32848200007538],[-114.37307500035135,36.32852599965663],[-114.37283099995389,36.328614000191976],[-114.37270899975516,36.32861999976434],[-114.37243699976857,36.32857600023618],[-114.37209700000996,36.32836699978599],[-114.37179800025922,36.32808199984774],[-114.37167600006048,36.32799400015896],[-114.37115999967644,36.32798299964811],[-114.37105199972142,36.32791700016882],[-114.37103800037602,36.327797000314455],[-114.37099700036812,36.32776400014119],[-114.37091600017727,36.32775300032155],[-114.37084800040523,36.327720000129645],[-114.37076700021437,36.32764299986875],[-114.37052199999198,36.32759899978888],[-114.3704679995653,36.3275660002555],[-114.37039999979325,36.3275660002555],[-114.37025099983033,36.32764299986875],[-114.37004699961584,36.32763200003204],[-114.36995200007959,36.327709000303805],[-114.36954500037382,36.32780800012789],[-114.36928699973264,36.32780800012789],[-114.36892000020983,36.32774800013987],[-114.36889300044567,36.327776000140034],[-114.36882599960018,36.3279950003369],[-114.36877100024692,36.32806099975013],[-114.36867599981237,36.32812699983112],[-114.36874399958444,36.32817100033656],[-114.3689679998904,36.32819299985621],[-114.36924700044798,36.32817100033656],[-114.36946400018297,36.32820899976615],[-114.36963999991006,36.328352000081864],[-114.36968099991793,36.3284509998127],[-114.36965400015376,36.32853300013049],[-114.36958600038169,36.328605000108865],[-114.36925400012066,36.32874799969787],[-114.36885999993538,36.32886899970175],[-114.36877899974452,36.328929000273995],[-114.3688330001712,36.328989000076255],[-114.36909099991405,36.32913799994037],[-114.36915899968612,36.32913199968417],[-114.36943700041877,36.329033000094924],[-114.36960700029809,36.329017000354185],[-114.36993299981302,36.32905500009492],[-114.37000700033119,36.32913199968417],[-114.37002099967656,36.329198000305425],[-114.36987900028466,36.32937300032231],[-114.36964800030599,36.32952700024359],[-114.36949900034305,36.32958200024509],[-114.36940999975629,36.329692000131665],[-114.36917299992982,36.32984600014614],[-114.36898299995903,36.32988500035997],[-114.36868400020829,36.32984100009873],[-114.36859600034474,36.32980800006744],[-114.36843300013811,36.32978000007381],[-114.36839200013023,36.32980199986288],[-114.368257000411,36.329966999892285],[-114.3679109999063,36.33022599991348],[-114.36797899967836,36.330286000164435],[-114.36829099984789,36.330444999737495],[-114.36835199994727,36.33045599990075],[-114.36853500024536,36.3304009997925],[-114.36894299977604,36.33037900017256],[-114.3690170002942,36.33031299982804],[-114.3692340000292,36.33018699987036],[-114.36956000044242,36.329922999677365],[-114.36985800036825,36.32975800027848],[-114.37036100033352,36.329433999942154],[-114.37048900038002,36.32937899983618],[-114.37061200040367,36.32935099968834],[-114.37070699993991,36.329301999767345],[-114.37097800010156,36.329296000247496],[-114.3711210002167,36.329323000254206],[-114.37119499983653,36.32936700008421],[-114.37128400042332,36.32946599997278],[-114.37137899995955,36.3297300002669],[-114.37134499962437,36.32992700029004],[-114.3712700001796,36.33003199965437],[-114.37100599969065,36.33022999978696],[-114.37081599971987,36.330329000026346],[-114.3707479999478,36.33042800014],[-114.37085699972775,36.33050999982451],[-114.37101999993435,36.33048800023535],[-114.37139999987596,36.33037800002522],[-114.37160999993823,36.330383000038125],[-114.37171899971818,36.33043800015907],[-114.37179300023634,36.33054800028448],[-114.37179400006123,36.33069099992588],[-114.37183400024422,36.33086600020785],[-114.3718750002521,36.33089899979097],[-114.37195700026787,36.33092099998784],[-114.3720989996598,36.33092099998784],[-114.37213999966767,36.330909999890174],[-114.37228199995788,36.3308059996799],[-114.3724660000809,36.330707000046566],[-114.37282500010612,36.330579999857605],[-114.37330700015495,36.330579999857605],[-114.37336200040654,36.330524999836896],[-114.37336099968331,36.33041499967901],[-114.37343600002637,36.330211999993075],[-114.37353800013364,36.33011300032866],[-114.37363299966987,36.33007999968886],[-114.37378199963277,36.33006400016312],[-114.37403299970293,36.33007999968886],[-114.37409399980231,36.33005799997829],[-114.37412800013752,36.330013999814746],[-114.37429100034412,36.329893000141595],[-114.37435900011619,36.32986600033246],[-114.37462299970682,36.329842999683535],[-114.37476599982196,36.3298869999436],[-114.37482000024863,36.32988199989885],[-114.37512599967208,36.32977700033232],[-114.37557400028405,36.32965600029111],[-114.37581100011052,36.32961199990061],[-114.37600600010417,36.32961400021495],[-114.37610099964043,36.329657999880666],[-114.37618900040229,36.329762000175975],[-114.37620199992276,36.32981700001159],[-114.3761750001586,36.3299429998439],[-114.37612099973191,36.33004199972434],[-114.3759440001799,36.33018500029443],[-114.37589700032423,36.330239999831434],[-114.37507200014372,36.330897999650304],[-114.37474699955538,36.33105200017585],[-114.3747189999663,36.331084999680186],[-114.3746920002021,36.33123799969981],[-114.37465200001915,36.33131500002637],[-114.37451599957672,36.331446999685554],[-114.37448899981253,36.331446999685554],[-114.3743330001769,36.331545999825934],[-114.37430600041274,36.331677999817416],[-114.37423799974236,36.33173299974788],[-114.37418400021402,36.33176599968751],[-114.37408899977946,36.3317879996395],[-114.37403400042618,36.331832000248525],[-114.37385799980076,36.331887000070246],[-114.37376300026453,36.331887000070246],[-114.37372200025663,36.33190899998806],[-114.37370899983785,36.331952999805054],[-114.3737769996099,36.33212900027188],[-114.37374999984574,36.33227099978309],[-114.37376300026453,36.33233699991633],[-114.37383100003659,36.33234799981244],[-114.37503899963343,36.33232000000797],[-114.37522899960425,36.332364000316524],[-114.37533800028248,36.33241899976269],[-114.37543299981874,36.332518000115236],[-114.37544700006244,36.332605999760155],[-114.37537900029038,36.33273700000961],[-114.37529800009953,36.33280299974806],[-114.3751619996571,36.33287999997523],[-114.37501299969416,36.332934999780804],[-114.37472800018712,36.333011999877506],[-114.3744290004364,36.33304600011219],[-114.37415699955152,36.33303500031457],[-114.37404899959648,36.33306799970271],[-114.37400799958858,36.33310099980051],[-114.37372300008154,36.33315000022697],[-114.37345199991991,36.33311700014993],[-114.37328899971328,36.33307300026667],[-114.37320699969752,36.33304100027013],[-114.37304400038921,36.33293100004621],[-114.37293600043418,36.332920000232406],[-114.3728950004263,36.33294199985851],[-114.37274599956507,36.33311800026212],[-114.37258300025677,36.33320599995297],[-114.37248799982221,36.333228000222],[-114.37223000007934,36.33320599995297],[-114.37213499964479,36.33329400026812],[-114.37204000010856,36.333348999781336],[-114.37182300037357,36.33340399997942],[-114.37161900015906,36.33340399997942],[-114.37157800015119,36.33345900013873],[-114.3715649997324,36.33353599971752],[-114.37168699993113,36.33356900034075],[-114.37185000013775,36.333644999705456],[-114.37191799990983,36.333656000140564],[-114.37210799988061,36.33375499964488],[-114.37223000007934,36.33386500015261],[-114.37228500033095,36.333974999781404],[-114.37228500033095,36.33404099991828],[-114.37224400032305,36.334117000269806],[-114.3721220001243,36.33420500027953],[-114.3721220001243,36.33422700026643],[-114.37221699966055,36.3343039998098],[-114.37228500033095,36.33439200033196],[-114.37232600033882,36.33449100034819],[-114.37232600033882,36.334622999691774],[-114.37228500033095,36.33475999999097],[-114.37223099990425,36.33481499991653],[-114.37206799969763,36.33486399998856],[-114.37186400038146,36.33486500007833],[-114.3715379999682,36.334787999642145],[-114.37105000007158,36.33456800035427],[-114.37068299965046,36.33434899981785],[-114.37049299967967,36.33427200031897],[-114.3702349999368,36.33410699999928],[-114.37020800017264,36.33410699999928],[-114.37012600015684,36.33416199966227],[-114.37016700016474,36.334326999865404],[-114.37019399992893,36.33434899981785],[-114.37022099969309,36.33453600024822],[-114.37016700016474,36.334623999784625],[-114.37009299964657,36.33466800023916],[-114.36996999962292,36.33469000009531],[-114.36961700034385,36.33467899980621],[-114.36952199990927,36.33465699994696],[-114.36937299994638,36.33454699983389],[-114.36931900041802,36.33453600024822],[-114.36922399998345,36.3346459996532],[-114.36907400019561,36.33471199994524],[-114.36907400019561,36.33473399978895],[-114.3691150002035,36.334745000070306],[-114.36918299997556,36.33481100027852],[-114.36920999973974,36.33494299980349],[-114.36916999955677,36.335040999755705],[-114.36916999955677,36.33509600020654],[-114.36933299976339,36.33509600020654],[-114.36952299973419,36.33512900016891],[-114.36960399992505,36.33519500005173],[-114.36964499993293,36.33529399977118],[-114.36978100037537,36.3352609998787],[-114.36988900033039,36.33527200008562],[-114.36993000033829,36.33529399977118],[-114.37002499987453,36.3353709997072],[-114.37002499987453,36.335404000276746],[-114.37006599988241,36.33544700020844],[-114.3700519996387,36.33554600033128],[-114.37002499987453,36.335590000265036],[-114.37006599988241,36.335623000018145],[-114.37018800008114,36.33565599975733],[-114.37041900005981,36.33577699988731],[-114.37050100007559,36.33579900015385],[-114.37055499960394,36.33584299994477],[-114.37060900003064,36.33585400006949],[-114.37075899981845,36.335984999922694],[-114.37100300021591,36.33603500005711],[-114.37113899976003,36.33612300007106],[-114.37154600036413,36.33627600032736],[-114.37168199990825,36.336297999729375],[-114.3717909996882,36.336254000195474],[-114.3717909996882,36.33622099998602],[-114.37187199987905,36.33614400016662],[-114.37196700031363,36.336088999732084],[-114.37204799960615,36.336067000271036],[-114.37215700028442,36.336067000271036],[-114.37233399983641,36.33612199999745],[-114.37245600003516,36.33624300012723],[-114.37242900027098,36.33639700021792],[-114.37222500005646,36.336638000091824],[-114.37221199963767,36.33670400014341],[-114.37202199966688,36.337078000103105],[-114.37191299988694,36.33714399978187],[-114.3717909996882,36.33716599966234],[-114.37153299994534,36.33716599966234],[-114.37136999973873,36.337231999990195],[-114.3710850002317,36.33729800026214],[-114.37085500007791,36.33745199971428],[-114.37074600029796,36.337496000018696],[-114.37059700033507,36.33750699991005],[-114.37047500013634,36.337485000125845],[-114.37039300012054,36.3375179997998],[-114.37017600038558,36.3375510001834],[-114.36983699955354,36.337485000125845],[-114.36971400042822,36.3375179997998],[-114.36967400024524,36.3375510001834],[-114.36967400024524,36.337715999720764],[-114.36963300023736,36.33782599970061],[-114.36976899978148,36.33792499969439],[-114.37005400018684,36.337946000027706],[-114.37052899966469,36.33808899983841],[-114.37065099986343,36.33808899983841],[-114.37113999958495,36.33795699985552],[-114.37127600002738,36.33795699985552],[-114.37139800022612,36.337979000229986],[-114.37150700000606,36.33803400005359],[-114.37154800001396,36.33812099993216],[-114.37154800001396,36.33831899976751],[-114.37153399977025,36.33837400007472],[-114.37145299957939,36.338495000324286],[-114.37133100027897,36.33854999978358],[-114.3712629996086,36.33863799985069],[-114.37112700006449,36.338715000099185],[-114.37085599990283,36.338792000271596],[-114.37058399991628,36.33894599966443],[-114.37055700015208,36.33894599966443],[-114.3705029997254,36.338989999848536],[-114.3705029997254,36.33908899981004],[-114.37055700015208,36.33912100021652],[-114.37058399991628,36.33917599995735],[-114.37070699993991,36.33930800004527],[-114.37080200037445,36.33943999990948],[-114.370882999667,36.3396269996959],[-114.3709100003295,36.3396490003223],[-114.37097800010156,36.339812999730796],[-114.37099200034527,36.339955999731764],[-114.37104699969854,36.340021999866316],[-114.37106000011734,36.340099000193796],[-114.37110100012521,36.34016500020722],[-114.37142699964014,36.34051599979914],[-114.37147500021902,36.340670000124796],[-114.37147500021902,36.34073599965429],[-114.37144799955654,36.3407909997019],[-114.37137999978447,36.340835000290916],[-114.3713120000124,36.340835000290916],[-114.37099900001796,36.34075799996748],[-114.37086400029875,36.34075799996748],[-114.37070100009213,36.340835000290916],[-114.37051100012133,36.340845999710666],[-114.370333999671,36.34080199985147],[-114.37028000014266,36.34076900012171],[-114.37018499970807,36.34069199973302],[-114.37011699993603,36.340583000199096],[-114.37006300040767,36.34053900019132],[-114.37003499992026,36.34054999965292],[-114.3699810003919,36.34065899995659],[-114.36992699996524,36.340714000058576],[-114.36985900019317,36.340746999811635],[-114.36972299975073,36.34075799996748],[-114.36960099955199,36.34073699966866],[-114.36952000025946,36.340692999747944],[-114.36936999957331,36.340506000350125],[-114.36934299980913,36.340439999902095],[-114.3692209996104,36.340506000350125],[-114.36915299983835,36.340506000350125],[-114.3690440000584,36.34046200029885],[-114.36896299986753,36.34037400012178],[-114.36888099985177,36.340385000330244],[-114.36875899965302,36.34046200029885],[-114.36869099988098,36.34047299977133],[-114.36852799967436,36.34041800022277],[-114.36841999971934,36.340309000305375],[-114.36835199994727,36.34019900021418],[-114.36821600040314,36.34023200018551],[-114.36812099996857,36.34023200018551],[-114.36798500042445,36.34020999972375],[-114.36779499955534,36.34012199998556],[-114.36776799979116,36.34012199998556],[-114.3677130004379,36.340187999979435],[-114.3677140002628,36.34023200018551],[-114.36764599959241,36.340275999643055],[-114.36764599959241,36.34029800008618],[-114.36759100023914,36.340319999799405],[-114.36744200027624,36.340342000230045],[-114.36721100029756,36.340319999799405],[-114.3671300001067,36.340342000230045],[-114.367115999863,36.34036399993091],[-114.36729300031332,36.34051799983351],[-114.36729300031332,36.34063899964676],[-114.36737399960587,36.34072600023352],[-114.36737500032909,36.340857999865285],[-114.36727999989452,36.340935000089864],[-114.36729300031332,36.34097899987391],[-114.36736100008537,36.341001000118396],[-114.36759200006406,36.340967999749346],[-114.36776799979116,36.34088000014394],[-114.36816199997646,36.340802999865],[-114.36851500015389,36.34077000013565],[-114.36865099969799,36.340802999865],[-114.36874600013256,36.34089100028094],[-114.36873199988885,36.341032999739305],[-114.36869199970587,36.341077000191596],[-114.36855600016176,36.341131999998396],[-114.36844700038182,36.341307999987386],[-114.3683390004268,36.34140699989684],[-114.36816199997646,36.34146200019414],[-114.36809500002931,36.34153899982155],[-114.36799899976984,36.34158299998798],[-114.36799999959476,36.341616000096444],[-114.36817600022017,36.341682000271476],[-114.36832500018308,36.34178099970551],[-114.36854299974297,36.34198900035037],[-114.3686649999417,36.341944999689716],[-114.36886900015621,36.34193399970159],[-114.36946599983277,36.34198900035037],[-114.37004999998888,36.34201100030953],[-114.37018600043132,36.34204300023905],[-114.3703760004021,36.34216399985375],[-114.37047099993835,36.34219199973785],[-114.37083800035947,36.342190999742165],[-114.37093299989573,36.342212999644275],[-114.37102800033028,36.34228999997631],[-114.37105500009446,36.34241099993084],[-114.37102800033028,36.34253199969737],[-114.37090600013154,36.34268599965457],[-114.37067500015286,36.34280699971741],[-114.3704030001663,36.342861999749594],[-114.37019999977672,36.342873000330236],[-114.36972500029887,36.34285099989098],[-114.36965699962849,36.342824000231445],[-114.36957499961272,36.342824000231445],[-114.36920899991483,36.34292299966096],[-114.36885599973742,36.34295599992521],[-114.36861100041334,36.342890000106266],[-114.36829900024381,36.34290099995936],[-114.36797299983057,36.34286799967181],[-114.36770199966892,36.342790999911266],[-114.36767400007984,36.34276900017244],[-114.36763399989685,36.34276900017244],[-114.36757899964527,36.34272499995247],[-114.36729400013822,36.34270400018412],[-114.36703600039539,36.342638000151666],[-114.36695500020451,36.34260499975265],[-114.3668050004167,36.34247300018755],[-114.36679199999791,36.34238500011197],[-114.36676400040882,36.342352000329356],[-114.36670999998213,36.34230899986803],[-114.36661500044589,36.34228699999299],[-114.36654699977552,36.34228699999299],[-114.36649300024717,36.34232999974291],[-114.36647900000345,36.34238500011197],[-114.3663839995689,36.34247300018755],[-114.36631699962174,36.34249600000177],[-114.36607200029769,36.34247400017962],[-114.3658279999002,36.34234199966887],[-114.36558299967783,36.34228699999299],[-114.36536599994285,36.34217699980116],[-114.36528399992707,36.34215499988888],[-114.36524399974411,36.34215499988888],[-114.36521600015502,36.34217699980116],[-114.36517599997205,36.34217699980116],[-114.36512099972046,36.34220999965798],[-114.36495900023708,36.34225400016885],[-114.36472800025841,36.34227600005317],[-114.36460600005965,36.34227600005317],[-114.36430700030891,36.34222700030234],[-114.36421199987436,36.342325999767176],[-114.36411700033813,36.34237000021251],[-114.36389300003214,36.34241399990938],[-114.3637840002522,36.34241399990938],[-114.36360799962677,36.342381000139056],[-114.36356699961888,36.34235900028441],[-114.36347200008264,36.34235900028441],[-114.36332300011972,36.342578999998494],[-114.3632279996852,36.34266699985487],[-114.36314599966941,36.342711000107535],[-114.36294300017813,36.34276600020756],[-114.36265699994787,36.34280999968069],[-114.36261699976488,36.342832000131544],[-114.36265799977278,36.34346899966934],[-114.3626310000086,36.34358999996273],[-114.36259000000072,36.34370000032941],[-114.36241400027363,36.34391899989962],[-114.36231899983906,36.344006999688915],[-114.36231899983906,36.34408399969429],[-114.3622650003107,36.34424899986294],[-114.3620610000962,36.34438100003556],[-114.36172200016249,36.34443599967967],[-114.36169399967508,36.34446900002634],[-114.36165400039043,36.3446340001028],[-114.36146400041964,36.34476600034635],[-114.36128699996931,36.34485299994055],[-114.36116499977058,36.344886000110506],[-114.36112399976268,36.344919000266486],[-114.36127400044883,36.345094999656226],[-114.36138300022878,36.345315000323765],[-114.36145100000086,36.34579300005276],[-114.3615050004275,36.34581399971169],[-114.36173600040618,36.34583600003742],[-114.36183099994243,36.345879999946675],[-114.36197999990536,36.34598999997276],[-114.36218400011985,36.34624299987721],[-114.36253700029727,36.34626400013835],[-114.36276800027596,36.346374000345534],[-114.36291800006377,36.34648399967378],[-114.36316199956293,36.34676900030195],[-114.36323000023332,36.346812999684005],[-114.36346100021201,36.34676900030195],[-114.36386799991777,36.34673600020644],[-114.36408499965275,36.346527000000364],[-114.36424799985936,36.346429000029055],[-114.3643979996472,36.346363000259444],[-114.36462799980096,36.34634100008261],[-114.36485899977964,36.34637299967999],[-114.365144000185,36.3464829997332],[-114.36543000041527,36.34668100001622],[-114.36578299969435,36.34689500020909],[-114.36606800009973,36.347114000199845],[-114.36608200034343,36.34721299996378],[-114.36605499968094,36.34731200032541],[-114.36601399967304,36.34736700006992],[-114.36577000017388,36.34743299971207],[-114.3657149999223,36.34746600023575],[-114.36568800015812,36.34776299997792],[-114.36559299972356,36.34787200031532],[-114.36543100024016,36.347970999839056],[-114.36537599998859,36.34798199969798],[-114.36521299978197,36.3480699999604],[-114.36517199977409,36.3480699999604],[-114.36506399981904,36.3481359997302],[-114.364771999741,36.34822399981863],[-114.36452800024185,36.34824600018698],[-114.36444600022608,36.34827899964248],[-114.36435099979153,36.3484110002189],[-114.36417500006444,36.348498999996465],[-114.36392999984206,36.34853200006834],[-114.36378099987914,36.34852699977331],[-114.36356400014417,36.34858200010666],[-114.36346899970958,36.34858200010666],[-114.36335999992964,36.34865899992929],[-114.36321099996674,36.3487249999233],[-114.3631160004305,36.34880200032804],[-114.36315700043839,36.34891099993446],[-114.36361799967251,36.34890599966378],[-114.36394400008575,36.348939000286634],[-114.36452800024185,36.34891600020481],[-114.36480000022841,36.348937999654105],[-114.36499000019921,36.34897100026339],[-114.3652210001779,36.349036999992975],[-114.36549200033954,36.34915800031657],[-114.36580500033398,36.34913500029947],[-114.3659400000532,36.349146999900256],[-114.36623899980394,36.349068999929415],[-114.3665109997905,36.34904699979361],[-114.36664600040804,36.349068999929415],[-114.36683700020374,36.34917899979153],[-114.36693199973999,36.34936600006869],[-114.36693199973999,36.34944299983944],[-114.3668909997321,36.34955199999554],[-114.36682299996005,36.349629000305875],[-114.3667009997613,36.349683999860765],[-114.36644300001845,36.34972799976612],[-114.36615799961308,36.34972899966501],[-114.3659409998781,36.349706999715764],[-114.36580500033398,36.34981700012351],[-114.3657779996715,36.34986000005648],[-114.36618500027559,36.3500250002856],[-114.36648400002632,36.35006899999823],[-114.36700000041037,36.350047000145054],[-114.36723100038904,36.35006899999823],[-114.36746200036774,36.350123000072],[-114.36757000032276,36.35021100008515],[-114.36759799991184,36.35035399980396],[-114.36755699990397,36.35046900019173],[-114.3675030003756,36.35051299965344],[-114.3675030003756,36.35053500009846],[-114.36743499970524,36.35057400008282],[-114.36743499970524,36.350600999949236],[-114.36706800018241,36.350827000286145],[-114.366715000005,36.35092599967009],[-114.36645700026216,36.35095900016026],[-114.36628099963673,36.35092599967009],[-114.36614500009262,36.35086000009477],[-114.36575099990732,36.3504209996982],[-114.36565600037106,36.35036599994041],[-114.36543899973779,36.3503219996721],[-114.3652210001779,36.3503879997035],[-114.36477299956591,36.350486999645625],[-114.36447499964008,36.350509000098036],[-114.3640670001094,36.3504979998726],[-114.36398599991854,36.35054200004144],[-114.36378199970406,36.35060799988629],[-114.36375499993986,36.35069600007477],[-114.36383699995562,36.350981999638535],[-114.36381000019144,36.35117900017654],[-114.36372800017568,36.351256000324796],[-114.36364699998484,36.35130000006519],[-114.36341600000615,36.35134399978077],[-114.36322600003534,36.35134399978077],[-114.36308999959292,36.3513110001773],[-114.36281799960635,36.351157999794005],[-114.36270999965132,36.351026000257356],[-114.36260099987138,36.350981999638535],[-114.36250600033513,36.351026000257356],[-114.36230200012064,36.35108100027235],[-114.36186799975235,36.35111399997335],[-114.36177300021612,36.351136000248545],[-114.3617589999724,36.35118000005681],[-114.36188199999606,36.35135599976467],[-114.36197700043063,36.35159699965235],[-114.36198999995109,36.35169600022762],[-114.36196300018692,36.35197099971798],[-114.36190899976023,36.35205299987528],[-114.36171899978945,36.35222899978001],[-114.36177400004104,36.35235000020721],[-114.36237800028861,36.35238300009376],[-114.3626090002673,36.352480999805955],[-114.36269700013084,36.35255800011339],[-114.3627580002302,36.35264100023735],[-114.36307000039974,36.35255300007699],[-114.36397300039808,36.352530000339264],[-114.36424500038463,36.35257400008319],[-114.36443500035543,36.35255200021431],[-114.36497799960533,36.35260699987479],[-114.36559000024882,36.35277700009231],[-114.36607800014546,36.352973999705526],[-114.36622799993327,36.35306200011354],[-114.36641799990409,36.35312799999253],[-114.3665810001107,36.353216000226396],[-114.36668999989065,36.353336999843],[-114.36666300012648,36.35355599980087],[-114.3666079998749,36.35365500005533],[-114.36648599967616,36.353775999713065],[-114.36648599967616,36.353797999959475],[-114.36630999994905,36.353907999651284],[-114.36629599970534,36.35395200006332],[-114.36616699983392,36.35410599986252],[-114.366017999871,36.354193999714305],[-114.36570599970149,36.35426000008049],[-114.36535300042236,36.35422700026616],[-114.36524399974411,36.3541720003033],[-114.36501299976544,36.35399599972696],[-114.3648909995667,36.35396299980067],[-114.36468700025051,36.35385400003245],[-114.36461899958012,36.3537989998061],[-114.36448300003602,36.35375500003107],[-114.36433400007309,36.35366699968301],[-114.36430700030891,36.35366699968301],[-114.36426600030103,36.35372200000266],[-114.36425299988224,36.3538430002797],[-114.36437500008098,36.35397500010436],[-114.36442899960933,36.35409500014533],[-114.36444299985303,36.35444699972894],[-114.36449700027971,36.35449099983627],[-114.36457900029546,36.35465499981993],[-114.36457900029546,36.35475400012368],[-114.36466100031126,36.354941000032326],[-114.36466100031126,36.355160999647595],[-114.36476900026628,36.355413000310804],[-114.36478299961166,36.35551199965053],[-114.36475599984749,36.35561100031123],[-114.3647149998396,36.35565499976062],[-114.36458000012038,36.35567700019946],[-114.36441699991377,36.35564400026231],[-114.36438900032466,36.35567700019946],[-114.36437599990587,36.35577599992683],[-114.36447100034044,36.35583100020332],[-114.36459299964086,36.3559409999162],[-114.3647290000833,36.3559630002742],[-114.36487800004622,36.35601699987691],[-114.36497400030568,36.35611599989534],[-114.36508200026071,36.35639099968782],[-114.36525899981272,36.35648999995403],[-114.36531300023941,36.356544999726026],[-114.36536799959266,36.35665400006682],[-114.36536799959266,36.35688499995273],[-114.36540899960056,36.35707199980616],[-114.36540899960056,36.35719200013694],[-114.36538199983637,36.35729100010782],[-114.3653269995848,36.35734600003724],[-114.3653140000643,36.357389999952794],[-114.36519199986557,36.35750000035629],[-114.36498799965108,36.35763199976713],[-114.3647569996724,36.357709000043535],[-114.36455300035621,36.357698000112094],[-114.3644040003933,36.35763199976713],[-114.36436300038541,36.357698000112094],[-114.36422799976788,36.35776399967758],[-114.36421400042248,36.35778600024376],[-114.36422799976788,36.35781899999619],[-114.36417300041461,36.35800599977599],[-114.36409200022374,36.358071999803755],[-114.36399699978921,36.358116000032354],[-114.36387499959046,36.358126999904734],[-114.36382699990989,36.3581710001022],[-114.36370499971115,36.3582369999901],[-114.36370499971115,36.35825899969915],[-114.36386799991777,36.35841199987126],[-114.36394999993352,36.35852200027722],[-114.36399000011652,36.358643000327234],[-114.36403100012438,36.35889600035011],[-114.36405799988856,36.35895000008831],[-114.36405899971348,36.35930200014335],[-114.36388200016147,36.35958199983948],[-114.36371899995484,36.35972499970649],[-114.36335300025696,36.359861999975166],[-114.36335300025696,36.35991700025804],[-114.36347499955737,36.360066000276774],[-114.36355699957315,36.36020800021357],[-114.36369300001559,36.36034000009575],[-114.36415400014803,36.36049400027815],[-114.36471099964163,36.36062499991626],[-114.36528200027728,36.3607020001253],[-114.36543100024016,36.3607020001253],[-114.36583899977087,36.36076800003715],[-114.36587899995384,36.360789999754154],[-114.36591999996173,36.3608549998354],[-114.36591999996173,36.36091000013995],[-114.36589300019753,36.36098700006701],[-114.36579799976299,36.361086000274625],[-114.36560799979218,36.361163000027545],[-114.36525499961478,36.36126200001128],[-114.36472499988534,36.361339000313485],[-114.36439900037043,36.36134999973035],[-114.36381500021433,36.36132899992155],[-114.36343500027273,36.36128500006259],[-114.36328600030981,36.36124100017874],[-114.3630679998516,36.36111999982732],[-114.36297300031536,36.36108700002764],[-114.36278300034455,36.36094500024779],[-114.36260599989424,36.36076299980463],[-114.36249799993921,36.36063199967537],[-114.36236200039508,36.36035699967519],[-114.3617229999874,36.35975299978633],[-114.36149200000872,36.35960000008004],[-114.36132899980211,36.3594349998895],[-114.36124799961124,36.35930299991929],[-114.36090799985263,36.359061000236444],[-114.3607720003085,36.3589189996537],[-114.3607039996381,36.35874299968256],[-114.36067699987395,36.35850099970535],[-114.36063599986606,36.35839199978073],[-114.36052700008612,36.35821600006473],[-114.36047299965944,36.35794100020908],[-114.36040499988738,36.35787500007023],[-114.3603639998795,36.35778799983456],[-114.36032299987161,36.3575900003077],[-114.36029600010744,36.357529000311835],[-114.360159999665,36.35744199968937],[-114.36006500012874,36.35733199992736],[-114.35986099991428,36.35699099967721],[-114.35973899971553,36.35668400014709],[-114.35971199995133,36.35640899994289],[-114.35967099994346,36.35636500019625],[-114.35943999996478,36.35634299995186],[-114.35915499955942,36.356267000309444],[-114.359033000259,36.356212000341074],[-114.35889699981655,36.356102000287706],[-114.35876100027244,36.355925999734325],[-114.35860399991358,36.355837999670115],[-114.35849599995856,36.35573999984323],[-114.3584549999507,36.35573999984323],[-114.35836700008713,36.35581699982096],[-114.35827199965259,36.35600300025148],[-114.3581899996368,36.356102000287706],[-114.35810900034429,36.356157000333795],[-114.35802800015342,36.35617899990728],[-114.35791900037347,36.35617899990728],[-114.35780999969522,36.356157000333795],[-114.35771500015898,36.35611299972129],[-114.35752500018818,36.3559600000942],[-114.3574570004161,36.35579500014516],[-114.35715799976707,36.35570699993284],[-114.35700899980414,36.355641000070065],[-114.35684599959751,36.35552100024193],[-114.35673699981757,36.35541099993552],[-114.3566959998097,36.35523999985431],[-114.35658799985465,36.35514199999805],[-114.35654699984678,36.35505399977098],[-114.35652599993038,36.35486700013378],[-114.35636299972376,36.35488400018512],[-114.35626200033974,36.3549440002516],[-114.35587499982714,36.35504899989485],[-114.35551499997703,36.3550759996562],[-114.35539899962606,36.355153000290755],[-114.35539899962606,36.355230000125616],[-114.35534500009771,36.355268000100665],[-114.3552029998075,36.35547200014436],[-114.35511400011903,36.355542999995166],[-114.35491099972946,36.355604000100556],[-114.354781999858,36.35567999966688],[-114.35479500027681,36.35573500001116],[-114.3549919999203,36.35588899990028],[-114.35526399990687,36.35613599984728],[-114.35533199967891,36.35625699998927],[-114.3553660000141,36.35644399990449],[-114.35533900024993,36.35648200001031],[-114.35532500000622,36.35656399975658],[-114.35526399990687,36.356651999723425],[-114.35514199970812,36.35677299978675],[-114.35491099972946,36.35693799983304],[-114.35487800011748,36.357158000315216],[-114.35482299986587,36.357312000282775],[-114.35468099957568,36.35750400027596],[-114.35455199970426,36.35759700033977],[-114.35466100038249,36.357729000309575],[-114.35470099966714,36.357828000320836],[-114.35495900030833,36.35801400028653],[-114.35501399966162,36.35812399980815],[-114.35502700008041,36.358278000034716],[-114.35493199964583,36.35847599998168],[-114.35498699989742,36.3585199999819],[-114.35502799990532,36.358597000103195],[-114.35527200030278,36.35878299967804],[-114.35527200030278,36.35881599973119],[-114.35531300031066,36.358860000262645],[-114.35534000007483,36.358926000289685],[-114.35534000007483,36.359277999729834],[-114.35542200009061,36.35930999979729],[-114.35566599958977,36.35950800001259],[-114.35592400023094,36.35976100011729],[-114.35616899955501,36.35990299988719],[-114.35671199970321,36.360331999824304],[-114.35802999980325,36.361045000262386],[-114.3583219998813,36.3611549998407],[-114.35848500008791,36.36124299968076],[-114.35858700019516,36.36132500019845],[-114.35879100040968,36.36154499985486],[-114.35884499993803,36.36167599989413],[-114.3588519996107,36.36189600000508],[-114.35879100040968,36.36209400015195],[-114.35874299983077,36.36214900030428],[-114.35867599988362,36.36218199965363],[-114.3585400003395,36.36220399969433],[-114.35817299991838,36.36211600021752],[-114.35807800038214,36.36211600021752],[-114.35787400016763,36.36216000033008],[-114.35726300024736,36.36219299967477],[-114.35724999982857,36.36223699974377],[-114.35731099992795,36.36252799970528],[-114.35735199993582,36.36286900029164],[-114.35741999970789,36.36304399988507],[-114.357562999823,36.36369800000786],[-114.357562999823,36.363829999757584],[-114.35748099980725,36.36401599984688],[-114.35735899960851,36.36415900024715],[-114.35722300006437,36.36421399966342],[-114.35703300009358,36.36424700030723],[-114.35688400013068,36.364225000120705],[-114.35670699968036,36.36413799974955],[-114.35640799992962,36.36391800018972],[-114.35611000000378,36.36357699985977],[-114.3560549997522,36.36343500028296],[-114.3560549997522,36.36329199999898],[-114.35613599994305,36.36268799974005],[-114.35587800020016,36.36242399975948],[-114.35575600000145,36.36191899986896],[-114.35525300003621,36.36142999991476],[-114.35519199993684,36.36138699986205],[-114.35513099983747,36.361375999726995],[-114.35511699959378,36.36140799965519],[-114.35519899960953,36.361825999905705],[-114.35519899960953,36.36198000004122],[-114.35517199984535,36.362232000329044],[-114.35513099983747,36.362286999660434],[-114.35513099983747,36.3623309996763],[-114.35506300006541,36.36239699965342],[-114.35483200008672,36.36252900016317],[-114.35461500035176,36.362616999896375],[-114.35449300015301,36.362638999814095],[-114.35439799971846,36.36262799985601],[-114.35416699973976,36.36252900016317],[-114.35397699976896,36.36235299967488],[-114.35396300042359,36.362308999671455],[-114.3539089999969,36.36225500009362],[-114.35389499975322,36.362166999951114],[-114.35384100022486,36.36207899970906],[-114.35384100022486,36.36202400023066],[-114.35380000021696,36.3619910000909],[-114.35380000021696,36.36192499976946],[-114.35377299955448,36.36188100024745],[-114.35373200044492,36.36187000018222],[-114.35351499981161,36.36200200013903],[-114.3533790002675,36.36202400023066],[-114.35320299964206,36.362013000185655],[-114.35312099962631,36.3619910000909],[-114.35279500011139,36.36183699997716],[-114.35254999988902,36.36166199983972],[-114.35238699968238,36.361496999680334],[-114.35233300015402,36.36150799979828],[-114.35227899972735,36.36156299964141],[-114.35230600038986,36.361695000118935],[-114.35229200014615,36.361893000053776],[-114.35226500038196,36.36196899998999],[-114.3521969997116,36.362013000185655],[-114.35206199999239,36.362035000274126],[-114.35181699977,36.36201399992675],[-114.35158599979133,36.361915000176225],[-114.3514369998284,36.3618050002253],[-114.35138300030003,36.3618050002253],[-114.3512329996139,36.36194800034817],[-114.35113800007767,36.362002999880275],[-114.35092100034267,36.36206900013563],[-114.35092100034267,36.36225500009362],[-114.35099599978744,36.36241499996631],[-114.35114499975033,36.362513000069455],[-114.35162099995141,36.36289799969341],[-114.352225000199,36.36344699984967],[-114.3526059999655,36.363892000319005],[-114.3526400003007,36.36403399978527],[-114.3526059999655,36.36413299973362],[-114.35251800010197,36.36422700026946],[-114.35219199968871,36.36432599997225],[-114.35196099971003,36.364353000132404],[-114.35190700018168,36.36438599999388],[-114.35189999961067,36.36441300013322],[-114.35212399991666,36.36458400031575],[-114.35266000039218,36.36505000032716],[-114.35289800004355,36.3653629997678],[-114.35309499968704,36.36552799968718],[-114.35317000003013,36.36573099991024],[-114.35315699961133,36.36603900033488],[-114.35312300017445,36.36608299967603],[-114.3530350003109,36.36609399986905],[-114.35286500043159,36.36602800013403],[-114.35282400042372,36.366044000228406],[-114.35279699976121,36.366077000096126],[-114.35279699976121,36.36610999994985],[-114.35312300017445,36.36633499969747],[-114.35342199992519,36.366636999641294],[-114.35383600020198,36.36656599978384],[-114.35407399985336,36.36648300004157],[-114.35458299966639,36.36641200004359],[-114.35466399985724,36.366434000335154],[-114.35472599978151,36.36651599972311],[-114.35471900010882,36.366588000031854],[-114.35447399988645,36.366900999796066],[-114.35431200040304,36.3670599998434],[-114.35428399991564,36.36713700019541],[-114.3543659999314,36.36722499978103],[-114.35438600002288,36.36737299987894],[-114.3543659999314,36.36746599972316],[-114.35428499974054,36.36768600010206],[-114.35416199971691,36.36784000021417],[-114.35411499986124,36.36787300004355],[-114.354020000325,36.36810399990391],[-114.35383000035421,36.368355999890035],[-114.35376900025483,36.36840000009091],[-114.35381000026273,36.368653000220775],[-114.35379600001902,36.368741000261835],[-114.35372800024695,36.368806999865576],[-114.35363299981239,36.368862000336556],[-114.35346399975799,36.368906000251286],[-114.35318500009873,36.36911400003757],[-114.35302199989212,36.36910300027145],[-114.35292700035588,36.36903799984626],[-114.3528589996855,36.36889499973246],[-114.35281799967761,36.368598000325456],[-114.3526960003772,36.36831300004774],[-114.35261400036141,36.36836800014452],[-114.35247899974388,36.368389999883036],[-114.3523020001919,36.368389999883036],[-114.35216599974945,36.36835700027294],[-114.3520710002132,36.36824700002488],[-114.35184699990722,36.36782399976581],[-114.35183299966351,36.36775800005151],[-114.35180599989934,36.36773600013429],[-114.35162299960123,36.36775300026817],[-114.3515139998213,36.36773600013429],[-114.3513239998505,36.36808200008453],[-114.35114700029848,36.36823600013619],[-114.35103900034346,36.36825799991202],[-114.35084900037265,36.36822500024594],[-114.3507399996944,36.36814800024735],[-114.35061099982296,36.36801100009897],[-114.3505499997236,36.36798399976146],[-114.35034600040743,36.36805000000735],[-114.35028500030805,36.368187000087076],[-114.35028500030805,36.36825799991202],[-114.35050200004302,36.36846699964218],[-114.35097800024408,36.36899400000618],[-114.35099199958947,36.36903799984626],[-114.3511409995524,36.3692359999038],[-114.35124299965965,36.36946100001517],[-114.35125000023065,36.36952099969385],[-114.35120900022277,36.36964200000214],[-114.3509509995816,36.36992800011432],[-114.3511139997882,36.3701249997166],[-114.35116900003979,36.37024599980889],[-114.35122299956814,36.370300999985865],[-114.3515630002251,36.37033400021804],[-114.35167100018013,36.370366999712935],[-114.35172600043171,36.370411000223186],[-114.35176599971636,36.370466000283514],[-114.35176599971636,36.370608999679774],[-114.35163099999716,36.37082800022343],[-114.35154899998139,36.37101499984627],[-114.35145400044516,36.37113000008734],[-114.35131899982763,36.37121299993558],[-114.35107399960525,36.3712240001267],[-114.35087000028906,36.37115799968002],[-114.35046299968495,36.37116899987892],[-114.35027299971416,36.37113600000094],[-114.35005500015427,36.3712240001267],[-114.34981099975678,36.371268000152256],[-114.34937599956362,36.371521000358776],[-114.34917899992011,36.3715760003577],[-114.34917300007234,36.37160900004909],[-114.34922699960069,36.37170799976249],[-114.34937599956362,36.37185000015433],[-114.34959400002182,36.371904999920645],[-114.34990600019137,36.372015000059974],[-114.35020499994211,36.372136000105854],[-114.35047000025597,36.37227799971645],[-114.35070799990734,36.372459999989516],[-114.35072100032612,36.372526000054904],[-114.3509659996502,36.37266799967693],[-114.35111499961312,36.372794000336775],[-114.35125100005557,36.372800000121984],[-114.35140099984338,36.372843999979466],[-114.35156400005,36.372843999979466],[-114.35180099987647,36.37287699985624],[-114.35196400008307,36.37296500018254],[-114.35203900042616,36.37304100015407],[-114.35206600019032,36.373106999726524],[-114.35204600009885,36.373371000349486],[-114.35221599997816,36.3734809998624],[-114.35223600006964,36.37353000019371],[-114.35221599997816,36.37375500018219],[-114.3523790001848,36.37379900022281],[-114.35266399969183,36.37365600018064],[-114.35302400044024,36.37355199991914],[-114.35318000007585,36.37354600019188],[-114.35324799984792,36.373590000350724],[-114.35350599959078,36.37353500032909],[-114.35360100002534,36.37355700005311],[-114.35383200000402,36.37372199995457],[-114.3540429998912,36.37393100019531],[-114.35424000043302,36.37398500034966],[-114.35441000031233,36.374073000145785],[-114.35460699995583,36.374221999820215],[-114.35470200039039,36.37433099999351],[-114.35474300039827,36.37440799965893],[-114.35474300039827,36.37449599969981],[-114.35470900006308,36.374550999765205],[-114.35458699986434,36.37463899964437],[-114.3544780000844,36.37468799996954],[-114.35452599976497,36.374804000143875],[-114.35466100038249,36.37482600023225],[-114.35498699989742,36.37480299984381],[-114.3558229999486,36.37481999988],[-114.35615500020963,36.374770000060785],[-114.35646800020405,36.374792000158834],[-114.35668499993903,36.37484700001494],[-114.35680700013779,36.37497800008113],[-114.35685499981835,36.37508800021471],[-114.3567660001299,36.37527999974643],[-114.35663200023559,36.375422000127415],[-114.35662399983967,36.375440000320204],[-114.35665800017486,36.37546700023989],[-114.35735699995867,36.375527000349386],[-114.35775100014399,36.37559299998242],[-114.35784700040345,36.37563100014022],[-114.35799600036637,36.37565299999468],[-114.35845099975272,36.37581200023739],[-114.35857299995145,36.37588899988329],[-114.35867500005871,36.37600999968949],[-114.3587300003103,36.376114000281035],[-114.35875700007446,36.37622400025469],[-114.358736999983,36.37635099977436],[-114.35866199963992,36.376448999683376],[-114.3584919997606,36.37654799974656],[-114.35835000036869,36.37659199965381],[-114.35811900039002,36.37662000017365],[-114.35787400016763,36.376609000022285],[-114.35746699956356,36.37654900002418],[-114.35698399968977,36.37642800033318],[-114.35696399959829,36.376472000308375],[-114.35700499960619,36.376696999742954],[-114.35695100007783,36.37694999965087],[-114.35701200017718,36.37705399970888],[-114.35779299997678,36.377558999730994],[-114.35803800019916,36.37769099983213],[-114.35851299967699,36.37789899999715],[-114.35867599988362,36.37803100024452],[-114.35873100013521,36.37809699992257],[-114.35880599957996,36.37827800006723],[-114.3587720001431,36.37840499984936],[-114.35869000012732,36.378492000178376],[-114.358588999845,36.37854199977474],[-114.35846599982133,36.378552999652726],[-114.35803200035137,36.37852000001416],[-114.35738000042322,36.37841099992505],[-114.35706700042878,36.378378000226284],[-114.35636699992173,36.37826799968266],[-114.355851000436,36.378157999706715],[-114.35520600018054,36.37791199976296],[-114.3550839999818,36.3778839997083],[-114.35430200035731,36.37761000019113],[-114.35403100019565,36.37747300007061],[-114.35385399974533,36.37735700026025],[-114.3533449999323,36.37690700021914],[-114.35320199981717,36.3768519996498],[-114.35308600036454,36.376884999996086],[-114.35299799960268,36.377038999980265],[-114.35288299997494,36.37717600014203],[-114.352774000195,36.37722599986119],[-114.35249600036066,36.377286000060316],[-114.35241400034488,36.37733000027337],[-114.35225100013827,36.37757799969364],[-114.35211600041904,36.37769300035797],[-114.35200699974081,36.377841000069665],[-114.35255699956168,36.3783849998348],[-114.35274800025572,36.37861500005351],[-114.35306000042526,36.37910399976756],[-114.35310800010583,36.3793179997756],[-114.35309399986212,36.379395000290096],[-114.35306000042526,36.37945500026249],[-114.35290399989132,36.37951099995383],[-114.35266000039218,36.37951099995383],[-114.35231999973523,36.37946100025716],[-114.3522319998717,36.37947799999854],[-114.35201500013672,36.37970300013925],[-114.35178400015803,36.379817999831275],[-114.35178400015803,36.3798509996423],[-114.35190600035678,36.38008800004353],[-114.35197400012883,36.3803180002886],[-114.35201500013672,36.380368000157475],[-114.3522119997802,36.38050500024115],[-114.35295900014293,36.38097100035565],[-114.3535709998881,36.38128999996312],[-114.35382899963096,36.38137200032645],[-114.35405299993697,36.381405000201305],[-114.35423000038728,36.381465000069376],[-114.3545900002374,36.381524999891184],[-114.35490200040692,36.3816569997701],[-114.35505200019476,36.381804999893916],[-114.35511300029414,36.38208000002591],[-114.35509300020263,36.3821510001887],[-114.35502500043056,36.3822339998486],[-114.35490900007962,36.38230499987078],[-114.35463799991797,36.382343999845205],[-114.35424899975554,36.382321999713724],[-114.35382299978319,36.3822339998486],[-114.35333400006164,36.382173999850664],[-114.35308899983926,36.38220199980723],[-114.35250499968318,36.38238299980006],[-114.35211100039618,36.38241599996912],[-114.35183299966351,36.382393999858],[-114.35168299987569,36.38234500004828],[-114.3515070001486,36.38224600013192],[-114.35130899978188,36.38210900022244],[-114.35096300017547,36.38181799973006],[-114.35073200019677,36.381543000117965],[-114.35060999999804,36.38136200033968],[-114.35054200022599,36.3812029998712],[-114.35046000021023,36.38113100007069],[-114.3501270001243,36.38113200028936],[-114.34982800037356,36.38129100017976],[-114.34970600017482,36.38132400008899],[-114.34950199996031,36.38133500029668],[-114.34912200001872,36.38126400011211],[-114.34901999991146,36.381208999731015],[-114.34870799974193,36.38095599993605],[-114.34863300029718,36.380918000210215],[-114.3483679999833,36.38093400013508],[-114.34821200034769,36.38092899975209],[-114.34813700000463,36.380906999943484],[-114.34791299969864,36.380935000356295],[-114.34765499995578,36.38092400009204],[-114.3470299997918,36.38075900028039],[-114.34659499959862,36.380940000015656],[-114.34618799989283,36.38096799969335],[-114.34598399967835,36.38094599989577],[-114.3456990001713,36.38087500007931],[-114.34527099965081,36.3806610000162],[-114.34491800037169,36.38073200002804],[-114.34476799968557,36.38073200002804],[-114.34455099995058,36.3806610000162],[-114.34447599960752,36.38068800029314],[-114.34438100007128,36.38095199977547],[-114.34429999988042,36.38103399977192],[-114.34416400033629,36.38111699990082],[-114.34383100025038,36.38113899965001],[-114.34372900014311,36.38128199967613],[-114.34364100027956,36.38133700000555],[-114.34364799995227,36.38141399996752],[-114.34375000005952,36.38166600023038],[-114.34376299958,36.38183599988904],[-114.34372999996802,36.38198499987984],[-114.34368200028744,36.382067000233555],[-114.34352599975352,36.38215500028759],[-114.34347100040024,36.38216599965456],[-114.3434039995548,36.38221500030024],[-114.3433829996384,36.38228100004371],[-114.34335599987422,36.38258900003455],[-114.34327499968336,36.38272100027702],[-114.34317299957611,36.38281399985314],[-114.34312499989554,36.38291800002496],[-114.34316599990342,36.38304500018533],[-114.34329499977486,36.38319299983707],[-114.34351999990575,36.38338000010847],[-114.34389999984734,36.38378099995159],[-114.34407700029766,36.38401699976551],[-114.34423299993328,36.38426900027155],[-114.34425999969746,36.384367999781986],[-114.34422600026059,36.38445600012493],[-114.34410400006185,36.38447799965267],[-114.3440160001983,36.384466999889575],[-114.34389999984734,36.38444500035867],[-114.34366899986867,36.38435700000333],[-114.34349300014155,36.38424199979146],[-114.34284000038849,36.38370400016375],[-114.3426160000825,36.383538999741816],[-114.34213400003365,36.38330299992356],[-114.3420520000179,36.383320000271475],[-114.34190999972768,36.38339100002533],[-114.34167899974899,36.383408000354],[-114.34167899974899,36.383468000123095],[-114.34247399979228,36.38395699969686],[-114.34261000023471,36.38413200031013],[-114.3426439996716,36.384248000140026],[-114.34263699999892,36.384346999677184],[-114.34261000023471,36.38442300009839],[-114.34253499989165,36.38449499974371],[-114.34247399979228,36.384527999739696],[-114.34233800024815,36.38455500012043],[-114.34222299972211,36.38455500012043],[-114.34211399994217,36.384516999983674],[-114.3419170002987,36.38440700016812],[-114.341862999872,36.38440200000844],[-114.34178099985623,36.38442899970977],[-114.34159799955813,36.384582999942914],[-114.34141400033344,36.38470399996379],[-114.34123100003534,36.38474200000919],[-114.34104799973723,36.38473100028346],[-114.3409249997136,36.38462100004747],[-114.34089100027671,36.38435800018046],[-114.34085699994152,36.38430900016194],[-114.34060599987134,36.3842370003444],[-114.34047699999992,36.38417100009148],[-114.34042299957325,36.3841769997223],[-114.34038900013638,36.384225999824004],[-114.34045000023573,36.38446800006535],[-114.34045699990845,36.38464399970204],[-114.34044299966475,36.38472100000541],[-114.34038199956538,36.384781000207795],[-114.34035499980118,36.384852000074005],[-114.34043599999202,36.38507199973679],[-114.34046399958112,36.38543399968112],[-114.34050399976411,36.385653999866754],[-114.34055900001569,36.38570899999671],[-114.34058599977986,36.385774999667376],[-114.34064699987924,36.385856999640374],[-114.3407220002223,36.385934000188925],[-114.34095999987369,36.386092999662125],[-114.34131999972381,36.38619199974301],[-114.34163899956602,36.38630699996353],[-114.34176099976476,36.38637299984978],[-114.34230499973789,36.38676900016031],[-114.34297099990975,36.38710299980756],[-114.34326999966049,36.3873669999295],[-114.34331700041446,36.38747099979717],[-114.34329700032299,36.38757000029291],[-114.34319500021573,36.387646999868196],[-114.34297099990975,36.387657999904604],[-114.34276699969524,36.38763599983022],[-114.34238699975366,36.387526000088144],[-114.34214900010227,36.3874329996391],[-114.34194499988777,36.387406000257755],[-114.3417349998255,36.3874329996391],[-114.34149700017412,36.38750500011313],[-114.34131300005109,36.38752700022457],[-114.34086500033746,36.38752100012904],[-114.34080400023808,36.38754300023596],[-114.34067500036664,36.387636999965245],[-114.34034200028071,36.38770800011621],[-114.34023400032568,36.387692000138784],[-114.34009799988324,36.387636999965245],[-114.33986000023188,36.38748299999547],[-114.3397509995536,36.38744499984327],[-114.33962199968218,36.38752200026553],[-114.33950000038176,36.38762599992587],[-114.33938400003079,36.387675000023556],[-114.33926900040308,36.38769700008688],[-114.33886199979898,36.38769700008688],[-114.3385899998124,36.387823999673415],[-114.3384059996894,36.38785699970285],[-114.33818899995441,36.38786799970954],[-114.3380669997557,36.38785699970285],[-114.33793100021157,36.3878129996605],[-114.337843000348,36.387834999684785],[-114.33770699990556,36.387916999654756],[-114.33761800021712,36.387949999644704],[-114.33723800027552,36.38796699969981],[-114.33711600007679,36.387944999712886],[-114.33703400006101,36.38814300009439],[-114.33697999963435,36.38818699994998],[-114.33696700011387,36.38824199973444],[-114.33690500018959,36.38833000003182],[-114.3368990003418,36.38853799994438],[-114.33685099976292,36.388647999701014],[-114.33682399999874,36.388845999738464],[-114.33683800024244,36.38916400018963],[-114.33681099957994,36.389394999735934],[-114.3367160000437,36.38962600004208],[-114.33659300002004,36.389856000278606],[-114.33644400005716,36.39004299971159],[-114.33644400005716,36.390064999827956],[-114.3363079996147,36.390163999913185],[-114.33618600031427,36.39038399973152],[-114.33600899986394,36.39053699964248],[-114.33598200009978,36.39059199993387],[-114.3359140003277,36.39063599984975],[-114.33587400014474,36.39070199967687],[-114.33567699960294,36.39086700008419],[-114.33567699960294,36.39090000026821],[-114.3355269998151,36.391032000141315],[-114.33543200027886,36.39121800027221],[-114.335391000271,36.391240000056115],[-114.335391000271,36.39126199983379],[-114.33529599983642,36.391350000328444],[-114.33509300034517,36.39147099994203],[-114.33506499985774,36.39147099994203],[-114.33499799991058,36.39154799999255],[-114.33498399966689,36.39159200009043],[-114.33480700011489,36.39170199986467],[-114.33450900018907,36.39181200020639],[-114.33446800018118,36.39184499998933],[-114.334441000417,36.391976999703985],[-114.33427800021038,36.39210799984021],[-114.33419600019461,36.392262000049215],[-114.33403299998801,36.39237200032166],[-114.33393799955344,36.392581000338105],[-114.33371400014576,36.392767999724306],[-114.33363299995492,36.392976000055995],[-114.33359199994702,36.39300900006787],[-114.33359199994702,36.39303100006803],[-114.33331999996048,36.3932179998179],[-114.33331999996048,36.39323999975891],[-114.33318400041634,36.39333900013946],[-114.33295300043766,36.39342699972913],[-114.33276299956854,36.393612999914474],[-114.33253199958988,36.39370099991704],[-114.33242399963484,36.39389900010088],[-114.33224700008283,36.39403099994329],[-114.33213800030288,36.394085999931974],[-114.33175800036129,36.39413000003952],[-114.3317170003534,36.3941959997926],[-114.33162899959153,36.394250999664536],[-114.33143199994804,36.394306000220624],[-114.33141900042757,36.39451400005239],[-114.33136400017597,36.39463000030088],[-114.33128299998512,36.39473399985283],[-114.33108600034163,36.394870999933254],[-114.33088200012713,36.394958999957815],[-114.33082100002775,36.39520600024225],[-114.3307669996011,36.395271999804756],[-114.33061699981327,36.39538200015632],[-114.33053599962241,36.39549200035215],[-114.33048100026913,36.395525000019],[-114.33033899997892,36.39557999967366],[-114.33016200042692,36.39561300002623],[-114.33013499976444,36.39576699979914],[-114.33009399975654,36.395810999678226],[-114.32991800002944,36.39592099999003],[-114.32971399981494,36.3959750000598],[-114.32968600022586,36.396118000277724],[-114.329605000035,36.396249999967196],[-114.32963199979918,36.39633799987665],[-114.32965299971556,36.396656000050136],[-114.32987000034888,36.39694199988622],[-114.32987000034888,36.39697499966052],[-114.33006000031966,36.39724999964509],[-114.33029100029835,36.397391999676934],[-114.33061799963818,36.39755700034531],[-114.330915999564,36.39786399983286],[-114.33101199982349,36.3980950002799],[-114.3309850000593,36.39823800021261],[-114.33092999980771,36.398315000067434],[-114.33086200003565,36.39834799998179],[-114.33065799982116,36.398369999916994],[-114.33056300028493,36.39835899995017],[-114.33044100008618,36.398435999685056],[-114.33037300031411,36.398446999640974],[-114.33007399966506,36.39842499972763],[-114.32992499970213,36.398369999916994],[-114.3296119997077,36.3982160002401],[-114.32946299974476,36.3981720002764],[-114.32923199976611,36.39816100028156],[-114.32913700022985,36.39813900028726],[-114.3290550002141,36.398051000247705],[-114.32895999977954,36.397997000174115],[-114.32876999980873,36.397997000174115],[-114.32852499958635,36.397942000060596],[-114.32828100008719,36.39780500033163],[-114.32802199962111,36.39761800004797],[-114.32799499985693,36.39761800004797],[-114.32796800009277,36.39767299966769],[-114.32799499985693,36.3977720001867],[-114.32796800009277,36.39800200018252],[-114.3278869999019,36.39815600028339],[-114.32773700011407,36.398266000168626],[-114.32771700002259,36.39846400029282],[-114.32762199958803,36.39877099981296],[-114.32758099958014,36.398836999963564],[-114.32751299980808,36.39890300005817],[-114.32751299980808,36.3989249998362],[-114.32746299957937,36.39895500024655],[-114.32745900027973,36.39897999997716],[-114.3273089995936,36.399090000142216],[-114.3272819998294,36.399090000142216],[-114.32717399987435,36.39915600002196],[-114.32695600031447,36.39917799972839],[-114.32679300010787,36.39915600002196],[-114.32661599965755,36.39910100000557],[-114.32605900016392,36.399111999867316],[-114.32580100042107,36.39907900027736],[-114.32565199955984,36.39903500007912],[-114.32551600001571,36.398935999722866],[-114.32542099958116,36.398804000256774],[-114.32533899956539,36.398419999746444],[-114.32529799955752,36.39836499993227],[-114.32527099979335,36.39836499993227],[-114.32521700026498,36.39844199966121],[-114.3251899996025,36.39844199966121],[-114.3251350002492,36.39850800009121],[-114.32497200004258,36.398513000066735],[-114.32489099985173,36.39846900027117],[-114.32467300029185,36.39826100017723],[-114.32460499962147,36.39823900021122],[-114.32451000008524,36.39828300013705],[-114.32442899989437,36.39834899997899],[-114.32442899989437,36.39837099991385],[-114.3245779998573,36.39852400001175],[-114.32464599962935,36.39864500002706],[-114.32465999987306,36.398887000215645],[-114.32459200010099,36.399050999891166],[-114.32452400032894,36.39912799966352],[-114.32430699969564,36.39926000002538],[-114.3242120001594,36.39928199970242],[-114.324183999672,36.39930400009624],[-114.32391300040865,36.39933700031373],[-114.3236139997596,36.39930400009624],[-114.32336900043552,36.399215999929666],[-114.32323299999308,36.399194000234004],[-114.32312500003805,36.399226999775195],[-114.32292099982357,36.39923800034217],[-114.32281200004361,36.39940299998371],[-114.32273699970055,36.399469000320664],[-114.32270999993635,36.399469000320664],[-114.32254699972974,36.39956799999794],[-114.32228899998688,36.39962299968384],[-114.3220170000003,36.39963400019477],[-114.32197699981735,36.39966700027219],[-114.32197699981735,36.39968899983396],[-114.32189499980159,36.399744000157234],[-114.32177299960286,36.39975499992802],[-114.32163700005871,36.39973299966187],[-114.32131099964549,36.399584999681515],[-114.32121600010926,36.39959500021672],[-114.32114800033719,36.39967200017314],[-114.32098500013056,36.399726999785386],[-114.32095800036637,36.400057000256936],[-114.32082199992394,36.4002770002748],[-114.32083500034273,36.40037499967473],[-114.32078099991604,36.40052900013475],[-114.3207399999082,36.40056199983213],[-114.3207399999082,36.40058399986358],[-114.3206720001361,36.40062799990783],[-114.3206720001361,36.4006499999206],[-114.3204679999216,36.40078199986649],[-114.32035999996657,36.40081500017942],[-114.31989800000922,36.40086999970584],[-114.32002000020795,36.40116600027464],[-114.32002699988064,36.40126499995922],[-114.31998599987277,36.401407999843336],[-114.31989100033653,36.40144099989043],[-114.3197280001299,36.40144099989043],[-114.31941500013546,36.40137499978221],[-114.31911700020963,36.40126499995922],[-114.31903500019386,36.40125399967916],[-114.318994000186,36.40126499995922],[-114.3189670004218,36.401319999890156],[-114.31889899975141,36.401364000240726],[-114.31879099979638,36.401407999843336],[-114.31876300020731,36.40158400017373],[-114.31872300002432,36.401638999878934],[-114.31860000000069,36.401726000240124],[-114.31860000000069,36.40174799994207],[-114.31873600044311,36.40182499993433],[-114.31880400021518,36.401924000225456],[-114.31884500022306,36.401934999687676],[-114.31936099970878,36.40186899999896],[-114.31959199968746,36.40189099966042],[-114.31976900013778,36.40194599987133],[-114.31985000032863,36.40198999986745],[-114.31995900010857,36.40211600001423],[-114.32006799988852,36.40235800023967],[-114.32008100030733,36.40265400020175],[-114.32004100012436,36.40285199999159],[-114.31989100033653,36.40319300021438],[-114.32027200010305,36.40334600021817],[-114.32027200010305,36.4033680001845],[-114.32036699963928,36.403466999955825],[-114.32038000005807,36.40354399969079],[-114.32035300029389,36.40364299996091],[-114.32030600043822,36.40370900031191],[-114.32022400042247,36.40375300003274],[-114.32015599975209,36.403763999959104],[-114.31978900022928,36.40373100017547],[-114.3195449998318,36.40367599978191],[-114.3193819996252,36.40367599978191],[-114.3193680002798,36.403763999959104],[-114.31940900028768,36.403895999676486],[-114.3193819996252,36.40403899978008],[-114.31932700027193,36.40413700021983],[-114.31924600008105,36.40419200028705],[-114.31908299987444,36.404235999734425],[-114.31847100012925,36.404290999731614],[-114.31840300035718,36.404313000153344],[-114.3183759996947,36.40437899993526],[-114.31844400036506,36.40443399983123],[-114.31870200010795,36.404576999667675],[-114.31900099985867,36.40489500011002],[-114.31910999963861,36.40512599990177],[-114.31912399988231,36.405335000326545],[-114.31906899963073,36.40544500017211],[-114.3189609996757,36.40550999981046],[-114.31878400012369,36.405521000211046],[-114.3185389999013,36.405499000131336],[-114.31817200037852,36.405400999963376],[-114.31806400042348,36.405400999963376],[-114.3175809996514,36.405521000211046],[-114.31747299969636,36.405560000107066],[-114.31736399991642,36.40563699993694],[-114.31739099968061,36.40568100001202],[-114.3174459999322,36.4057030000402],[-114.31767600008595,36.40574099994281],[-114.31803000008829,36.40582899995026],[-114.31845100003778,36.40589499989043],[-114.31861400024437,36.405972000111305],[-114.31870899978063,36.40608199977806],[-114.31870899978063,36.4061369999145],[-114.31868200001644,36.40624600017509],[-114.31861400024437,36.40632300004807],[-114.31861400024437,36.40643299994088],[-114.31858699958188,36.40651000035153],[-114.31847799980194,36.40668599997084],[-114.31835599960321,36.40675199990608],[-114.31820599981538,36.40676300013081],[-114.31796200031621,36.406707999714506],[-114.31767699991087,36.40658699996293],[-114.3176090001388,36.40659800021102],[-114.31750000035885,36.406664000221014],[-114.31745900035098,36.406664000221014],[-114.31732299990854,36.40674099967973],[-114.31721499995352,36.40677400035399],[-114.31665699973668,36.40683400016372],[-114.3166299999725,36.40686700007543],[-114.31660300020832,36.40703700029696],[-114.31653500043628,36.40715800007071],[-114.31633100022174,36.40731700023371],[-114.31633100022174,36.4073389997987],[-114.31639899999382,36.40739999977577],[-114.31675299999615,36.40749800031428],[-114.31692899972325,36.407574999669436],[-114.31713999961043,36.40776199985147],[-114.31716700027295,36.407817000244584],[-114.31716700027295,36.407992999795056],[-114.31711299984626,36.408179999693935],[-114.3172209998013,36.40823399992118],[-114.31768299975867,36.408344000000234],[-114.31780599978231,36.40838799998827],[-114.31794200022475,36.40847599988954],[-114.31809100018766,36.4086300001999],[-114.31815899995973,36.408817000011474],[-114.31813200019553,36.40904699985059],[-114.31806400042348,36.40913499972832],[-114.3180230004156,36.40914600033864],[-114.3177920004369,36.40931099990783],[-114.31771100024605,36.40934400021337],[-114.31771100024605,36.409376999782],[-114.31772399976654,36.409410000059495],[-114.31792799998104,36.409568999951425],[-114.31796899998892,36.409568999951425],[-114.31822699973178,36.4098649999156],[-114.31830799992262,36.410194999987084],[-114.31824099997547,36.4103489997817],[-114.31807100009615,36.410448000056526],[-114.31798900008042,36.41047000018078],[-114.31735100039594,36.4107769999831],[-114.31735100039594,36.41083199968764],[-114.31732299990854,36.41084300005765],[-114.31732299990854,36.41096399968722],[-114.31735100039594,36.41097500003855],[-114.31731000038806,36.411161999989055],[-114.31728299972558,36.41118300007908],[-114.31728299972558,36.41122699990506],[-114.31718800018932,36.41140299968274],[-114.3172280003723,36.411545999705496],[-114.31721499995352,36.41186399981854],[-114.31732299990854,36.41198500002662],[-114.31739099968061,36.41211700023583],[-114.31739099968061,36.41227099983495],[-114.31733700015226,36.412392000131945],[-114.31736399991642,36.412490999971915],[-114.3174529996049,36.412622000230726],[-114.31752100027526,36.41279799973945],[-114.3174529996049,36.41301200025618],[-114.3172219996262,36.413281000322705],[-114.3172490002887,36.41362200031777],[-114.3171809996183,36.41385300018678],[-114.31707199983836,36.413995000241016],[-114.31699099964752,36.41403899992001],[-114.31644699967441,36.414060999750184],[-114.31639300014604,36.4140940002067],[-114.3162769997951,36.41466500007993],[-114.31622300026672,36.41476399991456],[-114.31595799995284,36.41509899976995],[-114.31570600005779,36.41525800030706],[-114.31555000042218,36.41531899984927],[-114.31551600008697,36.415379000288524],[-114.31554299985116,36.415445000067535],[-114.31555700009484,36.41565400020258],[-114.31554299985116,36.41592800009492],[-114.31536700012406,36.416274000313955],[-114.31531900044348,36.41633499978114],[-114.31506099980231,36.41649999998419],[-114.3145169998292,36.41676300025348],[-114.31444900005711,36.41683999982297],[-114.31444900005711,36.416905999806225],[-114.31468000003579,36.417015999894744],[-114.31499300003026,36.41731199967463],[-114.31499300003026,36.41733400002348],[-114.31506099980231,36.417389000145576],[-114.31512899957437,36.41748800012257],[-114.31518300000106,36.417520999845884],[-114.31537299997184,36.417543000135595],[-114.31593100018868,36.41774599975443],[-114.31669199989678,36.41764700010629],[-114.31675999966885,36.41759200016693],[-114.31678700033133,36.41759200016693],[-114.31684099985969,36.417537999938844],[-114.3170590003179,36.417416999706454],[-114.31731000038806,36.41733999998616],[-114.31754100036675,36.417317999638946],[-114.31770399967505,36.417317999638946],[-114.31790799988956,36.417362000327095],[-114.3180169996695,36.417427999866824],[-114.31816599963241,36.41758100002979],[-114.31821400021131,36.417833999897894],[-114.31834999975541,36.41803700020189],[-114.31843099994629,36.418223999777325],[-114.31845799971046,36.418356000227064],[-114.31841800042581,36.418794999649016],[-114.31844500018998,36.419015000102156],[-114.31870299993284,36.419191000305126],[-114.31870299993284,36.4192130001217],[-114.31888000038316,36.41939900003073],[-114.31897499991942,36.41957500008632],[-114.31898800033821,36.41970699968547],[-114.31912399988231,36.41990500010932],[-114.31919199965438,36.419969999937585],[-114.31932100042413,36.420321999953096],[-114.31934900001322,36.420508999809385],[-114.31934900001322,36.420635000281955],[-114.31929399976163,36.42098599974588],[-114.3193890001962,36.421161999819],[-114.31949799997615,36.42129400033486],[-114.31959300041069,36.421492000326595],[-114.3196069997561,36.421677999837016],[-114.3195799999919,36.42188699982401],[-114.31951200021985,36.42204100029151],[-114.31944400044777,36.42214000012096],[-114.3193890001962,36.42217300003603],[-114.31933499976951,36.42240300008433],[-114.31916499989022,36.42277700016649],[-114.31911100036186,36.422854000278726],[-114.31913800012603,36.42312800006812],[-114.31909700011815,36.42361100002005],[-114.31913800012603,36.423753999974124],[-114.3191790001339,36.42383099984035],[-114.31928799991385,36.423896999664855],[-114.31953200031131,36.42396300015612],[-114.31964100009127,36.42401799992028],[-114.31979000005418,36.42416099984762],[-114.32002199985779,36.424319999902465],[-114.3201299998128,36.424452000109746],[-114.32021199982857,36.42461600003279],[-114.3203609997915,36.42479199982932],[-114.32044299980727,36.42496799994965],[-114.32049700023393,36.425341000315264],[-114.32047700014245,36.425494999714935],[-114.32050399990662,36.42563799981329],[-114.32054499991452,36.425714999979576],[-114.32065399969446,36.42578099964826],[-114.32110200030644,36.425857999672736],[-114.32137400029299,36.4259449996554],[-114.321550999845,36.42605000030222],[-114.3216999998079,36.42620399974118],[-114.3217409998158,36.42635699996081],[-114.32171400005161,36.42656599964134],[-114.32165999962494,36.426665000206654],[-114.32163200003585,36.42667599977978],[-114.32163200003585,36.42669799964422],[-114.32149599959341,36.42684099969524],[-114.32148300007293,36.42691699976178],[-114.3215099998371,36.42722499995441],[-114.321550999845,36.42741199981078],[-114.3215650000887,36.427652999676475],[-114.32151700040812,36.428082000267445],[-114.32155800041602,36.428191999703536],[-114.32169399996012,36.428278999961904],[-114.32185700016674,36.42832300022162],[-114.32208800014543,36.42843300003903],[-114.32223700010834,36.42853199966913],[-114.32236000013198,36.428641999913204],[-114.32241399966036,36.428718999991254],[-114.32245499966824,36.42881799997949],[-114.32245499966824,36.429014999974626],[-114.32238699989617,36.4293609997063],[-114.32244100032285,36.429448999697094],[-114.32322299994735,36.429432999640504],[-114.32350099978169,36.429471000221255],[-114.3236849999047,36.429541999734965],[-114.32382800001986,36.429680000192036],[-114.3239300001271,36.42990500028556],[-114.32395000021859,36.430009000323615],[-114.32395000021859,36.43025099966436],[-114.32386900002773,36.430492000112785],[-114.32376699992048,36.43068999977739],[-114.32396399956396,36.43078900014306],[-114.32420200011364,36.43098100014195],[-114.32433099998508,36.431151000346865],[-114.32446700042752,36.431414999714505],[-114.3245009998644,36.43157400009136],[-114.3245009998644,36.43170600025229],[-114.32447400010022,36.43193699981301],[-114.32439200008443,36.43210200011087],[-114.32448699962069,36.43217300010922],[-114.32452799962857,36.43222799983938],[-114.32462999973582,36.43244799981563],[-114.32465700039833,36.432677999781205],[-114.32460999964434,36.4331779998691],[-114.32465700039833,36.43328800003437],[-114.32470500007891,36.43331000019327],[-114.32473900041408,36.433304000019184],[-114.32519399980043,36.433034999927074],[-114.32550699979488,36.43289199972164],[-114.32562899999361,36.432870000166965],[-114.32577899978145,36.43287599965189],[-114.32587400021602,36.43289799992757],[-114.32608400027829,36.43299699964548],[-114.32619999973093,36.43309499968719],[-114.3262680004013,36.43325999969176],[-114.32638999970173,36.433809000283],[-114.32641800018914,36.43386400029937],[-114.32653299981685,36.43395200024452],[-114.32666199968827,36.434166000286154],[-114.3266829996047,36.43433700027694],[-114.3266490001678,36.43448499981689],[-114.32658800006845,36.434600000119154],[-114.32639100042495,36.43478100021836],[-114.3260370004226,36.43503999973395],[-114.32596200007956,36.43515499993658],[-114.32587400021602,36.43561600000626],[-114.32579899987293,36.435841000238874],[-114.32581300011664,36.43588499982591],[-114.32591500022389,36.435880000087636],[-114.32602400000383,36.43583599977505],[-114.3262609998303,36.435786000178034],[-114.3265200002964,36.43559999977536],[-114.32711799979786,36.43535299999317],[-114.32750500031048,36.43528699978951],[-114.32775700020555,36.43531999989835],[-114.32785199974181,36.435351999749564],[-114.3280290001921,36.43549499975913],[-114.32806900037508,36.43555000002625],[-114.32812399972836,36.43575900025215],[-114.32809000029148,36.436115999958695],[-114.32793999960532,36.436429000214815],[-114.32801499994841,36.43647300019121],[-114.32815100039086,36.43644500027481],[-114.3282600001708,36.43639599985478],[-114.32856599959423,36.43631300022322],[-114.32873600037186,36.436319000164744],[-114.3288650002433,36.43637399984794],[-114.32897999987102,36.43648900024213],[-114.32904099997039,36.43652799976521],[-114.32916399999404,36.43678599973029],[-114.32915700032135,36.43693900005239],[-114.32908199997827,36.43710999971527],[-114.3288650002433,36.43745600022218],[-114.32864099993729,36.43776300030359],[-114.32829399960767,36.438137000106046],[-114.3282259998356,36.43846599980442],[-114.3280769998727,36.43876299967639],[-114.32783900022132,36.4389990001755],[-114.32743099979231,36.439267999832424],[-114.32728100000449,36.43934500021002],[-114.32679899995566,36.439520999857066],[-114.32673100018359,36.43958099966193],[-114.3266559998405,36.43973499971955],[-114.32686699972771,36.439778999989606],[-114.32711199995008,36.4398939996743],[-114.3272269995778,36.43996000029612],[-114.32754700014327,36.440234999874],[-114.32764900025052,36.440234999874],[-114.32767600001472,36.440206999869574],[-114.32771700002259,36.43994899971463],[-114.32775700020555,36.4398890001943],[-114.32792700008487,36.43980099975396],[-114.32796100042003,36.439685999931456],[-114.32801599977333,36.43961999979928],[-114.32816499973623,36.439531999776605],[-114.32835600043026,36.43948800008912],[-114.32851899973855,36.43948800008912],[-114.32872899980086,36.439531999776605],[-114.32876999980873,36.43952600008346],[-114.3288309999081,36.43946600023609],[-114.3288309999081,36.439185999853095],[-114.3288650002433,36.43909200033428],[-114.32894700025905,36.43901000016901],[-114.32906199988679,36.438966000185644],[-114.32915099957523,36.438959999726045],[-114.3294359999806,36.4390369996866],[-114.32961300043091,36.439169000163844],[-114.32978999998294,36.43934500021002],[-114.32987799984647,36.43934999972511],[-114.33006199996949,36.439294999982934],[-114.33023799969659,36.43931699988445],[-114.33036099972024,36.43936099966882],[-114.33053700034564,36.43958099966193],[-114.33066000036929,36.4398939996743],[-114.33067999956245,36.44007499971258],[-114.33065299979829,36.44021799969182],[-114.33059900026993,36.4403170001902],[-114.3302519999403,36.44075100031504],[-114.33031300003965,36.440943000241894],[-114.33027899970446,36.44118500018055],[-114.3302179996051,36.441293999670535],[-114.33008200006098,36.441415000270865],[-114.33000099987014,36.44156900030215],[-114.329865000326,36.44170100008573],[-114.32972899988356,36.44174499996371],[-114.32939599979761,36.44180000013739],[-114.32928700001767,36.442074000264185],[-114.32922599991831,36.44215100002546],[-114.32910999956736,36.44223899996874],[-114.32912399981106,36.44226099975829],[-114.32928700001767,36.44227200001208],[-114.32968100020298,36.44225000022565],[-114.32988500041746,36.44231600028889],[-114.32998699962643,36.44237600010066],[-114.33007600021321,36.44245899975167],[-114.33010299997737,36.442688999678964],[-114.33005500029678,36.442776999734754],[-114.32994700034176,36.4428599996795],[-114.32995300018953,36.4429749998567],[-114.32992600042536,36.44317300019605],[-114.32989899976288,36.443228000080204],[-114.32970899979209,36.443464000007765],[-114.32980400022662,36.44354099983493],[-114.32987199999869,36.443655999725465],[-114.32989899976288,36.44382099967909],[-114.33000800044114,36.44391399983999],[-114.33011700022108,36.4442159997413],[-114.33020500008462,36.4442159997413],[-114.3304569999797,36.44404599997019],[-114.33054499984326,36.444050999905016],[-114.33062000018631,36.444083999900315],[-114.33066100019421,36.44413399993221],[-114.33076199957823,36.444380999949345],[-114.33080299958611,36.44457300028843],[-114.33108200014367,36.44476000026355],[-114.33114300024305,36.444826000359754],[-114.33117000000722,36.444891000279114],[-114.33118400025094,36.44498499999952],[-114.33112999982426,36.44515499988114],[-114.33058599985114,36.44549600008496],[-114.3304910003149,36.44581399990571],[-114.33049799998759,36.445852999800806],[-114.33052499975176,36.44587500001092],[-114.3306129996153,36.44585800034182],[-114.3308720000814,36.445725999681265],[-114.33100099995282,36.44568799983271],[-114.33125200002299,36.44567100012263],[-114.33154400010105,36.44573200034022],[-114.3317959999961,36.44574300010192],[-114.33204100021851,36.4457760001002],[-114.33228499971767,36.445710000089605],[-114.332462000168,36.44573200034022],[-114.33261199995582,36.44578599974656],[-114.33267999972789,36.44583000019854],[-114.33293800036905,36.44589600010712],[-114.33305399982169,36.44595700014786],[-114.33316900034774,36.44607200007055],[-114.33327800012768,36.446346999665735],[-114.33338699990763,36.44645599985304],[-114.33344100033428,36.446769000315264],[-114.33348200034216,36.446807999730304],[-114.3336179998863,36.44684099999821],[-114.33374000008503,36.44690099992383],[-114.3338010001844,36.446961999897],[-114.33376799967414,36.44716999964631],[-114.3338220001008,36.4472529999499],[-114.33382899977347,36.44740599986766],[-114.33387599962916,36.4474389998812],[-114.33425700029399,36.44746700016639],[-114.33450199961806,36.44753799983764],[-114.33467200039567,36.44763099987869],[-114.33477399960462,36.447713999689135],[-114.33484200027499,36.44780199982643],[-114.33490300037435,36.44793900025206],[-114.33490300037435,36.44817500030192],[-114.3348079999398,36.44826299991628],[-114.33469900015986,36.448328999922836],[-114.33429800030186,36.44841700008512],[-114.33428400005816,36.44856500023149],[-114.33423700020248,36.44862600034144],[-114.33414199976795,36.44869099996756],[-114.33412800042254,36.44886700009358],[-114.33405300007948,36.44895499964558],[-114.33391099978927,36.44906499984846],[-114.33392400020806,36.449174999895305],[-114.33388300020017,36.44925700015721],[-114.33392400020806,36.44935000030533],[-114.33391099978927,36.449448999990814],[-114.33388999987285,36.44947099990374],[-114.33392400020806,36.44951499971096],[-114.33408700041467,36.44954800027251],[-114.33428499988307,36.44965800035707],[-114.33446800018118,36.44985600026075],[-114.33469300031207,36.45001499970803],[-114.3348220001835,36.45017999986696],[-114.33487599971184,36.45039900020584],[-114.33486999986407,36.45055299974725],[-114.33484200027499,36.45065200006517],[-114.33480200009203,36.450718000206905],[-114.3346389998854,36.45087199983759],[-114.33464499973319,36.450953999750816],[-114.33461799996901,36.45102499984355],[-114.33455699986963,36.45109099966797],[-114.33458399963381,36.45111299983779],[-114.33474699984043,36.45115199995931],[-114.33489699962827,36.45121200016357],[-114.33497799981912,36.45127799982888],[-114.33499200006281,36.451332999747905],[-114.33495799972764,36.4514210001153],[-114.3348149996125,36.45153099971156],[-114.3346110002963,36.451608000203244],[-114.3346389998854,36.45170599986447],[-114.33455699986963,36.45185500026979],[-114.33457699996112,36.45187700022298],[-114.33489699962827,36.45185999970134],[-114.33497899964401,36.45188199965312],[-114.33519600027732,36.45198099972],[-114.33535899958564,36.45207999966055],[-114.33541399983721,36.45215700032977],[-114.3353999995935,36.45228800013848],[-114.33533199982143,36.45236499987864],[-114.33512799960694,36.452475000303906],[-114.33512199975917,36.45253000009676],[-114.33537299982933,36.45268399974275],[-114.33536600015663,36.4527770001176],[-114.33531199972995,36.45286500029186],[-114.33530500005728,36.45292599991067],[-114.33557700004381,36.45297500000804],[-114.33567900015107,36.45302400007439],[-114.3358149996952,36.45316700003215],[-114.33602599958239,36.453288000179576],[-114.33612799968965,36.453369999706375],[-114.33618200011634,36.45344699981755],[-114.33624999988838,36.453677999692424],[-114.33622300012419,36.45381999988401],[-114.33635899966833,36.45397399985894],[-114.33639999967622,36.45413900026699],[-114.3364340000114,36.45465000002633],[-114.33646599979845,36.454802999805494],[-114.34941499992168,36.458974000151834],[-114.34987600005414,36.46172000023634],[-114.34999999990268,36.46174799970112],[-114.3501289997741,36.46181399979281],[-114.35023799955407,36.46192299991981],[-114.35071399975513,36.46263200020749],[-114.3510069996581,36.462988999805816],[-114.35123099996406,36.46309300029636],[-114.35138099975191,36.463240999892555],[-114.3514219997598,36.46334599992777],[-114.35154399995854,36.463400999958296],[-114.35166000030948,36.46349899988966],[-114.35191100037966,36.46349899988966],[-114.3520200001596,36.463604000297984],[-114.35208799993164,36.46373000016675],[-114.35229899981886,36.463926999671656],[-114.35230600038986,36.46401000010528],[-114.35227200005465,36.46413600003672],[-114.35231300006255,36.46419700018228],[-114.35233300015402,36.46431699986655],[-114.35231999973523,36.46440499995052],[-114.35225799981096,36.46448799987244],[-114.35211600041904,36.46455899985705],[-114.35207500041118,36.46460299977413],[-114.3522450002905,36.464805999856516],[-114.35225899963586,36.46493799983482],[-114.3523809998346,36.46503699985172],[-114.35242199984249,36.46519599996453],[-114.35272099959323,36.46545399995813],[-114.35272099959323,36.465568999871806],[-114.35264600014847,36.46573400017248],[-114.35266000039218,36.46577300016598],[-114.35272099959323,36.46579499978315],[-114.352802999609,36.46577300016598],[-114.35283699994419,36.465696000011775],[-114.35286399970836,36.4655470001905],[-114.35295900014293,36.4654099998015],[-114.35297300038663,36.46527299989287],[-114.35304100015868,36.46520699985579],[-114.35313599969491,36.465163000281436],[-114.35326499956636,36.46515699968078],[-114.35345500043546,36.465185000071706],[-114.35365899975164,36.46542599966429],[-114.35382899963096,36.465568999871806],[-114.35384299987466,36.465651000139566],[-114.3538090004378,36.46595399978631],[-114.35389099955523,36.46604700014134],[-114.35392499989044,36.46620099967603],[-114.35397900031712,36.466255999848556],[-114.3540069999062,36.46632099987077],[-114.35398599998982,36.46646399987227],[-114.35404799991409,36.466481000082275],[-114.35410900001345,36.46645300015941],[-114.35427899989277,36.46631000013756],[-114.3543869998478,36.46624500010618],[-114.35448899995504,36.466222000048646],[-114.35461199997869,36.466255000003414],[-114.35482299986587,36.466431000006516],[-114.35489099963795,36.46674400005107],[-114.35500000031621,36.46685400030901],[-114.35496599998103,36.4670519996576],[-114.35520399963241,36.46722700018599],[-114.35522399972388,36.467403000149666],[-114.3551969999597,36.46748000005332],[-114.35515599995182,36.46753500004087],[-114.35508800017975,36.46757899971383],[-114.35492499997315,36.467601000263386],[-114.3545919998872,36.467601000263386],[-114.35455799955203,36.467627999944135],[-114.3545989995599,36.467727000138076],[-114.35474800042115,36.46781000011564],[-114.35491199955435,36.46794699987557],[-114.35491900012536,36.46802899979532],[-114.35470800023816,36.468161000065415],[-114.35453099978783,36.4682050001055],[-114.3544289996806,36.46826000030106],[-114.35433400014436,36.46840300033798],[-114.3542589998013,36.4684470002407],[-114.3540279998226,36.46847999997078],[-114.35397400029424,36.4685239998298],[-114.35396699972324,36.46858400031968],[-114.35420500027293,36.468633999729256],[-114.35450400002367,36.468753999769966],[-114.35453800035884,36.46881499989401],[-114.35454500003154,36.46890799970652],[-114.35449099960488,36.46899600035857],[-114.35451800026738,36.469034000346504],[-114.35468099957568,36.46900699971061],[-114.35476900033753,36.46896300012574],[-114.3548170000181,36.46883099977649],[-114.35493199964583,36.468742999659554],[-114.35500000031621,36.4686390002464],[-114.35510200042347,36.46856699984847],[-114.35527200030278,36.46856699984847],[-114.35538799975541,36.468632999914774],[-114.35546999977117,36.46864999964908],[-114.35553099987055,36.4686219997872],[-114.35565999974199,36.46851199987073],[-114.35574199975774,36.46849000030209],[-114.35584999971279,36.46852900035398],[-114.35597299973642,36.468637999709514],[-114.35627200038549,36.468424000114084],[-114.35648900012048,36.46833600025755],[-114.35676100010703,36.468265000119914],[-114.35697899966692,36.468302999743806],[-114.35740100033962,36.46865999995852],[-114.35740100033962,36.46884699965567],[-114.35746900011169,36.469000000320165],[-114.35740800001231,36.46928600028967],[-114.35733299966924,36.46934099971831],[-114.35714299969843,36.46935199974381],[-114.35703399991849,36.46947299992153],[-114.35685700036649,36.46948399992829],[-114.35669400015986,36.46945099990326],[-114.35657199996113,36.46947299992153],[-114.35642200017332,36.46946199991315],[-114.35635400040125,36.46948399992829],[-114.35630599982237,36.46960499989997],[-114.356252000294,36.46967600025513],[-114.35624499972299,36.469792000207065],[-114.35631300039338,36.469868999904946],[-114.35629999997458,36.46997299983514],[-114.35633400030976,36.47007700034823],[-114.35633400030976,36.470153999763],[-114.35627900005817,36.470268999928614],[-114.35641600032554,36.47040099999638],[-114.3564499997624,36.47059899967653],[-114.35643600041702,36.47066500017991],[-114.35645700033339,36.47080199995089],[-114.35634799965516,36.470989000259856],[-114.35636100007395,36.47103300013949],[-114.35649699961806,36.47101099984162],[-114.35661999964172,36.47093399983336],[-114.35689199962826,36.47093399983336],[-114.35693299963616,36.47083500012319],[-114.35700100030655,36.47076300032022],[-114.35708900017008,36.470713999904355],[-114.35717000036094,36.47033499999056],[-114.35723200028522,36.47027500013358],[-114.35730599990507,36.470268999928614],[-114.35738799992083,36.47030700001496],[-114.35765999990738,36.47054900008959],[-114.35776899968732,36.47054900008959],[-114.35787099979459,36.47051100012194],[-114.35808800042787,36.47046699994595],[-114.35828599989628,36.47053200004934],[-114.35834699999565,36.47059300021905],[-114.35832699990418,36.47073600028651],[-114.35851699987496,36.47085100031113],[-114.35852400044598,36.47099399990264],[-114.35847599986708,36.47105399992552],[-114.35859200021804,36.471252000104805],[-114.35865999999008,36.47128999970926],[-114.35872799976218,36.47125699973067],[-114.35874200000586,36.47121299997815],[-114.3588370004404,36.47117999996678],[-114.35903400008392,36.471157999710584],[-114.35906099984808,36.47091099972226],[-114.35903400008392,36.47041100007992],[-114.35906099984808,36.47028999992157],[-114.35911500027477,36.47023600023777],[-114.35920999981101,36.47020299981046],[-114.35930500024556,36.470230000029765],[-114.35941400002551,36.47033400019804],[-114.35946900027709,36.47042199995358],[-114.35966599992058,36.47124599997545],[-114.35972799984486,36.471344999883094],[-114.35995200015086,36.47152600021918],[-114.3600609999308,36.471636000192966],[-114.36008799969497,36.47171300022626],[-114.36005400025809,36.4718109997639],[-114.35963999998131,36.47207500020182],[-114.35960599964613,36.47212999981864],[-114.35975499960902,36.472217999702366],[-114.35980999986063,36.47227800022251],[-114.35981700043163,36.47235000006293],[-114.35993899973205,36.47248099971152],[-114.35996600039456,36.47256899991907],[-114.35991199996788,36.472706999698595],[-114.35984400019582,36.472745000034436],[-114.35968799966187,36.472745000034436],[-114.35961300021715,36.47284400019464],[-114.35953100020137,36.47289899998817],[-114.35939499975892,36.472931999990045],[-114.35919100044273,36.47289899998817],[-114.3590960000082,36.47285499972303],[-114.35900800014464,36.47285499972303],[-114.35892600012887,36.472931999990045],[-114.35861300013443,36.47308100006439],[-114.35874899967855,36.47315200012508],[-114.35897399980945,36.47321799989931],[-114.35915100025979,36.47329499980571],[-114.35919800011544,36.473326999885],[-114.35921200035915,36.4733990001958],[-114.35918499969665,36.47351399988119],[-114.35907599991671,36.473623999923085],[-114.35900800014464,36.47365700033866],[-114.35882400002161,36.47366300028133],[-114.35875000040178,36.47373899999702],[-114.358660999815,36.473788999693284],[-114.35864099972352,36.473833000150506],[-114.35870900039389,36.473854999647436],[-114.35900800014464,36.47384400026097],[-114.35938200023845,36.47391500034504],[-114.35966099989771,36.473941999993684],[-114.3599060001201,36.47391500034504],[-114.36019800019815,36.47380499999377],[-114.36032700006957,36.47378799994525],[-114.36042300032905,36.473810000177274],[-114.36055899987315,36.47387600011361],[-114.36062699964522,36.473941999993684],[-114.36065400030773,36.47410699980925],[-114.36061300029984,36.47420599967444],[-114.36024599987873,36.47443600009158],[-114.35999499980858,36.47449700007822],[-114.35952500035357,36.47456900002448],[-114.35913100016829,36.47466200015692],[-114.35897499963436,36.47473300021405],[-114.35879800008236,36.474881999715414],[-114.35845800032374,36.47509100016227],[-114.35850600000431,36.47512900005163],[-114.35866900021094,36.47517299974811],[-114.35877799999088,36.475249999879324],[-114.35885300033395,36.47543099976441],[-114.3589479998702,36.475496999765],[-114.35909099998531,36.475556999913756],[-114.35923300027552,36.475458000329596],[-114.35934200005548,36.475408999992474],[-114.35945099983542,36.475376000322946],[-114.35964800037725,36.47535899989666],[-114.35975700015719,36.47538700021435],[-114.35986599993713,36.47548599988915],[-114.35991299979278,36.47554099997492],[-114.35996100037168,36.47566100015786],[-114.36002199957274,36.47570500027472],[-114.3602939995593,36.475726999962575],[-114.36039599966655,36.475771000041966],[-114.36044400024544,36.47581500009632],[-114.36052600026122,36.47598000025842],[-114.36052600026122,36.476221000240294],[-114.36059400003327,36.476353000284355],[-114.36059400003327,36.4764190002221],[-114.36066199980532,36.47648500010364],[-114.36070299981321,36.476573000099016],[-114.3607370001484,36.47659500026283],[-114.36094800003559,36.476633000137085],[-114.36101599980765,36.47669300012869],[-114.36105699981553,36.47676500020174],[-114.36096099955607,36.476946000160204],[-114.36100199956395,36.47697899988356],[-114.3611520002501,36.47697899988356],[-114.36138300022878,36.477143999734366],[-114.36151899977291,36.47718200006171],[-114.36166199988803,36.477126999695926],[-114.36180500000317,36.476983999862355],[-114.36188600019402,36.47692900007833],[-114.3621310004164,36.47686299985257],[-114.36234899997628,36.47673099995484],[-114.36241699974835,36.4767200002542],[-114.36285199994154,36.476741999653925],[-114.36296099972148,36.47678099988783],[-114.36302199982086,36.476867999838845],[-114.36302900039188,36.476939999749305],[-114.36298800038398,36.477049999985],[-114.36285899961423,36.477197999661755],[-114.36252600042661,36.47744499983983],[-114.36252600042661,36.47753899983237],[-114.36259400019867,36.47759899984481],[-114.36278400016947,36.47753300018972],[-114.36301599997309,36.47748899966609],[-114.36322000018757,36.4775110002922],[-114.3633010003784,36.47753300018972],[-114.36352599961101,36.477643000306024],[-114.36372999982551,36.477796000221254],[-114.36394099971271,36.47802100018517],[-114.36408999967561,36.47828499969515],[-114.3643419995707,36.47841100026056],[-114.36449899992952,36.478559000227335],[-114.36477099991609,36.47868600003203],[-114.36489999978753,36.47877900028022],[-114.36509700032933,36.47897599982382],[-114.36517199977409,36.479124999835236],[-114.36542399966916,36.47929500000261],[-114.36551200043102,36.47942099964803],[-114.36560799979218,36.47950899992093],[-114.36574400023463,36.4795689998527],[-114.36590700044123,36.47972900016593],[-114.36605700022906,36.48001399988299],[-114.36611800032844,36.48043100031719],[-114.3662070000169,36.48048599978259],[-114.36637000022351,36.480508000280125],[-114.3665259998591,36.48059600004082],[-114.3666010002022,36.48067299983979],[-114.36670300030944,36.48089800011766],[-114.36672400022584,36.481101000141635],[-114.36668999989065,36.481211000249104],[-114.36661500044589,36.48130400035607],[-114.36653400025504,36.48136499999277],[-114.36640500038361,36.48139199993505],[-114.36626200026849,36.48139800000116],[-114.36613199967384,36.48137599975638],[-114.36591499993885,36.48125500010392],[-114.36578500024251,36.48110700023034],[-114.36575799958,36.48110199979532],[-114.36564999962496,36.481145999711984],[-114.36537799963841,36.48137100006098],[-114.36510599965185,36.48149699994218],[-114.36504399972758,36.48155800014925],[-114.3650169999634,36.48166200028497],[-114.3650310002071,36.48179399972836],[-114.36494300034354,36.48194199973432],[-114.36493599977253,36.48203600005007],[-114.36488200024418,36.48215600028741],[-114.36475199964953,36.48231600031472],[-114.3645829995951,36.48240899981763],[-114.364447000051,36.48243099976916],[-114.36403799979709,36.48254700013248],[-114.36387499959046,36.48261800018822],[-114.3636169998476,36.482661999966346],[-114.36354900007552,36.48269500014463],[-114.36326299984529,36.48273400027158],[-114.36319500007322,36.482772000024525],[-114.36307299987446,36.48288799987731],[-114.36293700033035,36.4829429997655],[-114.36286899965998,36.48304700020906],[-114.36271300002436,36.483150999790695],[-114.36267899968918,36.48319499998841],[-114.36267200001647,36.4832169997167],[-114.3628279996521,36.48331600022264],[-114.36348799997617,36.483529999869766],[-114.36370600043438,36.48364000014016],[-114.36388299998639,36.483792999770706],[-114.36393099966695,36.48393099978727],[-114.36395800032943,36.4839360000397],[-114.36413400005654,36.483792999770706],[-114.36429800008807,36.483556999779886],[-114.36435900018745,36.48350800023028],[-114.364447000051,36.48346400021037],[-114.36456900024974,36.48345300002091],[-114.36463799984669,36.48347999995786],[-114.36473999995395,36.483611999915446],[-114.36475300037274,36.48387000000388],[-114.36472599971026,36.483968999675355],[-114.36457699974733,36.48413399980975],[-114.3644610002947,36.484374999711626],[-114.36435900018745,36.48447400018231],[-114.36437300043116,36.484683000038366],[-114.36433200042327,36.48490300003791],[-114.36427799999659,36.48500100023062],[-114.36423699998869,36.485061999845726],[-114.36415599979786,36.485110999856985],[-114.3640880000258,36.48512800031058],[-114.36396500000215,36.48524299992476],[-114.36380199979553,36.48532000016136],[-114.36352999980896,36.485342000008515],[-114.36316300028616,36.48532000016136],[-114.36290399982008,36.485255000182406],[-114.36276800027596,36.48517799988119],[-114.36270700017658,36.485172000107745],[-114.36261199974203,36.4852109997101],[-114.36252300005357,36.485277000048015],[-114.36250999963478,36.48534300032975],[-114.36253700029727,36.485397999919634],[-114.3626729998414,36.485546000263774],[-114.36271399984928,36.48561699973798],[-114.36276200042816,36.4858150002677],[-114.36276200042816,36.48594699985818],[-114.3626939997578,36.48614399995587],[-114.36243600001494,36.486407999957535],[-114.36241500009854,36.486512000083245],[-114.36244199986271,36.48653400031421],[-114.36253099955117,36.486539999982114],[-114.3626669999936,36.48651799975291],[-114.36325899964733,36.486280999809125],[-114.36346299986181,36.486280999809125],[-114.36356499996907,36.486352999640175],[-114.36363299974113,36.4865389996764],[-114.36356499996907,36.486884999969114],[-114.36347000043283,36.48701699990319],[-114.36354499987759,36.487061000071996],[-114.36358500006054,36.487056000021255],[-114.36372099960468,36.486972999709444],[-114.36381000019144,36.48689100033216],[-114.36404100017013,36.48660000024727],[-114.36420400037676,36.48621500032656],[-114.36424500038463,36.48590200018721],[-114.36427799999659,36.48581999967629],[-114.36441400043903,36.485600000113955],[-114.36454999998317,36.485435000212746],[-114.36475400019765,36.48541900014671],[-114.3648629999776,36.48522100004942],[-114.36488999974179,36.48508399976614],[-114.36495800041216,36.48496300012637],[-114.36499900042004,36.48493000019183],[-114.36515500005565,36.48491299969478],[-114.36544100028593,36.485034000134924],[-114.36566499969359,36.48507200020428],[-114.36599199993174,36.48508300016389],[-114.36610800028271,36.48513299976354],[-114.36612800037419,36.48525900002713],[-114.36602600026693,36.485401999756974],[-114.36582899972512,36.48551200025851],[-114.36576099995305,36.48552300015564],[-114.36569300018098,36.48556699972847],[-114.36563899975434,36.48563200016787],[-114.36561100016523,36.485753000207296],[-114.36557099998224,36.485808000228424],[-114.36554300039316,36.485907000312444],[-114.36549599963918,36.48619300000504],[-114.36552300030168,36.48620899991121],[-114.36610099971169,36.486203000217614],[-114.36619699997114,36.48623100022817],[-114.36623700015413,36.48626899971041],[-114.36625100039782,36.48634599964951],[-114.36622399973534,36.486444999768274],[-114.3661290001991,36.486560000316445],[-114.36597199984024,36.48666499981995],[-114.36578199986945,36.48673099964141],[-114.3657280003411,36.486884999969114],[-114.36563899975434,36.486939999908834],[-114.36560500031746,36.48699499980945],[-114.36556500013447,36.487180999748674],[-114.36550999988289,36.48723600020043],[-114.36546999969991,36.487434000203436],[-114.36537400033878,36.48752700006298],[-114.36535400024728,36.48758200026907],[-114.36535400024728,36.48782399984535],[-114.36542899969203,36.48799399970441],[-114.36540199992787,36.48817000017655],[-114.36565399982292,36.488290999862976],[-114.36575599993019,36.48838400013813],[-114.36586499971014,36.48857599986371],[-114.36588499980162,36.488587000047964],[-114.36598699990887,36.4885709999107],[-114.36627300013913,36.48840599983741],[-114.36638199991907,36.48838400013813],[-114.36661299989775,36.488372999925005],[-114.36669400008863,36.48791099967535],[-114.36672099985279,36.48785599970285],[-114.36676199986067,36.487818000276825],[-114.3669180003946,36.48777899982019],[-114.36704800009095,36.48780699998331],[-114.367115999863,36.487933000231216],[-114.36714299962719,36.48808700033613],[-114.3673130004048,36.48827299982009],[-114.36734699984167,36.48838299985616],[-114.36738799984957,36.48843800017673],[-114.36741499961374,36.48855900016672],[-114.36749699962951,36.4887020003052],[-114.36753099996469,36.48872399991417],[-114.3677219997604,36.48870700024971],[-114.3679460000664,36.48876200034023],[-114.36802800008218,36.48876200034023],[-114.36808900018153,36.48860300018192],[-114.36809599985422,36.48852000008316],[-114.36800700016575,36.488312000028074],[-114.36799999959476,36.48822900033975],[-114.36804099960263,36.48806400026016],[-114.36802700025724,36.48773500005919],[-114.36809500002931,36.487241000239614],[-114.36814899955766,36.48710899996497],[-114.36822399990074,36.48699900028653],[-114.36827800032742,36.486960999717915],[-114.36831900033529,36.48695500008256],[-114.36838000043467,36.48697700018767],[-114.36840800002375,36.487064999823424],[-114.36836700001588,36.48751000013583],[-114.36838100025959,36.48780599969395],[-114.36858499957576,36.48779000011761],[-114.3687620000261,36.48752599977],[-114.368910999989,36.487422000283324],[-114.36897200008838,36.48740500033313],[-114.36923800022716,36.487409999639105],[-114.36933299976339,36.48738799965697],[-114.36937399977127,36.48734399967388],[-114.36936000042589,36.48725699992928],[-114.36939399986274,36.48714699973879],[-114.3695160000615,36.48694899972453],[-114.36973399962137,36.486750999926414],[-114.36984900014744,36.48669099977821],[-114.37004599979092,36.48677300008946],[-114.3702779995945,36.48679500024625],[-114.37034600026489,36.486821999740776],[-114.37044099980112,36.48692700033367],[-114.3704679995653,36.48706900029696],[-114.37050899957319,36.487102000042626],[-114.37061099968044,36.48712400010598],[-114.37065199968832,36.48715199978367],[-114.37065199968832,36.487414999667],[-114.37058399991628,36.48749800022748],[-114.37059800015997,36.48762999983922],[-114.3707479999478,36.48765699976497],[-114.37085599990283,36.487321999673],[-114.37091100015441,36.48723400032919],[-114.37101900010944,36.48712400010598],[-114.37114799998086,36.48704700021797],[-114.37124400024034,36.48704700021797],[-114.3713120000124,36.48707400034686],[-114.37142099979233,36.487178999876015],[-114.37144099988384,36.48722799999272],[-114.37146199980023,36.48735399973788],[-114.37143400021114,36.48762900026981],[-114.37167900043352,36.487743999782545],[-114.37172700011409,36.48783800028113],[-114.37168600010621,36.487953000205884],[-114.37157800015119,36.48810700027099],[-114.37155100038699,36.48828299976421],[-114.37145500012755,36.48840899996004],[-114.3713260002561,36.48848599993872],[-114.37132000040832,36.4886450003372],[-114.37127900040043,36.48871099991621],[-114.371142999958,36.48882100005248],[-114.37107500018593,36.488843000349895],[-114.37069400041943,36.48887100012847],[-114.37061200040367,36.48901300013937],[-114.37066699975693,36.489151000246416],[-114.37066699975693,36.489206000021696],[-114.37059200031219,36.48935900021533],[-114.37049000020492,36.48945800009465],[-114.37058599956607,36.489578999935794],[-114.3706199999013,36.48976000029434],[-114.37059899998486,36.48987599979501],[-114.37048400035715,36.49001899966883],[-114.37048400035715,36.49009499995391],[-114.37060599965757,36.49021600024439],[-114.37061300022857,36.490418999686455],[-114.37063400014497,36.49048000009081],[-114.37108299968355,36.49061100014563],[-114.36625300004764,36.49410200003508],[-114.36583600029614,36.49450499979632],[-114.36483200001547,36.49518999997454],[-114.36421600007233,36.495375999733994],[-114.36376900018355,36.495592999851574],[-114.36346100021201,36.495585999973734],[-114.36295400004879,36.495641999700794],[-114.36261599993999,36.49580399968904],[-114.36243699983986,36.49607700018628],[-114.36238800033435,36.4965119996726],[-114.36254800016793,36.497010999711506],[-114.3626179995898,36.49742999997705],[-114.36253800012217,36.49754200033445],[-114.36228000037933,36.497533999746885],[-114.3616529996672,36.49726899994676],[-114.36122500004502,36.49725400032608],[-114.36056899991891,36.4973019996797],[-114.36002300029595,36.49750399988318],[-114.3597939999671,36.49765700029434],[-114.35815299982688,36.49781899967802],[-114.3577450002962,36.49794800000136],[-114.35759600033329,36.49806099976656],[-114.35695100007783,36.49942800006228],[-114.35661600034207,36.49997600008114],[-114.35256300030781,36.50842499979467],[-114.35156999989779,36.51123399993845],[-114.35121099987259,36.51154800020753],[-114.3515709997227,36.51323299970041],[-114.35180099987647,36.514408999728374],[-114.35185100010519,36.51521500019244],[-114.35162199977631,36.51591699999856],[-114.35131299997984,36.517625000355096],[-114.35168299987569,36.518382999840426],[-114.35158300031658,36.51865700002542],[-114.35128399966752,36.51904400014357],[-114.35034600040743,36.519728999793664],[-114.34987699987904,36.52010000020579],[-114.349408000249,36.520325999876846],[-114.34819999975382,36.52034299981903],[-114.34746099978702,36.52028699991047],[-114.34669300040623,36.52015000029847],[-114.34619399974062,36.52032699974613],[-114.34537600013111,36.520899999977466],[-114.34496600005228,36.52123800020542],[-114.3449669998772,36.52162499968696],[-114.34558600019339,36.52256799997385],[-114.34578500038504,36.523168999860665],[-114.34607499991493,36.52349500017765],[-114.34614500023514,36.52391400003582],[-114.34610500005215,36.524501999808855],[-114.34574400037715,36.52589899993545],[-114.34536699991027,36.52632399996172],[-114.34525700030544,36.52650900020343],[-114.34535699986453,36.52729099975925],[-114.34511800038825,36.527928000198344],[-114.34465899990562,36.52840400020352],[-114.34466899995137,36.52897600004722],[-114.34450900011778,36.52925799972838],[-114.34428999983469,36.52953199965731],[-114.34376099993017,36.52988699971833],[-114.34320199988844,36.530306000324984],[-114.34315199965971,36.53057200009036],[-114.34312200042079,36.53106399972591],[-114.34308200023784,36.53135399971456],[-114.34295300036639,36.53159600034632],[-114.34203399957623,36.53244999999669],[-114.34162500022065,36.532949999771404],[-114.34136599975454,36.53364399988456],[-114.34129600033266,36.53436899997771],[-114.34104699991234,36.5351829999712],[-114.34091700021597,36.53612600026929],[-114.3405180000078,36.537052999672255],[-114.34024799967108,36.537358999740455],[-114.340328000037,36.53795600018042],[-114.34138699967095,36.54192799974466],[-114.34114800019466,36.54385400036042],[-114.34082900035244,36.54476500014188],[-114.3409189998658,36.54516000026439],[-114.34076900007797,36.54553899990236],[-114.3403699998698,36.54688500002024],[-114.3400800003399,36.547376999786955],[-114.33985100001102,36.54786799979547],[-114.33941199961987,36.54949700019521],[-114.33926199983206,36.54989099974307],[-114.33894200016493,36.549972000012936],[-114.3388130002935,36.55006099968597],[-114.33918200036443,36.550520000045516],[-114.3394619998486,36.55138200003765],[-114.33947199989434,36.551931000358096],[-114.33943199971138,36.5525749996594],[-114.33922199964908,36.553010999981076],[-114.3392919999693,36.55362300030818],[-114.33967199991089,36.55439700012705],[-114.33935399989358,36.55506400018415],[-114.33896300008132,36.55558199975125],[-114.33877399993543,36.55602499988888],[-114.3385539998274,36.55666200030531],[-114.33823400016026,36.55723399965035],[-114.33813500042605,36.55762900027122],[-114.33846400031403,36.558121000193566],[-114.33853399973592,36.55833000035648],[-114.33820499984795,36.55876499986321],[-114.33802499992291,36.559095999935515],[-114.33816499966498,36.55978899977604],[-114.33875399984395,36.56042600018894],[-114.33915399987704,36.560965999887344],[-114.33971299991877,36.56151299982793],[-114.3403620003722,36.56202900007243],[-114.34048200002279,36.56256900011112],[-114.34021199968606,36.56329500027537],[-114.34006299972313,36.56414100023725],[-114.33977300019322,36.564745000304974],[-114.33941400016803,36.565358000056904],[-114.33930399966485,36.5662369997067],[-114.33954399986438,36.56726800003527],[-114.33999400012618,36.568460999690444],[-114.34022299955672,36.56979100032546],[-114.34049299989346,36.57069300008524],[-114.34014399991399,36.57183800024792],[-114.34030399974758,36.573142999867564],[-114.34060300039661,36.57380400029085],[-114.34047399962688,36.57412700025052],[-114.34011399977676,36.574617999819125],[-114.33892600027139,36.57560999989221],[-114.3385539998274,36.57633799985476],[-114.33854100030693,36.57674400009896],[-114.33858700033768,36.57750299991666],[-114.3387730001105,36.57969900001144],[-114.33882599981398,36.58080500035306],[-114.33866500015549,36.581215999929505],[-114.33818200028173,36.58225300028613],[-114.33772100014926,36.582952000241775],[-114.3374199998504,36.58344200018212],[-114.33707400024399,36.584714999706684],[-114.33712100009967,36.58521900012488],[-114.33774200006569,36.58641400035911],[-114.33858599961447,36.5873910001714],[-114.33874200014837,36.587840999836565],[-114.33865699975955,36.58887799991417],[-114.33852000039053,36.59007099966061],[-114.3386230003227,36.59006999997205],[-114.33933200015227,36.590341999893646],[-114.34041400025073,36.59082699996855],[-114.34121099994385,36.591159999746836],[-114.34286200012981,36.591946000237336],[-114.34309499975829,36.59200999964037],[-114.34368300011235,36.59210599972723],[-114.34452800038436,36.592402999803284],[-114.34492699969422,36.592507999921],[-114.34615299973275,36.592735999993685],[-114.34667900016252,36.59280899994732],[-114.34725900012067,36.59285800024308],[-114.3474879995512,36.59289199995899],[-114.34766699965134,36.59293700015387],[-114.34787800043685,36.59303099978717],[-114.34808099992814,36.59327499988159],[-114.34815999957084,36.59332900027706],[-114.34825599983031,36.5933640001526],[-114.34854600025854,36.59338000025529],[-114.34898099955342,36.593370999837305],[-114.34913999956207,36.5934059996938],[-114.34922300030105,36.59348499976484],[-114.3493029997687,36.5936190003121],[-114.34935100034757,36.59378200030349],[-114.34938499978445,36.59403200017441],[-114.34945699975448,36.59417599973242],[-114.34960200041775,36.594323999719386],[-114.34976399990113,36.59442500013717],[-114.34994200017637,36.59457299964656],[-114.35005500015427,36.594723999920696],[-114.35011500042873,36.59485300018349],[-114.35013299997208,36.594969000056764],[-114.3500850002915,36.59507600025783],[-114.34990100016849,36.59526799989602],[-114.34985699978756,36.59538300024693],[-114.34986500018347,36.5955420002052],[-114.34995399987193,36.59585799991166],[-114.34999599970472,36.59595299992638],[-114.35010899968263,36.59608400024086],[-114.3502540003459,36.59616200012421],[-114.35034300003437,36.59616999988588],[-114.35042599987503,36.596158000243065],[-114.35077400002959,36.59594799970081],[-114.35093399986314,36.59590999999493],[-114.35110999959024,36.59589800031172],[-114.35188999956495,36.59590699971373],[-114.3524929999876,36.59586199980831],[-114.35277599984481,36.59581499992721],[-114.3529649999907,36.59581800021204],[-114.35317500005299,36.59584400027158],[-114.35389800012625,36.596082999908965],[-114.35406899983047,36.59620100003631],[-114.35421399959543,36.59636800021376],[-114.35430800020508,36.59644999967624],[-114.35461600017665,36.59663799964539],[-114.35488599961509,36.59673800031699],[-114.35515099992895,36.596778999862565],[-114.35527300012768,36.59681499993809],[-114.3553939996032,36.596878000029825],[-114.35551800035007,36.59697300023122],[-114.35562700013001,36.59702000012812],[-114.35594199977429,36.597079999816884],[-114.35623600040047,36.59717200025867],[-114.356464999831,36.597281000201185],[-114.35674600003841,36.5975019998435],[-114.3570260004209,36.5976370002175],[-114.35775500034195,36.59787499976201],[-114.35798299994757,36.59792699992837],[-114.35811799966679,36.59793399992037],[-114.3582809998734,36.5979140002507],[-114.3584420004302,36.59786799976466],[-114.3588709998773,36.59768800023319],[-114.35916799997823,36.59761200035302],[-114.36034899981088,36.597552000356785],[-114.36164900036756,36.5974259997801],[-114.36248500041873,36.59739800034518],[-114.36275200038241,36.59735299986698],[-114.36298599983584,36.59728899984678],[-114.36365200000769,36.59701100013476],[-114.36484000041139,36.59647100005233],[-114.36534300037663,36.59622600035794],[-114.36562600023383,36.59611000021072],[-114.36799899976984,36.59535399972934],[-114.36919700021929,36.594926999923835],[-114.37194200019925,36.594042000152406],[-114.3724950003932,36.59384200034638],[-114.37370399981496,36.59335499973276],[-114.374000000091,36.59327800026519],[-114.37576799955448,36.59289199995899],[-114.37690300025471,36.59257900005696],[-114.3775979998406,36.592351999900686],[-114.37873000016778,36.59190300023671],[-114.37938299992085,36.59167200014204],[-114.38063400007371,36.59129199993702],[-114.38182499995213,36.590892999655395],[-114.38347199994011,36.59037599999676],[-114.38372899985806,36.59033799971082],[-114.38414399995978,36.59031400005206],[-114.38534800025697,36.59035300003472],[-114.38570499973403,36.59037899977178],[-114.38618599995797,36.59044400015804],[-114.38715400025363,36.590687999776826],[-114.38794699974879,36.59071499980252],[-114.38843100034576,36.590772000306615],[-114.38886700036386,36.590873000324535],[-114.38972599998127,36.59111799970454],[-114.390024999732,36.59114699965032],[-114.39018899976352,36.591134000272895],[-114.39042499976507,36.59107999978395],[-114.39138100036517,36.59075999982436],[-114.39323599986731,36.59024000021573],[-114.39377300016774,36.59004600022996],[-114.3943330000344,36.589792000217805],[-114.39548799992781,36.5892259999895],[-114.39635999996399,36.5887089999831],[-114.39689899991424,36.588432000085255],[-114.3973969998566,36.58822500001513],[-114.39919199998262,36.58756899975634],[-114.40022300002747,36.5871610000026],[-114.40073299966538,36.58690999978267],[-114.40210600001701,36.58613900035957],[-114.40300200034262,36.58573499996037],[-114.4032030001841,36.585681999767175],[-114.40388500024949,36.58560299964305],[-114.40409500031176,36.58556400014544],[-114.40502900027222,36.585246999650906],[-114.4052169996949,36.58520100026968],[-114.40548899968145,36.58517500023093],[-114.40594899998901,36.585248000123265],[-114.40615800022636,36.58523199977726],[-114.40621900032573,36.585193999843966],[-114.40633399995345,36.58506500002568],[-114.40646299982488,36.584832000148594],[-114.40667500043531,36.5845460000377],[-114.40699599992736,36.584263000322565],[-114.40711099955509,36.584138999939455],[-114.40724799982243,36.583850000117636],[-114.40764799985551,36.583336999993016],[-114.4078999997506,36.582864999790296],[-114.40802899962202,36.58275100004527],[-114.40823899968431,36.582654000079046],[-114.40863399969453,36.582523999836525],[-114.40895199971183,36.582360999872265],[-114.40922200004857,36.582164999977316],[-114.40964299999806,36.58178199974376],[-114.40986300010609,36.581648000285014],[-114.41026700033713,36.58148899983417],[-114.41074199981497,36.58134200028291],[-114.41138799989534,36.5810919997016],[-114.41185999989845,36.580950999677405],[-114.41237200008452,36.5807699998317],[-114.41294399964674,36.5804740002496],[-114.41412600020264,36.579816999941954],[-114.4153000003626,36.579221000232955],[-114.41773900002084,36.57777699981341],[-114.42072800039833,36.575951000085055],[-114.42163600041951,36.57544699975887],[-114.42272400036578,36.574878999902886],[-114.42309699973634,36.574653000243714],[-114.42335600020245,36.57444400023513],[-114.42359600040196,36.57417500024757],[-114.42426400022364,36.5732860002554],[-114.42461800022598,36.57286299993053],[-114.42487500014393,36.572594000207154],[-114.42749499955212,36.57034300026466],[-114.42789799995825,36.56998100019567],[-114.42938500011269,36.56850199982705],[-114.43040600011179,36.567521999843876],[-114.43135599996577,36.566688000011126],[-114.43229599977401,36.56578799966111],[-114.43245099958472,36.56565799988221],[-114.4331329996501,36.56516000026989],[-114.43417700011376,36.56450600031841],[-114.43546699972636,36.56359300011299],[-114.43670500035876,36.56275300017606],[-114.43703000004875,36.56251699993491],[-114.43786100007708,36.56183900012316],[-114.43951499973775,36.56109899981636],[-114.43968399979215,36.561048000158195],[-114.43986100024247,36.561029999719025],[-114.44033999991828,36.561032999912754],[-114.44080799972342,36.56101600025643],[-114.44098900037169,36.56103999964282],[-114.44179500028565,36.56094800015063],[-114.44194199970043,36.561398000247685],[-114.44205499967835,36.56189500024793],[-114.44209300021149,36.562237999765486],[-114.44210800028009,36.56256499993232],[-114.44212699964835,36.56417899970936],[-114.442185000273,36.5645730001598],[-114.44221899970987,36.56470100028755],[-114.44229999990071,36.564867000058356],[-114.44252800040466,36.565214000130965],[-114.4446430001978,36.56819499970108],[-114.4485000004135,36.57372199985381],[-114.44887899963186,36.57423899995677],[-114.44918199958055,36.57472699987299],[-114.44928299986292,36.5749510002683],[-114.44936200040394,36.575181000023875],[-114.44941199973432,36.57538900032326],[-114.44986299982105,36.5753759997348],[-114.45044500032732,36.57602400004281],[-114.45098099990452,36.5766779998563],[-114.45113900008828,36.57682799993272],[-114.45135699964816,36.57699900034244],[-114.45148399986975,36.577082999898785],[-114.4524580000132,36.57745599967611],[-114.45294699973475,36.577701999651346],[-114.45336299966135,36.57797799997502],[-114.45410400017629,36.578586999951284],[-114.45403600040422,36.58086399985631],[-114.45632699992446,36.58081300026387],[-114.45638399982586,36.57896100023058],[-114.45980300037363,36.5789050002154],[-114.46086700003045,36.57905399974104],[-114.46130200022363,36.57902100025335],[-114.46194199955791,36.578944000191655],[-114.46222799978818,36.57893299986736],[-114.46614199990528,36.57897800026582],[-114.46777700019771,36.578906000048555],[-114.46855999964711,36.578893000052254],[-114.46979999992932,36.57888700033069],[-114.47002000003735,36.578898999773386],[-114.47459100010548,36.57883200009589],[-114.47985000008678,36.57882599964821],[-114.48024300044717,36.578842999713174],[-114.48063599990925,36.57882899987211],[-114.48146799976247,36.578845000102476],[-114.54472299985113,36.57900299967436],[-114.54700300039903,36.578945000024305],[-114.5473110003706,36.608184999893076],[-114.54769200013713,36.62393799981559],[-114.5474310000212,36.62657100013371],[-114.54754099962605,36.63720499978999],[-114.54765699997701,36.6429960000484],[-114.54899699981834,36.64353800028702],[-114.54946999964636,36.64381600020902],[-114.55010200038136,36.64428699968472],[-114.55072599982209,36.64492300002097],[-114.55094199973217,36.645177999799465],[-114.55167599967609,36.645922999643886],[-114.55414100017192,36.648526000135156],[-114.55482499988712,36.649220000254296],[-114.55506500008666,36.64940999985688],[-114.55539399997463,36.6496329999988],[-114.55708299979538,36.650385000267335],[-114.56014300031796,36.65179799998482],[-114.56101500035416,36.652144000171226],[-114.56276299972617,36.652761999822644],[-114.56857800027448,36.654891999718764],[-114.5694670000291,36.6552809996917],[-114.5704670001118,36.65577700014677],[-114.57241799987342,36.656870999719615],[-114.57462100042841,36.65817400033684],[-114.57529799957263,36.65855300004407],[-114.57551199983287,36.658662999927316],[-114.57592500028474,36.65883800003993],[-114.58140299965083,36.653694999758564],[-114.58327999979261,36.65191300035049],[-114.5853360000345,36.64987000013986],[-114.58840400005468,36.64687800029189],[-114.59213599969858,36.64318500014842],[-114.59361199998237,36.64175499964117],[-114.59705599974617,36.63858100003296],[-114.59915399982089,36.636724999857876],[-114.6017239998987,36.63449000017143],[-114.60405100030226,36.63237599968979],[-114.62632900015947,36.612397000278214],[-114.62958100030268,36.609444000070006],[-114.63252899977394,36.606877000061495],[-114.63481299962147,36.60477199997918],[-114.63788599966452,36.602017999676015],[-114.63844899990421,36.60149599968654],[-114.63896000026539,36.60098600010687],[-114.6399260000129,36.59996499992686],[-114.6403829999474,36.599455999889734],[-114.64080999974465,36.59893899990549],[-114.64206400027058,36.59733899977694],[-114.64345799964026,36.59550499991757],[-114.64853199967364,36.58894699965589],[-114.65119299998804,36.58545800020911],[-114.65238600041461,36.58399499968681],[-114.6530690003049,36.583224999778125],[-114.65357100044521,36.582697999967266],[-114.65462400023137,36.58167300027168],[-114.65535999982514,36.58100599984536],[-114.6563089998542,36.58021199978481],[-114.65738199973187,36.579403999756735],[-114.66043600040663,36.57721799992183],[-114.65995000015981,36.55197199988636],[-114.66012500006201,36.54530299976912],[-114.66035900041373,36.53931600003232],[-114.6603989996984,36.52927799985614],[-114.65993099989323,36.520263000143515],[-114.65942299990515,36.51732000009117],[-114.6593009997064,36.51516299992674],[-114.65916000013941,36.51430900003316],[-114.657596999817,36.50623699996333],[-114.65711200029342,36.503620999790876],[-114.65580099986609,36.49171399999135],[-114.66199399980786,36.491610000349866],[-114.66777199964791,36.49161900034515],[-114.66783699994525,36.44581399990571],[-114.66711600042012,36.445509000105474],[-114.66660900025693,36.445314999684456],[-114.66633700027036,36.44525999983446],[-114.66595800015367,36.44522799973298],[-114.66507000022395,36.44522099964128],[-114.66441900012069,36.445270000269964],[-114.66331699993074,36.44541199995563],[-114.66178799994353,36.445664000070835],[-114.66135199992544,36.44571100019965],[-114.66053599996575,36.4457409998826],[-114.66025700030649,36.44571800024714],[-114.6600389998483,36.44568199989292],[-114.65983399980888,36.44563200013604],[-114.65944399982152,36.44549899970078],[-114.6584999998153,36.44511500024005],[-114.65819600004171,36.44500899997136],[-114.65671700028321,36.444568999789404],[-114.65623100003641,36.444457000185544],[-114.65570999962948,36.44436600020771],[-114.6554140002518,36.44428899975398],[-114.65465699984335,36.44391399983999],[-114.65381999996725,36.443582999839826],[-114.65327799964396,36.44339700005844],[-114.65299099958878,36.44334100015346],[-114.65225400017009,36.443255999717195],[-114.65172600009053,36.44317499975892],[-114.64993500016247,36.44281299999162],[-114.64999999956149,36.420889999735024],[-114.66280999976755,36.420889999735024],[-114.66312500031015,36.42064599998646],[-114.66341700038816,36.42056300014019],[-114.66428699987624,36.42057500028891],[-114.6651360003462,36.420487000359884],[-114.66557800021207,36.42051500024958],[-114.6657480000914,36.42065199969326],[-114.66590399972698,36.42096500013769],[-114.66626399957711,36.42115699985526],[-114.66655700037838,36.42143200027287],[-114.66787399975517,36.420889999735024],[-114.66761799966214,36.39265000017175],[-114.66771800011956,36.385054999771896],[-114.66787499958008,36.33874799997566],[-114.66786999955721,36.322363999870426],[-114.66789300002176,36.322233999803004],[-114.66795699959584,36.24729899993468],[-114.66940100009258,36.24729599991861],[-114.66926399982523,36.24010400011085],[-114.68657700032733,36.238779000153905],[-114.68736899999757,36.23880200012379],[-114.68732100031701,36.23802299989758],[-114.68724699979886,36.21899200005202],[-114.68713499964585,36.202656999886955],[-114.68762099989267,36.202643999884735],[-114.68733399983749,36.2023059997949],[-114.68698499985803,36.201818000225906],[-114.68679200041251,36.201642999756714],[-114.68577700026117,36.201036999880806],[-114.68514399970128,36.200166000131944],[-114.68518499970915,36.19956500011697],[-114.68492299976835,36.19912399987537],[-114.68454600019979,36.19893899971159],[-114.68518499970915,36.1985489997562],[-114.68640999992277,36.19789800019222],[-114.68709100016324,36.19735500032721],[-114.6869899998809,36.19633999997398],[-114.6897159995943,36.19613099987602],[-114.69048600042157,36.19612100004464],[-114.69124600030476,36.19617599982632],[-114.6918189996919,36.19625599983516],[-114.69324999976982,36.196565000316106],[-114.69390699972084,36.19667799972525],[-114.69467900019792,36.196769000106045],[-114.69537999963156,36.19678300004369],[-114.69632799983573,36.19676000004119],[-114.69900800041671,36.19662199988444],[-114.70096099982814,36.19654099983675],[-114.70203999955356,36.19645999970527],[-114.70322600030741,36.19630600034292],[-114.70823800041651,36.19555499982285],[-114.70943799961745,36.19535599973469],[-114.71083000023563,36.195090999698984],[-114.71423899983935,36.194393999716866],[-114.71553699984788,36.194159000303685],[-114.71633500026421,36.1940510002072],[-114.71778700025855,36.1939229997389],[-114.71890100014406,36.19380599963757],[-114.71968899961635,36.19367099997256],[-114.72074200030083,36.19340699976173],[-114.72108500043251,36.19334200002365],[-114.72134099962722,36.19331200018206],[-114.72172599959168,36.19329800034876],[-114.7221139999292,36.19334100029492],[-114.7225990003511,36.19342799984405],[-114.72327499967041,36.193581000066565],[-114.72515099998725,36.193963000179586],[-114.72547200037762,36.19400500004036],[-114.7257950004178,36.19401599986205],[-114.72617199998632,36.193982999667334],[-114.72665099966216,36.19388700033976],[-114.73206600017735,36.192472999692],[-114.7333569996149,36.19210900003684],[-114.73369300007387,36.191969999911315],[-114.73407300001548,36.19173600022236],[-114.73426700018423,36.191580000041235],[-114.73489300017312,36.19097399984696],[-114.73512699962653,36.19077600020268],[-114.73556299964464,36.19047499964895],[-114.73593199971556,36.190278999728655],[-114.73635100001522,36.19011199990151],[-114.73668999994896,36.19002200025504],[-114.737306999717,36.189909999712796],[-114.73840800008206,36.189761999889846],[-114.73872399955124,36.189677999944294],[-114.73914200002595,36.18952100023603],[-114.73957499967104,36.18928999982062],[-114.73978200025856,36.189143000058294],[-114.73998300010001,36.188968000257695],[-114.74025599991148,36.18865499964334],[-114.7408259998239,36.187865000307866],[-114.74109199996268,36.18756999970564],[-114.74128899960617,36.187387999932575],[-114.74153499965344,36.18720300031537],[-114.74179999996733,36.187035999729154],[-114.74220000000041,36.18682499982514],[-114.74244000019993,36.18672700007156],[-114.74286100014939,36.186610999908886],[-114.74467100034398,36.18622400036095],[-114.7450370000419,36.18612299966789],[-114.74540299973981,36.18599599983901],[-114.74570999988646,36.18586700015599],[-114.74644300000548,36.18550400007646],[-114.74690199958978,36.185304999822264],[-114.74725300011738,36.18517899995004],[-114.7476489999525,36.1850690001261],[-114.74807300027503,36.18499900009176],[-114.74856100017165,36.18496999978993],[-114.74907599983247,36.184977999924264],[-114.7502120003576,36.18503099988737],[-114.750850999867,36.18501799985866],[-114.7511970003717,36.18497399985718],[-114.75167299967445,36.18487800036138],[-114.75207299970754,36.18476200036042],[-114.75245900039522,36.18461800032031],[-114.75298900012464,36.18435499988597],[-114.75352300005203,36.18401000021313],[-114.75384500026732,36.183762999705166],[-114.75471700030349,36.18304399986073],[-114.75511499978846,36.182759000041194],[-114.75540400039178,36.182604999837],[-114.756264999659,36.182196999885065],[-114.75665299999649,36.181974000061736],[-114.75689099964788,36.181799000194765],[-114.75722700010685,36.18151199971164],[-114.75774000011783,36.18096999994586],[-114.75828200044114,36.18044899999276],[-114.75874500022344,36.180118999708064],[-114.75932400035666,36.17979700014703],[-114.75979100033688,36.17958999993748],[-114.76015700003478,36.17946799992215],[-114.76260400008893,36.178912000287234],[-114.76358599972997,36.17866600029812],[-114.76501099996011,36.17825199988146],[-114.76675099983454,36.17767299978567],[-114.76792400016959,36.17724099965839],[-114.76930099982084,36.176677999857056],[-114.77060100037754,36.176093999987245],[-114.77329299975574,36.174771999867595],[-114.77350899966584,36.17472200011426],[-114.77374999969021,36.17470499995884],[-114.77408399960109,36.17464199986247],[-114.77459199958919,36.17443999966078],[-114.77480800039758,36.174319000299306],[-114.77505299972162,36.17414000011623],[-114.77529000044643,36.173882999899995],[-114.77541000009703,36.17379099977853],[-114.77715900019228,36.17292000009453],[-114.7776889999217,36.172586000030456],[-114.77846899989638,36.17202900014405],[-114.77914099991601,36.17143899965825],[-114.77953599992621,36.171021000160664],[-114.7800330000437,36.170401000148246],[-114.78039700009178,36.16986299977684],[-114.78064700033704,36.16943000006828],[-114.78133299970206,36.167938999866934],[-114.7816890002525,36.16728300010655],[-114.78199899987392,36.16684200011321],[-114.78233399960966,36.16641899966788],[-114.78372000038007,36.16477900023122],[-114.7839889999936,36.16450899997067],[-114.78425500013235,36.16427899987474],[-114.78453100031687,36.16408000010169],[-114.7848009997553,36.163920999650266],[-114.78539599978207,36.163647999737584],[-114.78662500019362,36.16319099996087],[-114.7869330001652,36.163031999881966],[-114.78719699975585,36.16286299975471],[-114.7875940003142,36.16254799975953],[-114.78777800043721,36.162346999695174],[-114.78791200033152,36.162146999967504],[-114.78814099976205,36.16166300018308],[-114.78823600019662,36.16134100020867],[-114.7884329998401,36.16038000034976],[-114.78861100011535,36.15986500005881],[-114.78884899976671,36.159442999839236],[-114.78925899984553,36.15889699978677],[-114.78949099964913,36.15866199977597],[-114.78976900038178,36.15842500016276],[-114.79055699985408,36.15789999972617],[-114.79093199977278,36.157689999872765],[-114.79140100030116,36.157473000327876],[-114.79215799981132,36.1572140002019],[-114.79274199996739,36.15707300015449],[-114.79331799972759,36.15699300002001],[-114.79401400003667,36.15696199984622],[-114.79472399969117,36.156987000314906],[-114.79521800033389,36.15704300020431],[-114.79566299967449,36.157122000096834],[-114.79740199972399,36.15755900035977],[-114.79810800007883,36.157689999872765],[-114.79916300041312,36.157803000240285],[-114.79987899991538,36.157823999712974],[-114.8005850002702,36.15781000006512],[-114.80114099993892,36.15776799965606],[-114.80222300003737,36.157621999682256],[-114.80341999976356,36.15741899966932],[-114.80418200019491,36.157327999993136],[-114.80482999992512,36.15729000008112],[-114.8058359998556,36.15728700024],[-114.8062509999573,36.1573109996912],[-114.80738300028449,36.15746400009986],[-114.80907799995303,36.15776099982742],[-114.81000699989065,36.15787699991128],[-114.81086600040636,36.15790799972329],[-114.81247300021138,36.1578590002722],[-114.81295600008512,36.15778700022383],[-114.81354299971596,36.15766599981226],[-114.81440800007944,36.15744299980543],[-114.81526699969685,36.157180999735175],[-114.81601499988449,36.15690300004315],[-114.81744900033546,36.15641599992366],[-114.81796999984404,36.15628599993432],[-114.819000000064,36.15610400002235],[-114.82031599961584,36.15601499995539],[-114.82195799958099,36.15604400009425],[-114.82263200014876,36.15603899979599],[-114.82314599998469,36.15600200018985],[-114.823724000293,36.15592100020696],[-114.82428300033472,36.15579999981705],[-114.82465599970533,36.15569499968706],[-114.8254780004111,36.155391000071994],[-114.82627000008137,36.15498999993908],[-114.82739599966244,36.15427200032818],[-114.82823799956137,36.153884999901244],[-114.82876599964099,36.15370399972829],[-114.82950700015591,36.15354000026073],[-114.83266999971235,36.1532690002209],[-114.83307700031644,36.15319700030981],[-114.83372099984867,36.153014999756174],[-114.83430900020274,36.15279299982424],[-114.83481100034307,36.152543000265915],[-114.83530099988953,36.15224000029001],[-114.83775100031673,36.1505539998919],[-114.8383349995745,36.15024199987858],[-114.83872399973693,36.15007700014392],[-114.83907799973925,36.14995400032691],[-114.83987399960746,36.14973999981397],[-114.8407080000088,36.14961299977242],[-114.84126299985259,36.14959499968707],[-114.84245200008117,36.14964299966374],[-114.84326700021597,36.149647000083604],[-114.84389599967959,36.14959200027694],[-114.84462499960064,36.14944800016522],[-114.8452680002063,36.14922800014898],[-114.84507599968737,36.14840200009288],[-114.8454170001692,36.147618999694146],[-114.84528800029777,36.14711700025032],[-114.84537799981115,36.14696599988011],[-114.84516100007616,36.146012999873115],[-114.84519299986322,36.145738000044624],[-114.84503300002964,36.14501300035981],[-114.845134000312,36.14455200010093],[-114.8451850003656,36.14411299990885],[-114.84569300035372,36.14356299974894],[-114.84631400031975,36.14324300017641],[-114.84744300027388,36.143037000277864],[-114.84755600025179,36.14280799995643],[-114.8449879998238,36.14045099970857],[-114.84278699981694,36.13827800023661],[-114.84140500014281,36.136608999792074],[-114.84081199976589,36.13605999971995],[-114.8403049996027,36.135396000110205],[-114.8382440002362,36.13317700034206],[-114.83787699981511,36.13205599971576],[-114.83626900018517,36.12983699982657],[-114.83579100033427,36.12956199989165],[-114.83494400041243,36.12853199968552],[-114.8350110003596,36.12810699970115],[-114.8347369998249,36.127543999676604],[-114.83453699980836,36.127065000358115],[-114.83452299956464,36.12672299986351],[-114.83456500029578,36.1265420001423],[-114.8348780002902,36.12593099983303],[-114.83491000007729,36.12551999988627],[-114.83486099967347,36.12513500030039],[-114.83408400007183,36.1240039998554],[-114.83450599984623,36.124036999768116],[-114.83449499997556,36.124096000347095],[-114.83459899973265,36.12414399996138],[-114.83467800027368,36.124078000212045],[-114.83474900041877,36.12404199992957],[-114.83488300031307,36.124053000138574],[-114.83492000012299,36.124094999735],[-114.83503300010092,36.12415699992749],[-114.83523099956933,36.12437799974705],[-114.83551299960162,36.12446499966619],[-114.8355460001119,36.12461900017083],[-114.83561399988396,36.12469000031112],[-114.83569000005194,36.12472100017855],[-114.83590000011422,36.124882000041914],[-114.83598799997777,36.12490199974502],[-114.83600399987131,36.124807999717554],[-114.83598299995491,36.12466100019006],[-114.83601399991704,36.12460800004113],[-114.83611000017653,36.12459299966392],[-114.83615600020727,36.124552000214585],[-114.83608599988708,36.12421800018606],[-114.83608500006216,36.124085000144106],[-114.83611500019937,36.1239149996478],[-114.83607500001642,36.123766000117996],[-114.83599899984844,36.123638000223075],[-114.83599100035083,36.123595999656516],[-114.8359970001986,36.12353800004652],[-114.83605900012286,36.123387999905766],[-114.83604200040445,36.123291999723286],[-114.83605400010002,36.12321899997457],[-114.83612699989494,36.12309000001413],[-114.83619600039025,36.1230580003286],[-114.83631100001796,36.12303499973028],[-114.83641399995012,36.12297200020215],[-114.83650199981366,36.122974999904415],[-114.83663800025609,36.12311700019209],[-114.83671000022612,36.12322799977827],[-114.83680399993747,36.123297999828814],[-114.83692000028843,36.12333399972685],[-114.83695799992324,36.123360999820946],[-114.83697399981678,36.12342100007742],[-114.83696399977103,36.123513999694964],[-114.83688400030343,36.12366999967214],[-114.83690900041776,36.12374400034367],[-114.837003999954,36.123798000240505],[-114.83710799971107,36.12379700035025],[-114.83720999981831,36.12381700032978],[-114.83735700013143,36.123931000043136],[-114.83741200038301,36.12394800032356],[-114.83743999997209,36.12394800032356],[-114.83751199994212,36.12387999990542],[-114.83765300040743,36.12368999968402],[-114.83781599971573,36.1235269997654],[-114.83796600040188,36.12346800020998],[-114.83808400040267,36.12348300007658],[-114.83813399973305,36.1235790000255],[-114.8381649996952,36.1238279998447],[-114.83839800022201,36.1241339996511],[-114.83844199970461,36.12429799964451],[-114.8384040000698,36.124448000223346],[-114.83835200019126,36.124549999727634],[-114.83820900007612,36.124680000070455],[-114.83787900036323,36.12510600034366],[-114.8377439997457,36.1252160001477],[-114.83747000010933,36.1257520001931],[-114.83729900040511,36.12589000035691],[-114.8370109996267,36.12600300010004],[-114.83683400007472,36.12613699965525],[-114.83683400007472,36.126154000183526],[-114.83691799974027,36.12618400033851],[-114.83715700011489,36.12617699986801],[-114.83729699985697,36.126233999845766],[-114.83765400023232,36.126145999850024],[-114.83791100015029,36.12599399988888],[-114.83801200043264,36.12598600026466],[-114.83806299958796,36.12596399966129],[-114.83808500022757,36.12588500031316],[-114.83808500022757,36.12581200007332],[-114.83811000034191,36.12578500009661],[-114.83826599997752,36.12569900005522],[-114.83843599985686,36.125644000148114],[-114.83858300016995,36.125469000055276],[-114.83872600028506,36.12535100019128],[-114.83889699998929,36.125169000336065],[-114.8389949998986,36.125187000220905],[-114.83914700023456,36.12533500008537],[-114.83919999993799,36.12534100003475],[-114.83926699988513,36.12526999975764],[-114.83929000034968,36.125217999892065],[-114.8391940000902,36.12486300021047],[-114.83920599978578,36.124763000143204],[-114.83929000034968,36.12459400026965],[-114.83930899971791,36.12434200032776],[-114.83933999968008,36.12426100030419],[-114.83949100019115,36.12413600014864],[-114.83963900032913,36.124148000230285],[-114.8401089997841,36.12431200019438],[-114.8402340003559,36.12432899966667],[-114.84049899977146,36.124421999659795],[-114.84071200020678,36.12452499980449],[-114.84105500033847,36.1247440002829],[-114.84117400016413,36.12494600008973],[-114.84122900041571,36.12501099996012],[-114.84147499956471,36.12513199995505],[-114.8416579998628,36.125125000116356],[-114.84174900009941,36.125139999666295],[-114.84181799969639,36.12518999983853],[-114.84177400021376,36.1252850000055],[-114.84159599993853,36.125419000060745],[-114.84155400010575,36.125429000207326],[-114.84141600001347,36.125417000321505],[-114.84134700041652,36.125441999960586],[-114.8413110004315,36.12550200007775],[-114.84130899988335,36.125539000284306],[-114.84120099992832,36.12563300016204],[-114.84126000037787,36.125775999860444],[-114.84115499989758,36.125941999777346],[-114.84097699962233,36.126082000055014],[-114.8409039998274,36.12609999973055],[-114.84079699969729,36.126091000256096],[-114.84074300016891,36.12611200023751],[-114.84069100029039,36.12624600033229],[-114.84061500012241,36.12630499997655],[-114.84050499961924,36.12643600017196],[-114.84041599993076,36.126582000148694],[-114.84041199973281,36.12666100024654],[-114.84043199982432,36.12669600020021],[-114.84074399999383,36.12653999970613],[-114.84081500013895,36.126519999694764],[-114.84089999962946,36.126514999691146],[-114.84100199973668,36.12656800000367],[-114.84105799981317,36.126651000256906],[-114.84107100023196,36.126774000330975],[-114.84102600002612,36.12687300016207],[-114.84087799988814,36.12706399978392],[-114.84086500036766,36.12713400004174],[-114.84088499956083,36.1271689997845],[-114.8409740001476,36.127172999899194],[-114.84103500024696,36.12712599980818],[-114.8411089998668,36.127119000147225],[-114.84135200043939,36.12716299997485],[-114.84141600001347,36.12714599966508],[-114.84145000034866,36.12711599987778],[-114.84145600019647,36.12693600018748],[-114.8414310000821,36.1267869998615],[-114.84144100012782,36.126702999898825],[-114.84151800012073,36.12651899983916],[-114.84156699962621,36.12648499966267],[-114.84167499958124,36.12635500013232],[-114.84176800036599,36.126193999662036],[-114.84180799965065,36.126089999669446],[-114.84197400023032,36.1258449999516],[-114.84200600001735,36.12581999971527],[-114.84206799994162,36.12580600015994],[-114.84210899994952,36.12582300003426],[-114.84215499998025,36.12587899967976],[-114.84210999977441,36.126065000236736],[-114.8420310001317,36.12621600020095],[-114.84192700037464,36.126350000118194],[-114.84188700019166,36.126451000196994],[-114.8418550004046,36.12672299986351],[-114.84187200012305,36.126989000215744],[-114.84183899961279,36.12724899986346],[-114.84187100029816,36.12727299979864],[-114.84192999984937,36.12726500030477],[-114.84197500005521,36.127195000163724],[-114.84202799975867,36.127062000086596],[-114.84213900008676,36.12690999972241],[-114.84218299956936,36.12685699964081],[-114.84224299984382,36.12684099984187],[-114.84228399985172,36.1268530002356],[-114.84235699964664,36.12692299995605],[-114.84241299972312,36.1270040001351],[-114.84253800029492,36.127271999952704],[-114.84260900044002,36.12734899966609],[-114.84274699963399,36.127383000193944],[-114.84270899999913,36.127200000124084],[-114.84268100041005,36.12663600027009],[-114.84265499957247,36.12653200013751],[-114.84263500037929,36.12629099978211],[-114.84268200023496,36.12623299998653],[-114.84275300038006,36.12622899982393],[-114.84285600031222,36.12628200032956],[-114.84291300021366,36.12634199980466],[-114.84296400026726,36.12636900031533],[-114.84299400040447,36.12638100005562],[-114.84305299995572,36.12635599998999],[-114.8430780000701,36.12631699972662],[-114.84305299995572,36.126223999801724],[-114.84297699978777,36.126097000147695],[-114.84290499981773,36.125872999771445],[-114.84293400013004,36.125791000011596],[-114.84297000011503,36.12575599965446],[-114.84301399959766,36.1257520001931],[-114.84308200026805,36.12576900007917],[-114.8432420001016,36.12586699986272],[-114.84343000042259,36.126030000001776],[-114.843707000432,36.12615800035],[-114.84394300043357,36.126221000223666],[-114.84406399990908,36.12628200032956],[-114.8441569997955,36.126406000113235],[-114.84440500039095,36.12655600029197],[-114.84446200029234,36.1266539998186],[-114.84449699955414,36.126755000231825],[-114.84452300039169,36.126996999737734],[-114.8445500001559,36.12708299980823],[-114.84464100039249,36.12726699999694],[-114.84469300027102,36.12730499994273],[-114.84475000017244,36.12723999979516],[-114.84472500005808,36.127134999889506],[-114.84481200009671,36.12701700035311],[-114.84484499970867,36.126931000210355],[-114.8448310003633,36.12686999988316],[-114.84469499992086,36.12668399978248],[-114.84462100030102,36.1265370001401],[-114.84460500040748,36.12625800009133],[-114.84456799969925,36.1261490001566],[-114.84451900019377,36.126094999700186],[-114.84439899964481,36.12600899999837],[-114.84399799978684,36.125874000360874],[-114.84390300025059,36.12582100030536],[-114.84385200019696,36.12578799969139],[-114.84382000040993,36.1257240003301],[-114.84377500020409,36.125496000140664],[-114.84376099996037,36.12525699997586],[-114.84380699999114,36.12518800009345],[-114.84384299997615,36.12517000020885],[-114.8439230003421,36.125175000298135],[-114.84416099999345,36.12536900003437],[-114.84450499995006,36.1257370000345],[-114.8451490003806,36.12603099986359],[-114.84543800008561,36.12611599968052],[-114.8457970001108,36.12625100035304],[-114.84597500038603,36.126350000118194],[-114.84604499980792,36.12641699999098],[-114.84611299957999,36.126553000000996],[-114.84618799992305,36.1268100000861],[-114.84625099967224,36.127253999820326],[-114.84632199981735,36.127450999754316],[-114.84642700029765,36.12761800032403],[-114.84647300032842,36.12767000005092],[-114.84667599981967,36.1278280001538],[-114.84680800006417,36.1279620002214],[-114.8469450003315,36.1281149998348],[-114.84703599966977,36.12826100031643],[-114.84705999995924,36.12837299971664],[-114.84701800012645,36.12853400007097],[-114.84701700030153,36.12866699983064],[-114.84789299963735,36.12392499998599],[-114.84795999958452,36.12393600021134],[-114.84803499992758,36.12382600006492],[-114.84808199978325,36.12380400030743],[-114.8481970003093,36.12381499982416],[-114.84825099983765,36.12384199975278],[-114.84849500023513,36.12389700019688],[-114.8485630000072,36.12386400022531],[-114.84859700034238,36.12381499982416],[-114.84863099977926,36.123798000240505],[-114.84871899964281,36.12382600006492],[-114.84877999974219,36.12378199981808],[-114.84896899988807,36.12383700030421],[-114.84898300013175,36.12381499982416],[-114.84897599956075,36.12378199981808],[-114.8489079997887,36.12364999965522],[-114.84892799988017,36.123539999833625],[-114.84902999998744,36.12341900028729],[-114.84915200018617,36.12331999972818],[-114.84917899995033,36.12327099971305],[-114.84917899995033,36.12316600030335],[-114.84900300022323,36.12291899963856],[-114.8489079997887,36.122634000361785],[-114.84856800003007,36.12236400013075],[-114.84855600033451,36.12234800014163],[-114.84856899985496,36.12230999997312],[-114.84862999995434,36.12226000014339],[-114.84893499955285,36.12219400026137],[-114.84901599974373,36.122133999792766],[-114.84906299959937,36.122024000023934],[-114.8490900002619,36.12180400002387],[-114.84913100026976,36.121760000095016],[-114.8492390002248,36.12177700011992],[-114.84928699990539,36.12182100003925],[-114.84932700008835,36.121814999820835],[-114.8493809996167,36.12177099989808],[-114.84944900028708,36.12177600020392],[-114.84949699996766,36.12179300022536],[-114.84966600002204,36.12192499988251],[-114.84972100027365,36.121990999990686],[-114.84973999964191,36.12200199976139],[-114.84978800022078,36.1219849997852],[-114.84983500007647,36.12191899967199],[-114.84986900041163,36.12177099989808],[-114.84991600026733,36.12167200016328],[-114.84999699955985,36.121419000354386],[-114.85000400013085,36.12129799971591],[-114.84994300003149,36.12120000003359],[-114.84967199986983,36.1210350001737],[-114.84959099967898,36.1209360002364],[-114.84946199980756,36.12085900003762],[-114.84937399994399,36.12077700011989],[-114.84916399988174,36.12066100032005],[-114.84912399969873,36.120617999681336],[-114.84893399972796,36.12053500030574],[-114.84887299962858,36.12044200006178],[-114.84885300043543,36.12038099977177],[-114.84885300043543,36.120248999695605],[-114.84876499967355,36.120095999989324],[-114.84876499967355,36.12003500015614],[-114.84884599986441,36.120024000109794],[-114.84897499973583,36.12006800028589],[-114.84913000044484,36.12014499980918],[-114.84925199974528,36.12018300029999],[-114.84936100042354,36.120194000324],[-114.84954999967108,36.120266000047685],[-114.8497329999692,36.12031499976139],[-114.84983500007647,36.12041399975609],[-114.84991600026733,36.120557000253655],[-114.85011600028386,36.12069799990573],[-114.85019999994945,36.12080399964209],[-114.85026100004882,36.12091399966898],[-114.85035599958506,36.12116100011117],[-114.85043099992812,36.1212319997508],[-114.85048500035478,36.121403000172734],[-114.85057300021835,36.12155099991471],[-114.85060699965521,36.12173200025932],[-114.85060699965521,36.1217979998041],[-114.85057999989102,36.12189700010571],[-114.85047199993599,36.12202900031358],[-114.85027500029251,36.12218800007147],[-114.85024799963003,36.12224300022309],[-114.85024199978224,36.12233100024037],[-114.85030899972938,36.12257799985268],[-114.8502960002089,36.122897000352445],[-114.85026900044474,36.12297400000368],[-114.85032299997309,36.123139000142174],[-114.85043199975301,36.1233310000383],[-114.85047899960871,36.12337499981232],[-114.85066899957948,36.12376500022733],[-114.85063500014262,36.12386400022531],[-114.85058099971594,36.12395199987682],[-114.85043900032404,36.12408899969038],[-114.85041199966155,36.12418199996783],[-114.85049299985239,36.12440199983446],[-114.85054700027908,36.12450099975468],[-114.85063500014262,36.12476499989911],[-114.85082500011342,36.124858000101256],[-114.85089899973326,36.124858000101256],[-114.85091299997697,36.12484199989487],[-114.85090600030429,36.12479800021747],[-114.85085900044862,36.12469899994619],[-114.85084500020491,36.12453900031389],[-114.85085900044862,36.12448400031964],[-114.85090600030429,36.12443000016901],[-114.85098099974903,36.12441299999298],[-114.85140699972138,36.12445099986921],[-114.85165100011885,36.12452300004248],[-114.85197599980887,36.124560999865466],[-114.85201000014405,36.124549999727634],[-114.85203000023553,36.12452800017303],[-114.85201099996895,36.124419000012885],[-114.85195599971739,36.12434099971882],[-114.85198300037987,36.12425299977775],[-114.85215900010697,36.12411100009364],[-114.85226000038931,36.12408899969038],[-114.85237500001703,36.124110000207374],[-114.8524770001243,36.124187000120045],[-114.85241600002493,36.12441299999298],[-114.8524360001164,36.12443999971597],[-114.85252499980488,36.12447900018634],[-114.85259900032304,36.124488999727006],[-114.85288300000515,36.124604999675704],[-114.8530050002039,36.12471500018172],[-114.85318799960369,36.12481899981923],[-114.85339699984105,36.12500900021049],[-114.8536680000027,36.12522299997829],[-114.8541890004096,36.12542599987323],[-114.85431800028104,36.12550299994629],[-114.85443299990875,36.125645999881506],[-114.8545550001075,36.12574999973681],[-114.8549209998054,36.12586599999882],[-114.85500199999625,36.12599700020127],[-114.85502899976044,36.12608499963844],[-114.85503600033144,36.12630499997655],[-114.8550970004308,36.12650799997577],[-114.85504999967682,36.126573999858806],[-114.85498899957746,36.12662399984325],[-114.85477900041349,36.12670600018405],[-114.8547719998425,36.12672799985393],[-114.85488700036852,36.12678799971367],[-114.85501600023996,36.126831999726775],[-114.85512400019499,36.12701400007977],[-114.85522600030224,36.12711199976012],[-114.85540899970204,36.12706299993526],[-114.85557799975642,36.12707899968895],[-114.85574099996303,36.12713400004174],[-114.85585599959079,36.127233000144436],[-114.85595100002531,36.12738099977914],[-114.8560120001247,36.127601000112875],[-114.85609300031557,36.127688999928544],[-114.85618799985178,36.12790900012454],[-114.85621499961597,36.12816100022454],[-114.85627599971534,36.128200000297305],[-114.85641200015777,36.12824900013801],[-114.85660799997636,36.12829300005773],[-114.85675000026659,36.12835300017236],[-114.85681100036595,36.12841400007259],[-114.85687900013801,36.12853999977583],[-114.85687900013801,36.128775999896625],[-114.85701499968214,36.12878200030857],[-114.85714399955356,36.12875400007523],[-114.8572590000796,36.128704999824194],[-114.85732600002676,36.12869900013195],[-114.85747800036272,36.12887800030719],[-114.857644999869,36.128649999846644],[-114.85767800037928,36.128632999858944],[-114.85803700040447,36.1286220002918],[-114.85819999971277,36.1284570000689],[-114.85839600042968,36.12841899995524],[-114.8584569996307,36.12839100031798],[-114.85828099990361,36.12824900013801],[-114.85824699956845,36.12816100022454],[-114.8583279997593,36.128000999667464],[-114.85831400041388,36.12742400034143],[-114.85832699993438,36.12703999978479],[-114.85821899997934,36.12657899985872],[-114.8581240004431,36.12634799967708],[-114.85799499967335,36.12610600034706],[-114.85785300028145,36.12591399998205],[-114.85771699983903,36.12578199977617],[-114.85728400019397,36.125441999960586],[-114.8570470003675,36.12523900010702],[-114.85700600035963,36.125183999877606],[-114.8567569999393,36.12498000020728],[-114.85673000017508,36.1249059999753],[-114.8565810002122,36.12475200003368],[-114.85649900019641,36.124637000181835],[-114.85635699990618,36.12454299983705],[-114.85617399960809,36.12434599986091],[-114.85602499964519,36.12395000010021],[-114.85593000010894,36.12382400028511],[-114.85583499967439,36.12373599976455],[-114.85581499958289,36.1236860001174],[-114.85576799972722,36.123631000251144],[-114.85566599961997,36.12338999969669],[-114.85549699956557,36.123225000085675],[-114.85550300031167,36.12319799994479],[-114.85537500026514,36.122988999964626],[-114.85534099992995,36.12283499989047],[-114.85534699977775,36.1227420001942],[-114.85538799978562,36.122659000161505],[-114.85540799987712,36.122637000076914],[-114.85553699974855,36.12259900004829],[-114.8555839996042,36.12263199982598],[-114.85583499967439,36.122708999737064],[-114.85587499985736,36.122665000315415],[-114.85591599986523,36.12248900020533],[-114.85599700005608,36.12240599990516],[-114.85610500001114,36.12235700004519],[-114.8561600002627,36.122395000191005],[-114.85619399969957,36.12244499993474],[-114.85626099964674,36.12262599966953],[-114.85631599989829,36.122681000239886],[-114.85634900040858,36.122681000239886],[-114.85639700008916,36.122637000076914],[-114.85646400003633,36.12250500016567],[-114.85652500013568,36.12242299979019],[-114.85672799962695,36.122269000057045],[-114.85680999964272,36.12209299978478],[-114.85683700030522,36.12187900019211],[-114.85688400016089,36.12170800008129],[-114.85692500016876,36.121626000324646],[-114.85702599955279,36.121515999844036],[-114.85707999997948,36.12148899984104],[-114.85715500032254,36.12149400016478],[-114.85720200017822,36.12159300012405],[-114.85719499960719,36.12161499977556],[-114.85732400037693,36.12198800025082],[-114.85732400037693,36.12211500002182],[-114.85729000004173,36.12232899969688],[-114.85729699971444,36.1224720003346],[-114.85722300009459,36.12268599976212],[-114.85714199990375,36.12278499966954],[-114.85695899960562,36.12293299970873],[-114.85682999973422,36.123070999748904],[-114.85679700012224,36.1231810002276],[-114.85680999964272,36.12321899997457],[-114.85683700030522,36.1232470000055],[-114.85685999987146,36.12324600010822],[-114.85691900032099,36.1231970000469],[-114.85698600026812,36.12310400005382],[-114.85715500032254,36.12298299983548],[-114.85724300018609,36.122966000071706],[-114.85735199996603,36.12298800006405],[-114.85743999982958,36.12295499971038],[-114.85746699959374,36.12285600001734],[-114.85744599967734,36.122653000007126],[-114.85746599976885,36.12231199979145],[-114.85750000010404,36.12213100005838],[-114.8575539996324,36.12205999978053],[-114.85762200030278,36.12202699976242],[-114.85769000007484,36.12201599999515],[-114.85777799993836,36.1220650000679],[-114.85788000004561,36.12218099997026],[-114.85797399975696,36.12224599995319],[-114.85802200033584,36.122301000064176],[-114.85806900019152,36.12232300024288],[-114.85811699987208,36.122307000245456],[-114.85814399963628,36.122262999872866],[-114.85817700014655,36.122042999816905],[-114.85821800015442,36.121965999978194],[-114.85829000012446,36.12191799975785],[-114.85834700002586,36.121906000060974],[-114.85840800012524,36.121916999843656],[-114.85848900031608,36.12199299981713],[-114.85870600005107,36.12239999973145],[-114.85885500001397,36.12260899982847],[-114.85891600011335,36.12271900022886],[-114.85904499998477,36.123042999655205],[-114.85907900031997,36.12323499978612],[-114.85902499989328,36.123510000119445],[-114.85895700012122,36.12369599975912],[-114.85892299978603,36.12372899980138],[-114.85872699996744,36.12382299966961],[-114.85864599977658,36.123893999804224],[-114.85865199962439,36.12392200032002],[-114.85873399964015,36.12398200014772],[-114.8588559998389,36.12426800021993],[-114.85909299966536,36.12427899967165],[-114.85919399994768,36.12431700033837],[-114.85933000039014,36.12444300008776],[-114.85948600002575,36.124662999948555],[-114.85965500008017,36.12482200017654],[-114.85980400004304,36.12491000020532],[-114.85987199981513,36.12497599998077],[-114.86020999992391,36.12497599998077],[-114.86002099977803,36.124865999840424],[-114.85985099989873,36.12471799981739],[-114.85968199984433,36.12448199983096],[-114.85960099965348,36.124244999976106],[-114.85959399998079,36.12414700034448],[-114.85964099983646,36.124107999709175],[-114.8597019999358,36.12411899990894],[-114.86007500020472,36.124405000207645],[-114.86016899991604,36.12454199995628],[-114.86030500035848,36.12461900017083],[-114.86063699972118,36.124870999949124],[-114.8609670003324,36.12519900014188],[-114.86193599955462,36.125956000034016],[-114.862004000225,36.126098999869605],[-114.8618209999269,36.126483999806645],[-114.86184900041432,36.12659899985501],[-114.86194300012562,36.12654999970986],[-114.86224799972418,36.126285999763915],[-114.86230899982354,36.126279999886705],[-114.86244400044106,36.12639000022237],[-114.86251200021313,36.126516000272325],[-114.86253200030461,36.12659300000178],[-114.86241199975568,36.12679500012967],[-114.86241699977857,36.12681299964171],[-114.86259300040399,36.12681900020372],[-114.86274300019181,36.126795999981745],[-114.86281000013898,36.12687899999389],[-114.86298000001827,36.12726899968904],[-114.86300000010975,36.1274440001224],[-114.86305399963813,36.12749900021951],[-114.8630679998818,36.12762599978192],[-114.86310200021703,36.12765299985097],[-114.86337300037864,36.12772400014937],[-114.8634810003337,36.127796000222915],[-114.86347499958758,36.12787800006497],[-114.86340000014286,36.127998999994],[-114.86331899995199,36.12808200018525],[-114.86319699975324,36.128131000099636],[-114.86320400032425,36.128185999715285],[-114.86340000014286,36.128355999669],[-114.86345500039441,36.12849400033374],[-114.86348899983129,36.128724000176916],[-114.86360400035734,36.128900000093836],[-114.86359000011363,36.12899299975038],[-114.86346899973981,36.129191000220324],[-114.86346899973981,36.12921299991923],[-114.86361100003003,36.12921299991923],[-114.86373999990145,36.12929499973208],[-114.86389499971216,36.129168999789684],[-114.86399699981942,36.12915800029764],[-114.86422000030048,36.12921799975098],[-114.86427499965376,36.12921799975098],[-114.86427399982884,36.12899299975038],[-114.86438900035488,36.12886099964331],[-114.86445700012693,36.12882800030745],[-114.86453199957171,36.12882299972522],[-114.86461299976256,36.12886099964331],[-114.86467399986192,36.1289650003179],[-114.86474199963398,36.1289650003179],[-114.8651070004053,36.12881100035831],[-114.86560799982239,36.12883300016373],[-114.86578400044779,36.12886099964331],[-114.86608900004632,36.12881100035831],[-114.86619700000135,36.128821999899024],[-114.8663190002001,36.12889299986557],[-114.86646800016301,36.12905300005548],[-114.86678000033255,36.12916799996783],[-114.86699700006754,36.12930500011038],[-114.86709199960376,36.12940900019665],[-114.86716600012193,36.1295909996532],[-114.86710599984747,36.12984300015745],[-114.86694299964086,36.1299529998532],[-114.86680799992163,36.12996399995945],[-114.86664499971502,36.12994800006827],[-114.86647599966061,36.1300850003004],[-114.86605600043437,36.1302340001702],[-114.86611699963542,36.130321999936115],[-114.86619899965119,36.130399000285195],[-114.86615099997061,36.130596000306724],[-114.86616500021432,36.13066799992236],[-114.8662260003137,36.13076699992081],[-114.86644200022374,36.13056899979899],[-114.86669999996663,36.130419999839596],[-114.86682800001313,36.130386999708094],[-114.86695000021187,36.13039299999688],[-114.86707900008328,36.13051900015093],[-114.86707900008328,36.13071699967338],[-114.86730900023706,36.13073300013329],[-114.8673839996818,36.13082700032087],[-114.86754000021574,36.13075500012554],[-114.8676070001629,36.13076600011937],[-114.86785800023307,36.13089799992478],[-114.86790500008871,36.130875999972616],[-114.86777000036949,36.13067800012573],[-114.86770199969915,36.13064000036186],[-114.86762100040661,36.13056300024922],[-114.86761399983558,36.13049700009253],[-114.86766099969127,36.13040899979732],[-114.86777600021728,36.130314999834674],[-114.86787099975352,36.130271000322914],[-114.86802700028746,36.130271000322914],[-114.8688470004451,36.130561999719575],[-114.86932799977073,36.130869999720765],[-114.86951699991663,36.13096799966555],[-114.86972000030622,36.13098499987299],[-114.86987000009401,36.13110600009098],[-114.87007299958532,36.13114400035484],[-114.8701200003393,36.13118800010274],[-114.87016800001985,36.131313999705974],[-114.87022900011922,36.13135299966315],[-114.87057399990073,36.13148400013999],[-114.87118999984388,36.13167599993982],[-114.87177399999997,36.131984999708344],[-114.87198400006227,36.13215200006297],[-114.872210999843,36.13225500022183],[-114.87254599957873,36.1322599998598],[-114.87288100021281,36.13213599989236]]]},"properties":{"zcta":"89040"}},{"type":"Feature","geometry":{"type":"Polygon","coordinates":[[[-115.15697800042935,35.984754000078496],[-115.15700799966824,35.98118800000664],[-115.15480300036174,35.9811940000508],[-115.15478900011803,35.98084500011727],[-115.15484699984435,35.98038499967575],[-115.1549349997079,35.980118999884695],[-115.15521799956511,35.97945200030281],[-115.15530499960374,35.97919600011712],[-115.15537599974886,35.97887699972328],[-115.15537999994683,35.97858400030607],[-115.15535300018264,35.97833699987792],[-115.15526199994603,35.978168000096105],[-115.15517699955724,35.97806399988274],[-115.15505100005886,35.97795200011482],[-115.15568600026859,35.97751600010175],[-115.15485299969211,35.97752999988619],[-115.15476900002652,35.97741400035133],[-115.15475200030811,35.97734899988568],[-115.1547449997371,35.977234999957425],[-115.15477800024739,35.97698799966926],[-115.15479199959276,35.97381999996057],[-115.15476099963062,35.97022299979609],[-115.1527599996403,35.97025600025571],[-115.15242200042982,35.97029500012016],[-115.15242400007965,35.97021300027097],[-115.15000999963745,35.970157999951994],[-115.1493230004475,35.97009700016148],[-115.14680699989805,35.97007500029697],[-115.14511200022947,35.970010999995324],[-115.14362900027302,35.96983900010904],[-115.14358999991495,35.969880000238525],[-115.14353600038658,35.96719299994086],[-115.14350500042444,35.966804000079016],[-115.14344000012714,35.966444999769465],[-115.14335999976119,35.96615299972356],[-115.14310299984322,35.965488000080796],[-115.14285199977306,35.96505599993163],[-115.1424459998922,35.96443699995416],[-115.14067699970548,35.96185699975686],[-115.14029699976389,35.96135100013979],[-115.13978200010307,35.96056999975702],[-115.13926499989414,35.95983900022723],[-115.13643100022568,35.95982800032088],[-115.13074500044712,35.95990500036017],[-115.12399099991549,35.95992400004674],[-115.12280699970975,35.96006300010188],[-115.12257599973107,35.959495000117585],[-115.12242199974527,35.95929099972527],[-115.12230799994248,35.959106999946],[-115.12222099990383,35.95892299973806],[-115.12217400004818,35.95875799979561],[-115.12221599988096,35.955355999931015],[-115.12220900020829,35.95526800000562],[-115.1221410004362,35.95526800000562],[-115.1223809997374,35.9551419997764],[-115.12233700025479,35.95254499965839],[-115.12126100000408,35.952572000196554],[-115.12125199978327,35.95168900000575],[-115.120163999837,35.951688000109456],[-115.12021300024082,35.94806599968013],[-115.11910000018018,35.94805900008497],[-115.11915799990653,35.94317999976428],[-115.11844099968103,35.9431849997839],[-115.11618299977276,35.94384700031645],[-115.11593900027361,35.94347399965368],[-115.11577100004413,35.94325600002849],[-115.11531599975946,35.94272200026086],[-115.11508499978076,35.94248599978856],[-115.11474500002214,35.942205000072846],[-115.11437799960103,35.94192600012495],[-115.11370200028175,35.941475000078675],[-115.11331700031727,35.94126000011503],[-115.11255400006102,35.94088700033312],[-115.11212499971563,35.94072099977632],[-115.11126799974804,35.94045200006599],[-115.10920200035874,35.940005999829296],[-115.10873299983035,35.93993699966405],[-115.1082790002689,35.93989399989957],[-115.10777399975552,35.9398739997136],[-115.1070749999717,35.93990200026347],[-115.10612900031566,35.940035999692576],[-115.10541000044037,35.94021800017086],[-115.10475500013914,35.94044599983488],[-115.10450499989389,35.940552000213934],[-115.10391800026308,35.940844999664364],[-115.10331900003835,35.941228999960394],[-115.1030400003791,35.94143499977455],[-115.10216699961968,35.94223799987642],[-115.09906500016265,35.945187999653896],[-115.09830100008149,35.94580400003776],[-115.0975980000997,35.946263999789764],[-115.09721700033317,35.94648800034373],[-115.09656000038215,35.94682300002615],[-115.09573400037672,35.94715699978912],[-115.09422899978064,35.94771700019953],[-115.09379399958745,35.94794500004523],[-115.09352300032411,35.948110999971895],[-115.09338299968371,35.948221999951755],[-115.09299699989431,35.94857599978922],[-115.09273900015148,35.94886900003269],[-115.09263100019645,35.94902500017326],[-115.09241500028638,35.94938500032904],[-115.09229300008765,35.94967300014527],[-115.09219000015548,35.95000600030579],[-115.0921209996602,35.95045399992342],[-115.09213099970593,35.950893999931964],[-115.09218099993463,35.951199999765834],[-115.09240100004266,35.95212400022714],[-115.09192800021468,35.95220699984347],[-115.09151099956483,35.95231999966283],[-115.09106200002626,35.952498999824535],[-115.09039599985438,35.952808000359916],[-115.08978699958392,35.95301899992751],[-115.08909799984585,35.95319199996926],[-115.0883549996811,35.953297999975845],[-115.08769199988227,35.95332399965384],[-115.08710699990128,35.95330900006442],[-115.08678899988396,35.95328199977816],[-115.08645099977515,35.95322199991696],[-115.08624099971287,35.953158999650086],[-115.08594799980993,35.95303299969277],[-115.08575899966402,35.95291699979681],[-115.08543499979892,35.952640000352886],[-115.08537299987462,35.9527480001387],[-115.0851300002004,35.95293200018787],[-115.08488800035106,35.95307899994288],[-115.08491799958999,35.95352100034848],[-115.0839059998117,35.9535929999039],[-115.08351400017455,35.95375299965061],[-115.08356000020528,35.953826000318145],[-115.08347300016666,35.95389900019108],[-115.08319199995925,35.95388300011513],[-115.08174599981272,35.95388800018467],[-115.0814210001227,35.95390099992764],[-115.0813700000691,35.95391799986805],[-115.0811809999232,35.95377200008983],[-115.08108399983884,35.95376299980578],[-115.0809559997923,35.95383200026046],[-115.0798429997317,35.95382700018739],[-115.0798429997317,35.95487299971105],[-115.07319799987832,35.95482800036218],[-115.07320799992405,35.955722999967854],[-115.07098799965063,35.955708000106775],[-115.07111099967426,35.96758499987958],[-115.07333000012277,35.9676039998995],[-115.07334000016853,35.96851799993405],[-115.07556000044195,35.96853800013946],[-115.07558300000817,35.97127899966479],[-115.07225200022228,35.97124799965716],[-115.07226300009293,35.97307499965709],[-115.07337399960541,35.97308399992129],[-115.07338100017641,35.973997000147534],[-115.07449199968889,35.97402399989473],[-115.07449900025988,35.974919000046626],[-115.07672100018316,35.97494299994594],[-115.07673600025176,35.976770000209044],[-115.07784699976423,35.97678000035754],[-115.07786900040387,35.97951999984906],[-115.08120699986247,35.97955100024279],[-115.08121899955803,35.98089700022602],[-115.08344899987719,35.98142399970275],[-115.08348300021241,35.984100999765474],[-115.06564300035392,35.98400899976241],[-115.06566500009521,35.98504699984845],[-115.06560300017092,35.98582500030595],[-115.06562400008734,35.98649900036058],[-115.06562400008734,35.98734699999995],[-115.06555999961492,35.9918790000245],[-115.06556899983576,35.99342399994296],[-115.06764299962099,35.993404000229084],[-115.06847700002234,35.9931439998531],[-115.06870499962798,35.99303199968421],[-115.06898699966027,35.992964000153016],[-115.0693669996019,35.99297900020427],[-115.0697680003582,35.9931439998531],[-115.06995400013105,35.99331100007565],[-115.07010999976664,35.99362200025286],[-115.07009800007108,35.99430900019406],[-115.07043399963175,35.99554799999868],[-115.07196000014423,35.998434000009446],[-115.08024000029003,35.99852199978699],[-115.08044000030658,36.00238599977093],[-115.07981199976956,36.00240500013345],[-115.0797950000511,36.00512700020413],[-115.08161000026858,36.005117999961215],[-115.08159900039793,36.00578499983994],[-115.08764099982865,36.00586100016642],[-115.08762199956207,36.008531000076694],[-115.08315000012647,36.00851500017342],[-115.0830880002022,36.013014000277934],[-115.08294400026213,36.01766899973315],[-115.08439799990629,36.01736700023557],[-115.0857160000063,36.01705399965777],[-115.0861169998643,36.01821500003505],[-115.08696200013632,36.0190619996594],[-115.08662599967732,36.019245000121145],[-115.08591099999998,36.01969899988838],[-115.08562099957174,36.019852000281766],[-115.08499999960573,36.020084000069296],[-115.08463599955768,36.02019000033991],[-115.0835400001138,36.020441000233966],[-115.08407900006408,36.02205999976374],[-115.08537100022484,36.02176200005003],[-115.08555100014988,36.02242000032853],[-115.08571400035649,36.022899999976104],[-115.08591000017506,36.02308800028843],[-115.08614199997868,36.023199000188754],[-115.08641800016319,36.023246999665254],[-115.08715999960472,36.023196000311316],[-115.08906299968577,36.02301600019088],[-115.09258400034075,36.022894000198335],[-115.09255300037862,36.02245800011054],[-115.09245999959387,36.02184900021214],[-115.09225200007975,36.02132400002951],[-115.09206299993387,36.0209479999841],[-115.09168499964208,36.02034299977993],[-115.09143500029516,36.01976400033395],[-115.0913740001958,36.01947700024258],[-115.09136300032515,36.01925700023189],[-115.09136300032515,36.01804999980371],[-115.09293900016802,36.01810999979568],[-115.09342799988956,36.01817500009877],[-115.09406099955113,36.01832600026054],[-115.09466300014891,36.01854699973992],[-115.09494900037919,36.01868199989617],[-115.09635000031987,36.019455000341786],[-115.09656700005483,36.019545000161244],[-115.09676899972122,36.019595999698446],[-115.09712199989863,36.01963300035355],[-115.0973810003647,36.01962800008933],[-115.09776200013124,36.01956499978424],[-115.09800399998058,36.01948799982736],[-115.09822999993638,36.0193840003229],[-115.09843599980071,36.01925599973836],[-115.09910199997255,36.01870199973818],[-115.09925000011056,36.018600000200195],[-115.09955399988415,36.018448000059635],[-115.09979400008368,36.01836900018151],[-115.09998200040464,36.018327000039285],[-115.10017400002528,36.01830199975375],[-115.10072700021924,36.01828199981023],[-115.10086199993843,36.01426899994213],[-115.1009649998706,36.014653999765066],[-115.10115599966633,36.015079999782],[-115.10149700014817,36.01545300004164],[-115.10206200003768,36.01585699992108],[-115.10628099975331,36.01308299980533],[-115.11229200012019,36.00876099996206],[-115.11436799955528,36.0072969996411],[-115.11845499992475,36.00420500009749],[-115.12041999993005,36.002777000074005],[-115.1207399995972,36.003146999770486],[-115.12094600035982,36.00350299965053],[-115.1210149999568,36.00366899977592],[-115.12108199990396,36.003892000304845],[-115.12114700020129,36.004329999820726],[-115.12339199969074,36.004330999777004],[-115.12341299960715,36.00261800009731],[-115.12789800035988,36.00266099986669],[-115.1279150000783,36.00184800019015],[-115.12790099983462,36.0015139999329],[-115.12785099960591,36.00116499976931],[-115.12777699998605,36.00089200027019],[-115.12761799997739,36.00052300017185],[-115.12746399999162,36.00027700011605],[-115.12727900004369,36.00004400015911],[-115.12695199980553,35.999677999772494],[-115.12664600038211,35.9993909999491],[-115.12598299968498,35.99883499981888],[-115.13158099959996,35.99479399988928],[-115.13226699986333,35.99536100020702],[-115.13301900024891,35.99603899971213],[-115.1330879998459,35.9960820001617],[-115.13312200018107,35.99608400028346],[-115.13364799971254,35.99573299994319],[-115.13392800009503,35.99558999992204],[-115.13407899970775,35.99554000018381],[-115.13438199965645,35.99548199986632],[-115.13453499981733,35.9954709998389],[-115.13626899984396,35.99552499989276],[-115.13640399956319,35.995522999756815],[-115.136785000228,35.99546199994745],[-115.13718799973583,35.99545500019268],[-115.13841200012452,35.99549800023384],[-115.14122599970146,35.99551299980322],[-115.14138499971013,35.99548999968708],[-115.14363500012082,35.99550600005301],[-115.14418599976662,35.995485000071746],[-115.1449309995812,35.99537200024982],[-115.1452829999337,35.99528499993567],[-115.14565600020259,35.99516900033664],[-115.14587700013556,35.99507399993648],[-115.14637400025302,35.99482800032699],[-115.14683299983732,35.994526999897055],[-115.147247999939,35.99422400032997],[-115.14780100013297,35.993772000112656],[-115.15036299981486,35.99380700035386],[-115.15035399959402,35.99290100034263],[-115.154829000301,35.992946999897626],[-115.15481400023239,35.99216099973812],[-115.15483199977574,35.9910659996767],[-115.15480400018663,35.99023799982939],[-115.15477099967637,35.98976000000248],[-115.15469200003365,35.98574299987196],[-115.15468500036097,35.98518099974532],[-115.15472100034597,35.984812999764905],[-115.15697800042935,35.984754000078496]]]},"properties":{"zcta":"89052"}},{"type":"Feature","geometry":{"type":"Polygon","coordinates":[[[-115.21242600020021,36.14453099997588],[-115.21239699988789,36.14249000023563],[-115.21239900043604,36.140801000159215],[-115.20919800034645,36.14086199981474],[-115.20918300027786,36.13904900031147],[-115.21024199991179,36.13900499989286],[-115.21022099999539,36.13763199974074],[-115.20881400020689,36.137673000337905],[-115.20881900022978,36.13734400032115],[-115.2086519998252,36.13734900036039],[-115.20864199977946,36.13576499999365],[-115.20809100013362,36.13578300035056],[-115.2080900003087,36.13535799972873],[-115.2083060002188,36.13541500029405],[-115.20864699980233,36.13540400022638],[-115.20864199977946,36.134314999677564],[-115.20808100008789,36.13433400012313],[-115.20806400036946,36.130396999947266],[-115.208080000263,36.12991200030124],[-115.20810500037733,36.126264999829],[-115.19974900006355,36.12632000002662],[-115.19469599994657,36.12641000026686],[-115.19468000005304,36.12573399971223],[-115.19018799962764,36.125828999946386],[-115.1902060000693,36.126519999694764],[-115.1831539996118,36.126273000150384],[-115.1812930002619,36.126236000289786],[-115.18077600005294,36.126207000014254],[-115.18075599996145,36.12672600014804],[-115.18077699987786,36.12838999976064],[-115.18071800032664,36.12977300013881],[-115.18063399976273,36.13033099965103],[-115.1802940000041,36.13053700026005],[-115.18025399982115,36.13085400001429],[-115.18018900042212,36.1311969997183],[-115.17991300023759,36.132365999945804],[-115.17962700000734,36.133172000036986],[-115.17934599979995,36.13384799965169],[-115.17895800036074,36.134620999955395],[-115.17869200022196,36.13509299991714],[-115.17842500025824,36.13551799979769],[-115.17791200024726,36.136245000359665],[-115.17667699998793,36.13770999988526],[-115.17558099964576,36.13895600023847],[-115.17449100004967,36.14015999998366],[-115.17250000010509,36.142463999845575],[-115.1708520002922,36.144305000001],[-115.17029599972518,36.14427999984182],[-115.1686019998815,36.14416199996951],[-115.16612399986522,36.14406999978605],[-115.16262499984984,36.14389599979064],[-115.15850200039367,36.143736000121294],[-115.15831099969965,36.14555100007481],[-115.15688899984258,36.145468999838855],[-115.15622299967069,36.14544999991343],[-115.15598300036949,36.14579599993303],[-115.15568100024569,36.14627900012727],[-115.15584899957689,36.1463149996397],[-115.15609299997436,36.146341999807184],[-115.1582220000112,36.14644500019967],[-115.15819699989683,36.14674499983264],[-115.15820799976748,36.146813000025176],[-115.15827499971462,36.14690299997598],[-115.15850099967045,36.14704299985542],[-115.15859100008214,36.14713000003804],[-115.15865700020439,36.14726100028936],[-115.15866700025012,36.14735200004169],[-115.15865499965625,36.147424999830484],[-115.15858000021149,36.147558000215014],[-115.15850599969332,36.147632999710616],[-115.15843799992126,36.147677999953906],[-115.15818100000332,36.14777999973267],[-115.1581180002541,36.147849999646326],[-115.1580880001169,36.147911999932205],[-115.15806100035272,36.148022999993984],[-115.15795800042055,36.14911200032716],[-115.15574300016996,36.14901399983125],[-115.15560900027566,36.15034299967233],[-115.1555769995903,36.15118500023806],[-115.15411899974822,36.15118200016337],[-115.15374999967727,36.15610699990874],[-115.15509899973944,36.15617799984624],[-115.15488399965427,36.15833499965373],[-115.15484600001945,36.15889900012331],[-115.15655999995458,36.15889600034375],[-115.15840699995913,36.15898299970726],[-115.15913800042831,36.15899900020496],[-115.15985800012852,36.158946000039755],[-115.16114500026642,36.158917999691745],[-115.16546799973912,36.15893199986701],[-115.16545500021861,36.15982400018179],[-115.16625299973666,36.159837000038955],[-115.16653499976896,36.159886999860184],[-115.16659000002058,36.15990899965534],[-115.16659599986833,36.16160300015748],[-115.1677559997846,36.16161099977673],[-115.16775499995968,36.16120900012976],[-115.16778099989898,36.16060799998823],[-115.16998899957854,36.160618000001705],[-115.16997400040822,36.15954400011226],[-115.17015400033328,36.15955099978172],[-115.17040500040345,36.15965599982495],[-115.17075199983476,36.15987000011311],[-115.17116100008869,36.16018100010746],[-115.17138399967142,36.159950999642774],[-115.17217899971475,36.159959000155894],[-115.17218399973761,36.159437000321574],[-115.17260399986216,36.1594379997577],[-115.17260100038746,36.15979799973567],[-115.17443099977523,36.15981000016578],[-115.17442999995033,36.15934899984877],[-115.17499800021287,36.15937000035792],[-115.17499099964189,36.160355999662116],[-115.17666799976709,36.16036000026075],[-115.176668999592,36.159549000187056],[-115.17777300033009,36.15955000034704],[-115.17778400020076,36.15897800032168],[-115.17891399997981,36.15896800009901],[-115.17891900000268,36.160744000207565],[-115.18115400034472,36.16074900020581],[-115.18115400034472,36.16097999992164],[-115.1827019997002,36.16098999988767],[-115.18269500002751,36.1603859997952],[-115.18329199970408,36.160388000093825],[-115.18338999961338,36.16044999989579],[-115.18338899978845,36.159711999983884],[-115.186221999632,36.15972999992285],[-115.18621099976134,36.159013999807264],[-115.19247200037348,36.15906000021384],[-115.19245999977959,36.159918000327984],[-115.19681900013562,36.15993699964948],[-115.1968109997397,36.15937000035792],[-115.19776999981453,36.159374999718516],[-115.19776999981453,36.159442999839236],[-115.20080299967462,36.159460999839965],[-115.20085200007841,36.159419999751684],[-115.20113199956259,36.159464000323204],[-115.20530900034372,36.159490000154804],[-115.2053079996205,36.15957700030976],[-115.20585400014176,36.15958000006327],[-115.2058559997916,36.15838499970755],[-115.20588799957862,36.15817099971773],[-115.20596100027188,36.15791800008121],[-115.20605699963305,36.15767900002729],[-115.20615399971743,36.15749100005563],[-115.2065620001464,36.15698300026948],[-115.20728699986951,36.156245999838454],[-115.20765099991759,36.15581500003137],[-115.2078640003529,36.155401000025606],[-115.20794899984342,36.15513999987616],[-115.20799599969907,36.154896999906505],[-115.2080109997677,36.15463999969535],[-115.2079610004373,36.15310199984236],[-115.2079970004223,36.152739000294666],[-115.20812000044594,36.152123000316365],[-115.20815300005792,36.15176799976194],[-115.2103070002091,36.15176799976194],[-115.21029799998828,36.14813000012708],[-115.208144999662,36.14815200031937],[-115.20813799998929,36.144596000310294],[-115.21000699973516,36.14460299986317],[-115.21242600020021,36.14453099997588]]]},"properties":{"zcta":"89102"}},{"type":"Feature","geometry":{"type":"Polygon","coordinates":[[[-115.01903300004736,36.04464099971273],[-115.02200499980806,36.04436200012802],[-115.0211629999091,36.04182099965871],[-115.02085800031058,36.04092999977263],[-115.02071099999749,36.04054599999255],[-115.02050299958502,36.04008800031439],[-115.02024800021519,36.039618999746956],[-115.01972199978542,36.03886100032308],[-115.01916899959149,36.038181000317834],[-115.01868099969484,36.03773699995314],[-115.018022000094,36.03709499967172],[-115.01770800027464,36.0368219996701],[-115.01404799970243,36.03342699975327],[-115.01437499994057,36.033387000274956],[-115.01204699971211,36.03120900012217],[-115.01106500007107,36.03032999991548],[-115.00859100025274,36.02802800016611],[-115.007884000073,36.02743599981783],[-115.00715799962668,36.02689900013832],[-115.00641799983495,36.02629599993845],[-115.00487200012931,36.025019999889906],[-115.00417300034546,36.02441699983925],[-115.00237599967136,36.02299899987575],[-115.00090500030875,36.02172199973445],[-114.99801700021362,36.01930299967062],[-114.99637199987545,36.017900000350465],[-114.99267899969131,36.014826000055876],[-114.99175099957864,36.0140120002819],[-114.99143799958416,36.013682000040745],[-114.99108100010712,36.01326300008881],[-114.99075700024201,36.01283500000088],[-114.99047299966158,36.01242400018913],[-114.99010799978859,36.01180499970626],[-114.98828900027146,36.01248599981],[-114.98797999957665,36.01253300014642],[-114.98533400022917,36.01252599972705],[-114.98393599976323,36.01254899996086],[-114.97664900002744,36.012558999934015],[-114.97451199959464,36.01258399986139],[-114.96726599986675,36.012597999962615],[-114.96726500004185,36.01174199968743],[-114.96736899979891,36.01113100007624],[-114.96708400029186,36.01109799999811],[-114.96628000002775,36.01092600029206],[-114.96590599993394,36.0108619996973],[-114.9656640000846,36.01084000029835],[-114.96529800038671,36.01082800035937],[-114.96323799994683,36.01083000010713],[-114.96323499957377,36.01266299972515],[-114.96287100042403,36.01265400034254],[-114.96010200015459,36.012680000090164],[-114.95840699958771,36.01266799970469],[-114.95645199962814,36.01267599996188],[-114.95610099999885,36.01268800034619],[-114.95581099957064,36.01272999986029],[-114.95561499975206,36.01277700005123],[-114.95496799984674,36.013024000192104],[-114.95459700012599,36.01323699980686],[-114.95410300038158,36.013620999745825],[-114.95333400027758,36.01417499985828],[-114.94962500019989,36.010867999664434],[-114.9493170002283,36.011052000130356],[-114.94788600015039,36.012101000297086],[-114.94751500042962,36.01234500008583],[-114.94733299995643,36.01244099987904],[-114.94707199984052,36.01253800013421],[-114.94664199967019,36.01265400034254],[-114.94624099981222,36.01270499997922],[-114.94586599989347,36.012727000310974],[-114.94538100036989,36.01270999995604],[-114.94146999972753,36.01272599973454],[-114.94053699959198,36.012711999656055],[-114.93645699979352,36.01274700021085],[-114.93203200021357,36.01274999975942],[-114.9312010001853,36.01270499997922],[-114.92977599995514,36.01269800030171],[-114.92314299979735,36.01271400008265],[-114.92312799972869,36.010063999998856],[-114.92314799982019,36.007344000164615],[-114.92315500039119,36.00242799968644],[-114.92317399975948,36.001003000180546],[-114.92315899969084,35.999195999650425],[-114.92317200010963,35.99826699973209],[-114.92315299984305,35.99676699964902],[-114.92316700008676,35.9946600003301],[-114.92314699999527,35.99236500023248],[-114.92312100005603,35.99187400018028],[-114.92312699990379,35.99162900015705],[-114.92316600026184,35.991373000227625],[-114.92322999983595,35.99113900000831],[-114.92331900042272,35.9909109998538],[-114.92345800033989,35.99064600006073],[-114.92369400034147,35.99031399987565],[-114.92387000006856,35.99012200007672],[-114.92410699989502,35.98990799965929],[-114.92517200027507,35.98913199978432],[-114.92355200005125,35.98772299967323],[-114.91904000043266,35.983702000358555],[-114.91766600025613,35.98246200035505],[-114.9169599999013,35.981780999740515],[-114.9166789996939,35.98145000029756],[-114.91635800020185,35.98101700001077],[-114.91614499976652,35.980688000056226],[-114.9159029999172,35.980251999892324],[-114.91557599967904,35.97946399992763],[-114.91535100044646,35.97880699979023],[-114.91346699973369,35.97728099992279],[-114.91314899971636,35.976877000132724],[-114.91295000042305,35.97659000022758],[-114.91291500026297,35.97650599975645],[-114.91256299991045,35.97650599975645],[-114.91249900033634,35.97634199979067],[-114.91207900021178,35.97630699979822],[-114.91202599961001,35.98215399978348],[-114.90532200020542,35.98216699996173],[-114.88744200016393,35.9820270000545],[-114.8874399996158,35.982171000183904],[-114.87645100037331,35.98216899970937],[-114.87643899977944,35.98940799972279],[-114.8764709995665,35.99299500035269],[-114.87644600035044,35.998641999655796],[-114.87646600044194,36.00669800030203],[-114.87645999969584,36.01136599970461],[-114.87515099981667,36.01135800004108],[-114.87582000036156,36.01148399991552],[-114.87581600016361,36.080490000289366],[-114.87682100026917,36.08046299997843],[-114.88580400039676,36.0806840000457],[-114.88530399990624,36.10088000014015],[-114.90306000009917,36.10091399979085],[-114.90375499968503,36.09921800004556],[-114.90436099958242,36.097850999949664],[-114.90449600019996,36.09756999987339],[-114.90458999991128,36.09741300008285],[-114.90506699993726,36.09668799968611],[-114.90783000035894,36.09279999999344],[-114.90904899982642,36.09110999972585],[-114.9094620002783,36.09050800023563],[-114.91014299962048,36.08962799984008],[-114.91038100017015,36.089363000302654],[-114.91067400007312,36.08908499990989],[-114.91096500032624,36.08883899983391],[-114.9113419998948,36.0885640000563],[-114.91173400043027,36.08831700018562],[-114.91207699966363,36.08813199985933],[-114.91251400040497,36.08792900011475],[-114.91295799992065,36.087758000134045],[-114.91340399998448,36.08761199984767],[-114.91957799965967,36.08581099978754],[-114.92038299974872,36.085524000132715],[-114.92212299962311,36.08480000006905],[-114.9236609998312,36.084275000006706],[-114.92431199993443,36.08401800011674],[-114.92527299965909,36.08370300012546],[-114.92682500011082,36.08315200029116],[-114.92803600008072,36.08268700026982],[-114.92915800036215,36.082221999676186],[-114.92980400044254,36.08192500011076],[-114.93678700040473,36.07857699987464],[-114.93762799958049,36.07820199996249],[-114.93853700032489,36.07786099989933],[-114.93946600026248,36.07759200016669],[-114.94083700006595,36.07730699978882],[-114.94153599984979,36.077202999681575],[-114.94203399979214,36.07714899969728],[-114.94411099995045,36.0769769997422],[-114.94501999979657,36.07686199964259],[-114.94556100029496,36.07677899977556],[-114.94660900005825,36.076559999880836],[-114.94758099965352,36.07632299991435],[-114.94906299978508,36.07592999986621],[-114.94954599965885,36.075794000053484],[-114.95102299976753,36.07532099965292],[-114.95180600011525,36.075021000078124],[-114.95227899994329,36.07481099991263],[-114.95324200021606,36.074309000301085],[-114.95398600020573,36.073856000038916],[-114.9545750003847,36.07346500034163],[-114.95491799961803,36.073222999995245],[-114.95543999984989,36.07280400020599],[-114.95679899995777,36.07160299964646],[-114.95726400028818,36.071087999856054],[-114.95759200035126,36.07067699975971],[-114.95814100034724,36.06990900029517],[-114.9598059998786,36.06748899986415],[-114.96284499958645,36.06294799966856],[-114.963236000297,36.0624280001305],[-114.9635790004287,36.061928999770934],[-114.9638339997985,36.06153499973828],[-114.9643069996265,36.06072099970354],[-114.96475799971323,36.06001800025783],[-114.96606900014055,36.05811000008486],[-114.96782800028153,36.05545700030037],[-114.97108299989948,36.05070899970181],[-114.97317400030147,36.05167400031999],[-114.9740990000411,36.05207600022661],[-114.97474500012147,36.052338000278326],[-114.97504600042036,36.05244399999602],[-114.97652400035395,36.05309399982978],[-114.97849500020705,36.05392000023775],[-114.9791880001431,36.054186000160996],[-114.97957200028264,36.05427600024275],[-114.98001199960039,36.05434800008875],[-114.98037300017373,36.05438799981339],[-114.9811809997375,36.05433899965771],[-114.98164299969486,36.05426499970567],[-114.9827859998927,36.05391099975777],[-114.98349100042262,36.053667000150995],[-114.98419000020645,36.05336199976033],[-114.9856220001093,36.05254900022657],[-114.98615100001378,36.05228700015092],[-114.98669800035995,36.052062999954636],[-114.9871650003402,36.051909000312364],[-114.98789400026125,36.05174999996469],[-114.99017999975862,36.05132800030277],[-114.99177200039335,36.05106699988376],[-114.99369100036792,36.05065400031872],[-114.99488899991903,36.05047399975814],[-114.9957750001989,36.050287000269094],[-114.99610499991176,36.050245999812944],[-114.99659000033367,36.05022299968943],[-114.99689599975711,36.05023099976477],[-114.99733000012539,36.0502759999008],[-114.99761600035565,36.05032499968079],[-114.998070999742,36.050432000028124],[-114.99850299956213,36.05057899971151],[-115.0011699997243,36.0519250001194],[-115.00291700016975,36.05273999969881],[-115.0044849996167,36.0534089996785],[-115.00527899983507,36.05372599983059],[-115.00688800018824,36.054326999807614],[-115.00790300033958,36.05467899997591],[-115.0122640003454,36.056154999699174],[-115.01313300000854,36.05639000011081],[-115.01377599971588,36.05647299970532],[-115.01518099985454,36.05645700009652],[-115.01515300026546,36.05530500010778],[-115.01133700005765,36.053199999981835],[-115.01133799988254,36.05318000018333],[-115.01417099972609,36.053203000169084],[-115.01421299955888,36.052224999894506],[-115.01511200025756,36.05243299992918],[-115.01844200021856,36.045173999800014],[-115.01910500001738,36.045089000307286],[-115.01903300004736,36.04464099971273]]]},"properties":{"zcta":"89015"}},{"type":"Feature","geometry":{"type":"Polygon","coordinates":[[[-115.2431549999075,36.10089700033029],[-115.24314800023478,36.10023199997157],[-115.24306299984596,36.09979499978203],[-115.23854100018166,36.09983500034888],[-115.23854399965637,36.098031000260995],[-115.23847500005942,36.09608300009214],[-115.23819300002711,36.09612299964521],[-115.23779399981892,36.09611699964096],[-115.23403799988557,36.096165999904215],[-115.23402600019001,36.09980299989699],[-115.23080699965878,36.09982799970676],[-115.23079099976525,36.09884899967472],[-115.2308229995523,36.09865300004967],[-115.23086000026055,36.09850200006806],[-115.23095700034493,36.098279999794165],[-115.23112999969896,36.09802000003603],[-115.23125100007279,36.097776000061195],[-115.23129799992847,36.09763300018195],[-115.23135900002782,36.097337999776336],[-115.23136900007358,36.0971979997869],[-115.23135800020293,36.097073000104],[-115.23089399969741,36.09706899990762],[-115.23021500000507,36.09700100016738],[-115.22945900031986,36.09683699978312],[-115.22857300003996,36.09653300005997],[-115.22815700011336,36.09641899976986],[-115.22763700042968,36.09633399974521],[-115.22699700019709,36.09630300028548],[-115.22505599958289,36.09630099980478],[-115.22503100036685,36.0976260000695],[-115.22503999968939,36.099884999940066],[-115.22077699959281,36.10012099981655],[-115.22077699959281,36.099270999911305],[-115.22030600031293,36.099269000231956],[-115.22030399976481,36.099305999734526],[-115.21972100033192,36.099299999973304],[-115.21969899969231,36.09751000018926],[-115.22012899986264,36.09744699978209],[-115.22009200005269,36.096889999803125],[-115.21922900023736,36.096833000300606],[-115.21853200010334,36.09704399994589],[-115.21865799960172,36.09725300001987],[-115.21865900032495,36.098445000283185],[-115.21759200029511,36.09850699967792],[-115.21758300007426,36.10014299967661],[-115.21751899960184,36.10031800032392],[-115.21650099997579,36.1003820000693],[-115.21652000024237,36.09675999990958],[-115.20933300006567,36.097168000171465],[-115.20855800011387,36.0972239999282],[-115.2079549996912,36.09724299991437],[-115.20795300004137,36.099078999981465],[-115.20602999986885,36.09904999983788],[-115.2038859997634,36.099066000218755],[-115.20390400020506,36.10089200014665],[-115.18982199992973,36.10090100033173],[-115.1898410001963,36.097826000236786],[-115.18977300042427,36.09784399985664],[-115.18967200014191,36.097926999986235],[-115.18952900002677,36.09808599991092],[-115.18945500040695,36.09821800022026],[-115.18930600044402,36.098421000246766],[-115.18917699967427,36.09849799994442],[-115.18880500012858,36.09858100010906],[-115.18858199964751,36.09859699985962],[-115.18825699995749,36.098691000052185],[-115.1879110003511,36.098844000086615],[-115.18733600041585,36.09902599998626],[-115.18702500007122,36.09914100032765],[-115.18682800042771,36.09925100021269],[-115.18650299983939,36.09937700026124],[-115.18630000034814,36.09941600011441],[-115.18615100038521,36.09940500008334],[-115.18591399966043,36.099349999904945],[-115.18574499960602,36.099333000105936],[-115.18501400003515,36.099299999973304],[-115.18484499998074,36.09927799987716],[-115.18477700020868,36.09925100021269],[-115.18441099961248,36.09901499990059],[-115.18426900022057,36.098953999661575],[-115.1840049997316,36.09887200009859],[-115.18378200014885,36.09887200009859],[-115.18358499960705,36.09889400030841],[-115.18344300021515,36.09893799998371],[-115.18336200002427,36.09898699993957],[-115.18302999976326,36.099108000114335],[-115.18282700027197,36.099091000263016],[-115.18259700011821,36.09912399975758],[-115.18231900028388,36.099299999973304],[-115.18211500006936,36.099396999927805],[-115.18284099961738,36.10009499990793],[-115.18293500022703,36.1002370001972],[-115.18300399982398,36.10039999982954],[-115.18303399996122,36.10065199966872],[-115.18048200032509,36.10069800017999],[-115.18047800012711,36.10380799964488],[-115.1804210002257,36.109777999982484],[-115.18045300001276,36.115746000151574],[-115.18043899976905,36.11786000000724],[-115.18040299978405,36.11822299984266],[-115.18040799980692,36.11975900004479],[-115.18118399958364,36.11977100006982],[-115.18134099994249,36.11980999995703],[-115.18183399986198,36.12005299976687],[-115.18136000020904,36.12068300023266],[-115.18081899971067,36.12152399992375],[-115.1808289997564,36.12261300017553],[-115.18078199990074,36.12364999965522],[-115.18079600014445,36.125408000043194],[-115.18077600005294,36.126207000014254],[-115.1812930002619,36.126236000289786],[-115.1831539996118,36.126273000150384],[-115.1902060000693,36.126519999694764],[-115.19018799962764,36.125828999946386],[-115.19468000005304,36.12573399971223],[-115.19469599994657,36.12641000026686],[-115.19974900006355,36.12632000002662],[-115.2078350000406,36.126273000150384],[-115.2100600003369,36.12618199989321],[-115.21860700044641,36.125742000087676],[-115.22491800038895,36.12544600016334],[-115.2289780000959,36.125493999677786],[-115.24305600017328,36.12572699992715],[-115.24302799968588,36.11475600031736],[-115.24304899960228,36.11062600003362],[-115.24311100042486,36.103837000209694],[-115.2431549999075,36.10089700033029]]]},"properties":{"zcta":"89103"}},{"type":"Feature","geometry":{"type":"Polygon","coordinates":[[[-115.24692599990945,36.239026000232556],[-115.24699500040475,36.235741999886834],[-115.24675299965708,36.235204999826415],[-115.24680100023598,36.23271899978321],[-115.2467390003117,36.22321800031242],[-115.246725000068,36.21820999991301],[-115.24694900037399,36.21821499986739],[-115.24690499999303,36.21651600002656],[-115.2467810001445,36.21517599999154],[-115.24668800025808,36.214500000052716],[-115.246464999777,36.213242000000264],[-115.2463099999663,36.212514000061056],[-115.24598000025341,36.21129999969915],[-115.24566600043404,36.21031400003133],[-115.24544100030316,36.20953299965569],[-115.24525899982997,36.20881799970541],[-115.24506999968408,36.207930000091324],[-115.2449309997669,36.20712999964752],[-115.24481399959105,36.20626100013808],[-115.24473800032138,36.20540600024838],[-115.24469399994042,36.20468699977684],[-115.24467100037421,36.20385100036159],[-115.24467499967388,36.20341400019434],[-115.24442100012895,36.20341200026927],[-115.2444100002583,36.20260600020055],[-115.24442500032693,36.201461999696576],[-115.24442699997675,36.19845100017572],[-115.24438500014395,36.191153999748245],[-115.24465600030561,36.19042600025864],[-115.24463600021413,36.18964599987228],[-115.2445929996581,36.18540900033514],[-115.24458799963523,36.18354599983737],[-115.24460699990182,36.18126400014503],[-115.24322600005259,36.18127299981556],[-115.24228000039656,36.181258000122384],[-115.24226399960472,36.18350800030986],[-115.24040499990464,36.183425000037566],[-115.23778799997116,36.18337599986178],[-115.23782800015414,36.182484999901135],[-115.23783999984968,36.181127000117996],[-115.23516400036499,36.18106200033889],[-115.2332010000095,36.180994000121885],[-115.22940300024337,36.180915000360734],[-115.22382200004677,36.180751999702345],[-115.2232329998678,36.18076200004607],[-115.22328999976921,36.180874999781295],[-115.22330400001292,36.18128999999608],[-115.21989100021125,36.1813649998528],[-115.21987799979246,36.180846000127836],[-115.21815999965936,36.18090500003649],[-115.21503700028589,36.18096300001397],[-115.21099699977209,36.180964999787435],[-115.20669600004071,36.18094300010159],[-115.18797199955216,36.181234000027295],[-115.18576899989547,36.18119000007549],[-115.18574700015415,36.181591000320864],[-115.18332799968911,36.18152899984029],[-115.1833410001079,36.18114699998338],[-115.17924700006573,36.181084999876454],[-115.18612100024797,36.188599999653974],[-115.18667699991667,36.189135000349374],[-115.18773300007588,36.190252000193155],[-115.18807500038264,36.19063999990067],[-115.18826500035341,36.19055000013605],[-115.18840900029348,36.19050600034231],[-115.18866700003633,36.19047300011833],[-115.18878800041017,36.19043900011468],[-115.18897900020589,36.19035299991159],[-115.18911800012303,36.19025299996132],[-115.18948899984382,36.1906709998037],[-115.18922299970504,36.1908330003603],[-115.18996199967182,36.19165500019499],[-115.19001199990055,36.191626000182765],[-115.19015400019076,36.1917820002722],[-115.1902980001308,36.19169500034431],[-115.19059699988154,36.19211599969765],[-115.19128300014489,36.19247600036126],[-115.19128300014489,36.19310299997619],[-115.1912260002435,36.19313800000445],[-115.19149900005496,36.19341300030368],[-115.19163299994926,36.193387000126904],[-115.19240000040345,36.193384999945664],[-115.19239500038061,36.1938099999785],[-115.19297100014076,36.1938099999785],[-115.19296600011789,36.195597999979505],[-115.19258100015341,36.19561999989876],[-115.19394399956099,36.19708200018597],[-115.19675600038643,36.200210000296714],[-115.19765500018681,36.201169000282135],[-115.19793399984607,36.200973000309034],[-115.19758300021678,36.20062999990018],[-115.19756800014815,36.20050000003934],[-115.19761400017892,36.20035500030232],[-115.19775100044626,36.20021800032404],[-115.19894200032469,36.1995770002565],[-115.19919300039484,36.199791000261065],[-115.20065100023697,36.20140800035453],[-115.2018019999324,36.202771000259716],[-115.1991110003791,36.20278299990779],[-115.20117000009573,36.205024000153855],[-115.2013240000815,36.204901999890275],[-115.20165999964217,36.20472400031719],[-115.20186399985667,36.20465899982653],[-115.20321499956866,36.204369000269445],[-115.2032940001097,36.20456600002307],[-115.20339299984389,36.20473800028199],[-115.20351800041568,36.20490899985707],[-115.20414400040457,36.20556100012885],[-115.20395299971054,36.20572599975783],[-115.20380799994558,36.205883999884854],[-115.20359000038569,36.20619400034498],[-115.20344499972245,36.20636499963844],[-115.20325399992672,36.206522999925156],[-115.20278100009871,36.206784000002955],[-115.20608400029553,36.210404999781545],[-115.20595200005104,36.210029999676394],[-115.20787799969831,36.21019999977279],[-115.20971399983216,36.21022399968844],[-115.21007299985737,36.21020699999057],[-115.21004400044338,36.212067999948346],[-115.21004199989524,36.21355299977624],[-115.214439999711,36.21348400003516],[-115.21447999989398,36.21566099983905],[-115.21395099998948,36.215669999904904],[-115.21397100008095,36.21611599977961],[-115.21401299991373,36.21626600011188],[-115.21400200004311,36.216382999982955],[-115.2140310003554,36.217065999925985],[-115.21447800024417,36.21705099984164],[-115.21452699974965,36.21798600032541],[-115.21474500020784,36.2182340002708],[-115.21479500043657,36.21825199980955],[-115.21474299965972,36.218343999883835],[-115.21566900012257,36.219341999834015],[-115.21617600028577,36.21934099971266],[-115.21677799998521,36.21936300020595],[-115.21675399969578,36.22052499968123],[-115.21676899976438,36.22166299999041],[-115.21674299982513,36.22188200020029],[-115.2166850000988,36.222043999941164],[-115.21885099994557,36.22441699969757],[-115.22346800004446,36.22431000010171],[-115.22333499997505,36.22629699997277],[-115.2229159996754,36.22655900006595],[-115.22151200025998,36.227350000246986],[-115.22454299957192,36.23063100025032],[-115.2253319997674,36.23152499997124],[-115.22638799992664,36.23266099974395],[-115.226625999578,36.232954000076724],[-115.22712400041867,36.23256999979557],[-115.227583000003,36.23227600024168],[-115.22790400039335,36.23212900005023],[-115.2283229997947,36.232007999981],[-115.22827599993904,36.23216200010249],[-115.2326860003487,36.236991999763646],[-115.23387800005203,36.23709900012174],[-115.23386800000627,36.23951100000238],[-115.23384899973969,36.2397470000285],[-115.23449300017026,36.24046599999274],[-115.23459199990445,36.24040700005225],[-115.23497000019621,36.24044000023323],[-115.23490599972382,36.24091900012741],[-115.23619700005965,36.24233299993806],[-115.23756899968804,36.2424539999671],[-115.23749099987022,36.24305200002459],[-115.23856799994581,36.24314700008141],[-115.23863300024317,36.24321700027826],[-115.23858200018954,36.24448699979311],[-115.23971699999146,36.24572699964848],[-115.2397980001823,36.24567700029204],[-115.24064799957887,36.24661000022622],[-115.2402979997745,36.24682000001757],[-115.24119999994791,36.24778600004839],[-115.2422629997798,36.24787899990951],[-115.24443399964943,36.247893999876695],[-115.24657399955693,36.24787800015305],[-115.24659199999861,36.24544899980733],[-115.2466120000901,36.24528700001195],[-115.24667900003723,36.24047199982452],[-115.2469300001074,36.24047199982452],[-115.24692599990945,36.239026000232556]]]},"properties":{"zcta":"89108"}},{"type":"Feature","geometry":{"type":"Polygon","coordinates":[[[-115.15866700025012,36.14735200004169],[-115.15865700020439,36.14726100028936],[-115.15859100008214,36.14713000003804],[-115.15850099967045,36.14704299985542],[-115.15827499971462,36.14690299997598],[-115.15822399966102,36.146847000099335],[-115.15819699989683,36.14674499983264],[-115.1582220000112,36.14644500019967],[-115.15609299997436,36.146341999807184],[-115.15584899957689,36.1463149996397],[-115.15568100024569,36.14627900012727],[-115.15598300036949,36.14579599993303],[-115.15622299967069,36.14544999991343],[-115.15688899984258,36.145468999838855],[-115.15831099969965,36.14555100007481],[-115.15850200039367,36.143736000121294],[-115.15476800020163,36.14367400016169],[-115.15477499987433,36.143518000046626],[-115.15177499962623,36.14359800014438],[-115.15176899977844,36.14341700016935],[-115.15172299974768,36.14317899981513],[-115.15158300000559,36.14287199989499],[-115.15152100008132,36.14266300007253],[-115.15144099971536,36.14177099969405],[-115.15014600007987,36.141832000046236],[-115.15020999965398,36.14296899971366],[-115.147324000107,36.1430419999543],[-115.14731599971108,36.142795999826106],[-115.14660299968357,36.142814000020905],[-115.14647200016232,36.14040999983761],[-115.14451899985254,36.1404610001162],[-115.14469399975474,36.14384799992408],[-115.14241800030312,36.1439150000924],[-115.13699500029028,36.144114999897134],[-115.13423600006658,36.14417900022023],[-115.13422500019593,36.14279700019977],[-115.13147500019309,36.14282499977519],[-115.12925900011761,36.14286799985504],[-115.12925400009475,36.14257899969197],[-115.12858700009795,36.142605999694574],[-115.12802700023128,36.14260099999035],[-115.1280260004064,36.144435000265126],[-115.12548700029073,36.14442200003075],[-115.12548700029073,36.14423800016584],[-115.12325799979644,36.14422699988425],[-115.12315700041243,36.14081900008629],[-115.12108699992683,36.14083999975416],[-115.11988600000267,36.140797999687344],[-115.1193179997401,36.14073699998205],[-115.11869099992629,36.14070199976104],[-115.11874799982769,36.14176399988844],[-115.11876299989632,36.14438300004024],[-115.11794100008883,36.14438500002165],[-115.11764200033811,36.144400999870854],[-115.11732199977264,36.14444199983237],[-115.11637899959136,36.144459999649484],[-115.11187500036868,36.144373999760674],[-115.10990100014254,36.144369999797306],[-115.10986699980735,36.14161900025122],[-115.10986900035549,36.14066599984911],[-115.10541399974001,36.1406940001851],[-115.10543200018166,36.144435000265126],[-115.10455599994752,36.14444399981227],[-115.10410999988368,36.14446800029227],[-115.10374400018578,36.14452399969111],[-115.10348600044294,36.14458500007892],[-115.1030200002876,36.14473099966091],[-115.10278699976078,36.144439999852466],[-115.10271200031605,36.14438899998426],[-115.10255900015517,36.14434699964115],[-115.10234499989491,36.14433600010029],[-115.10113599957482,36.14436199986989],[-115.09995300009234,36.14435999988795],[-115.10006799972007,36.1444530000838],[-115.09950500037868,36.14443799987246],[-115.0964380001834,36.14444799977187],[-115.09583999978359,36.144427999971775],[-115.09217599991177,36.14443399991235],[-115.09209100042128,36.144488000082156],[-115.09204299984239,36.1446450000692],[-115.09207600035266,36.14626400026511],[-115.09154300025018,36.14621899993605],[-115.09119699974546,36.14611799990937],[-115.09107399972183,36.14228300015584],[-115.0906219998102,36.14254200026444],[-115.09030700016594,36.14278700008991],[-115.0900390003773,36.14293900017146],[-115.08957200039708,36.14306699978259],[-115.08898900006591,36.1430439999699],[-115.082724999979,36.14301300008548],[-115.08211599970856,36.14298000017165],[-115.08183799987424,36.14294199983598],[-115.07906100010719,36.14229399998459],[-115.07867500031782,36.142272000325576],[-115.06552399962992,36.14233199990868],[-115.06549799969062,36.14430600035542],[-115.06494399967177,36.14431200030532],[-115.06399200016796,36.14434699964115],[-115.06379299997631,36.14436799981552],[-115.06287900010734,36.14459400033427],[-115.06229599977615,36.14476099996867],[-115.06358700011198,36.14773900006513],[-115.0653679999943,36.14773399996266],[-115.06537200019224,36.14976499968371],[-115.06550799973638,36.14976700025323],[-115.06542800026875,36.150492999793954],[-115.06533899968198,36.15102299966684],[-115.06526500006213,36.15132900006193],[-115.06497399980898,36.15224399985204],[-115.06473100013476,36.152748000339734],[-115.06439100037612,36.15337200022059],[-115.06420899990292,36.15366500000099],[-115.06386699959616,36.15413400002953],[-115.06316199996455,36.155269000100304],[-115.06281100033527,36.15604800018759],[-115.06270800040313,36.15632499980866],[-115.06252799957974,36.156958999992554],[-115.06242200017287,36.15745600005744],[-115.0623689995711,36.15825299972861],[-115.06235000020284,36.15910700003376],[-115.06375500034149,36.159072000031664],[-115.06648299970472,36.159075999970526],[-115.06816900005079,36.15906000021384],[-115.06817200042381,36.15992200022369],[-115.06812800004289,36.16012000024548],[-115.07332900029787,36.16009899993717],[-115.07396600015743,36.16054000015273],[-115.07439999962737,36.160661999900924],[-115.07458299992547,36.16057199978405],[-115.07565800035125,36.160561999764646],[-115.07581700035992,36.160651999893],[-115.0771909996381,36.16064699988862],[-115.07718999981319,36.16057900008694],[-115.0802589996583,36.160556999754455],[-115.08019799955893,36.15900599992302],[-115.08201500032456,36.159004999756085],[-115.08347499981649,36.15897200004318],[-115.08523700033054,36.15895900004254],[-115.08854600037512,36.15896099965226],[-115.09062500018327,36.15888899989057],[-115.09358900044636,36.15889699978677],[-115.09363100027915,36.16001399994433],[-115.09363399975388,36.160671999907514],[-115.09471199965438,36.16068099976734],[-115.09468200041549,36.15889699978677],[-115.09801400002628,36.158873000095724],[-115.10545499974788,36.158887000279016],[-115.10546200031888,36.1593730001194],[-115.10864199959374,36.159387999650164],[-115.10864999998967,36.16127499983439],[-115.10953399972144,36.16126999986968],[-115.10953399972144,36.161027000041045],[-115.10950600013233,36.16088000019098],[-115.1095320000716,36.159522000214686],[-115.1102230003578,36.159527000290886],[-115.11021900015989,36.159713000141785],[-115.11139400014476,36.15971599989009],[-115.1113969996195,36.15930899986493],[-115.11384399967362,36.15932500029609],[-115.11384299984873,36.15941800015367],[-115.11389300007744,36.15942700015745],[-115.11502299985649,36.15947200016073],[-115.11528599962223,36.15953199964145],[-115.11541299984384,36.15954000019728],[-115.11609400008432,36.15953900003722],[-115.11613000006932,36.15888300033051],[-115.11675400040839,36.15888099999357],[-115.11716100011418,36.159108000199396],[-115.11848000003909,36.15967100002687],[-115.1186850000785,36.159413000070536],[-115.11970600007763,36.15941800015367],[-115.11970299970457,36.159495999668415],[-115.12010299973763,36.15950400022796],[-115.12010100008784,36.159563999684146],[-115.12012700002711,36.159563999684146],[-115.12012500037726,36.15961599999773],[-115.1205799997636,36.15962499997879],[-115.12058200031177,36.15956300024963],[-115.12159300026511,36.15957600015012],[-115.12158800024227,36.15980900000916],[-115.12230899976737,36.15981400006699],[-115.12231600033837,36.15941599983037],[-115.12516800044853,36.15944000008043],[-115.12883899999305,36.15944799992042],[-115.1290130000703,36.15943200023964],[-115.13002700039672,36.159423999672796],[-115.1312509998871,36.15943499999875],[-115.13128500022229,36.159306000101054],[-115.13131700000935,36.1590269997988],[-115.13131600018443,36.15888099999357],[-115.13277700039959,36.158878000213306],[-115.13226799968822,36.15966800027678],[-115.13345799974174,36.16016600000312],[-115.133848999554,36.159582999816664],[-115.1339130000264,36.159450000242956],[-115.13397099975275,36.15922099997375],[-115.13398800036946,36.15889000005899],[-115.13534699957908,36.158878000213306],[-115.13534400010433,36.15935900002284],[-115.13532200036303,36.159523999810055],[-115.13581199990948,36.159720999953905],[-115.13645499961682,36.16000899989926],[-115.13662200002139,36.15979499999045],[-115.13684399977924,36.15938700021341],[-115.1368909996349,36.15924999965207],[-115.13693199964278,36.15887999982504],[-115.14075899972124,36.15883900015822],[-115.1425730001138,36.159626000137756],[-115.14308399957667,36.158831999699956],[-115.14455999986043,36.158832999869034],[-115.14448700006551,36.15895200032029],[-115.1446429997011,36.15900700008993],[-115.1456190003927,36.159437000321574],[-115.14587299993758,36.15903499968091],[-115.1459309996639,36.158887999722154],[-115.14741899964325,36.158886000110634],[-115.14941899980866,36.15890800018667],[-115.15046800029516,36.158886000110634],[-115.15221800021531,36.15889299983878],[-115.15218399988012,36.158973999652524],[-115.15211199991009,36.1590470002278],[-115.15193299980997,36.15913500031433],[-115.1528219995646,36.159555999856],[-115.1520540001838,36.16071500035659],[-115.15271199995972,36.160997000153245],[-115.15318200031301,36.160288000333324],[-115.15345099992653,36.15984800030701],[-115.1535250004447,36.15889600034375],[-115.15484600001945,36.15889900012331],[-115.15488399965427,36.15833499965373],[-115.15509899973944,36.15617799984624],[-115.15374999967727,36.15610699990874],[-115.15411899974822,36.15118200016337],[-115.1555769995903,36.15118500023806],[-115.15560900027566,36.15034299967233],[-115.15574300016996,36.14901399983125],[-115.15795800042055,36.14911200032716],[-115.15806100035272,36.148022999993984],[-115.1580880001169,36.147911999932205],[-115.1581180002541,36.147849999646326],[-115.15818100000332,36.14777999973267],[-115.15843799992126,36.147677999953906],[-115.15850599969332,36.147632999710616],[-115.1586310002651,36.14748400023612],[-115.15866700025012,36.14735200004169]]]},"properties":{"zcta":"89104"}},{"type":"Feature","geometry":{"type":"Polygon","coordinates":[[[-115.31582800031693,36.15897200004318],[-115.31574299992813,36.15251400028299],[-115.31556899985083,36.1450820002221],[-115.31548199981222,36.144660999865415],[-115.31541800023811,36.14251999994953],[-115.31538499972784,36.14056000009302],[-115.31533500039744,36.13950100014943],[-115.31534000042029,36.13869400007201],[-115.31530199988715,36.13712399972988],[-115.31518499971128,36.1298360000133],[-115.31509400037301,36.126182999753084],[-115.31502800025076,36.12253899988916],[-115.3129739996587,36.12253000000646],[-115.31304999982667,36.12381100026392],[-115.31309800040555,36.12617600000806],[-115.29704000025427,36.12610700020791],[-115.28346500014214,36.12593099983303],[-115.28247699975502,36.125887999904066],[-115.27937399957474,36.12591300011875],[-115.27299200038541,36.12578799969139],[-115.27056899972236,36.125725000195814],[-115.26926099966809,36.12571599995276],[-115.26504799980025,36.1256210003074],[-115.26099099956804,36.12555899982003],[-115.25609200033514,36.1255890002024],[-115.25447200011132,36.125617000113614],[-115.24523600026376,36.12570099978728],[-115.24523799991357,36.12943800001473],[-115.24521799982207,36.13126900023369],[-115.24305600017328,36.13130100019966],[-115.24301799964012,36.13460800027134],[-115.2430159999903,36.134974000263604],[-115.24518799968486,36.13492300004591],[-115.24517199979132,36.13676299968538],[-115.24298300037836,36.13681199998375],[-115.24297900018038,36.13695300018313],[-115.24297400015752,36.14048300028306],[-115.24516400029373,36.14043100034042],[-115.24515400024798,36.142264999839256],[-115.24298599985309,36.14231799967154],[-115.24302699986096,36.14378800004963],[-115.24303000023401,36.1444080001666],[-115.24309200015828,36.14601499981291],[-115.24528599959415,36.14596099996888],[-115.24535699973926,36.147847999753324],[-115.2455009996793,36.150005999760026],[-115.2455700001746,36.15158800004173],[-115.24787699958834,36.151550000249486],[-115.24794299971059,36.152924000046305],[-115.24799899978709,36.153415999834166],[-115.24810400026739,36.15531000018331],[-115.24618000026996,36.15531199988604],[-115.24520299975349,36.155335999941805],[-115.24358599990269,36.15534599990238],[-115.24377400022368,36.15851399967003],[-115.24379099994212,36.15918399969326],[-115.25242699974007,36.159164000024454],[-115.2578630001717,36.15918800035172],[-115.2603689997771,36.159161000255025],[-115.26260900014199,36.159173000057386],[-115.267297000386,36.15914300018542],[-115.27115100022864,36.159140999855055],[-115.27115700007641,36.159410000310636],[-115.27114000035799,36.15963900002779],[-115.27108699975625,36.15987000011311],[-115.27103999990055,36.15999200017865],[-115.271753999753,36.15998700013211],[-115.27174899973014,36.16090199970754],[-115.27566299984721,36.16089000016983],[-115.27570899987798,36.16100800025849],[-115.27563299971,36.16272399995204],[-115.2756960003575,36.16272500007146],[-115.27681699991571,36.16271599972109],[-115.27681100006795,36.16179299996019],[-115.27694599978715,36.161757999706666],[-115.27691900002296,36.16094799973158],[-115.27769499979968,36.1609599999857],[-115.27780000028,36.16089600030152],[-115.27786200020427,36.16078599974767],[-115.2778499996104,36.15912399994628],[-115.27960999957628,36.15912799988249],[-115.28026900007546,36.15911499990772],[-115.28032099995397,36.15965099975699],[-115.28032000012908,36.15978800034284],[-115.28028900016695,36.160035000275414],[-115.28016299977025,36.160505000065065],[-115.28004499976947,36.160730999775524],[-115.27988599976081,36.16095899984371],[-115.2802230000447,36.16085500023842],[-115.28453399982183,36.16085699979972],[-115.2853480001317,36.160842999968224],[-115.28533800008594,36.16226799999062],[-115.28815000001309,36.162264000214606],[-115.28816900027968,36.16169000014337],[-115.28935000011234,36.16164100015485],[-115.28938899957211,36.15983800019527],[-115.29141999969963,36.15981299991042],[-115.29140700017918,36.159021999690715],[-115.31408300041967,36.158946000039755],[-115.31582800031693,36.15897200004318]]]},"properties":{"zcta":"89117"}},{"type":"Feature","geometry":{"type":"Polygon","coordinates":[[[-115.2528589995602,36.0623669998212],[-115.25284699986464,36.06202300023921],[-115.25281599990252,36.06181300022798],[-115.25271999964303,36.06147999993248],[-115.25266100009179,36.06136399972757],[-115.25216300014944,36.06144999975814],[-115.25158200036637,36.06152300025925],[-115.25076499968344,36.06154000024683],[-115.25027799961175,36.06152300025925],[-115.2497959995629,36.06145800014464],[-115.24883300018844,36.06124999999811],[-115.24849900027759,36.06120600028768],[-115.24815500032099,36.061189000227934],[-115.2444660003348,36.06124100035638],[-115.24256200042888,36.06130799984291],[-115.24266299981291,36.060301000158816],[-115.24283699989016,36.05809600008314],[-115.24303899955652,36.05604199971189],[-115.24304799977736,36.055812999889106],[-115.24168299982168,36.05580699971353],[-115.24024500007104,36.05585499965281],[-115.23622100034909,36.05604799986949],[-115.23561600027661,36.05611100004474],[-115.23464899980586,36.0561810003417],[-115.23397400031146,36.056180000317156],[-115.23357400027841,36.05614100007589],[-115.23332599968296,36.056133999900204],[-115.23265899968621,36.056140000050846],[-115.2315530001966,36.05620800027359],[-115.22969500032141,36.05623000007673],[-115.2262759997736,36.05634499983908],[-115.22526900001824,36.05636899964831],[-115.22494099995517,36.05636100019684],[-115.22494000013027,36.05644299980073],[-115.21229499978064,36.056885999964685],[-115.21031399988182,36.05697399983479],[-115.20851600028108,36.0570239998162],[-115.20782599981976,36.057059000292625],[-115.20617800000686,36.05707799981852],[-115.20366099963249,36.05706799968637],[-115.20157099995373,36.057090999988375],[-115.20094499996485,36.05711900034692],[-115.1992970001519,36.05715100001827],[-115.19095400025692,36.05721800008232],[-115.19002600014426,36.057171000260155],[-115.1880579997659,36.05712299967111],[-115.18353799975137,36.05705300021205],[-115.18353600010157,36.05709500004017],[-115.18060600017364,36.0570540002255],[-115.18057500021152,36.06121499993335],[-115.18058100005928,36.06492500003193],[-115.18055400029509,36.06790199966829],[-115.1805619997927,36.07099999979706],[-115.18053599985343,36.07857600013477],[-115.18053599985343,36.0803509997729],[-115.18055599994493,36.08060099985675],[-115.18054400024936,36.085995999768464],[-115.18050300024149,36.0903379996484],[-115.18049300019574,36.093463000269296],[-115.1804620002336,36.0949819997921],[-115.18048700034795,36.098105999906075],[-115.18048200032509,36.10069800017999],[-115.18303399996122,36.10065199966872],[-115.18300399982398,36.10039999982954],[-115.18293500022703,36.1002370001972],[-115.18284099961738,36.10009499990793],[-115.18211500006936,36.099396999927805],[-115.18231900028388,36.099299999973304],[-115.18259700011821,36.09912399975758],[-115.18282700027197,36.099091000263016],[-115.18302999976326,36.099108000114335],[-115.18336200002427,36.09898699993957],[-115.18344300021515,36.09893799998371],[-115.18358499960705,36.09889400030841],[-115.18378200014885,36.09887200009859],[-115.1840049997316,36.09887200009859],[-115.18426900022057,36.098953999661575],[-115.18441099961248,36.09901499990059],[-115.18477700020868,36.09925100021269],[-115.18484499998074,36.09927799987716],[-115.18501400003515,36.099299999973304],[-115.18574499960602,36.099333000105936],[-115.18591399966043,36.099349999904945],[-115.18615100038521,36.09940500008334],[-115.18630000034814,36.09941600011441],[-115.18650299983939,36.09937700026124],[-115.18682800042771,36.09925100021269],[-115.18702500007122,36.09914100032765],[-115.18733600041585,36.09902599998626],[-115.1879110003511,36.098844000086615],[-115.18825699995749,36.098691000052185],[-115.18858199964751,36.09859699985962],[-115.18880500012858,36.09858100010906],[-115.18917699967427,36.09849799994442],[-115.18930600044402,36.098421000246766],[-115.18945500040695,36.09821800022026],[-115.18952900002677,36.09808599991092],[-115.18967200014191,36.097926999986235],[-115.18977300042427,36.09784399985664],[-115.1898410001963,36.097826000236786],[-115.18982199992973,36.10090100033173],[-115.20390400020506,36.10089200014665],[-115.2038859997634,36.099066000218755],[-115.20602999986885,36.09904999983788],[-115.20795300004137,36.099078999981465],[-115.2079549996912,36.09724299991437],[-115.20855800011387,36.0972239999282],[-115.20933300006567,36.097168000171465],[-115.21652000024237,36.09675999990958],[-115.21650099997579,36.1003820000693],[-115.21751899960184,36.10031800032392],[-115.21758300007426,36.10014299967661],[-115.21759200029511,36.09850699967792],[-115.21865900032495,36.098445000283185],[-115.21865799960172,36.09725300001987],[-115.21853200010334,36.09704399994589],[-115.21922900023736,36.096833000300606],[-115.22009200005269,36.096889999803125],[-115.22012899986264,36.09744699978209],[-115.21969899969231,36.09751000018926],[-115.21972100033192,36.099299999973304],[-115.22030399976481,36.099305999734526],[-115.22030600031293,36.099269000231956],[-115.22077699959281,36.099270999911305],[-115.22077699959281,36.10012099981655],[-115.22503999968939,36.099884999940066],[-115.22503100036685,36.0976260000695],[-115.22505599958289,36.09630099980478],[-115.22699700019709,36.09630300028548],[-115.22763700042968,36.09633399974521],[-115.22791000024115,36.09636900015081],[-115.22837800004629,36.09647200007178],[-115.2292509999074,36.096774000288086],[-115.22952100024413,36.0968529998888],[-115.22996700030795,36.096955999901255],[-115.23021500000507,36.09700100016738],[-115.23067299976448,36.097052999845914],[-115.23135800020293,36.097073000104],[-115.23136900007358,36.0971979997869],[-115.23135900002782,36.097337999776336],[-115.23129799992847,36.09763300018195],[-115.23125100007279,36.097776000061195],[-115.23112999969896,36.09802000003603],[-115.23095700034493,36.098279999794165],[-115.23086000026055,36.09850200006806],[-115.2308229995523,36.09865300004967],[-115.23079099976525,36.09884899967472],[-115.23080699965878,36.09982799970676],[-115.23402600019001,36.09980299989699],[-115.23403799988557,36.096165999904215],[-115.23779399981892,36.09611699964096],[-115.23819300002711,36.09612299964521],[-115.23847500005942,36.09608300009214],[-115.23854399965637,36.098031000260995],[-115.23854100018166,36.09983500034888],[-115.24306299984596,36.09979499978203],[-115.24308600031051,36.099159999850315],[-115.24295499989093,36.09418499985622],[-115.24293300014963,36.09244099996458],[-115.24512599976056,36.092402999843316],[-115.24507399988204,36.09078700026153],[-115.24507999972982,36.09054500023361],[-115.24743100042284,36.09056199975595],[-115.24743100042284,36.09060799964069],[-115.24747699955526,36.09057199998566],[-115.24759299990622,36.090550999937335],[-115.24854399958512,36.09054399991999],[-115.24846800031547,36.08515000034075],[-115.2473109998739,36.08513499968698],[-115.24509499979843,36.085146000263485],[-115.24508800012575,36.08466000025002],[-115.24557699984727,36.08466700006542],[-115.24558400041828,36.0836580002311],[-115.24729800035342,36.0836529996766],[-115.24731000004901,36.082942000060044],[-115.24727900008685,36.0814620002249],[-115.24502000035369,36.08147299986337],[-115.24499699988915,36.080958000091144],[-115.24498500019358,36.07964700032492],[-115.24490200035291,36.07850499969338],[-115.24490999985052,36.07782899993887],[-115.24489200030715,36.07607300002416],[-115.24601799988824,36.07605300023099],[-115.24600399964454,36.07594699964472],[-115.2459369996974,36.0713910001312],[-115.24480299972038,36.071414999707734],[-115.2447900001999,36.07061000026479],[-115.24250200015442,36.07065899972759],[-115.24249299993357,36.0674579999215],[-115.24243699985708,36.06548600029382],[-115.24327899975606,36.06547599977794],[-115.24385500041453,36.06550400005735],[-115.24418199975436,36.06555399970165],[-115.24559299974081,36.065844999963474],[-115.2459509999411,36.065903999952646],[-115.24632400021002,36.06593399988099],[-115.24717500032979,36.06593800020941],[-115.25179200042868,36.06583500021934],[-115.25181099979692,36.06528599990082],[-115.25188299976695,36.06480199969224],[-115.25201300036161,36.064410000089524],[-115.25207299973775,36.06428499982772],[-115.25253600041835,36.06351800033899],[-115.25272399984101,36.06308499984486],[-115.25281900027555,36.0627279998086],[-115.2528589995602,36.0623669998212]]]},"properties":{"zcta":"89118"}},{"type":"Feature","geometry":{"type":"Polygon","coordinates":[[[-115.0654319995684,36.12959799981922],[-115.06529900039732,36.12675100009583],[-115.0651560002822,36.12276600005613],[-115.06512399959684,36.12227700006004],[-115.06426400015451,36.12228400015269],[-115.06423099964424,36.12158300021444],[-115.06055400025191,36.12165799986822],[-115.06043700007606,36.11862200005862],[-115.0649589997404,36.11863200034534],[-115.06485400015839,36.11635299996387],[-115.06464900011898,36.112833999795164],[-115.06460300008824,36.11173499991033],[-115.06454399963869,36.111451000000365],[-115.06448699973726,36.110719000291716],[-115.0642499999108,36.105745000032705],[-115.06412400041242,36.10340200004881],[-115.06399399981777,36.101571000249585],[-115.06393400044163,36.10037999969246],[-115.06392299967267,36.09828500014397],[-115.06395100016006,36.09424600016792],[-115.0639460001372,36.092892000019965],[-115.0639689997034,36.09241400012865],[-115.06397499955119,36.09099199977431],[-115.06395799983275,36.09046200029236],[-115.06396799987851,36.08907500021692],[-115.06392500022079,36.088036000138445],[-115.06399800001574,36.086963000255146],[-115.06398899979489,36.08563299982654],[-115.0600660003553,36.085688999816924],[-115.05592999958203,36.0831300000305],[-115.05501200041341,36.082587000225956],[-115.05465699968785,36.08244900020338],[-115.05433899967052,36.082348000164885],[-115.05401499980542,36.082268999778364],[-115.05351799968798,36.08219999988131],[-115.05301399989781,36.082166000120175],[-115.05266599974328,36.08216800023464],[-115.05225599966444,36.08222700032171],[-115.05160000043664,36.08237499982851],[-115.05107400000686,36.08256800032665],[-115.04964200010401,36.083318000277465],[-115.04913499994082,36.083501000236645],[-115.04837000003474,36.083709000351405],[-115.04727600024071,36.08390199975282],[-115.0468660001619,36.08394199969739],[-115.04636300019665,36.08395099964578],[-115.03742000025203,36.083814000238746],[-115.03496999982481,36.083794999909976],[-115.03457900001256,36.083843999869636],[-115.0342280003833,36.08391299977587],[-115.0337809995962,36.084049999736386],[-115.03356800005922,36.08413700004311],[-115.03313500041418,36.08437799980585],[-115.03264499996938,36.0847539996893],[-115.030315999916,36.08267300028584],[-115.02888800021111,36.081374999862064],[-115.0246829998409,36.077700999966844],[-115.02466799977228,36.078162999747015],[-115.0204930004376,36.07813000016384],[-115.02047800036897,36.07852099990071],[-115.02099800005267,36.07851299979743],[-115.0213589997277,36.078483000310506],[-115.0230070004389,36.07851700021216],[-115.0233389998016,36.07853199995062],[-115.02341699961941,36.07855699999225],[-115.0234159997945,36.07924600016161],[-115.02339900007608,36.079695000240015],[-115.02287199982138,36.07970699985114],[-115.02090900036421,36.07969099988515],[-115.02044099966074,36.07965099995592],[-115.02039999965285,36.080867000327686],[-115.02040499967573,36.081793999723395],[-115.02022399992576,36.081780000306466],[-115.01148799967036,36.08176199991154],[-115.01150799976185,36.07943100034442],[-115.0114690003021,36.07916099971586],[-115.0113970003321,36.07884200019592],[-115.01136899984468,36.078380000048924],[-115.0114180002485,36.076448999691365],[-115.01150699993694,36.07415499990527],[-115.011538999724,36.07293299997346],[-115.01156800003632,36.072597000103265],[-115.01165000005206,36.072345000347795],[-115.01169299970978,36.07198800021967],[-115.01171899964906,36.071178000210594],[-115.01169500025793,36.0708619997703],[-115.00764600042162,36.07094099999938],[-115.0073009997418,36.07106500001517],[-115.00462400043219,36.0710209999851],[-115.00368000042599,36.071026999726584],[-115.00373099958131,36.0719760001567],[-115.00368100025091,36.0769600001863],[-115.00516699968209,36.0769600001863],[-115.00507999964346,36.08264399989629],[-115.00282400028334,36.08264399989629],[-115.00220699961696,36.08276999970869],[-115.00035899978751,36.08345600022667],[-114.999577000163,36.08318999980289],[-114.99758399967027,36.082606000120656],[-114.99275300020948,36.08257300022416],[-114.99262199978992,36.08776299970149],[-114.98548099964397,36.08772199989967],[-114.9853269996582,36.08843499979744],[-114.98546800012348,36.08845899997978],[-114.98586700033168,36.08847399999933],[-114.98907000007105,36.088332999848035],[-114.99632800039286,36.089611000115696],[-115.00029799968813,36.09139800034025],[-115.00082999996569,36.091735000021764],[-115.00148699991672,36.0917239996414],[-115.0017580000784,36.09155900028433],[-115.00227299973919,36.09154299982672],[-115.00237400002152,36.09151599968231],[-115.00290899977382,36.09154900018019],[-115.00377499996223,36.09187900004167],[-115.004229000422,36.09200599986553],[-115.0045060004314,36.09213199991661],[-115.00464799982332,36.092208999969394],[-115.0048439996419,36.092384999703],[-115.00491200031229,36.09273700016563],[-115.00491200031229,36.09287399999165],[-115.00493800025154,36.09308800022229],[-115.00499299960481,36.09327500033002],[-115.00509399988717,36.09348400026547],[-115.00518799959849,36.09361600032042],[-115.00553999995098,36.093868999684986],[-115.00591900006768,36.094056000112055],[-115.00652199959202,36.094221000034004],[-115.00671800030891,36.09424900024153],[-115.00688700036335,36.09423800021304],[-115.00700899966375,36.09419899996764],[-115.00718500028916,36.09417200000977],[-115.00755099998706,36.09405100021899],[-115.00788900009587,36.09405100021899],[-115.00809199958712,36.094089999811935],[-115.00849099979531,36.094293000340095],[-115.00894500025505,36.09444699976517],[-115.00904599963908,36.094452999896916],[-115.00924900002867,36.094523999727485],[-115.00947900018245,36.09454099984097],[-115.00983099963663,36.094717000159356],[-115.01008199970678,36.09479399985714],[-115.01063700044891,36.0950359998679],[-115.01090100003954,36.095112999978994],[-115.0111710003763,36.09512399988502],[-115.0113200003392,36.09515199977081],[-115.01157800008205,36.095134999789494],[-115.01165900027293,36.09515199977081],[-115.01175399980914,36.095134999789494],[-115.01191600019087,36.095162999671366],[-115.01205099991007,36.09522899976826],[-115.01222699963716,36.09539400013086],[-115.0123759996001,36.095475999693896],[-115.01271399970888,36.095475999693896],[-115.01296499977906,36.09543299978321],[-115.01346600009448,36.095470999891184],[-115.0136009998137,36.095498999653344],[-115.0139330000747,36.095658000135636],[-115.01416999990117,36.09582300032338],[-115.01426399961251,36.09592799999855],[-115.0143120001914,36.0960489998028],[-115.01444000023793,36.096252000351576],[-115.01449399976627,36.09640000031032],[-115.01455499986564,36.09699399999863],[-115.0146290003838,36.09710899968466],[-115.01473700033881,36.097350999824926],[-115.0149540000738,36.097637000349614],[-115.01515699956508,36.097833999826406],[-115.01586000044519,36.09843400011618],[-115.01598900031662,36.09859800007075],[-115.01652999991671,36.099141999806015],[-115.0166589997881,36.09924700012718],[-115.01678699983465,36.09938999997251],[-115.01692900012485,36.09995000023203],[-115.01705100032359,36.10022500009066],[-115.01717900037012,36.10031800032392],[-115.01730099967055,36.10047799995253],[-115.01730099967055,36.10063699979595],[-115.01727399990637,36.10074200029673],[-115.0173409998535,36.101054999871764],[-115.01740899962559,36.10118099993074],[-115.01743600028806,36.10132900004145],[-115.01742200004435,36.10150000025379],[-115.01752999999938,36.101676000228004],[-115.01764499962714,36.101817999837344],[-115.01763899977934,36.102015999886525],[-115.01757799967997,36.10226300025269],[-115.01761100019023,36.10241700002633],[-115.01769900005382,36.102511000003695],[-115.01775299958217,36.10265899978645],[-115.01782100025254,36.10341200009626],[-115.01776600000096,36.10358800014209],[-115.01780000033614,36.1038789997323],[-115.0178680001082,36.10396099987611],[-115.01795500014684,36.104191999874175],[-115.01809099969098,36.10435100018511],[-115.0183679997004,36.104467000126725],[-115.01890300035102,36.10465899995411],[-115.01903200022244,36.10481900017753],[-115.01907900007811,36.10512100024657],[-115.01915299969795,36.10518699996286],[-115.01928900014039,36.10518099992494],[-115.01934900041483,36.1052309997429],[-115.01935600008754,36.10530199999584],[-115.01949099980673,36.10553299967966],[-115.01959999958669,36.10556100021095],[-115.01966099968607,36.105544000304306],[-115.01984399998416,36.10553899969063],[-115.02012799966629,36.10561599967035],[-115.02062899998172,36.106093999816274],[-115.02071600002036,36.10619800016726],[-115.02079800003612,36.10632999991203],[-115.02119700024429,36.10666000011791],[-115.02134600020722,36.10675299999156],[-115.02154899969847,36.106913000304644],[-115.02191399957144,36.107424000179],[-115.02202200042483,36.10773200023742],[-115.02209000019688,36.10786400030748],[-115.02253700008562,36.1081929997861],[-115.0227260002315,36.10835799977783],[-115.02313200011237,36.108671000217264],[-115.02331500041046,36.10896299992704],[-115.02347000022118,36.10908899964051],[-115.02357200032843,36.109106000231485],[-115.02370700004762,36.10919399973117],[-115.02390399969114,36.109292999957646],[-115.02433700023448,36.1094359996613],[-115.02445900043324,36.10939699970196],[-115.0246689995972,36.109375000255994],[-115.02494599960662,36.10941400022626],[-115.0251969996768,36.109528999876936],[-115.02546700001355,36.10977699991369],[-115.02552800011289,36.10991399978554],[-115.02577199961206,36.11032600020629],[-115.02598800042045,36.11052900015432],[-115.02621199982812,36.110682999689864],[-115.02625200001107,36.110755000151386],[-115.02639400030132,36.1108870002213],[-115.02654999993692,36.11119399971288],[-115.02659699979257,36.11124400005781],[-115.02670599957253,36.111446999810354],[-115.0267459997555,36.11155199965164],[-115.02684799986275,36.111694000278085],[-115.02699000015299,36.11217799995294],[-115.02699600000076,36.11226599963934],[-115.02705000042742,36.1124030002496],[-115.02708399986429,36.11244700034193],[-115.02709100043532,36.11251299970845],[-115.02748999974517,36.11315600004704],[-115.02776099990682,36.11351899985672],[-115.02807200025144,36.114134000298996],[-115.0283149999257,36.11475500031195],[-115.028484999805,36.11493100034221],[-115.02864700018672,36.11505699991541],[-115.0288370001575,36.11523899999025],[-115.02887700034047,36.11538699974012],[-115.0288089996701,36.11585400002496],[-115.0289919999682,36.11605200025369],[-115.02893800043985,36.116480000141614],[-115.02901899973239,36.116563000175375],[-115.0291970000076,36.116668999688734],[-115.02934900034359,36.11776900015722],[-115.02937600010775,36.11779899988815],[-115.02937799975759,36.11798000017451],[-115.02933000007701,36.118742999741656],[-115.0292949999169,36.11903299983617],[-115.0292730001756,36.12001599987723],[-115.02930300031282,36.12086399967589],[-115.02938899962825,36.12170000002031],[-115.02940200004704,36.12215899975171],[-115.02941899976547,36.12508500009312],[-115.02938500032859,36.12803999981971],[-115.02936100003915,36.12945599964626],[-115.02933699974969,36.129692999730196],[-115.02918799978679,36.13468100031093],[-115.02912900023554,36.1371709996376],[-115.03367600001425,36.137175999687855],[-115.03843600022826,36.13720399981837],[-115.0358970001126,36.13295299985642],[-115.0358970001126,36.13245800006871],[-115.03578900015756,36.13221599998741],[-115.03377100044878,36.12985900006997],[-115.0397989996358,36.12978900006566],[-115.03995599999463,36.13002299971125],[-115.04032800043863,36.130223999910264],[-115.04062299999141,36.13079500016156],[-115.04078600019803,36.1310310000318],[-115.04104499976582,36.13172700009114],[-115.04135100008754,36.131744000134184],[-115.04155600012697,36.131864000120025],[-115.04207499998573,36.13204100003633],[-115.04236000039108,36.13212100022822],[-115.04269500012686,36.13249000027544],[-115.04358499970637,36.133057999959625],[-115.04444599987193,36.13372000023591],[-115.04533100032688,36.13417399981662],[-115.04586400042935,36.134388999745106],[-115.04633999973211,36.134646000290495],[-115.04650200011382,36.13479099975535],[-115.04680000003965,36.13499899976072],[-115.04722299963895,36.13577800021152],[-115.04735300023361,36.13633500010139],[-115.04736599975409,36.137213999914415],[-115.05528900042282,36.13710200007213],[-115.05782699981528,36.13709600029632],[-115.05811300004554,36.1370780002406],[-115.06071300026059,36.13703299972046],[-115.06069900001688,36.13335499996764],[-115.06074199967456,36.12965200004237],[-115.0654319995684,36.12959799981922]]]},"properties":{"zcta":"89122"}},{"type":"Feature","geometry":{"type":"Polygon","coordinates":[[[-115.45015800033256,36.107413999916474],[-115.45015699960933,36.1068039996414],[-115.4501409997158,36.10654800022547],[-115.4496310000779,36.10228000014358],[-115.44959000007,36.101822999962046],[-115.44948700013784,36.1010120001107],[-115.44942299966543,36.10029599978701],[-115.4492240003721,36.09883100028503],[-115.44917400014339,36.0982199999263],[-115.44903100002824,36.096957000133266],[-115.4489980004163,36.096537999795125],[-115.44896800027908,36.095743999687244],[-115.44897599977666,36.09491699974576],[-115.44894399998961,36.087578000249216],[-115.44890399980666,36.08684800024163],[-115.44796800019635,36.082458000322696],[-115.44775999978388,36.08135499996532],[-115.44762500006468,36.08079099976638],[-115.44747399955364,36.080296999772386],[-115.4473020000245,36.079830000116345],[-115.447061999825,36.07925200000172],[-115.4468099999299,36.07871599989699],[-115.44654799998906,36.07823800020008],[-115.44576899983933,36.07689499975782],[-115.44498200019196,36.075579999936075],[-115.44446699963284,36.074783000041826],[-115.44409099988917,36.074302000289606],[-115.44369199968101,36.07390200025991],[-115.44330599989165,36.07354599974219],[-115.43954099973745,36.07019399989083],[-115.43843699989766,36.06907600023745],[-115.43578999982697,36.06629199978866],[-115.43536499967954,36.065865000173986],[-115.43443699956684,36.064997000300984],[-115.43374500035402,36.06439100015543],[-115.43259700013331,36.063479000103726],[-115.43194100000721,36.063011000129116],[-115.4307869999387,36.062239000101755],[-115.42858299955881,36.06091900015335],[-115.42309699979677,36.05769999972892],[-115.42082299999498,36.0563409997491],[-115.4198870003847,36.05583599983166],[-115.41885600033983,36.055348000177716],[-115.41658099981483,36.05435200028002],[-115.41215799988471,36.05245199984562],[-115.41130900031305,36.05214400032941],[-115.41031900027608,36.051881000278996],[-115.409947999657,36.05180099971376],[-115.40916699985742,36.05167200015629],[-115.40785200013045,36.05149199974489],[-115.4068649995682,36.05133899979775],[-115.40614999989089,36.051175000036906],[-115.4055320002979,36.05098599985325],[-115.40130299963822,36.04941400013221],[-115.39980399978823,36.04887699995573],[-115.39941899982377,36.0487649998062],[-115.39881999959906,36.048660000338394],[-115.39817100004393,36.04863400011651],[-115.39765600038314,36.04868499970556],[-115.39699699988395,36.0488280000007],[-115.3953110004362,36.04938900027019],[-115.39460199970833,36.04957400022299],[-115.39392899986377,36.04970399969418],[-115.39362799956488,36.04974100000722],[-115.39307500026925,36.0497749999851],[-115.392528999748,36.04977199966725],[-115.3915229998175,36.04969400007769],[-115.38445000034193,36.048886999676],[-115.38243199973486,36.04863299999606],[-115.38219099971045,36.048585000010206],[-115.38186799967026,36.048493999835635],[-115.38152000041401,36.04837699997545],[-115.38115499964275,36.048227000161006],[-115.38047400030057,36.047859000286785],[-115.37999700027459,36.0475280000455],[-115.37951199985271,36.04706400019062],[-115.37929699976753,36.04680800015199],[-115.37910599997183,36.04652499966817],[-115.37851799961778,36.04543199966365],[-115.37826099969982,36.044922000096705],[-115.37787699956027,36.04429200021505],[-115.37755000022042,36.043889000325166],[-115.37716500025596,36.04350899973808],[-115.37679100016216,36.04322900031101],[-115.3764200004414,36.0429840000863],[-115.36706900006774,36.03828100015272],[-115.36543399977533,36.03746599979603],[-115.36514900026832,36.03734399966218],[-115.36461799981565,36.037174999926606],[-115.36420799973682,36.037067000180734],[-115.36059599974351,36.03630100012727],[-115.36004699974752,36.03616599965004],[-115.35973499957797,36.03605300002509],[-115.35946000011668,36.03589199977792],[-115.3593000002831,36.03575200008504],[-115.35917100041169,36.03561299970277],[-115.3589970003344,36.03535500035496],[-115.3587999997926,36.03493499984533],[-115.35813500034399,36.035010000100606],[-115.35697700007753,36.03509799972791],[-115.35602499967538,36.03519700028073],[-115.35513300044603,36.03525999970928],[-115.35439899960379,36.0352849996991],[-115.35378100001083,36.035282000281924],[-115.35250800011666,36.03522400014579],[-115.35186600023421,36.03517499968435],[-115.35075599964834,36.035050000207576],[-115.34952499958696,36.03480699982589],[-115.34841599972431,36.03453000013854],[-115.34583499977585,36.033854999873526],[-115.34428599969716,36.03347300036318],[-115.33587300038026,36.031254999848045],[-115.33444200030233,36.030819999881885],[-115.33350800034185,36.03051399998448],[-115.3281460004284,36.028841999737935],[-115.32629900042387,36.02824999969465],[-115.32550799968024,36.02797199981315],[-115.32478499960695,36.027646000003806],[-115.32424900002975,36.027374000334014],[-115.32007799999471,36.02498699981489],[-115.3194009999522,36.024631000328846],[-115.3184379996794,36.02420100008643],[-115.31795700035377,36.02402899991361],[-115.31724599997605,36.02380999996961],[-115.31592200002828,36.0234740003352],[-115.3157699996923,36.02848400020906],[-115.31576200019471,36.07005500005401],[-115.31564699966866,36.07370900027307],[-115.31568799967656,36.0743830002803],[-115.31557499969863,36.0793800003532],[-115.31545900024601,36.08324699976206],[-115.31545400022311,36.08512900029584],[-115.3154800001624,36.086757999671875],[-115.31546400026888,36.08729600010913],[-115.31543300030674,36.08764299983171],[-115.31539399994865,36.088899000330656],[-115.31534799991792,36.09115099993826],[-115.31532399962848,36.092621999888905],[-115.31536999965924,36.09347199985355],[-115.31523900013796,36.10022399990023],[-115.31518499971128,36.101534000362015],[-115.31519399993212,36.10376899979441],[-115.31514200005358,36.1051979999102],[-115.31506800043377,36.10620199989888],[-115.31498399986984,36.10961600028336],[-115.31493000034149,36.11481299987892],[-115.31487099989194,36.116140999940995],[-115.31491899957251,36.117073999674425],[-115.3149450004101,36.118794000313834],[-115.31577499971516,36.11887899998442],[-115.31899300042147,36.11927399997806],[-115.32018299957667,36.119449000093276],[-115.32080100006797,36.119551000287345],[-115.32112400010816,36.11962199993158],[-115.3228589999597,36.12006199993351],[-115.32410900028766,36.12044000019576],[-115.32461399990272,36.12061599981979],[-115.32513600013453,36.12082199980217],[-115.326619000091,36.12147999983798],[-115.32619700031663,36.1220109997046],[-115.32513600013453,36.12351600020831],[-115.32430000008335,36.123185999718],[-115.32381499966145,36.123036000355874],[-115.3235639995913,36.12298199993483],[-115.3224380000102,36.12281800009467],[-115.32208700038093,36.12275299985973],[-115.32080299971778,36.12237599975758],[-115.32042500032433,36.12230000015486],[-115.32016800040637,36.1222660003278],[-115.31990899994031,36.12224799977322],[-115.31945399965564,36.12225100022872],[-115.31763299959034,36.12243899976398],[-115.31692700013384,36.12249399973974],[-115.31502800025076,36.12253899988916],[-115.31509400037301,36.126182999753084],[-115.31518499971128,36.1298360000133],[-115.31530199988715,36.13712399972988],[-115.31534000042029,36.13869400007201],[-115.31533500039744,36.13950100014943],[-115.31538499972784,36.14056000009302],[-115.31541800023811,36.14251999994953],[-115.31548199981222,36.144660999865415],[-115.31556899985083,36.1450820002221],[-115.31574299992813,36.15251400028299],[-115.31582800031693,36.15897200004318],[-115.31408300041967,36.158946000039755],[-115.31431900042121,36.161120000055504],[-115.3152700001001,36.16111799977559],[-115.31597599955663,36.16114499992357],[-115.31647900042019,36.161205999713296],[-115.31769200003991,36.16143899980484],[-115.31803799964632,36.16148000028779],[-115.31833700029537,36.16149600027588],[-115.3187339999554,36.16149299987041],[-115.31926399968484,36.16145200011952],[-115.31978500009174,36.161368000279865],[-115.32029300007986,36.16123899993644],[-115.32131300025404,36.16090600027827],[-115.32176900036363,36.160805999728],[-115.32223799999369,36.160758000056745],[-115.3230909997633,36.16074500035231],[-115.323105000007,36.15893300003486],[-115.33203799990588,36.158960000210065],[-115.33644199956943,36.15895799987502],[-115.33837700033584,36.158986999650665],[-115.34119500011074,36.15896400015464],[-115.35024799966023,36.15896900026635],[-115.35204100013641,36.15894899981746],[-115.35484700021577,36.158973999652524],[-115.357249999889,36.158956999707534],[-115.35770099997572,36.15892299980641],[-115.35810799968148,36.15885600012879],[-115.35863099973821,36.1587280001742],[-115.35910899958908,36.15856899974692],[-115.35952399969078,36.15838999985619],[-115.35992799992182,36.15817999986466],[-115.3603139997112,36.157935999706744],[-115.36047100007005,36.15781599970729],[-115.36081000000377,36.157500000280606],[-115.36191700021658,36.15653800028671],[-115.36372300021324,36.154891000041026],[-115.36468899996075,36.154068000116254],[-115.36520899964445,36.15367299970484],[-115.36614000013017,36.1530980003241],[-115.37021999992864,36.150837000237054],[-115.37130899969979,36.150178000150206],[-115.37186699991659,36.149907999655824],[-115.37230700013268,36.14972999986389],[-115.37396099979335,36.14919999995756],[-115.38384199989642,36.14613099986267],[-115.38789400010576,36.14492600000539],[-115.38989300044625,36.144369000169135],[-115.39088500013304,36.144116999885384],[-115.39182999996417,36.14390399976557],[-115.39534700042122,36.14319499991036],[-115.39575800032496,36.143094000342664],[-115.3961270003959,36.14297400011987],[-115.39707700024991,36.14258400012305],[-115.39941799999883,36.14158199964547],[-115.40233100020832,36.14037199970803],[-115.40286599996061,36.14011299969004],[-115.40329500030602,36.139864999711754],[-115.4065599999697,36.13781500015272],[-115.40705500043731,36.13748300013268],[-115.40768499972586,36.13700899986781],[-115.40820699995768,36.13657399990603],[-115.40881299985507,36.13610700026498],[-115.40928400003327,36.13571100034913],[-115.40961899976902,36.135463999983216],[-115.41009999999297,36.13515700034513],[-115.4118349998445,36.13413199980903],[-115.41220200026564,36.13394300022236],[-115.41280999981286,36.13369699985967],[-115.41526400043801,36.13294299994288],[-115.41640000006487,36.13249499989842],[-115.41700199976431,36.13231100035715],[-115.41725500038261,36.13226600000537],[-115.41750599955448,36.13224200014586],[-115.4188179998067,36.1321620000773],[-115.41955199975062,36.13208599979151],[-115.4203509999919,36.13188299970799],[-115.42110000000442,36.13163099994955],[-115.42151299955798,36.13146399993732],[-115.42262599961859,36.13090999969818],[-115.42379999977857,36.130405999653576],[-115.42482599980053,36.12992599984981],[-115.42831499977021,36.1284340003269],[-115.42926600034741,36.127998999994],[-115.42980600012258,36.127683000158626],[-115.43057299967847,36.127121999691035],[-115.4309900003283,36.12675100009583],[-115.43129499992682,36.126438999741794],[-115.43167099967046,36.12599100030197],[-115.43211400025956,36.12534100003475],[-115.43232500014676,36.12496099967388],[-115.43317100024368,36.12308000029521],[-115.43336700006226,36.12260099985925],[-115.43366599981302,36.12205299966791],[-115.43382300017184,36.12182600034184],[-115.43398300000541,36.12162999999621],[-115.43447099990205,36.12113699975858],[-115.43479200029242,36.12088700018461],[-115.4351239996551,36.12067100034702],[-115.43541999993113,36.12050799996533],[-115.43577999978123,36.12032800036155],[-115.43600400008722,36.12023900034048],[-115.43668500032769,36.12001799975399],[-115.43940400036841,36.119237999669664],[-115.44029200029813,36.11895599994803],[-115.44099000025706,36.11867899971665],[-115.44199000033973,36.118206999735364],[-115.44290599985854,36.1177460001864],[-115.44358299990105,36.1173830003228],[-115.44421700028587,36.116988000249954],[-115.44460600044829,36.11672000015664],[-115.44610600012322,36.11554699988166],[-115.44721099978787,36.114779999717655],[-115.44757400001106,36.114470999711756],[-115.44789399967819,36.114141999679454],[-115.4481330000528,36.11384000018571],[-115.4483730002523,36.113459000015894],[-115.44861400027675,36.11295599971687],[-115.44879699967652,36.112438000028185],[-115.4489089998295,36.11205999970738],[-115.44928899977113,36.110921999949724],[-115.44991099956205,36.108937000041614],[-115.45007899979153,36.108201999860526],[-115.45013800024108,36.10779100000475],[-115.45015800033256,36.107413999916474]]]},"properties":{"zcta":"89135"}},{"type":"Feature","geometry":{"type":"Polygon","coordinates":[[[-115.28792999990507,36.2955100003443],[-115.28800500024813,36.29507899983653],[-115.28773999993427,36.295089999922766],[-115.28695699958654,36.29506500011943],[-115.28498300025873,36.29505800025997],[-115.28458999989833,36.29503500020005],[-115.28419599971303,36.294959999989096],[-115.28423900026904,36.29183200024282],[-115.28392700009952,36.291817000025],[-115.28082599956906,36.291803999640784],[-115.28069699969762,36.2916700003443],[-115.28002700022613,36.29167599986382],[-115.27275200018589,36.283721000002174],[-115.26942399987473,36.28003800000071],[-115.26815299963035,36.27868299972984],[-115.26745200019671,36.27790300015433],[-115.26266000019565,36.2773370000448],[-115.2623699997674,36.27862000005623],[-115.26078100040405,36.27817700000757],[-115.25968400023696,36.277831999797655],[-115.25854799971182,36.27753000025155],[-115.25752900026086,36.2773170001424],[-115.25669700040764,36.27719599979099],[-115.25416599978959,36.276962000117415],[-115.25250899975586,36.2768420000499],[-115.2516059997575,36.27680300009685],[-115.25160499993261,36.276754999849366],[-115.24874699997471,36.27652000018823],[-115.24726599966809,36.27637400005176],[-115.24710800038262,36.2763810001389],[-115.24705200030613,36.27641099998818],[-115.24703700023754,36.27643700008959],[-115.24263699987361,36.27609900026836],[-115.24209299990049,36.276082999803464],[-115.23844400009726,36.27602500008225],[-115.23802899999556,36.27604400019545],[-115.23354300031627,36.27599899984362],[-115.22000400018915,36.276086000162486],[-115.21539499958787,36.276234999742485],[-115.20643999994769,36.276278999841104],[-115.20649500019927,36.278328000123494],[-115.20657700021503,36.28380200027968],[-115.20661400002497,36.28795899986804],[-115.2066030001543,36.28946400018971],[-115.20662999991849,36.29048000035308],[-115.20669699986563,36.29184799965142],[-115.20682300026232,36.29244999990418],[-115.20723900018896,36.305965999902725],[-115.2072009996558,36.30767199973193],[-115.20721400007459,36.30804800019274],[-115.20718800013529,36.314312999972614],[-115.20715299997521,36.317444000244684],[-115.20713700008169,36.33173399987783],[-115.20709600007379,36.335306000057535],[-115.2607079997108,36.335821999768065],[-115.2607079997108,36.33584099979035],[-115.26083999995528,36.33582600007782],[-115.26084499997816,36.33565799991649],[-115.2764069998369,36.33596700001115],[-115.27863799998097,36.335954999826626],[-115.27850699956142,36.332230999916376],[-115.27856400036113,36.328683999757395],[-115.27856099998807,36.328353999704895],[-115.2785180003304,36.328209999941336],[-115.27847200029963,36.32493900019304],[-115.27852800037613,36.32483099982368],[-115.27850999993447,36.323913000049615],[-115.2785049999116,36.321279999744704],[-115.27854500009458,36.32046899989544],[-115.27854500009458,36.31946500006713],[-115.27858399955429,36.317590999846054],[-115.27860000034616,36.31380299968398],[-115.27862100026256,36.3128550000079],[-115.2786179998895,36.31019300020187],[-115.27864399982877,36.30926499974554],[-115.27862299991237,36.30836399985554],[-115.27867300014108,36.30754300021502],[-115.27873300041554,36.30594000022849],[-115.27880000036268,36.3056160000526],[-115.27894900032561,36.305189000077256],[-115.27913300044862,36.304877000305595],[-115.27926700034293,36.30471599974021],[-115.27968300026953,36.30427600015091],[-115.28266400025109,36.30126000018991],[-115.28057700004702,36.29955600018096],[-115.28030300041063,36.29938800001987],[-115.27981200014096,36.29917900021936],[-115.28067699960616,36.29773500031637],[-115.2809689996842,36.29780900019006],[-115.28107699963921,36.297822000297636],[-115.28159399984817,36.29783799992578],[-115.28159499967309,36.29678700004806],[-115.28016399959517,36.29677600020111],[-115.27915400036501,36.29678700004806],[-115.27865100039979,36.29677399976806],[-115.27865700024756,36.2954150002572],[-115.28295899980385,36.29543800020509],[-115.284636999754,36.297282000243854],[-115.28576999990608,36.29849200028946],[-115.28611300003776,36.29821300018061],[-115.28664899961498,36.297700000038525],[-115.28684399960865,36.297499000269596],[-115.28708800000612,36.29719100026362],[-115.28746799994771,36.2966410001759],[-115.28762199993348,36.2963739997277],[-115.28792999990507,36.2955100003443]]]},"properties":{"zcta":"89131"}},{"type":"Feature","geometry":{"type":"Polygon","coordinates":[[[-115.06221499958531,36.22568500018009],[-115.0622220001563,36.218310999798724],[-115.0598760003845,36.21832199982866],[-115.0598279998056,36.21824799999295],[-115.05981699993494,36.218181999727854],[-115.05984399969913,36.21562299995205],[-115.05993800030876,36.21412300035151],[-115.05995699967703,36.21094400025825],[-115.05752700023962,36.21090600025486],[-115.05750999962285,36.210818999834274],[-115.05749899975223,36.20796800009012],[-115.05755900002667,36.207010000325354],[-115.05755900002667,36.20353900012309],[-115.05868499960775,36.20360299977155],[-115.0620959997596,36.203598000333216],[-115.0620670003456,36.198546999706814],[-115.05991900004221,36.198544999657386],[-115.05991099964629,36.197416999878804],[-115.05992700043811,36.19622000005879],[-115.06206399997255,36.196224000276395],[-115.06209099973674,36.192594999751506],[-115.06213299956956,36.19067500030485],[-115.05981100008715,36.190770999945215],[-115.05980900043734,36.19011000036162],[-115.05985700011792,36.188824999761614],[-115.05325699957207,36.18893599989558],[-115.05049900007161,36.18891800013929],[-115.0491190000473,36.18892899995058],[-115.04827200012546,36.18891100019263],[-115.04471700003356,36.188888999838476],[-115.04379800014172,36.188897000297544],[-115.04286699965597,36.18888000031793],[-115.0424449998816,36.18889299970557],[-115.04114299967509,36.18888599975672],[-115.04113699982729,36.18978399999882],[-115.0394179998693,36.189778999678005],[-115.03927099955621,36.18971399982841],[-115.03927999977702,36.189342999765884],[-115.03473700019633,36.18930699971117],[-115.03471200008195,36.188870000285576],[-115.03190699982748,36.18883499979971],[-115.0301469998616,36.18877299997782],[-115.02952000004778,36.18877799963789],[-115.02741199992737,36.18871499998309],[-115.02339200040336,36.18865300006619],[-115.022590999614,36.188678999639755],[-115.0211550004115,36.18864600009591],[-115.0211689997569,36.186931999926536],[-115.02116000043436,36.18470299973154],[-115.0211960004194,36.18124299970129],[-115.01900200008521,36.18122800000236],[-115.0167419996288,36.18116799972782],[-115.01676400026841,36.18061899979467],[-115.01675099984962,36.17754999975533],[-115.01676599991825,36.173910999978574],[-115.01671999988748,36.173825999735],[-115.0165650000768,36.17387899999153],[-115.01648999973374,36.17385899972105],[-115.00812400027249,36.173672000099614],[-115.00800399972358,36.15890199990282],[-114.99039999986664,36.15907700013655],[-114.99078999985399,36.15800499980463],[-114.9911079998713,36.15688800003693],[-114.99247500037511,36.153484000045594],[-114.99280099989005,36.152967999911255],[-114.99395800033159,36.152222000082226],[-114.9940789998071,36.1521979997988],[-114.99414699957916,36.151722999689255],[-114.99384600017858,36.14907900007765],[-114.99478500016194,36.14579000009663],[-114.99720200007886,36.143708999782234],[-115.00401000013888,36.14153199975993],[-115.00672900017958,36.13963900007862],[-115.00771099982062,36.13937600032472],[-115.01111199992674,36.1378889998215],[-115.0136080003847,36.13701000031527],[-115.01407199999187,36.13688800004553],[-115.01435300019926,36.13685300028399],[-115.01459500004862,36.1368460000396],[-115.02176499960856,36.1368619999754],[-115.02200599963298,36.1369379999887],[-115.02229400041136,36.13708900007361],[-115.02250600012349,36.137136999722614],[-115.02272500040661,36.137161999981565],[-115.02912900023554,36.1371709996376],[-115.02918799978679,36.13468100031093],[-115.02933699974969,36.129692999730196],[-115.02936100003915,36.12945599964626],[-115.02938500032859,36.12803999981971],[-115.02941899976547,36.12508500009312],[-115.02940200004704,36.12215899975171],[-115.02938899962825,36.12170000002031],[-115.02930300031282,36.12086399967589],[-115.0292730001756,36.12001599987723],[-115.0292949999169,36.11903299983617],[-115.02933000007701,36.118742999741656],[-115.02937799975759,36.11798000017451],[-115.02937600010775,36.11779899988815],[-115.02934900034359,36.11776900015722],[-115.0291970000076,36.116668999688734],[-115.02901899973239,36.116563000175375],[-115.02893800043985,36.116480000141614],[-115.0289919999682,36.11605200025369],[-115.0288089996701,36.11585400002496],[-115.02887700034047,36.11538699974012],[-115.0288370001575,36.11523899999025],[-115.02864700018672,36.11505699991541],[-115.028484999805,36.11493100034221],[-115.0283149999257,36.11475500031195],[-115.02807200025144,36.114134000298996],[-115.02776099990682,36.11351899985672],[-115.02748999974517,36.11315600004704],[-115.02709100043532,36.11251299970845],[-115.02708399986429,36.11244700034193],[-115.02705000042742,36.1124030002496],[-115.02699600000076,36.11226599963934],[-115.02699000015299,36.11217799995294],[-115.02684799986275,36.111694000278085],[-115.0267459997555,36.11155199965164],[-115.02670599957253,36.111446999810354],[-115.02659699979257,36.11124400005781],[-115.02654999993692,36.11119399971288],[-115.02639400030132,36.1108870002213],[-115.02625200001107,36.110755000151386],[-115.02621199982812,36.110682999689864],[-115.02598800042045,36.11052900015432],[-115.02577199961206,36.11032600020629],[-115.02552800011289,36.10991399978554],[-115.02546700001355,36.10977699991369],[-115.0251969996768,36.109528999876936],[-115.02494599960662,36.10941400022626],[-115.0246689995972,36.109375000255994],[-115.02445900043324,36.10939699970196],[-115.02433700023448,36.1094359996613],[-115.02390399969114,36.109292999957646],[-115.02370700004762,36.10919399973117],[-115.02357200032843,36.109106000231485],[-115.02347000022118,36.10908899964051],[-115.02331500041046,36.10896299992704],[-115.02313200011237,36.108671000217264],[-115.0227260002315,36.10835799977783],[-115.02253700008562,36.1081929997861],[-115.02209000019688,36.10786400030748],[-115.02202200042483,36.10773200023742],[-115.02191399957144,36.107424000179],[-115.02154899969847,36.106913000304644],[-115.02134600020722,36.10675299999156],[-115.02119700024429,36.10666000011791],[-115.02079800003612,36.10632999991203],[-115.02071600002036,36.10619800016726],[-115.02062899998172,36.106093999816274],[-115.02012799966629,36.10561599967035],[-115.01984399998416,36.10553899969063],[-115.01966099968607,36.105544000304306],[-115.01959999958669,36.10556100021095],[-115.01949099980673,36.10553299967966],[-115.01935600008754,36.10530199999584],[-115.01934900041483,36.1052309997429],[-115.01928900014039,36.10518099992494],[-115.01915299969795,36.10518699996286],[-115.01907900007811,36.10512100024657],[-115.01903200022244,36.10481900017753],[-115.01890300035102,36.10465899995411],[-115.0183679997004,36.104467000126725],[-115.01809099969098,36.10435100018511],[-115.01795500014684,36.104191999874175],[-115.0178680001082,36.10396099987611],[-115.01780000033614,36.1038789997323],[-115.01776600000096,36.10358800014209],[-115.01782100025254,36.10341200009626],[-115.01775299958217,36.10265899978645],[-115.01769900005382,36.102511000003695],[-115.01761100019023,36.10241700002633],[-115.01757799967997,36.10226300025269],[-115.01763899977934,36.102015999886525],[-115.01764499962714,36.101817999837344],[-115.01752999999938,36.101676000228004],[-115.01742200004435,36.10150000025379],[-115.01743600028806,36.10132900004145],[-115.01740899962559,36.10118099993074],[-115.0173409998535,36.101054999871764],[-115.01727399990637,36.10074200029673],[-115.01730099967055,36.10063699979595],[-115.01730099967055,36.10047799995253],[-115.01717900037012,36.10031800032392],[-115.01705100032359,36.10022500009066],[-115.01692900012485,36.09995000023203],[-115.01678699983465,36.09938999997251],[-115.0166589997881,36.09924700012718],[-115.01652999991671,36.099141999806015],[-115.01598900031662,36.09859800007075],[-115.01586000044519,36.09843400011618],[-115.01515699956508,36.097833999826406],[-115.0149540000738,36.097637000349614],[-115.01473700033881,36.097350999824926],[-115.0146290003838,36.09710899968466],[-115.01455499986564,36.09699399999863],[-115.01449399976627,36.09640000031032],[-115.01444000023793,36.096252000351576],[-115.0143120001914,36.0960489998028],[-115.01426399961251,36.09592799999855],[-115.01416999990117,36.09582300032338],[-115.0139330000747,36.095658000135636],[-115.0136009998137,36.095498999653344],[-115.01346600009448,36.095470999891184],[-115.01296499977906,36.09543299978321],[-115.01271399970888,36.095475999693896],[-115.0123759996001,36.095475999693896],[-115.01222699963716,36.09539400013086],[-115.01205099991007,36.09522899976826],[-115.01191600019087,36.095162999671366],[-115.01175399980914,36.095134999789494],[-115.01165900027293,36.09515199977081],[-115.01157800008205,36.095134999789494],[-115.0113200003392,36.09515199977081],[-115.0111710003763,36.09512399988502],[-115.01090100003954,36.095112999978994],[-115.01063700044891,36.0950359998679],[-115.01008199970678,36.09479399985714],[-115.00983099963663,36.094717000159356],[-115.00947900018245,36.09454099984097],[-115.00924900002867,36.094523999727485],[-115.00904599963908,36.094452999896916],[-115.00894500025505,36.09444699976517],[-115.00849099979531,36.094293000340095],[-115.00809199958712,36.094089999811935],[-115.00788900009587,36.09405100021899],[-115.00755099998706,36.09405100021899],[-115.00718500028916,36.09417200000977],[-115.00700899966375,36.09419899996764],[-115.00688700036335,36.09423800021304],[-115.00671800030891,36.09424900024153],[-115.00652199959202,36.094221000034004],[-115.00591900006768,36.094056000112055],[-115.00553999995098,36.093868999684986],[-115.00518799959849,36.09361600032042],[-115.00509399988717,36.09348400026547],[-115.00499299960481,36.09327500033002],[-115.00493800025154,36.09308800022229],[-115.00491200031229,36.09287399999165],[-115.00491200031229,36.09273700016563],[-115.0048439996419,36.092384999703],[-115.00464799982332,36.092208999969394],[-115.0045060004314,36.09213199991661],[-115.004229000422,36.09200599986553],[-115.00377499996223,36.09187900004167],[-115.00290899977382,36.09154900018019],[-115.00237400002152,36.09151599968231],[-115.00227299973919,36.09154299982672],[-115.0017580000784,36.09155900028433],[-115.00148699991672,36.0917239996414],[-115.00082999996569,36.091735000021764],[-115.00029799968813,36.09139800034025],[-114.99632800039286,36.089611000115696],[-114.98907000007105,36.088332999848035],[-114.98586700033168,36.08847399999933],[-114.98546800012348,36.08845899997978],[-114.98541399969683,36.088443000343005],[-114.98510300025049,36.08842100011112],[-114.98482500041617,36.08842699997702],[-114.9837349999218,36.088283999782604],[-114.98322100008586,36.08835599972009],[-114.9826389995796,36.08829600026071],[-114.98223299969874,36.088345000318725],[-114.98182699981787,36.08855400029705],[-114.9814069996933,36.088674999839476],[-114.9805270001595,36.08878499985578],[-114.98025000015006,36.08876900028536],[-114.98018900005071,36.08878000035335],[-114.97986400036069,36.08874300025048],[-114.97955300001607,36.08875800021584],[-114.9792679996107,36.08882999971917],[-114.97882200044522,36.08903300004063],[-114.97848299961318,36.08922499983367],[-114.97798300002097,36.08962700024071],[-114.97750199979703,36.08981900003469],[-114.97727199964326,36.089851999793204],[-114.97690000009759,36.089813999872085],[-114.97658799992806,36.089741999818216],[-114.9762029999636,36.08971499978106],[-114.97612099994781,36.089687999734565],[-114.97558700002044,36.08984200019782],[-114.97535000019397,36.08983100027846],[-114.9749230003967,36.089896999771625],[-114.97476799968769,36.08990199992894],[-114.97444299999769,36.08984200019782],[-114.97431400012626,36.08984700035865],[-114.97411099973667,36.089896999771625],[-114.97392199959079,36.089912999838376],[-114.97365800000016,36.0900450000835],[-114.9735090000372,36.09007300032695],[-114.97329899997494,36.09006199971397],[-114.97306200014849,36.09016600023442],[-114.97291999985826,36.0901989998473],[-114.97272400003968,36.09019399970887],[-114.97263199997816,36.09015900018277],[-114.96772399962614,36.091924999881556],[-114.96501600035437,36.092980999816845],[-114.96214499997771,36.093416999877824],[-114.95667199973616,36.09476799963767],[-114.94999500009573,36.09567800002288],[-114.94832999966607,36.09668599994109],[-114.94783599992168,36.097016000008345],[-114.9477339998144,36.097032000077576],[-114.94729399959834,36.097016000008345],[-114.94723300039732,36.097038000011956],[-114.9470710000156,36.097159000284606],[-114.94689500028849,36.097225000156804],[-114.94685400028062,36.0972190002367],[-114.94659700036266,36.0972679998128],[-114.9461499995756,36.0975269996568],[-114.9459739998485,36.097829000173725],[-114.94576399978624,36.09807100027415],[-114.94514799984309,36.09851600013625],[-114.94446499995277,36.09886200019918],[-114.94434299975406,36.09894399977256],[-114.94429500007347,36.09902099968356],[-114.94429500007347,36.099141999806015],[-114.94428199965468,36.099175000005005],[-114.944058000247,36.09925199968965],[-114.94400399982034,36.09928499984243],[-114.94384200033693,36.099686000130006],[-114.9437059998945,36.09991099991812],[-114.94361200018315,36.10002100017687],[-114.94353000016741,36.10007000018316],[-114.94321899982279,36.10032299981824],[-114.943036000423,36.100492999855604],[-114.94275900041356,36.100624999750494],[-114.94244100039626,36.10091600015411],[-114.94217600008237,36.10110299977981],[-114.94198699993649,36.10119100026083],[-114.94192599983711,36.1012350001015],[-114.94170900010215,36.10152599969742],[-114.94152699962895,36.10163599987256],[-114.94136400032065,36.10166899974997],[-114.9408970003404,36.10180599997233],[-114.94043000036018,36.10190500007438],[-114.94024000038938,36.10191100036245],[-114.94009800009916,36.101944000124334],[-114.93992900004476,36.101954999799894],[-114.939698999891,36.10193299972137],[-114.93959699978373,36.101937999838746],[-114.93930600042891,36.10201000033226],[-114.93902900041948,36.102020999998565],[-114.93856800028705,36.10198199998689],[-114.93847299985246,36.10200400005169],[-114.93845299976098,36.10213299981295],[-114.93845600013404,36.10200900016455],[-114.93835800022474,36.10203199966339],[-114.93785100006156,36.101954999799894],[-114.93770799994641,36.102020999998565],[-114.93777300024372,36.104683000262426],[-114.93957099984449,36.104689999746164],[-114.9398749996181,36.115654000034766],[-114.93956199962362,36.1229909997657],[-114.93952900001167,36.12829700011515],[-114.93953499985946,36.13030799973261],[-114.93390599998229,36.13027399974626],[-114.92199100027698,36.13023800012875],[-114.92249699971693,36.13771600033962],[-114.92388599996208,36.15882899991777],[-114.91950999988764,36.158873000095724],[-114.91955000007059,36.16073000035588],[-114.9194510003364,36.17384899994647],[-114.91362800029049,36.17382699971277],[-114.91304800033235,36.173850999901525],[-114.91319999976999,36.17441399971185],[-114.91359599960512,36.17569099997747],[-114.91376399983459,36.17619199999119],[-114.91393100023917,36.17652300008249],[-114.91436700025726,36.1772509997252],[-114.91632499969158,36.18022199995933],[-114.91667299984611,36.180815999850054],[-114.91688000043368,36.18120599966535],[-114.91710399984136,36.181730000015456],[-114.91722100001721,36.18205099973434],[-114.91743399955422,36.182720000267665],[-114.918108000122,36.18465900027812],[-114.9184319999871,36.18564799993777],[-114.9187469996314,36.18669900022302],[-114.91932800031275,36.188387999821494],[-114.91981299983634,36.1898980002666],[-114.92003399976925,36.19042099997882],[-114.92032199964935,36.19097999985034],[-114.92070999998688,36.191533000121],[-114.92105300011853,36.191949999909475],[-114.9213679997628,36.192236000102746],[-114.9225369998999,36.19323499998035],[-114.92294000030604,36.19356000002532],[-114.92359600043217,36.19401099981147],[-114.92460099963942,36.19463100002422],[-114.92549600014014,36.1951090002113],[-114.9264159998569,36.195464999907564],[-114.92718499996093,36.19571100005932],[-114.92799300042302,36.196012999754664],[-114.92854200041903,36.19625200034415],[-114.92927600036295,36.196619999785824],[-114.93105399987219,36.197695999790525],[-114.93313799970318,36.19900399987773],[-114.93395899968574,36.20138100030705],[-114.93416799992312,36.20158200027582],[-114.93643199967916,36.202103000276885],[-114.93722699972248,36.202365999823016],[-114.93826600016324,36.20265600027716],[-114.94077900033963,36.2032639998714],[-114.94103500043268,36.20329099999424],[-114.94345999984719,36.20441599973319],[-114.94484800026743,36.205082999969505],[-114.94624099981222,36.20571199996976],[-114.94662599977666,36.20586199995048],[-114.94717099957471,36.206042999984284],[-114.94769600017959,36.20619199976606],[-114.948338000062,36.206336000000704],[-114.94912999973224,36.2064550000702],[-114.94971399988833,36.20650400030207],[-114.95048399981728,36.206532999877545],[-114.95651399955241,36.20666900011762],[-114.95898200042127,36.20669599979073],[-114.95967799983207,36.20663400033954],[-114.96282299984513,36.20613900035292],[-114.96558200006884,36.2056549997712],[-114.96623399999699,36.205503000246914],[-114.96661800013655,36.20538999980364],[-114.96771799977836,36.20497799991042],[-114.96853100026334,36.20464299995396],[-114.97426200024773,36.20240800025029],[-114.97499399964352,36.202222999873435],[-114.97914999960996,36.20132399985417],[-114.98068600016818,36.20101100006109],[-114.9818419998865,36.20088599971991],[-114.98222000017826,36.20087500013844],[-114.98251100043139,36.20089100005636],[-114.9829690001908,36.20095000008771],[-114.98321900043607,36.201001000128116],[-114.98356300039262,36.20113499984855],[-114.98382899963312,36.20126599973218],[-114.98423200003924,36.201519999673295],[-114.98527599960457,36.20226299969809],[-114.98580399968418,36.20259700008184],[-114.9860530001045,36.20270399965378],[-114.9864249996502,36.20281799995814],[-114.98659999955237,36.20284900011395],[-114.98695899957755,36.202878000318705],[-114.98740700018953,36.202873999716196],[-114.98757299987089,36.20285299999284],[-114.98790699978173,36.202777999692195],[-114.99047600003462,36.20198499973303],[-114.99010899961351,36.211874000159035],[-114.99022400013955,36.21182800031775],[-114.99046199979094,36.21177299993635],[-114.99058399998965,36.21172299988556],[-114.99097700035006,36.211652000265836],[-114.99126199985707,36.21157499998272],[-114.99134300004792,36.21154700032223],[-114.99170200007313,36.21132699994897],[-114.99292999976149,36.21116199980677],[-114.99329200015973,36.21061199971925],[-114.99327700009111,36.2105069998298],[-114.99333599964235,36.210300999851285],[-114.99543700009009,36.209244999813656],[-114.99626499974536,36.209232000180805],[-114.9966969995655,36.20911700026844],[-114.99689300028238,36.209111000205375],[-114.99708300025318,36.209066999970226],[-114.99776500031858,36.208994999861545],[-114.99817799987213,36.20908999998088],[-114.99907800039573,36.20909700029795],[-114.99922900000844,36.20904099991848],[-114.99955799989642,36.20914300029494],[-115.00005900021185,36.20919200029351],[-115.00026300042634,36.20911499976425],[-115.00058100044365,36.20891600007884],[-115.0010140000887,36.20859500030653],[-115.00142099979448,36.20832599982204],[-115.00184799959175,36.20814000012122],[-115.00207799974552,36.20805699986262],[-115.00234999973208,36.207882000295264],[-115.00266199990159,36.207710999967304],[-115.00287899963658,36.20761800016615],[-115.00335300018786,36.20746999974806],[-115.00359099983922,36.207410000008196],[-115.00369899979425,36.20739899989386],[-115.0038079995742,36.20735500014587],[-115.00390200018384,36.20735000022235],[-115.00407200006315,36.20728900011507],[-115.00452599962458,36.20721300016439],[-115.0050479998564,36.20722900023645],[-115.0052860004061,36.20720200002236],[-115.00553599975304,36.20721300016439],[-115.00580699991468,36.207295999868386],[-115.00616000009211,36.20743299978105],[-115.00700000034122,36.20787300005842],[-115.00725100041143,36.207939000321566],[-115.00786099960844,36.20805999993464],[-115.00789499994366,36.208037999887125],[-115.00833099996171,36.20805199998394],[-115.00829099977877,36.20830099978669],[-115.0077099999957,36.21348599970287],[-115.00569099956374,36.21353799974317],[-115.00576199970884,36.21357999997346],[-115.00584299989971,36.21367400013107],[-115.0058839999076,36.2137619997445],[-115.00589099958027,36.21381700017744],[-115.00586399981609,36.21393199970579],[-115.00593800033425,36.214239999803354],[-115.00593800033425,36.214366000020945],[-115.00580199989182,36.214536000119516],[-115.00578199980035,36.21470099967007],[-115.00580199989182,36.21498099975838],[-115.00568600043918,36.215311000258524],[-115.00539400036114,36.215711999715545],[-115.00511599962846,36.21605200021704],[-115.00507499962059,36.21617899985271],[-115.00510899995577,36.216276999704526],[-115.00519699981933,36.21642000006684],[-115.00536000002592,36.216541000336484],[-115.00540000020892,36.216667999903095],[-115.00540000020892,36.21673399999595],[-115.00536599987373,36.21685499977997],[-115.00541399955429,36.21699699965921],[-115.00546799998098,36.217096000086],[-115.00560299970017,36.21722800021867],[-115.00563700003539,36.21751400010439],[-115.00583299985395,36.21774499986203],[-115.00583299985395,36.21793700003575],[-115.0057449999904,36.2182340002708],[-115.00576000005903,36.2182999997673],[-115.00718299974103,36.21829300027355],[-115.00714000008334,36.22104200000225],[-115.00730199956672,36.221207000325975],[-115.00739000032857,36.221387999652755],[-115.00760700006353,36.22204700020159],[-115.00769499992711,36.22214600003532],[-115.00797299976145,36.222349999824615],[-115.00803999970861,36.22247600002552],[-115.00803999970861,36.2225639998844],[-115.00810099980797,36.22271799976155],[-115.00816199990733,36.22280600007287],[-115.00836500029693,36.22297000022417],[-115.0086029999483,36.223097000224406],[-115.0087920000942,36.22323999971539],[-115.00895500030082,36.22337699997575],[-115.00907699960122,36.22350899965583],[-115.00934100009019,36.22362500022291],[-115.00947699963433,36.223713000238504],[-115.00986300032201,36.22403699977194],[-115.01001200028492,36.224245999995766],[-115.01010000014847,36.22433400003732],[-115.01016100024785,36.224532000312415],[-115.01037799998281,36.22476799989764],[-115.0105539997099,36.225305999938065],[-115.01057399980141,36.22557600006154],[-115.01064800031956,36.22571299985357],[-115.01079100043468,36.22588299993369],[-115.01105500002534,36.22603699979809],[-115.01116299998037,36.22611999982516],[-115.01132600018698,36.22633399971551],[-115.0114819998226,36.22643900010454],[-115.01161700044014,36.2264660002025],[-115.01163499998349,36.226454999868494],[-115.01180099966481,36.22646100005089],[-115.01211899968213,36.226516000251884],[-115.01217300010882,36.22655399992028],[-115.01324500016152,36.22691200012292],[-115.01376700039334,36.2269780002688],[-115.0138820000211,36.22702199985202],[-115.01396300021194,36.227099000150034],[-115.01408500041066,36.22713700025977],[-115.01443100001708,36.22714299966518],[-115.01490499967001,36.227318999652084],[-115.01521699983954,36.22730800016272],[-115.01570599956109,36.227318999652084],[-115.01605100024088,36.227270000136066],[-115.01666899983388,36.22705099979431],[-115.01693300032284,36.22698999982821],[-115.01701500033859,36.22695699976727],[-115.01750999990792,36.2268749999289],[-115.01775199975727,36.22678999992619],[-115.01789599969729,36.226704999831085],[-115.0181149999804,36.226422000306485],[-115.01822899978323,36.22630999966891],[-115.01838500031714,36.226204999831374],[-115.01853400028007,36.22615000013629],[-115.01873000009863,36.226106000062494],[-115.0189879998415,36.225974999729175],[-115.01923200023899,36.22588700008459],[-115.01943599955516,36.225765999777565],[-115.01964599961747,36.22558499971139],[-115.01994299971838,36.22543799998605],[-115.01995600013717,36.22494800035543],[-115.02530399980692,36.2252610000684],[-115.02529899978403,36.22563500032407],[-115.02523199983689,36.22597000027079],[-115.02509399974466,36.22619600025286],[-115.02500099985822,36.22630999966891],[-115.02490799997179,36.226398000286906],[-115.02471200015323,36.22653200000009],[-115.0245420002739,36.22660599997044],[-115.02430500044743,36.22667499973284],[-115.02402400024005,36.22671200002143],[-115.02249500025283,36.22671400007571],[-115.02218499973313,36.226746000212444],[-115.02203499994529,36.22678099969031],[-115.02178899989799,36.22687599995398],[-115.0215710003381,36.22700600020406],[-115.02143200042093,36.22712900008563],[-115.02122599965828,36.22744399980167],[-115.02114799984047,36.22770300035686],[-115.02089799959523,36.23261399985549],[-115.02085099973958,36.237170999724995],[-115.02080899990678,36.23824399970137],[-115.0212320004044,36.23824199994199],[-115.02151899956125,36.23820300027673],[-115.02162400004156,36.2381639998675],[-115.02178800007307,36.23806599990511],[-115.0232040000824,36.236756000115165],[-115.02329799979373,36.23665600003695],[-115.02338599965726,36.23651500024551],[-115.0237399996596,36.23534499988996],[-115.02380699960673,36.235202000070714],[-115.0239649997905,36.234978999795224],[-115.03951800032672,36.22061699998129],[-115.03968200035827,36.220516000173895],[-115.03990300029118,36.220461000101906],[-115.04005200025411,36.220456000291136],[-115.04021000043785,36.22048100006667],[-115.04037299974615,36.220545999735656],[-115.04349199981996,36.2227559998258],[-115.04358800007944,36.222783999823136],[-115.04374799991301,36.222784999900526],[-115.044000999633,36.222707000349814],[-115.04445599991764,36.22242300004628],[-115.05028099961338,36.21843300017571],[-115.05051300031529,36.21830099990197],[-115.05064300001162,36.21826299984778],[-115.05170500001864,36.218268999933855],[-115.0518790000959,36.218315999746665],[-115.05201800001306,36.21842700010221],[-115.0524570004042,36.21910699994606],[-115.05257600022992,36.21932100018113],[-115.05259600032139,36.2193959998473],[-115.05260100034425,36.21951799998165],[-115.05259600032139,36.21989499977661],[-115.05586699983284,36.219904000080135],[-115.05626000019323,36.21991100015448],[-115.05671899977753,36.21995999993251],[-115.05716700038951,36.22007900030091],[-115.05757699957002,36.22025300002044],[-115.05793700031843,36.220483000280275],[-115.05821000012993,36.22072400028078],[-115.05851599955335,36.22110900012737],[-115.05869399982859,36.221480999756565],[-115.0587780003925,36.221843999711496],[-115.05878900026316,36.22204199976747],[-115.05875300027813,36.225929000207294],[-115.05931999981749,36.22593300035585],[-115.06034199964151,36.22567599981705],[-115.06221499958531,36.22568500018009]]]},"properties":{"zcta":"89156"}},{"type":"Feature","geometry":{"type":"Polygon","coordinates":[[[-115.21660800010591,35.89728299968702],[-115.21249599962208,35.89730500017047],[-115.20298399958999,35.89727599996195],[-115.17205499986618,35.8970110003494],[-115.17199899978968,35.89823699988562],[-115.17217899971475,35.89832000004879],[-115.17259200016662,35.89887599993205],[-115.17259399981643,35.8991849997781],[-115.1728239999702,35.90005100006393],[-115.17301399994102,35.90060700015845],[-115.17350199983763,35.90131700005844],[-115.17361800018858,35.901966000139545],[-115.17314199998752,35.90308199994071],[-115.17237000040876,35.904693000000584],[-115.17146800023535,35.908871999923925],[-115.17134000018883,35.91205899989074],[-115.1703600001976,35.915805999756294],[-115.1702609995651,35.917818000066355],[-115.17037799974095,35.91855999968867],[-115.1707180003979,35.91927000001095],[-115.17255299980853,35.92090400005782],[-115.17386500006079,35.922137999696204],[-115.17524799955983,35.922969000137165],[-115.17634300007707,35.92528599965393],[-115.17710700015823,35.92659699978974],[-115.17666299974422,35.92658500013342],[-115.17669999955415,35.9274910003433],[-115.1776679998498,35.92750900034823],[-115.1793499999979,35.92939099991805],[-115.1813500001633,35.932325999920224],[-115.18133900029265,35.93210800009599],[-115.18568299968176,35.93219500021471],[-115.18580900007845,35.93500100019758],[-115.18382999982941,35.937790999798004],[-115.18379399984441,35.937790999798004],[-115.18379600039256,35.93783099976446],[-115.1831799995511,35.938738999957955],[-115.18166399998267,35.93875099995154],[-115.18171000001341,35.93970399974668],[-115.18253299964579,35.939693999993956],[-115.1817440003486,35.94105499987559],[-115.1817569998691,35.940656999687604],[-115.17948999973999,35.94051100013222],[-115.17943799986145,35.942294000018464],[-115.1771759997552,35.94217300027218],[-115.17720000004466,35.94126899964153],[-115.17267300035746,35.941000999645986],[-115.17261399990791,35.94379399980897],[-115.17486699979331,35.94388500013697],[-115.17489000025786,35.94296900010208],[-115.17715099964087,35.94307700001679],[-115.17712600042482,35.9439810003294],[-115.18079799979424,35.94413099998756],[-115.18147999985963,35.94326200004625],[-115.18684400032123,35.93704299975177],[-115.18802400032901,35.93564100018333],[-115.18838599982895,35.935187000325264],[-115.18900000012226,35.93434300022197],[-115.19056500009448,35.93202999973253],[-115.19187200032387,35.93003699978909],[-115.19282300000278,35.93043900028527],[-115.19244899990896,35.930983000246115],[-115.19238699998466,35.931119999989875],[-115.18997099989267,35.934468000047374],[-115.18878500003711,35.936308000355936],[-115.18677300017615,35.93916200026884],[-115.18602499998852,35.94024699991259],[-115.18543900018258,35.94116700034193],[-115.18461999984986,35.94260699978285],[-115.18371500020169,35.94452800014751],[-115.18330799959763,35.94555299970786],[-115.18284099961738,35.946970000239475],[-115.18244499978225,35.948493999931024],[-115.18230599986508,35.94916700028515],[-115.18204499974917,35.950745999839],[-115.1819910002208,35.9513640003249],[-115.18186399999918,35.95316399976546],[-115.18182200016639,35.95477099979272],[-115.18180299989982,35.95503199991986],[-115.18376200005737,35.95506000018871],[-115.18525400023466,35.95501600007339],[-115.18706899955383,35.95507400031945],[-115.18935099975155,35.955045000201736],[-115.19033900013868,35.95511799967535],[-115.19359200010678,35.95510400027959],[-115.19515500042921,35.95507400031945],[-115.19691700004492,35.95511799967535],[-115.19959400025284,35.95510400027959],[-115.20067800000113,35.955061000042335],[-115.1995699999634,35.954102000100725],[-115.19926899966454,35.95368700019432],[-115.19872700023954,35.952831999708465],[-115.1983819995597,35.951837999680905],[-115.19830499956683,35.95116500026314],[-115.1984080003973,35.95021999982972],[-115.1985640000329,35.949674000067056],[-115.19871700019378,35.94921900017016],[-115.1990999996101,35.94852799995351],[-115.19980500014005,35.94761599971629],[-115.20048399983239,35.946978999842905],[-115.20089499973612,35.94641200027888],[-115.20119600003498,35.94571900029639],[-115.20137500013513,35.944127000019726],[-115.20149300013591,35.94255099986261],[-115.20156500010594,35.94205399964981],[-115.20186600040483,35.94140299966209],[-115.20225600039214,35.94088600030012],[-115.20272500002221,35.9404609996845],[-115.20346900001189,35.94005699988106],[-115.2042580002074,35.93980300006709],[-115.20482499974675,35.93970299969876],[-115.20685099985143,35.939645999853994],[-115.2074269996116,35.93957700010183],[-115.2082429995713,35.93942499969732],[-115.208849000367,35.93939799975762],[-115.20962799961845,35.93948699995507],[-115.21037199960813,35.93974200010471],[-115.21168999970816,35.94047800033483],[-115.21238699984215,35.94079600018936],[-115.21624499988275,35.94291699974034],[-115.21630199978415,35.94283699984423],[-115.21634899963983,35.94269199996258],[-115.21632400042378,35.94257200011004],[-115.21604900006417,35.94230900024457],[-115.21480799995703,35.941198999822646],[-115.21449900016056,35.940844999664364],[-115.21429699959586,35.94052700000699],[-115.2141490003562,35.94032700024859],[-115.21381399972212,35.94003799978002],[-115.21260000027748,35.93916899992479],[-115.2088989996974,35.93666099965601],[-115.20857099963438,35.93647299990972],[-115.20773600030638,35.93608199985267],[-115.20735299999176,35.93596599980043],[-115.20486099973174,35.93503400009966],[-115.20342899982892,35.93452600010289],[-115.20101100008708,35.93359300002837],[-115.1990129995715,35.93293399983731],[-115.19896800026396,35.93290099978597],[-115.19860400021588,35.93279000010729],[-115.19579999978633,35.93177799987896],[-115.19490099998598,35.93143100005618],[-115.19445800029519,35.93123800018949],[-115.19319399972352,35.930620000148856],[-115.19540300012633,35.92740299993663],[-115.2047939997846,35.91403699990068],[-115.2078640003529,35.90974199996505],[-115.2102779998968,35.90625099979937],[-115.2124610003603,35.903185000128666],[-115.21660800010591,35.89728299968702]]]},"properties":{"zcta":"89054"}},{"type":"Feature","geometry":{"type":"Polygon","coordinates":[[[-115.2072009996558,36.30767199973193],[-115.20723900018896,36.305965999902725],[-115.20573199994301,36.30599200029223],[-115.20417799984145,36.30612799979381],[-115.2037159998841,36.3061329999147],[-115.19233500010613,36.30584900021449],[-115.19082100018753,36.30579600031652],[-115.1899459997783,36.30573000014729],[-115.18899400027446,36.305680999853976],[-115.18908799998582,36.30583599999698],[-115.1891080000773,36.30592900022447],[-115.18918300042037,36.31292099993718],[-115.1891990003139,36.31299499987919],[-115.18924000032177,36.313045999935326],[-115.18931700031467,36.313076000165616],[-115.1896579998982,36.31309299992912],[-115.2004570000682,36.3132779999682],[-115.20266399992286,36.31334400026325],[-115.20419700010802,36.313354000303065],[-115.20718800013529,36.31343700022222],[-115.20721400007459,36.30804800019274],[-115.2072009996558,36.30767199973193]]]},"properties":{"zcta":"89085"}},{"type":"Feature","geometry":{"type":"Polygon","coordinates":[[[-115.18057500021152,36.06121499993335],[-115.18060600017364,36.0570540002255],[-115.17682799960066,36.0569890000504],[-115.17458200028626,36.0569890000504],[-115.17310099997962,36.0569400000617],[-115.1710849999207,36.056898000150845],[-115.16786200008983,36.05692699986689],[-115.16335499959581,36.0569400000617],[-115.16335600031903,36.05453099991542],[-115.16271699991134,36.05452499964211],[-115.16271600008642,36.05565400016568],[-115.15949499990538,36.05565600022818],[-115.15949900010332,36.05466099991472],[-115.1583480004079,36.05464900011371],[-115.1583559999055,36.05507600031925],[-115.15497200041615,36.05508099978578],[-115.15497700043899,36.05422700001734],[-115.15437700038939,36.05422299981971],[-115.15439400010784,36.05539400032783],[-115.15437400001633,36.05696899976226],[-115.14945200031893,36.057062000332714],[-115.14572999982245,36.057159000115625],[-115.14407000031399,36.05722600017287],[-115.14209100006497,36.05728100004713],[-115.1414039999767,36.057292000162654],[-115.14044800027493,36.057279000026],[-115.13848599974433,36.05732599978366],[-115.1379250000528,36.057365000163905],[-115.13616699973672,36.057421999958585],[-115.12979399986992,36.05757799972074],[-115.12976100025794,36.05656400009631],[-115.12910199975876,36.05655499991869],[-115.12905200042836,36.05664000010286],[-115.12741299993797,36.05666199978524],[-115.12742499963356,36.056565000115974],[-115.12640600018258,36.05649600018117],[-115.12641000038056,36.05677400031779],[-115.1252250003499,36.05671700005369],[-115.1252029997103,36.055931000343996],[-115.1252110001062,36.055265000122986],[-115.12507499966378,36.05525799986937],[-115.12506399979313,36.05479399982593],[-115.12401799967965,36.05475000013679],[-115.12403299974825,36.05539699970519],[-115.12307200002364,36.05540600001524],[-115.1230629998028,36.05515899984704],[-115.12278400014354,36.0551579998095],[-115.12276300022714,36.05388000027532],[-115.12286899963404,36.05389500035439],[-115.1228379996719,36.05347199978746],[-115.12183599993939,36.053396000352926],[-115.12056600041824,36.05332599975768],[-115.12061800029677,36.056180000317156],[-115.11931899956502,36.05619900005526],[-115.11931000024249,36.05575799971513],[-115.11924900014311,36.0557859998217],[-115.1186209996061,36.054883999938625],[-115.11826900015191,36.055028999944085],[-115.11829799956591,36.05686599965038],[-115.11848900025993,36.06454899973493],[-115.11864499989555,36.070140000176686],[-115.11866199961398,36.07130199985274],[-115.11868699972834,36.07156700000198],[-115.11867500003277,36.07249800011412],[-115.11874000033008,36.077198000168586],[-115.11874399962974,36.07890000013891],[-115.11759600030734,36.078883000272725],[-115.11651199966073,36.07891499980427],[-115.11656799973724,36.08059200025088],[-115.11655100001882,36.082430999961616],[-115.11653799960003,36.08257899981041],[-115.11654900036898,36.08365899990636],[-115.11652599990445,36.08456599997239],[-115.11653799960003,36.08550300018771],[-115.11657000028538,36.086233999986554],[-115.11811000014325,36.08617799965848],[-115.11881300012503,36.08618100003999],[-115.11879800005643,36.08668999972148],[-115.11803599962508,36.08670500007859],[-115.11807499998314,36.09241400012865],[-115.11797600024894,36.092417000272185],[-115.11801899990667,36.09295900012928],[-115.11772799965351,36.09295999968627],[-115.11772900037674,36.09653199982255],[-115.11889500014081,36.09650699969004],[-115.1189160000572,36.0973699997804],[-115.11892500027801,36.099946999650214],[-115.11899200022518,36.10361200005179],[-115.11674299963941,36.10363399966017],[-115.11675400040839,36.10428800018255],[-115.11673000011893,36.10637100016699],[-115.1167400001647,36.10732699997415],[-115.11906699966993,36.10730000017264],[-115.1191219999215,36.10997600028996],[-115.11874799982769,36.10998199996162],[-115.11807599980803,36.10931799965057],[-115.11722999971113,36.109343000061244],[-115.1171140002585,36.10937300010812],[-115.11706900005267,36.10940500029064],[-115.1170310004178,36.10948400025458],[-115.11702399984682,36.109573000127924],[-115.11705800018201,36.110818000047495],[-115.11825200043347,36.110807000161394],[-115.11825599973312,36.11099899973281],[-115.11912000027169,36.1109700003606],[-115.1191839998458,36.11459099997821],[-115.11917499962496,36.11475000028469],[-115.11686200036343,36.114828999952145],[-115.11684999976956,36.11566899994281],[-115.11678199999747,36.11662699974808],[-115.11675299968515,36.118324000218095],[-115.11676100008107,36.11850500001988],[-115.11933899965649,36.118426999655334],[-115.1277229995594,36.11838899976595],[-115.12767300022897,36.119170000251444],[-115.12757100012173,36.12020800015453],[-115.12743999970216,36.121813999905314],[-115.12747700041041,36.12195199973556],[-115.12753699978654,36.12203299996463],[-115.12767900007677,36.122132999881316],[-115.1278380000854,36.12219199971441],[-115.13264900035304,36.12217599969022],[-115.13285900041535,36.122132999881316],[-115.1334889997039,36.1218579998039],[-115.13397599977559,36.121668999685596],[-115.13442500021249,36.1216159996936],[-115.13465199999321,36.12161499977556],[-115.13569800010666,36.12167799966698],[-115.1360169999489,36.12174399998279],[-115.13642600020282,36.12198200004511],[-115.13658500021147,36.122049000017896],[-115.13684999962703,36.12210899982587],[-115.13737699988171,36.12214099989817],[-115.13750699957805,36.120245999889185],[-115.14184800039071,36.120256999904434],[-115.14181300023063,36.121228000058956],[-115.14607200012921,36.12123099982785],[-115.14619000012998,36.12121299976156],[-115.14763499955332,36.12079400035764],[-115.14763600027653,36.1207179999491],[-115.14819199994523,36.120750999791774],[-115.14818500027255,36.12121199983837],[-115.14795099992082,36.12123899993662],[-115.14761799983488,36.12131499984084],[-115.147612999812,36.12227299969585],[-115.15053699989214,36.122261000053236],[-115.15050599992998,36.123297999828814],[-115.15044599965553,36.123510000119445],[-115.1503519999442,36.12358300032314],[-115.1510690001697,36.12357800013245],[-115.15111299965231,36.12124199970511],[-115.15055600015872,36.12123899993662],[-115.15056700002935,36.12029500034103],[-115.15274799994475,36.1203229999635],[-115.15277499970891,36.11863900003737],[-115.15278499975467,36.11634700005327],[-115.15219099955281,36.11602299984458],[-115.15200700032811,36.115950999858555],[-115.15177600034946,36.1159050002965],[-115.15064300019736,36.11591300022231],[-115.15063700034956,36.115766000004925],[-115.1505489995877,36.1154620002326],[-115.15056500037956,36.114666999786046],[-115.14638299957552,36.11461200013298],[-115.14641199988783,36.11432499970871],[-115.14646899978923,36.114094999769684],[-115.14650899997224,36.11400899998548],[-115.14663199999588,36.113793000095214],[-115.14683799986018,36.11357100021386],[-115.14701199993746,36.11343100012288],[-115.14719600006048,36.113325999890904],[-115.14754500003994,36.113204999843404],[-115.14825300004458,36.113005999665766],[-115.14897500029296,36.112827000311455],[-115.1494720004104,36.11267599999561],[-115.149740000199,36.112555999705755],[-115.14998600024633,36.11239399993081],[-115.15018399971471,36.11220000006518],[-115.15033000020289,36.11199900016285],[-115.15042800011219,36.111751999928586],[-115.15046900012008,36.11147499968498],[-115.15047599979276,36.111170999993526],[-115.1504630002723,36.10999099983112],[-115.15041300004357,36.10795000028874],[-115.15037399968553,36.10729499967076],[-115.15033000020289,36.10708099966575],[-115.14995399956096,36.10617699993999],[-115.14982600041272,36.1056949998161],[-115.14965200033546,36.10476099976225],[-115.1495190002661,36.104295999840055],[-115.1494230000066,36.10409799973068],[-115.14929400013519,36.10393200008286],[-115.14912199970772,36.10375600008193],[-115.1489019995997,36.10357499967379],[-115.1486399996589,36.10343999993197],[-115.14722199999976,36.10290100025278],[-115.1468880000889,36.10275599994891],[-115.1467180002096,36.102648000209406],[-115.14649599955342,36.10247200023521],[-115.1463099997806,36.10228400007467],[-115.14619199977982,36.10212700026761],[-115.14603100012134,36.10183300021048],[-115.14598500009059,36.10168299997965],[-115.14592399999123,36.101383000110495],[-115.14591499977038,36.10097099996215],[-115.14686399979945,36.10106299985849],[-115.14758100002494,36.10108400000116],[-115.14960999960437,36.10102000010181],[-115.15426799971112,36.100961000329825],[-115.15621299962497,36.10090400015127],[-115.16074799970806,36.1008560001217],[-115.16142899994854,36.10083499991805],[-115.16275399972126,36.10083099991318],[-115.1638340001699,36.100860000125294],[-115.16662400035574,36.100884000142514],[-115.16659699969325,36.097238999726656],[-115.16967099956122,36.09728900024393],[-115.16987899997368,36.09725499975047],[-115.17017400042475,36.0971550000926],[-115.1703669998703,36.0969719999827],[-115.17040700005327,36.09691000010264],[-115.17046700032772,36.0967819999848],[-115.1704999999397,36.09659800022142],[-115.1704940000919,36.09543200025768],[-115.17044899988606,36.09432099979607],[-115.17045300008401,36.094154999816446],[-115.1704790000233,36.094035999812014],[-115.17053000007691,36.09392400007028],[-115.1706549997504,36.09378399980566],[-115.17074900036003,36.09370999993839],[-115.17087800023147,36.093645999840035],[-115.17102299999642,36.093599000006826],[-115.17113599997433,36.09357800004138],[-115.1713519998844,36.09357399966709],[-115.17288500006956,36.09360200010514],[-115.1729219998795,36.097356999734956],[-115.17362099966333,36.097334000319314],[-115.17487500018923,36.09732299999678],[-115.18004799995681,36.09732199976947],[-115.17997500016189,36.09869299974619],[-115.17988599957512,36.09905500013869],[-115.17959299967215,36.09966500033948],[-115.17951200037962,36.09991200011253],[-115.17942799981569,36.100279999656564],[-115.17939799967849,36.10071499968367],[-115.18048200032509,36.10069800017999],[-115.18048700034795,36.098105999906075],[-115.1804620002336,36.0949819997921],[-115.18049300019574,36.093463000269296],[-115.18050300024149,36.0903379996484],[-115.18054400024936,36.085995999768464],[-115.18055599994493,36.08060099985675],[-115.18053599985343,36.0803509997729],[-115.18053599985343,36.07857600013477],[-115.1805619997927,36.07099999979706],[-115.18055400029509,36.06790199966829],[-115.18058100005928,36.06492500003193],[-115.18057500021152,36.06121499993335]]]},"properties":{"zcta":"89119"}},{"type":"Feature","geometry":{"type":"Polygon","coordinates":[[[-115.32019299962244,36.336209999913116],[-115.31621499993122,36.331887000070246],[-115.31476600030996,36.3303429999258],[-115.31174799962018,36.326975000323884],[-115.29465099992643,36.308282000034005],[-115.29232400042119,36.30569799978197],[-115.28936600000587,36.302466000212824],[-115.28878600004772,36.30180599967946],[-115.28599599986188,36.29874000035293],[-115.284636999754,36.297282000243854],[-115.28295899980385,36.29543800020509],[-115.27865700024756,36.2954150002572],[-115.27865100039979,36.29677399976806],[-115.27915400036501,36.29678700004806],[-115.28016399959517,36.29677600020111],[-115.28159499967309,36.29678700004806],[-115.28159399984817,36.29783799992578],[-115.28107699963921,36.297822000297636],[-115.2809689996842,36.29780900019006],[-115.28067699960616,36.29773500031637],[-115.27981200014096,36.29917900021936],[-115.28030300041063,36.29938800001987],[-115.28057700004702,36.29955600018096],[-115.28266400025109,36.30126000018991],[-115.27968300026953,36.30427600015091],[-115.27926700034293,36.30471599974021],[-115.27913300044862,36.304877000305595],[-115.27894900032561,36.305189000077256],[-115.27880000036268,36.3056160000526],[-115.27873300041554,36.30594000022849],[-115.27867300014108,36.30754300021502],[-115.27862299991237,36.30836399985554],[-115.27864399982877,36.30926499974554],[-115.2786179998895,36.31019300020187],[-115.27862100026256,36.3128550000079],[-115.27860000034616,36.31380299968398],[-115.27858399955429,36.317590999846054],[-115.27854500009458,36.31946500006713],[-115.27854500009458,36.32046899989544],[-115.2785049999116,36.321279999744704],[-115.27850999993447,36.323913000049615],[-115.27852800037613,36.32483099982368],[-115.27847200029963,36.32493900019304],[-115.2785180003304,36.328209999941336],[-115.27856099998807,36.328353999704895],[-115.27856400036113,36.328683999757395],[-115.27850699956142,36.332230999916376],[-115.27863799998097,36.335954999826626],[-115.28024099958805,36.335946999943744],[-115.28293600023764,36.3358570003006],[-115.28522500010804,36.33586300003888],[-115.28548899969869,36.33588500028113],[-115.29634999979295,36.33606400004802],[-115.30017600004649,36.336101999969905],[-115.31483599973183,36.33624300012723],[-115.32019299962244,36.336209999913116]]]},"properties":{"zcta":"89143"}},{"type":"Feature","geometry":{"type":"Polygon","coordinates":[[[-115.34260799974702,36.188418999890956],[-115.34252900010429,36.185786999683764],[-115.34197000006255,36.18365700020235],[-115.34120099995855,36.181527000081225],[-115.33842099981842,36.1756250000842],[-115.33825000011421,36.17512000022561],[-115.33801499993757,36.174282999865945],[-115.33787900039346,36.17370600012988],[-115.33776399986742,36.17312599981074],[-115.33764500004173,36.172345999739434],[-115.33755700017817,36.17142500026631],[-115.33752899969078,36.170361000002394],[-115.33744500002518,36.169181999968345],[-115.33735399978858,36.166709999869525],[-115.33724900020663,36.164487000015896],[-115.33725199968133,36.16331400004696],[-115.33707500012932,36.15897499981983],[-115.33644199956943,36.15895799987502],[-115.33203799990588,36.158960000210065],[-115.323105000007,36.15893300003486],[-115.3230909997633,36.16074500035231],[-115.3230980003343,36.16248700028882],[-115.32314900038793,36.16306100032636],[-115.32320299991628,36.16334499988487],[-115.32331699971911,36.16376700013253],[-115.32123000041338,36.16390600026153],[-115.32245499972865,36.16671300007532],[-115.32224700021453,36.16734500025692],[-115.32216699984858,36.16750400028978],[-115.32083399967992,36.16721799972077],[-115.32028499968393,36.16713100006841],[-115.3200019998267,36.16711100025138],[-115.31957699967928,36.16711100025138],[-115.31915300025507,36.16714600029046],[-115.31880500010051,36.16720300023772],[-115.31471799973106,36.16814899982403],[-115.31431500022323,36.168261000296255],[-115.31392900043387,36.16840599999],[-115.31356399966258,36.16858400017257],[-115.31225399995849,36.16942399986459],[-115.31195900040568,36.16958300003091],[-115.31138799977008,36.16981399982097],[-115.31098600008715,36.169927000116964],[-115.31071099972755,36.169983000190435],[-115.31036099992319,36.17003100001439],[-115.30993699960065,36.17005599994129],[-115.30444900018881,36.17002499985672],[-115.2998870003415,36.169958000240314],[-115.29871900002931,36.16992600008943],[-115.29792099961297,36.169876000144775],[-115.29726299983705,36.16973999981478],[-115.29706199999559,36.16968300026219],[-115.29661000008397,36.16951600003663],[-115.2962460000359,36.16933799979523],[-115.29579800032224,36.169055000233215],[-115.2947410003381,36.16820399966801],[-115.29447699984917,36.16801200007123],[-115.29402599976244,36.167763999835486],[-115.29354600026176,36.16757800023153],[-115.2930359997255,36.16745599964337],[-115.29250900036912,36.16739999993988],[-115.29206900015306,36.167404000179054],[-115.29006200031498,36.16750500034822],[-115.28954400028111,36.16746999974429],[-115.28917699985999,36.16739400030602],[-115.2887850002228,36.16726000014358],[-115.28838600001467,36.16705500030141],[-115.28801399957067,36.16679699998919],[-115.28792400005729,36.166868999740146],[-115.28768200020795,36.16712300028724],[-115.28748200019139,36.16739400030602],[-115.28732300018274,36.167703000072514],[-115.28713400003686,36.168188999648436],[-115.2870510001962,36.16850799963886],[-115.28702100005896,36.16880600035518],[-115.28700599999033,36.169685000323554],[-115.28706700008969,36.17344000009638],[-115.28706000041701,36.17402900004439],[-115.28717699969458,36.177086000272496],[-115.28717199967168,36.177662999772764],[-115.28812400007382,36.177750999987836],[-115.29022100032361,36.17799699994952],[-115.29114100004037,36.1780880002849],[-115.2915500002943,36.178112999816705],[-115.29305199961901,36.17831400005511],[-115.29389299969307,36.17849200021089],[-115.29478900001871,36.17874600006693],[-115.29563699976545,36.17905799976222],[-115.29644900042548,36.179413999914125],[-115.29722500020218,36.179834000123336],[-115.29776400015245,36.18017800016423],[-115.29817800042925,36.18047400022133],[-115.30223700031131,36.183440999896],[-115.30280999969843,36.183835999669256],[-115.30285400007935,36.18390299974525],[-115.3040559998284,36.18480999983161],[-115.3051320000791,36.185663000240446],[-115.30739300036042,36.18735000009389],[-115.30799199968683,36.18778300010204],[-115.30964000039803,36.188917000354074],[-115.31034900022763,36.1893649999925],[-115.31095199975196,36.189715000328455],[-115.31111099976063,36.189767000211745],[-115.31240000044666,36.1904670000761],[-115.31302100041268,36.19076100015432],[-115.31408000004659,36.191221000089165],[-115.31514899972628,36.191641999815815],[-115.31586000010398,36.1918929998399],[-115.31744400034279,36.192398000321695],[-115.3185430001597,36.19268700026491],[-115.31922699987491,36.19285000001077],[-115.31993099968162,36.19299499987316],[-115.32069599958767,36.19313899973577],[-115.321902000433,36.193326999741835],[-115.32303800005985,36.19345900009336],[-115.3251100001953,36.19364100025707],[-115.32634000043174,36.19371700033566],[-115.32728199988982,36.193704000298816],[-115.32777200033459,36.1936730001465],[-115.328738999907,36.19356599983052],[-115.32969299995897,36.19337799967335],[-115.33152800026794,36.19293599964655],[-115.3367780000284,36.191606999843884],[-115.33735999963636,36.191477999977906],[-115.3381069999991,36.191354000119965],[-115.33845400032871,36.19131600003061],[-115.33920099979314,36.19129599986174],[-115.3398770000107,36.191318000264765],[-115.34146500044749,36.19143600021171],[-115.34163299977868,36.19153800032981],[-115.34240799973047,36.191623999956484],[-115.34260799974702,36.188418999890956]]]},"properties":{"zcta":"89144"}},{"type":"Feature","geometry":{"type":"Polygon","coordinates":[[[-115.83449699968583,35.95482800036218],[-115.83458200007465,35.95481699975795],[-115.78927999982237,35.91952400032231],[-115.78910099972221,35.9192479998138],[-115.78450399971481,35.91579900021443],[-115.77952500011601,35.91191400030779],[-115.76113500043658,35.89743000032049],[-115.74204900044809,35.88258100032117],[-115.70906399958405,35.85687000030161],[-115.70747799969543,35.85557999989657],[-115.70277100008319,35.85189900004264],[-115.69573299986942,35.846480999778464],[-115.69610299976526,35.84638299969945],[-115.69624599988038,35.84631400017301],[-115.6963229998733,35.846294000362356],[-115.69646099996555,35.84629200008974],[-115.69717700036612,35.84615700014034],[-115.69764900036924,35.846118999983716],[-115.69834700032814,35.846103999725216],[-115.69944699996998,35.846041000065],[-115.6995280001608,35.84601999968172],[-115.6996389995906,35.84604799994881],[-115.69971999978145,35.84601400029935],[-115.69991999979798,35.84604199984039],[-115.70045999957316,35.84597699985035],[-115.70061799975689,35.8459829999637],[-115.70072300023718,35.84596300006958],[-115.70131700043903,35.84594300017046],[-115.70145700018112,35.84589299967235],[-115.70167999976388,35.84591599964322],[-115.70200600017711,35.84589899979199],[-115.70251499999016,35.84586999969474],[-115.70314199980396,35.84580999991181],[-115.70382100039458,35.84580300000698],[-115.7039050000602,35.84576300012291],[-115.70413799968868,35.84575199964158],[-115.70423300012325,35.845793000037865],[-115.70439700015478,35.84578699991014],[-115.70450099991184,35.84574700001805],[-115.70510400033453,35.84571700008569],[-115.70520200024382,35.845734999755194],[-115.7055949997059,35.8457319996892],[-115.7058490001491,35.845648999760165],[-115.70620800017429,35.84565100004899],[-115.70878900012276,35.845527000250776],[-115.7105230001494,35.8456319998517],[-115.71456199993995,35.84628599999978],[-115.71611100001867,35.846612000103654],[-115.71690000021417,35.84669600024829],[-115.71683400009194,35.84264899980722],[-115.71551199979395,35.841937999933045],[-115.71354900033677,35.840976000206396],[-115.71191999989213,35.84026200035582],[-115.70782300037523,35.837937000156664],[-115.70583999992826,35.83686700016288],[-115.70211999997994,35.8344680002718],[-115.6999700000267,35.833208999827825],[-115.69763599995045,35.83181400024774],[-115.69591000031974,35.830846000307446],[-115.695387000263,35.830577000012],[-115.69490100001617,35.83030099971683],[-115.69444400008169,35.830027999850024],[-115.69376000036651,35.829578000084524],[-115.69230099980116,35.82875599969333],[-115.69111800031867,35.827948000305305],[-115.6907609999433,35.82569800001935],[-115.6906770002777,35.82494400015123],[-115.69062000037628,35.82478499998321],[-115.69051400007109,35.82387900002506],[-115.69053599981238,35.823686000158574],[-115.69057599999536,35.823584000092445],[-115.69181499955437,35.82358300003403],[-115.69882600000393,35.82349499994191],[-115.70607900030288,35.823516999792],[-115.7066719997815,35.82353899963599],[-115.70845299966376,35.82353899963599],[-115.71054099969274,35.82358300003403],[-115.71299500031792,35.82367799970113],[-115.7141710001277,35.82374000031192],[-115.71696200013847,35.82404200003363],[-115.7168800001227,35.82391799996374],[-115.71678399986322,35.8238229998555],[-115.7156769996504,35.82315500009306],[-115.71539700016622,35.82296299998919],[-115.71468900016157,35.82237499964993],[-115.71181199993711,35.820335000186695],[-115.71099900035045,35.81981000019271],[-115.70930299995867,35.819008000022485],[-115.7045400002699,35.816939999655894],[-115.70424599964372,35.81683299967386],[-115.7007449999785,35.81531099982411],[-115.70045700009842,35.81517100024119],[-115.70011399996675,35.81498100010006],[-115.69952200031304,35.814574999816074],[-115.69842400032104,35.81387400004777],[-115.69700699958851,35.8130480001628],[-115.69517899985054,35.811927000156295],[-115.69251199968835,35.8102279996558],[-115.69162799995662,35.80960599974609],[-115.69081700001978,35.808895000301575],[-115.69075000007264,35.808812999965426],[-115.69055099988101,35.808808000199875],[-115.69058000019331,35.807129999747794],[-115.69057000014757,35.80322999994772],[-115.69059000023907,35.80265000029907],[-115.69065999966094,35.80240999985892],[-115.69099000027215,35.80192000004803],[-115.69103999960255,35.80180999995758],[-115.69106999973977,35.801660000184846],[-115.6910200004094,35.80118999964568],[-115.6910200004094,35.801029999649316],[-115.69117000019719,35.798299999825446],[-115.6911900002887,35.79773000008182],[-115.69117000019719,35.79746000011813],[-115.68988999973202,35.795050000302155],[-115.6896200002936,35.79451000018714],[-115.68830999969117,35.792109999966776],[-115.68785000028195,35.791219999701795],[-115.6874100000659,35.79045999966643],[-115.68726000027806,35.79013999985494],[-115.68694999975835,35.789550000331324],[-115.68659999995398,35.788969999914364],[-115.6865299996338,35.78881000008468],[-115.68651000044062,35.78870999993645],[-115.68649000034914,35.78838999963676],[-115.68645000016613,35.78828999968872],[-115.68634999970874,35.78824999996581],[-115.68620999996665,35.7882300000968],[-115.68615999973794,35.788190000343626],[-115.68575999970486,35.787499999975665],[-115.68570000032871,35.78738000028236],[-115.68568000023724,35.78724000028973],[-115.6852700001584,35.786490000242075],[-115.68510000027909,35.78613999988682],[-115.68412000028786,35.78433999984554],[-115.68610000036179,35.78402000016992],[-115.68653999967951,35.783910000075],[-115.68803000020702,35.78325999978542],[-115.68988999973202,35.782660000294314],[-115.6906499996152,35.78224000014221],[-115.69216000023415,35.78190000002482],[-115.6932099996473,35.78149000028546],[-115.69342999975531,35.78143999999488],[-115.69452000024967,35.781389999672804],[-115.69503999993337,35.78129999974258],[-115.69616999971242,35.78099999972524],[-115.69678999985352,35.78078999991395],[-115.69801000004426,35.780289999935185],[-115.69974999991868,35.77970000017163],[-115.70012999986027,35.77960999978574],[-115.7028999999546,35.779250000138504],[-115.70494000030298,35.778899999971266],[-115.70566000000319,35.77883000019021],[-115.70909000042165,35.778319999820916],[-115.71204999958847,35.777809999824115],[-115.71560999970323,35.77740000012682],[-115.71656999960297,35.77736000002538],[-115.71734000043021,35.77741999980557],[-115.71902000003017,35.77740999996679],[-115.71970999959316,35.777329999753874],[-115.7228799997206,35.77713000032696],[-115.72479000037265,35.77705999971631],[-115.7260699999395,35.77708000020941],[-115.72666999998916,35.77699999966445],[-115.72901999995892,35.776909999866135],[-115.72969000032876,35.77696999998591],[-115.73031999961728,35.77694000029607],[-115.73476000016416,35.776069999994185],[-115.73556000023032,35.775969999852116],[-115.73672000014659,35.775609999757],[-115.73794000033732,35.77532000023612],[-115.73941999992074,35.77506000006806],[-115.7407199995791,35.77491000008892],[-115.74236999994014,35.774519999693545],[-115.74407999967731,35.77419000033178],[-115.74619000034592,35.77364000029572],[-115.74721999966752,35.77348000022025],[-115.74769000002081,35.773449999942514],[-115.74891000021154,35.773500000156226],[-115.74938999971225,35.77341000004044],[-115.75025000005287,35.77317000020567],[-115.75083000001102,35.77311000013374],[-115.75153999966548,35.77278000002244],[-115.75208000033898,35.77245999973308],[-115.75339000004307,35.771480000174996],[-115.75448999968489,35.77091999969083],[-115.75580000028732,35.77046000027384],[-115.75635000010821,35.77022000028238],[-115.76054999955726,35.76790999977534],[-115.76116999969838,35.767670000106556],[-115.7625799998599,35.767329999639784],[-115.7637699999134,35.76696999979098],[-115.76429999964284,35.76676000009858],[-115.76537000004576,35.76608000013642],[-115.76666999970409,35.76541000008344],[-115.76938999956974,35.763869999837524],[-115.77068000008067,35.7629200000158],[-115.77095399971707,35.762775000211356],[-115.77135999959793,35.762670000363904],[-115.77190699994408,35.76258199985049],[-115.77175799998118,35.76216099996533],[-115.77423699982238,35.76015400013824],[-115.77744999960751,35.754970000034696],[-115.77894299960973,35.75417099985783],[-115.78013500021136,35.753249000323315],[-115.78141700032637,35.75191799997568],[-115.78140200025774,35.751480000144646],[-115.78146900020491,35.750753000182264],[-115.78244199962514,35.749936999966806],[-115.783552000211,35.74860599963627],[-115.78471499960202,35.74684999997748],[-115.7856219997983,35.74619800020145],[-115.7868810003471,35.74554199967104],[-115.78784299989664,35.744801000033945],[-115.78833699964106,35.744138999868156],[-115.7887690003595,35.743007000360706],[-115.78909099967649,35.74245899978671],[-115.78927700034764,35.741717999887726],[-115.79458999985728,35.735129999771615],[-115.7947199995536,35.734729999685975],[-115.7950900003478,35.73397000011324],[-115.79552999966552,35.73320000028776],[-115.79632999973168,35.7318900000787],[-115.79666000034288,35.73147999998341],[-115.79892999994674,35.7291000002349],[-115.79930999988831,35.72868000023204],[-115.79945999967615,35.728480000285714],[-115.7996899998299,35.72807000013844],[-115.80002999958853,35.727309999726494],[-115.80081999960895,35.7246899998717],[-115.8010899999457,35.72358000007235],[-115.80122999968778,35.722690000152014],[-115.80155000025324,35.72037000009283],[-115.80182999973742,35.718020000281946],[-115.80182999973742,35.7176599998343],[-115.80174000022404,35.71725000015969],[-115.8014499997958,35.716540000358606],[-115.80115000022016,35.716000000352835],[-115.80059000035351,35.71516000004001],[-115.80016299965793,35.7145549998519],[-115.80270000012378,35.71496900012949],[-115.79944399978261,35.712564000250296],[-115.7961880003398,35.710595000249896],[-115.79512899980753,35.710381999816995],[-115.79476999978233,35.710099999868035],[-115.7939999998534,35.70942999981108],[-115.79357999972885,35.70911999976246],[-115.79151000014153,35.707499999872894],[-115.79114000024569,35.7071699997898],[-115.78850999989342,35.70510999991145],[-115.78702000026426,35.703880000013854],[-115.78594999986137,35.703070000179686],[-115.7848900004025,35.70222000020447],[-115.7842500001699,35.70163999997187],[-115.78398300020622,35.70135399991643],[-115.78368000025752,35.70096500031909],[-115.78349000028672,35.70072000015556],[-115.78316999972127,35.700249999863516],[-115.78286000009986,35.69963000011423],[-115.78263599979388,35.699074000343046],[-115.7822159996693,35.699250000144175],[-115.78169099996276,35.69950999993537],[-115.7810110004455,35.69981799983682],[-115.78000100031706,35.70040599992617],[-115.77954699985729,35.70064600032439],[-115.77903399984633,35.70089099998578],[-115.77789499984644,35.70133900004586],[-115.7771390001612,35.70169600013811],[-115.77659900038606,35.702004000349284],[-115.77577500003044,35.70240399988971],[-115.77519199969925,35.70277499980329],[-115.77501799962197,35.70292000019889],[-115.77463000018278,35.70334199980434],[-115.77447899967171,35.703568000047134],[-115.77357999987133,35.70505500004555],[-115.77294200018689,35.706067000111],[-115.7725279999101,35.706642999949864],[-115.7720280003179,35.70745299995333],[-115.77093100015082,35.709062999664624],[-115.76968699967065,35.71070600034241],[-115.76919899977403,35.711418000354605],[-115.76857399961004,35.71221299996301],[-115.76737900043199,35.71341100011129],[-115.76701100018593,35.71385999981421],[-115.76627600041712,35.71469000027386],[-115.76586200014032,35.71522000004335],[-115.76522299973264,35.715981999730424],[-115.76496099979184,35.71627700009841],[-115.7644870001389,35.71675600021159],[-115.76401299958766,35.71728700003546],[-115.76346000029201,35.71797799964493],[-115.76309399969581,35.718476999651955],[-115.76287000028813,35.718732999781544],[-115.76225400034498,35.71940400030905],[-115.76201199959733,35.71970100022106],[-115.76147400037031,35.720255999903365],[-115.76084800038143,35.720860999837804],[-115.76065500003754,35.721117000330246],[-115.76032100012674,35.72161100022605],[-115.76024800033179,35.72165799981886],[-115.75998600039095,35.721743999871016],[-115.75951199983973,35.72182800006974],[-115.75925800029484,35.72182399981923],[-115.75845099965765,35.72176399968323],[-115.75814000021134,35.72170400023145],[-115.75789499998895,35.721697000328945],[-115.75717500028874,35.721895999922715],[-115.75546200017851,35.72216700033661],[-115.75448399983712,35.72237100031187],[-115.75423000029221,35.7224700001223],[-115.75405399966681,35.722569999680715],[-115.75349499962508,35.72283400018731],[-115.75316099971421,35.722945999872685],[-115.75290700016933,35.72305399994117],[-115.75267100016775,35.72319800004779],[-115.75246399958021,35.72342300028583],[-115.75229700007397,35.723501000288124],[-115.75181199965203,35.723871999730264],[-115.75118499983826,35.7246249997513],[-115.75099499986744,35.724819999953375],[-115.75061199955279,35.72501299999748],[-115.7500419996404,35.72524499980579],[-115.74907699971781,35.72570500025676],[-115.74886099980775,35.72583000026119],[-115.7487400003322,35.72592100005938],[-115.74867900023285,35.72599499976248],[-115.74864300024785,35.72607300016359],[-115.74869099992844,35.72629100007543],[-115.74922900005377,35.726881999772544],[-115.74923800027462,35.726953999680305],[-115.74921900000803,35.72703400023078],[-115.74908099991576,35.727173999724556],[-115.74890900038663,35.727234000161545],[-115.7532510001259,35.72708900024358],[-115.7536600003798,35.72780900035587],[-115.75401600003195,35.72811899989889],[-115.75392399997045,35.72861099981144],[-115.7507089996372,35.72891399988177],[-115.74926000001591,35.728992000341506],[-115.7478149996943,35.72962999968221],[-115.74734900043728,35.731004999946286],[-115.74766499990645,35.732735999665636],[-115.74756600017226,35.73297200000559],[-115.74670599983163,35.73362900029647],[-115.74458400036579,35.73486800007378],[-115.74356599984144,35.73557799987382],[-115.74276699960019,35.73621700011476],[-115.74240400027534,35.73662299964869],[-115.74202799963338,35.737005000186485],[-115.74144199982746,35.73750399986547],[-115.74099800031178,35.737930999935436],[-115.74033100031498,35.7384499996423],[-115.73986599998459,35.73902899991288],[-115.73942900014156,35.73972900032633],[-115.73892500035141,35.740293000215715],[-115.73856499960301,35.74076600025259],[-115.738275999898,35.74110399975679],[-115.73796299990354,35.74152399985934],[-115.73787599986488,35.74166400013027],[-115.73733000024195,35.74109300008887],[-115.73690000007166,35.74067600028943],[-115.73649300036587,35.74023599981497],[-115.73451300029195,35.737921000236625],[-115.7328830000224,35.73627500017492],[-115.73242100006502,35.73578899989851],[-115.73214999990338,35.73543200012387],[-115.7315959998845,35.734274999661736],[-115.73153800015818,35.73420299980911],[-115.73151399986874,35.734112999719486],[-115.73141299958641,35.733895999798065],[-115.73119699967634,35.73360899981711],[-115.73108600024658,35.733540999753906],[-115.73096800024578,35.73349800027379],[-115.73088200003207,35.73349399988003],[-115.73090399977337,35.73354700034088],[-115.73088500040511,35.7335890000619],[-115.73084299967401,35.733605999890635],[-115.73085100006993,35.73373899992646],[-115.73100599988062,35.73405699972579],[-115.7311950000265,35.73461499990935],[-115.7312569999508,35.73472899996766],[-115.7312569999508,35.73493599973308],[-115.73120699972209,35.73508800013411],[-115.73081300043508,35.73573499976575],[-115.73069500043434,35.736010000033346],[-115.73017900005027,35.73665799988879],[-115.72985299963706,35.73711399983971],[-115.72943199968759,35.737871000265365],[-115.7293070000141,35.73801200007454],[-115.72864900023816,35.73905999971043],[-115.7285610003746,35.7397199997799],[-115.72846000009228,35.74000700033934],[-115.72828199981706,35.7403300003261],[-115.72802499989909,35.740685999642245],[-115.72787199973821,35.74084600005345],[-115.72775399973744,35.74099699974105],[-115.72703700041025,35.74128899971041],[-115.72675799985268,35.741749000096505],[-115.7265889997983,35.74224000002975],[-115.7264490000562,35.74271500013054],[-115.72602300008384,35.74314199996029],[-115.72539700009497,35.74397900024212],[-115.72465399993021,35.74484000014844],[-115.72397600006276,35.74617499978086],[-115.72394199972759,35.74656100015875],[-115.72387099958247,35.74656600019481],[-115.72326300003525,35.746799999781146],[-115.7225990004115,35.74678299985308],[-115.7206889997595,35.74712100005757],[-115.71889000033384,35.74709100004571],[-115.71584599970478,35.74759800003958],[-115.7134110002445,35.74771100018053],[-115.70958499999095,35.74808300013056],[-115.70207300012424,35.74875500010157],[-115.69537600039234,35.749258000101285],[-115.69137400041171,35.74973899997727],[-115.68931800016979,35.75016600003995],[-115.68711999963766,35.75049400015264],[-115.68465199966711,35.750688999710064],[-115.67985499964318,35.75136799976088],[-115.67835099977032,35.75134999984075],[-115.67815999997461,35.75130000028419],[-115.67773999985003,35.751230000269004],[-115.67524000009243,35.75098999985365],[-115.67288000007692,35.75073000034885],[-115.67159600031208,35.75112300001226],[-115.67082800003297,35.75160900000079],[-115.67046599963471,35.75169799976264],[-115.66949300021449,35.751569000050765],[-115.66913699966403,35.751726999991206],[-115.66804700006796,35.75183400016493],[-115.66507799978197,35.752343000288704],[-115.66392500043673,35.75217999970109],[-115.66390000032236,35.751190000128496],[-115.66383000000218,35.75065000027424],[-115.66348000019781,35.75055999982081],[-115.66333000040996,35.750550000250165],[-115.66301999989024,35.750340000228086],[-115.66172000023191,35.749250000168196],[-115.66150000012387,35.74902999987059],[-115.66133000024456,35.74875999999976],[-115.66110000009078,35.74830999988085],[-115.65987999990007,35.74606999990009],[-115.65975000020372,35.745900000355],[-115.66373000044305,35.74145000000203],[-115.66493999968972,35.74017000033616],[-115.67081999963705,35.73366000000874],[-115.67240999972364,35.731849999699904],[-115.67270000015185,35.73150000026827],[-115.67652999970504,35.72745000019367],[-115.67797000000381,35.72577000022522],[-115.678469999596,35.72530000032452],[-115.67883000034442,35.72504000005709],[-115.67912999992008,35.724910000334425],[-115.67948999977018,35.72480000017899],[-115.68081999956578,35.724470000259934],[-115.68212000012245,35.72410999978368],[-115.68310000011368,35.72377999992354],[-115.68430000021293,35.72330999995075],[-115.68493000039976,35.723010000038975],[-115.68544000003772,35.72264000009918],[-115.69046999969017,35.71829000009728],[-115.69063000042205,35.71813000031713],[-115.69082000039285,35.71782999986342],[-115.69228999993051,35.71477000001081],[-115.69284999979716,35.71365999986102],[-115.69299999958498,35.713419999984005],[-115.69443999988374,35.71158999985856],[-115.69598999978736,35.70977000033698],[-115.69814999978634,35.70736000009292],[-115.698969999944,35.706487999763],[-115.6993299997941,35.70603000013231],[-115.69955999994785,35.70566000013049],[-115.70273000007529,35.69917000015009],[-115.70407999996237,35.696540000337166],[-115.7042499998417,35.69614999966784],[-115.70438999958377,35.695750000124],[-115.70443999981248,35.695330000158044],[-115.70436000034486,35.69476000015779],[-115.70425999988744,35.693639999912094],[-115.7041800004198,35.69322999998015],[-115.7040399997794,35.69286999992141],[-115.7038499998086,35.69248999983941],[-115.70376000029525,35.692380000168924],[-115.7032999999877,35.69195000033307],[-115.70268999989233,35.69166000023774],[-115.70260000037895,35.69155999983457],[-115.7025900003332,35.691439999914856],[-115.70264999970935,35.69131000010209],[-115.70277000025827,35.691159999886516],[-115.70342999968403,35.69052999969439],[-115.7035400001872,35.69027999965197],[-115.70355000023297,35.689980000171836],[-115.70338000035363,35.6890900000609],[-115.70333000012492,35.6884400001571],[-115.70344999977553,35.68795000018547],[-115.70426999993317,35.68532000029329],[-115.70475000033221,35.683520000067304],[-115.70555000039835,35.680979999706956],[-115.70748000024356,35.67453999984215],[-115.70772000044309,35.67387999990787],[-115.70798999988149,35.67331999966393],[-115.70841000000608,35.672640000132006],[-115.70913999975205,35.671610000195834],[-115.70924000020946,35.67140000006552],[-115.7093399997686,35.67109999965067],[-115.7094600003175,35.670430000321126],[-115.70952999973937,35.66975999974653],[-115.70959000001385,35.66844999968418],[-115.70973999980168,35.66706999976536],[-115.70988999958948,35.6660700000852],[-115.7099800000012,35.664619999683744],[-115.71021000015494,35.66332999981066],[-115.71036999998852,35.66063000003142],[-115.7104600004002,35.660209999840106],[-115.71074999993009,35.65949000010735],[-115.71119000014617,35.65853000034035],[-115.71210999986293,35.65640000031739],[-115.71276000014127,35.6551699996885],[-115.71311999999138,35.6542299997782],[-115.71408999993686,35.651989999801636],[-115.71452000010716,35.65068000016621],[-115.71494000023172,35.64909999992458],[-115.71560999970323,35.64757000025779],[-115.71629000011882,35.64593999986069],[-115.71709000018498,35.643719999967594],[-115.71766000009735,35.64225999963513],[-115.7181699997353,35.64113999991952],[-115.71845000011778,35.64044000033857],[-115.72029999959705,35.63656000036016],[-115.72077999999608,35.63538000019299],[-115.72121000016638,35.6340800001219],[-115.72135999995423,35.63369999976927],[-115.72260000023643,35.631190000041855],[-115.72400000035222,35.62851999972658],[-115.72438000029382,35.62769999977698],[-115.72479000037265,35.62670000004982],[-115.72589000001446,35.623659999691945],[-115.72628000000181,35.62268999992501],[-115.72674000030933,35.621690000336024],[-115.72716999958132,35.62094000028757],[-115.7274199998266,35.620450000069006],[-115.72760999979738,35.61993000010024],[-115.72787000008839,35.61907999969546],[-115.72817999970978,35.618280000254295],[-115.73154999985377,35.61053999990673],[-115.731800000099,35.609920000093226],[-115.73192999979536,35.60952000011367],[-115.73139000002018,35.60853000003588],[-115.72978999988786,35.6048200002742],[-115.72962000000852,35.6044599996379],[-115.72837999972633,35.60144999975361],[-115.7275400003755,35.599530000260835],[-115.72660999971467,35.59757999997662],[-115.72605999989379,35.59638000034814],[-115.72535000023929,35.59497000011118],[-115.72519000040573,35.59460000031776],[-115.7248099995658,35.59357999967152],[-115.72461000044758,35.59312999970189],[-115.72430999997361,35.59253000019021],[-115.72397000021498,35.59195000004],[-115.72380000033567,35.591620000018494],[-115.72326999970792,35.5903000002089],[-115.72265999961257,35.58862000025357],[-115.7216400003367,35.586089999868605],[-115.72157000001648,35.58588999974629],[-115.72130999972552,35.584929999949594],[-115.72114999989194,35.58422999998024],[-115.72093999982965,35.583470000098536],[-115.72051999970509,35.581790000027944],[-115.7197959998069,35.57788000019527],[-115.7093139998293,35.5868239997694],[-115.70602599970111,35.589126000233975],[-115.70528000006162,35.58983499969923],[-115.70461100041504,35.59070700027337],[-115.70335600006419,35.59254199993233],[-115.70180500033565,35.594636000068746],[-115.69294199985869,35.59788800014012],[-115.68222300005462,35.602165999789065],[-115.67820600000535,35.603460000003345],[-115.67436200020846,35.60486799989584],[-115.65548100025939,35.608849000067856],[-115.65260700040795,35.60977600000963],[-115.65073299974092,35.61020199984082],[-115.64519199972732,35.61184600030253],[-115.64296800015423,35.61239299973006],[-115.64172200002425,35.61299500033865],[-115.63959499963723,35.614397000342954],[-115.63826599966654,35.6153799996446],[-115.63560500025045,35.616332999722495],[-115.63120200041182,35.618394000119565],[-115.63089199989211,35.618714999674246],[-115.62985199962642,35.62032599964203],[-115.62934700001136,35.62089099967055],[-115.62882599960446,35.621326999902806],[-115.6283639996471,35.623659999691945],[-115.62818899974492,35.624246000070535],[-115.62712699973794,35.62514000020955],[-115.62720299990589,35.62536900029339],[-115.62665800010788,35.62619299999026],[-115.62625700024988,35.626709999824214],[-115.62620299982322,35.628019000022306],[-115.62594500008034,35.62847400033495],[-115.62444500040546,35.63032599981037],[-115.62281599996079,35.63286699985588],[-115.62195700034339,35.633972000036366],[-115.6208529996053,35.634219999988524],[-115.6201689998901,35.63442800029714],[-115.61945500003765,35.634476999919],[-115.6189150002625,35.63461099981921],[-115.61793199989822,35.63525000033422],[-115.61742300008521,35.63549900020402],[-115.61702100040229,35.636051999820225],[-115.61532699966033,35.64015799990108],[-115.61485999968008,35.64083000023584],[-115.61278300042008,35.64227300009632],[-115.61235400007469,35.643062999724684],[-115.61163199982634,35.64661000029186],[-115.61124799968678,35.64732599973256],[-115.6105249996135,35.64826399971774],[-115.61015999974052,35.64891599993837],[-115.6096729996688,35.65053799984899],[-115.60971500039993,35.65085900026807],[-115.610071999877,35.65142899999577],[-115.61032100029732,35.652070999682294],[-115.61026699987063,35.656127999752904],[-115.61011100023505,35.65698899995616],[-115.61027100006861,35.65814900026059],[-115.6103899998943,35.659210000363885],[-115.61047000026025,35.66013900015598],[-115.61031100025158,35.662725999668424],[-115.61043000007726,35.665146000001215],[-115.60955399984311,35.6674009999406],[-115.60895600034165,35.66952399978423],[-115.6084890003614,35.67147899966853],[-115.60842400006408,35.67303700024061],[-115.60753899960909,35.6762290000141],[-115.6076220003481,35.67739799982778],[-115.6078419995578,35.678659000212456],[-115.60729299956179,35.67846699999727],[-115.60697500044282,35.67654500000021],[-115.60292599970818,35.675291999842074],[-115.5735920000938,35.66722199969435],[-115.56642800038168,35.667117000129615],[-115.55664199981486,35.66666899980262],[-115.54989400002931,35.665993999789976],[-115.54978100005141,35.667780000005926],[-115.54944499959244,35.66839800027204],[-115.54882699999945,35.66917599995221],[-115.54745199999803,35.67190099997398],[-115.54661000009907,35.67318299973057],[-115.5460760001717,35.67366399992479],[-115.54416800006778,35.67487700031752],[-115.54307300044884,35.675381000222224],[-115.54150199973049,35.67618199990697],[-115.5372350003343,35.68018799999764],[-115.53616800030447,35.68137800030772],[-115.53448399960821,35.68364499983449],[-115.53403400024473,35.68458300004608],[-115.53239499975435,35.692151000288675],[-115.53154899965742,35.69227099986827],[-115.53051099993989,35.6925240002507],[-115.52969199960715,35.69263999974244],[-115.52873500008046,35.69261899967086],[-115.52768399994414,35.692666000309785],[-115.52878100011124,35.69580099974517],[-115.52897699992981,35.69662500030476],[-115.52981800000384,35.69870900027993],[-115.52998600023334,35.699715999863834],[-115.53148000006047,35.70210199980222],[-115.53167500005411,35.70245300011486],[-115.53149400030415,35.70430299974434],[-115.53184300028363,35.70528299998485],[-115.53189099996418,35.70597500017168],[-115.53148000006047,35.709859000181474],[-115.53122300014253,35.710769000109266],[-115.53135299983886,35.71152299997296],[-115.53125400010467,35.71167899985907],[-115.52878500030917,35.71215199988217],[-115.52576699961939,35.713084999661376],[-115.48364200006556,35.67989699978806],[-115.41808600041094,35.62838900007204],[-115.40592599958487,35.61876600031754],[-115.40597099979071,35.61857899999062],[-115.40556599973476,35.61846000035158],[-115.40484699985947,35.61801800003773],[-115.40449899970491,35.61763899974148],[-115.39409799991816,35.60942200019345],[-115.39113899967795,35.60705700007764],[-115.39054799984913,35.606546000189226],[-115.38965800026962,35.6059150000445],[-115.37572300030737,35.59490900027088],[-115.372408000415,35.59225199969548],[-115.3710090001241,35.59118600015948],[-115.36991500033008,35.59032200022581],[-115.3693169999303,35.58981300027901],[-115.36161599991772,35.58982200020859],[-115.34946699986064,35.58970899988314],[-115.33817499977114,35.58970899988314],[-115.33250999990899,35.58976000002391],[-115.32255099998812,35.589797999907184],[-115.3119669999033,35.58970899988314],[-115.30234799974104,35.589935999715934],[-115.2916139998684,35.589935999715934],[-115.27906700032638,35.59038900030645],[-115.26861200011295,35.59038900030645],[-115.25787800024031,35.59061599967216],[-115.24477400030638,35.59038900030645],[-115.21717200017052,35.59038900030645],[-115.21145700007966,35.59027499998316],[-115.20727799964867,35.590276000050785],[-115.20734299994602,35.591035000289644],[-115.20737700028118,35.59873000032924],[-115.20796800010999,35.64942699990157],[-115.20963199981642,35.651737000104994],[-115.20959400018158,35.652409000136196],[-115.20975400001517,35.65284700002643],[-115.20960500005224,35.656392999791194],[-115.20949600027228,35.675934000327196],[-115.20937900009643,35.701707000140075],[-115.20926299974548,35.72030899969187],[-115.21726699970677,35.727378000004975],[-115.22900700040823,35.73708200032494],[-115.23168399971784,35.735635999670215],[-115.24192100037135,35.73025499976171],[-115.24384100017083,35.72938299982133],[-115.24410999978433,35.72917799978326],[-115.25023999997691,35.72595500006946],[-115.2523770004097,35.72493999995267],[-115.25245500022749,35.725061000340176],[-115.25246799974796,35.7251070002464],[-115.25853699984117,35.72244000030323],[-115.26618599997524,35.71931099980695],[-115.29194399958126,35.70784199998955],[-115.29211699983365,35.70789299990042],[-115.29241999978235,35.708019000183945],[-115.29337600038242,35.70844800012474],[-115.29377999971516,35.708668000208725],[-115.29422499995408,35.708965000015446],[-115.29471700004868,35.70936599967863],[-115.2956059998033,35.709926000007066],[-115.29609799989788,35.71027300005327],[-115.29645799974801,35.71062200008949],[-115.30281499972129,35.711183999644675],[-115.31506800043377,35.71663600028453],[-115.31547400031461,35.716962000066125],[-115.31576100036979,35.71703300024666],[-115.31587599999752,35.71713300006489],[-115.31583499998963,35.71756500034654],[-115.3151210001372,35.73114799977191],[-115.31499899993845,35.73226999975853],[-115.31551399959925,35.734209000346205],[-115.3180800003774,35.748723999704765],[-115.3186989997953,35.75210200008447],[-115.3201840002999,35.758707000000314],[-115.32067499967128,35.76236899993598],[-115.32093900016022,35.764785999797574],[-115.32097699979506,35.76588100016917],[-115.32075000001434,35.76689999971218],[-115.3201480003149,35.76872800012414],[-115.3199719996895,35.769557000186275],[-115.31968200015957,35.77030200036092],[-115.31935099972347,35.771388999972906],[-115.31925700001216,35.77161700027487],[-115.31900900031503,35.77250699992226],[-115.31877099976532,35.77305599981172],[-115.31791200014794,35.77470200011609],[-115.31774599956827,35.774971000202015],[-115.31755999979542,35.77518799965157],[-115.3173530001062,35.77539499987434],[-115.31713499964799,35.77550899983031],[-115.31695999974582,35.77564299974857],[-115.31680400011021,35.77581900020095],[-115.31677300014807,35.775964000276865],[-115.31679999991223,35.776166000303704],[-115.31724299960301,35.77629899991858],[-115.31747600012984,35.7764020001469],[-115.31694300002738,35.777200000147175],[-115.31623900022066,35.77839299974715],[-115.31073500001698,35.78792900022136],[-115.31003500040825,35.78890600031263],[-115.30921600007552,35.78989599977047],[-115.30841900038241,35.7907139998292],[-115.30501599972814,35.79412699985647],[-115.30433100018804,35.79485700031009],[-115.30371600006981,35.794589999869025],[-115.30158899968276,35.7943819996542],[-115.29893300028957,35.793859000172944],[-115.29507900044692,35.79348499991388],[-115.29412299984682,35.79326599997953],[-115.29321599965054,35.792948999684164],[-115.29260200025553,35.792601999972945],[-115.29215899966644,35.79216300000872],[-115.29139499958528,35.79160699985793],[-115.29029199957041,35.79139500018095],[-115.28851900008404,35.79094799999506],[-115.2844819999433,35.790421999801815],[-115.28267900031967,35.789906000224626],[-115.28197299996485,35.78932799974206],[-115.28053799968896,35.78748099970231],[-115.27913099990049,35.785610999783195],[-115.2776959996246,35.78959399988869],[-115.27761500033206,35.7900429999081],[-115.27679799964916,35.79358700002661],[-115.27526199998923,35.79939899985661],[-115.27471899984101,35.80209500027544],[-115.27474399995535,35.80318799982895],[-115.2744009998237,35.80495499968769],[-115.27468100020619,35.80761100005188],[-115.27490499961387,35.80852700019168],[-115.27577699965003,35.80999199972018],[-115.27656300037083,35.812099000309104],[-115.27751700042276,35.81383900027019],[-115.27777000014275,35.814663000326554],[-115.27852800037613,35.8164720002364],[-115.27951099984207,35.8180069998997],[-115.28046599971893,35.81979299984624],[-115.28124800024177,35.82131499972367],[-115.28331199998127,35.82485400002654],[-115.28389000028957,35.82649800029133],[-115.28400499991731,35.82747000013868],[-115.2822089999664,35.829255999841656],[-115.28255100027316,35.829617000136075],[-115.28317899991188,35.83105900025734],[-115.28304400019267,35.831190999795645],[-115.2842559999875,35.83144600003659],[-115.28462099986046,35.831560999648644],[-115.28673099963073,35.83117199977635],[-115.28709700022694,35.8310580002931],[-115.28803299983724,35.83180200006198],[-115.29405900027271,35.82654299979844],[-115.29563900031359,35.82502299973143],[-115.29661799958158,35.823946000019944],[-115.2980639997281,35.82212200027947],[-115.32054400015001,35.79156000002991],[-115.32520800010455,35.78523300007889],[-115.3260759999428,35.78408899992648],[-115.32614799991283,35.78394199970755],[-115.32844799965387,35.78082100020554],[-115.3304350002988,35.7817809997495],[-115.33095800035555,35.78201199969252],[-115.33136599988624,35.78222699990083],[-115.34618700012835,35.78935499984683],[-115.37033799992938,35.801008000125485],[-115.37574900024667,35.80438299973785],[-115.37922800017057,35.806301000280996],[-115.38393200030808,35.809574999755476],[-115.38571099964223,35.810620000122704],[-115.38873699982963,35.812709999669195],[-115.3948920001366,35.816429999836075],[-115.3980699997616,35.818403000336545],[-115.40424599998492,35.822279999880124],[-115.40942399977536,35.825457000005756],[-115.42502400016726,35.835196999974514],[-115.42519700041962,35.83547299999003],[-115.42526099999372,35.83568200027599],[-115.425695000362,35.83825400003124],[-115.42571499955515,35.838463000273364],[-115.42570100020978,35.83924299989335],[-115.42571600027838,35.83944999999762],[-115.42579300027128,35.83965300013818],[-115.4258519998225,35.83974400008278],[-115.42600800035643,35.83991399997168],[-115.426208000373,35.840052999755805],[-115.4264350001537,35.84012800018777],[-115.42669200007164,35.84014899994645],[-115.43316299984775,35.84014399996974],[-115.4352640002955,35.840166000301885],[-115.43544500004549,35.84038200025985],[-115.43565799958249,35.84074899996242],[-115.43588899956119,35.841249000271375],[-115.4360109997599,35.84159299984228],[-115.43611700006512,35.84198499980399],[-115.43627400042398,35.842678000354056],[-115.436334999625,35.84285199977129],[-115.43646799969441,35.84305700029827],[-115.43668000030482,35.84332899994519],[-115.43683799959025,35.84359099986898],[-115.43759900019667,35.84509299979426],[-115.43821099994186,35.846187999679806],[-115.43848799995132,35.84658100000175],[-115.43869800001357,35.84693200028266],[-115.43907700013025,35.84748000022078],[-115.44013400011438,35.849129000025734],[-115.4405810000031,35.84978200000443],[-115.44114099986977,35.85070099977456],[-115.44143899979561,35.85122199970298],[-115.44185300007238,35.85210000023197],[-115.44215199982314,35.85261399967372],[-115.44235199983969,35.85292100006836],[-115.44258299981836,35.85341299972076],[-115.44284800013224,35.85380500023602],[-115.44301700018663,35.8541100003123],[-115.4433179995872,35.854754999808144],[-115.44340899982379,35.854912999955765],[-115.44352099997677,35.855023999663835],[-115.4437260000162,35.855175999858076],[-115.44384200036716,35.855305000335576],[-115.44390799959108,35.855429999790964],[-115.44393199988053,35.85552699995474],[-115.44391299961396,35.85567299980495],[-115.44378999959028,35.85607300017139],[-115.44379799998623,35.85617000027653],[-115.44386099973539,35.8563529996639],[-115.4442890002559,35.856826000161696],[-115.44444499989152,35.857023999870805],[-115.44475600023614,35.85733499992302],[-115.44445199956421,35.85854100028011],[-115.443951999972,35.86020299997031],[-115.44383399997123,35.86052400022414],[-115.44371900034349,35.861588000272825],[-115.44315500027889,35.8624539996591],[-115.44296199993504,35.86332700031814],[-115.44278700003287,35.863470999795695],[-115.44189499990517,35.86358000006045],[-115.44143499959766,35.86350800008938],[-115.43957699972245,35.86376900003729],[-115.43915499994806,35.863858000143765],[-115.43811600040561,35.86431700008768],[-115.43768399968718,35.86477600028538],[-115.43768299986226,35.86564799986354],[-115.43735499979921,35.86778200017162],[-115.43749999956414,35.86885999971172],[-115.4377430001367,35.86940999991838],[-115.43751499963277,35.87021300035295],[-115.43895400010662,35.87257100029014],[-115.43997699975553,35.8737919996853],[-115.43999299964906,35.87516699990151],[-115.4396910004236,35.87778599979847],[-115.4399020003108,35.878286000193285],[-115.43991900002924,35.8786429996737],[-115.43975900019565,35.879235000316136],[-115.43966600030924,35.88049199993252],[-115.43996400023507,35.881773999843496],[-115.4392699995758,35.886090000024836],[-115.438678999747,35.88888999975325],[-115.43827200004122,35.8901950000387],[-115.43804100006255,35.89048599987321],[-115.43785199991667,35.89049500008361],[-115.43772700024319,35.890576999689436],[-115.43768100021245,35.89096400009112],[-115.4378889997266,35.89235400010693],[-115.43806399962877,35.89260399983465],[-115.4382489995767,35.89312699993145],[-115.43830399982828,35.89517599990626],[-115.43829299995765,35.895814000044915],[-115.43839000004199,35.89624600029435],[-115.43834900003412,35.896838000337965],[-115.43831300004912,35.896924000096455],[-115.438065000352,35.89719700031855],[-115.43750299993722,35.89898699990961],[-115.437476000173,35.8999289998845],[-115.43763199980863,35.9006279999036],[-115.43749100024164,35.90179600016967],[-115.43672999963522,35.90484599999211],[-115.43590299980487,35.90746100026257],[-115.43501400005024,35.9083409998921],[-115.43385099976093,35.91083799971594],[-115.43349400028384,35.912069000228556],[-115.43348099986508,35.912701999756536],[-115.43204200028956,35.91523099998674],[-115.43236500032974,35.91636300008374],[-115.43226599969721,35.91759599967373],[-115.43236899962938,35.91824300019083],[-115.43233299964437,35.91880899999145],[-115.43181499961052,35.920107000352445],[-115.43153500012635,35.92087400020888],[-115.4314549997604,35.924007000227256],[-115.42990900005475,35.92546499994606],[-115.42930399998222,35.92608099982993],[-115.42915500001935,35.927504000064395],[-115.42946999966361,35.928635999814745],[-115.43025899985912,35.929474000135045],[-115.4304630000736,35.93029699998157],[-115.43034800044589,35.931592999882085],[-115.43032400015646,35.931704999935796],[-115.42983399971166,35.936228000316],[-115.43074099990794,35.936811000115554],[-115.430920999833,35.937142999848895],[-115.43250099987385,35.93780999971186],[-115.43444999998563,35.93935399964751],[-115.43482300025455,35.93991500012577],[-115.43550600014484,35.940407999815335],[-115.43568299969685,35.94119699976458],[-115.43540999988537,35.94189500023155],[-115.43538999979388,35.94261699989431],[-115.43685299965885,35.94520799994959],[-115.43755200034101,35.94739300012909],[-115.43771499964932,35.947826000115306],[-115.4380889997431,35.94863700020496],[-115.43739300033236,35.94961099987962],[-115.43720900020934,35.950190000196415],[-115.43727399960837,35.95028799982893],[-115.43733499970772,35.950512999794086],[-115.43729500042305,35.95074900029075],[-115.43715999980554,35.950985000082426],[-115.43707199994198,35.951337000101084],[-115.43697700040573,35.95153499983137],[-115.43689600021489,35.95188100021818],[-115.43685799968172,35.952209000350074],[-115.43686000022988,35.95225700013096],[-115.43757900010517,35.9535319996788],[-115.43844600011853,35.95394800026721],[-115.43983100016568,35.95393200020118],[-115.44084200011902,35.95421099993365],[-115.44172800039892,35.95578200026645],[-115.45501499973263,35.956269999937014],[-115.45558999966791,35.95629799976708],[-115.45588699976882,35.956331000229255],[-115.45602999988397,35.956304000248764],[-115.45707000014963,35.95634699980935],[-115.47134999989338,35.95585300009897],[-115.49691400022897,35.9550150002192],[-115.52505899961476,35.95592899980803],[-115.53115000034758,35.95689899969907],[-115.54935699972887,35.95542200017438],[-115.55082200014199,35.955403999981264],[-115.55098799982333,35.9548250000653],[-115.55121799997711,35.95435800021727],[-115.55146900004729,35.95401199977173],[-115.5518139998288,35.95363999969951],[-115.55353899963458,35.95121900009189],[-115.55415499957773,35.95044300016446],[-115.55451799980088,35.949208000239274],[-115.55510500033003,35.948021000089994],[-115.55560999994509,35.94721999975164],[-115.55715099962786,35.94523300013026],[-115.5588060000118,35.94374799997096],[-115.5600229998295,35.94285800001572],[-115.56422499982668,35.93994199988885],[-115.56615399984697,35.93931200034604],[-115.5691139999121,35.93733699992388],[-115.57239299981948,35.93591000026602],[-115.5740330001348,35.93498999974226],[-115.5800810003116,35.93316599994174],[-115.5823690003571,35.932657000169044],[-115.58292599985069,35.93264000001862],[-115.5835889996495,35.93292899989655],[-115.5848769996123,35.93292899989655],[-115.58556399970057,35.93325499988262],[-115.5870309997635,35.933343000322246],[-115.58769799976028,35.933677999719286],[-115.58873800002596,35.934483000304056],[-115.59000199969928,35.93468399968707],[-115.59114099969919,35.93430199982887],[-115.59240199989777,35.935058999862036],[-115.59325999969026,35.935390000305304],[-115.59438000032189,35.93637100023941],[-115.59523599956624,35.93677800022803],[-115.59700200027825,35.93659499974187],[-115.59843699965582,35.93670499981064],[-115.60035900000341,35.93672899968628],[-115.60216199962704,35.93665299969138],[-115.6035530004203,35.9362399999635],[-115.60446599956606,35.93593000000039],[-115.60561200013693,35.93534100035785],[-115.60685800026694,35.9353789999041],[-115.60745300029367,35.93592400015334],[-115.60879999980772,35.93602300011695],[-115.6097000003313,35.936899000233275],[-115.61036800015299,35.9367160000273],[-115.61070399971366,35.93715299992437],[-115.61183900041388,35.93773999973873],[-115.61320400036959,35.93787299985289],[-115.61394599981111,35.9380059997433],[-115.61497500020613,35.93787499999513],[-115.61640399973592,35.93890699970251],[-115.61719600030449,35.93968899975346],[-115.61821200028069,35.940978999676574],[-115.61933100018909,35.941409999846876],[-115.62266100015009,35.94276099990435],[-115.62427600035103,35.94294299992546],[-115.6252680000378,35.94314999963986],[-115.62650699959681,35.9428030002821],[-115.6278719995525,35.94303299977303],[-115.62962200037097,35.9430509998757],[-115.63176300010339,35.943102000144364],[-115.63242300042747,35.94205699970438],[-115.63501699989641,35.94310900017865],[-115.63668499980079,35.94219099984344],[-115.63777600012008,35.94332000019433],[-115.64081099962999,35.9436190002823],[-115.64326500025517,35.94345399964641],[-115.64463299968558,35.94348599965562],[-115.64601000023517,35.94343799963692],[-115.64738500023658,35.943552000360945],[-115.64875000019228,35.94355800035624],[-115.64992900037511,35.94361600028703],[-115.65202800027473,35.942647000221065],[-115.653144999635,35.94267699980916],[-115.65334800002456,35.94176000029595],[-115.65535499986268,35.94070700001138],[-115.65614800025617,35.93985400024983],[-115.65818100003352,35.9393679996521],[-115.65842600025591,35.93932600035808],[-115.65910499994825,35.93909799964501],[-115.6587490002961,35.940216000087915],[-115.65877699988518,35.9402639998817],[-115.65866800010524,35.941869999722144],[-115.65810300021573,35.94341500034492],[-115.65669300005418,35.94512900017033],[-115.65615800030187,35.94590799983652],[-115.65294600034167,35.95012000028062],[-115.65224199963667,35.95144799991185],[-115.65108599991835,35.95311900017019],[-115.64981800004702,35.955303999722545],[-115.76898700006191,35.95499199993405],[-115.82665000008336,35.954657999843505],[-115.8312489997406,35.95474999987878],[-115.83152999994797,35.954811999747214],[-115.83256400036588,35.95486699984778],[-115.83319899967728,35.954976000079476],[-115.83355100002976,35.955052999758884],[-115.8336990001678,35.95504199991316],[-115.83390199965905,35.95499799978776],[-115.83414500023164,35.95485500012001],[-115.83427400010305,35.95481699975795],[-115.83449699968583,35.95482800036218]]]},"properties":{"zcta":"89019"}},{"type":"Feature","geometry":{"type":"Polygon","coordinates":[[[-114.98553599989557,35.98355800011543],[-114.9852649997339,35.98074099979691],[-114.98512900018979,35.98036800034448],[-114.98122799959316,35.976442000306825],[-114.9743249999969,35.96732500021919],[-114.97070299995787,35.96210899967591],[-114.97068399969129,35.96166300025818],[-114.97204899964699,35.952867999808355],[-114.97420199997326,35.9424409999297],[-114.97372800032032,35.94227399971254],[-114.97343299986925,35.94172100015847],[-114.97287100035277,35.94056700004337],[-114.97177599983553,35.939535000191526],[-114.97065199990423,35.93816499971233],[-114.97041300042798,35.93779800030276],[-114.97044500021501,35.93674599968472],[-114.9701480001141,35.936395000216464],[-114.96953399982075,35.93592199996179],[-114.96899700041864,35.93554000026738],[-114.96807699980354,35.9349769997973],[-114.96759499975472,35.934487000032625],[-114.96591400032986,35.932401000298],[-114.96496600012568,35.93117399969627],[-114.96461799997114,35.93068300020111],[-114.96431099982448,35.930484999867915],[-114.96304899980095,35.92987800020127],[-114.96155300032402,35.9288560001267],[-114.9599189998565,35.927495999900536],[-114.9596309999764,35.92726699977685],[-114.95947100014284,35.9271719998581],[-114.95678700026222,35.92663700032835],[-114.95254799955678,35.925717000280144],[-114.95104000038428,35.925254999781615],[-114.95012899999003,35.925253000047526],[-114.95011700029447,35.919060000128496],[-114.94903000017312,35.917520999803344],[-114.94789199999815,35.91623400008518],[-114.94563900011275,35.9139990002833],[-114.94499999970508,35.91303200027782],[-114.94248200040413,35.90939300008315],[-114.93710000039918,35.901825999976865],[-114.93665400033534,35.90111899970187],[-114.93394299979224,35.90367900012761],[-114.93365800028516,35.903698000233945],[-114.93286599971664,35.90427600017691],[-114.93279100027186,35.90444699967939],[-114.93291000009756,35.904815999874444],[-114.92575700025607,35.91178800007806],[-114.91981000036161,35.9101569999725],[-114.91908300009037,35.91357500028919],[-114.91762600007316,35.920156999851685],[-114.91871499984434,35.913109000080155],[-114.91708200010004,35.91104400013962],[-114.91616999988089,35.912634000161546],[-114.91585299968847,35.91291999996858],[-114.91535300009627,35.91329900012208],[-114.9151229999425,35.91338700021669],[-114.91496800013181,35.91347999992909],[-114.91479200040472,35.91355700002295],[-114.9143200004016,35.91367799991504],[-114.91349600004598,35.913737999967246],[-114.91329299965642,35.913737999967246],[-114.9131579999372,35.9137159996866],[-114.91234700000038,35.91370499990777],[-114.91219200018968,35.91372700019147],[-114.91198299995231,35.91379799997396],[-114.91140899984197,35.91409499966446],[-114.91121999969606,35.914128000288756],[-114.91107099973316,35.914187999999676],[-114.91084099957936,35.914187999999676],[-114.91063200024033,35.91421000014907],[-114.91043600042174,35.9142759998329],[-114.91015199984129,35.91432499973894],[-114.90993599993122,35.914320000076614],[-114.90965300007402,35.9143910000544],[-114.90942299992024,35.914413000147334],[-114.90861899965613,35.914588999942865],[-114.9083419996467,35.91470399970935],[-114.90813999998034,35.91482999966016],[-114.90788300006237,35.914912999881864],[-114.9077280002517,35.91502199992682],[-114.90757199971776,35.915011000329585],[-114.90718099990549,35.915094000361385],[-114.90624199992217,35.91520300015695],[-114.90574900000266,35.91518700024973],[-114.90553300009259,35.91515899967683],[-114.90523599999167,35.91501599994825],[-114.9045060002457,35.91476300007507],[-114.9041820003806,35.91468100006047],[-114.9039930002347,35.91468100006047],[-114.90368199989011,35.91480700004785],[-114.90350699998791,35.914894999920065],[-114.9027029997238,35.915069999738776],[-114.9025339996694,35.915120000239455],[-114.90236499961499,35.915136000160224],[-114.90214200003224,35.91510899992834],[-114.90184499993131,35.91500399998982],[-114.90125099972946,35.91492699984933],[-114.9007240003731,35.91492200022499],[-114.89976500029827,35.91478900006198],[-114.89925200028729,35.9147999996901],[-114.89896799970683,35.914755999713364],[-114.89836099998452,35.914717000077324],[-114.89813800040176,35.91474999971466],[-114.89787399991279,35.91482700002744],[-114.89771200042941,35.91481599967554],[-114.89739500023703,35.91488200030889],[-114.89665200007225,35.9149149998774],[-114.89545600017095,35.9149029999036],[-114.89522000016942,35.91485400035557],[-114.89499699968832,35.91472199971463],[-114.89455900002042,35.91435400024813],[-114.89415999981226,35.91414500005383],[-114.89374200023583,35.914034999883],[-114.89351200008205,35.913958000254375],[-114.8927689999173,35.91361100008185],[-114.89237100043233,35.91339699965902],[-114.89228299967048,35.913391000284754],[-114.89193200004121,35.91329200035838],[-114.89167500012324,35.913253999655595],[-114.89098700021007,35.913017000317055],[-114.89069000010916,35.91286299973085],[-114.89045999995541,35.912763999871316],[-114.89018999961866,35.91268199996735],[-114.88992000018021,35.912500000125206],[-114.88942700026072,35.912252999669825],[-114.88905599964166,35.91201699991346],[-114.88877899963221,35.91190100020677],[-114.8871380003903,35.9113560002615],[-114.88672599976337,35.91118600009117],[-114.88640199989824,35.911152999694764],[-114.88613900013252,35.91117499996056],[-114.8858420000316,35.911152999694764],[-114.88478199967444,35.91093800021466],[-114.88441000012875,35.91092700004957],[-114.88393099955465,35.91085500018801],[-114.8836810002077,35.91084400001138],[-114.8833499997716,35.91091500019844],[-114.88284400033162,35.910881999689],[-114.88245900036716,35.910744999808074],[-114.88218900003041,35.91068899987345],[-114.88188500025682,35.91054100016712],[-114.88143300034517,35.91039300018398],[-114.88084499999113,35.91033200008583],[-114.88065599984525,35.910277000279024],[-114.88059499974588,35.91023799989012],[-114.88018300001721,35.91016699982308],[-114.87933299972234,35.909985000016135],[-114.87913000023106,35.90990800008374],[-114.8787179996041,35.90966600022402],[-114.87814500021696,35.909397000353216],[-114.87790099981949,35.9093090001861],[-114.87732099986137,35.909208999811284],[-114.87692900022421,35.90914899996225],[-114.87604499959414,35.909121000162685],[-114.87581600016361,35.90915699979922],[-114.87565399978189,35.90913499969991],[-114.8753030001526,35.90917899989243],[-114.87494499995233,35.909195999993365],[-114.87472900004224,35.909173999904894],[-114.87455300031515,35.909096999910794],[-114.87443199994132,35.90907499979479],[-114.87380699977736,35.90909300035317],[-114.86548899999671,35.91711499995931],[-114.86467300003703,35.917847000022505],[-114.8487339997114,35.933268000110765],[-114.8485780000758,35.93350999977136],[-114.8484030001736,35.933927999820696],[-114.84828099997489,35.93436700008745],[-114.84825500003562,35.93477400021133],[-114.84810600007269,35.93510400028715],[-114.84806800043788,35.93514699974818],[-114.84134099967041,35.93511299978723],[-114.82660200034236,35.93497900001275],[-114.81796499982117,35.93517599989582],[-114.81487000003682,35.93517900021146],[-114.8145529998444,35.93518600022014],[-114.81453000027818,35.935205000032816],[-114.80536899987537,35.93524000005859],[-114.80540599968526,35.92031200035378],[-114.78743699995535,35.920581999775514],[-114.76960600031771,35.920528999673465],[-114.77000399980263,35.93450399978586],[-114.76996500034289,35.94052299985675],[-114.76994100005344,35.94915600034709],[-114.7878420000113,35.94938999995604],[-114.78774199955387,35.96907300030038],[-114.78778699975973,35.979141999790215],[-114.78772400001053,35.988251999674695],[-114.78773700042932,36.000216000349795],[-114.8109259997825,36.00028800019993],[-114.82092900008429,36.0002970002674],[-114.81798400008776,36.003929000338154],[-114.81741099980229,36.00458399993855],[-114.81722599985439,36.00476200010573],[-114.81670399962256,36.00517599973228],[-114.81618700031191,36.005519999878416],[-114.8155040004216,36.00588200029149],[-114.8149460002048,36.00611700030636],[-114.81425999994143,36.00633200027848],[-114.81315399955353,36.006553999887956],[-114.81130700044733,36.00688500009907],[-114.80988300004209,36.00716099968462],[-114.80760699969215,36.00756100025484],[-114.80388900029195,36.00828099994567],[-114.79881299971044,36.00916400009276],[-114.79834999992813,36.00921300001864],[-114.79762000018219,36.00924600015919],[-114.79683600000956,36.00922799988604],[-114.79576700032987,36.00906999973441],[-114.79519700041746,36.00894099994146],[-114.79408400035688,36.0086560002082],[-114.79327199969683,36.00848600006798],[-114.79271199983017,36.00839500006885],[-114.7922909998807,36.008352999698445],[-114.79185400003769,36.00832699997698],[-114.7906449997176,36.00832099981645],[-114.79004800004104,36.0083630002039],[-114.78951099974063,36.00842199967228],[-114.78898699985898,36.008500000170336],[-114.78714099967935,36.008847999942866],[-114.78393200009216,36.0095020002078],[-114.78020999959568,36.010208999696864],[-114.77872199961637,36.01050800010135],[-114.7777809999832,36.010738000032056],[-114.77709399989493,36.01092000032934],[-114.77693200041155,36.01097900006405],[-114.7767039999076,36.011092999918986],[-114.77643399957086,36.011259999918785],[-114.7757530002287,36.011760999975216],[-114.77542000014276,36.011985000001594],[-114.77505600009468,36.01216200031508],[-114.77474200027534,36.01226000004264],[-114.77446100006794,36.012306999787214],[-114.77403099989763,36.01234900023092],[-114.77292100021008,36.0124280003302],[-114.77162900004933,36.012543000121674],[-114.7712909999405,36.012552000243595],[-114.77104499989323,36.01254099969072],[-114.7707820001275,36.012484000104266],[-114.77059399980651,36.012421999755155],[-114.7704099996835,36.01235000008554],[-114.76879899968051,36.011606999996566],[-114.76857899957247,36.01151400023657],[-114.76813500005677,36.011362000236254],[-114.76794799956072,36.011324000190406],[-114.76771999995509,36.0113059996651],[-114.76706899985183,36.01134199998496],[-114.76692300026198,36.01132699979312],[-114.76667300001672,36.011270999923724],[-114.76646999962713,36.01119399985672],[-114.76631700036457,36.01109499966002],[-114.7661630003788,36.010961000186626],[-114.7658479998362,36.01062799989616],[-114.76575800032285,36.01055299968248],[-114.7655929995681,36.01045599989133],[-114.76540900034337,36.01038599963824],[-114.76521099997667,36.01034899972853],[-114.76505299979293,36.010342999721885],[-114.7648820000887,36.010358999980774],[-114.76465299975982,36.0104159996505],[-114.76443100000198,36.01051200033966],[-114.76427100016839,36.01064599984962],[-114.7641089997867,36.0108379998242],[-114.76397400006748,36.01096700014622],[-114.7637999999902,36.01107699980907],[-114.76363699978359,36.01114200009917],[-114.7634540003838,36.01118600017573],[-114.76309799983333,36.011224000288145],[-114.76277999981602,36.01129000032503],[-114.76260099971587,36.01136700029831],[-114.76237899995805,36.01151699983206],[-114.76229100009448,36.01161399977096],[-114.76220999990363,36.011755999938195],[-114.76204699969699,36.01216200031508],[-114.76198899997067,36.01227199976363],[-114.76181900009139,36.01246499999075],[-114.76157800006696,36.012621000175365],[-114.76134500043844,36.012733000136144],[-114.76090900042036,36.01286599965577],[-114.76072100009937,36.01294300026946],[-114.76053199995349,36.013066000253815],[-114.76039899988412,36.013198999938204],[-114.76029599995195,36.01335100002935],[-114.76023400002765,36.01347700035123],[-114.75994299977452,36.01435499982788],[-114.75982499977373,36.01456400017308],[-114.75966999996305,36.01475500022633],[-114.75957600025171,36.01483999975889],[-114.75926400008218,36.01505099991184],[-114.75905099964686,36.01515500004804],[-114.75884599960744,36.015215000064195],[-114.75859299988745,36.015251999869754],[-114.7583650002818,36.015255000049606],[-114.75812900028026,36.01523100006079],[-114.75788400005787,36.01518399987989],[-114.75713599987027,36.014950999651504],[-114.75581399957228,36.01447799978869],[-114.75504199999354,36.01423099984438],[-114.75453700037845,36.01410300033657],[-114.75438500004249,36.01408099966225],[-114.75407299987295,36.01407499993967],[-114.75378699964268,36.01410300033657],[-114.75331899983755,36.01419100006598],[-114.75305000022402,36.014280000253805],[-114.75275499977292,36.01442100014973],[-114.75259699958917,36.014519999802275],[-114.75231999957975,36.01474099978165],[-114.75160200042765,36.015500999876714],[-114.75138599961927,36.015690000214825],[-114.75114899979283,36.01584899998675],[-114.75102099974629,36.01591700012944],[-114.75078800011781,36.016008999972684],[-114.7504929996667,36.01609299979892],[-114.75015700010603,36.016143000310436],[-114.74968099990497,36.01614199977731],[-114.7494010004208,36.01609800028749],[-114.74894699996103,36.015970000178626],[-114.74804700033576,36.01561700008414],[-114.74777899964884,36.01554700005458],[-114.74750099981449,36.01552499978333],[-114.747268000186,36.01554499969988],[-114.74708099968993,36.01558399970429],[-114.7449809999654,36.01628399977998],[-114.74463299981086,36.01637900005845],[-114.7442050001887,36.01641600004418],[-114.7439249998062,36.01640100009132],[-114.74304799974716,36.016323000145256],[-114.74288399971562,36.01629499981041],[-114.74259099981265,36.01621500014835],[-114.74234399994045,36.016102000242114],[-114.74223900035847,36.01603500006687],[-114.74204699983953,36.01587199997747],[-114.74169399966212,36.0155049998617],[-114.74164599998153,36.01540200000317],[-114.74161099982145,36.01523800023991],[-114.7416290002631,36.01504799972421],[-114.74170600025599,36.0148370002898],[-114.74175499976148,36.01475200002744],[-114.74188199998308,36.01459499987462],[-114.74203400031907,36.0144529997354],[-114.74231700017629,36.01425199991978],[-114.74254099958394,36.014139000105644],[-114.74283000018725,36.01406100010084],[-114.74291899987573,36.01402299990286],[-114.74301400031027,36.01396299970593],[-114.74308799993011,36.01387899978947],[-114.74311100039466,36.01382800018574],[-114.74311100039466,36.01373100006483],[-114.7430789997093,36.013640000307326],[-114.74302000015805,36.013559000290996],[-114.74292800009654,36.013511999839714],[-114.74277099973771,36.013493999814095],[-114.74258800033792,36.01350900032015],[-114.74238499994833,36.01367399988566],[-114.74102199964246,36.0151599998695],[-114.74085900033415,36.01530700000024],[-114.73998999977273,36.01600299967025],[-114.73956399980038,36.01631500025818],[-114.73929600001178,36.01644599994127],[-114.73869599996213,36.01660699996903],[-114.7385880000071,36.01661799995442],[-114.7383140003707,36.01660600016845],[-114.73806999997325,36.01658199986441],[-114.73789300042124,36.01653300015957],[-114.73746499990075,36.0163300002274],[-114.73728999999855,36.016178999874306],[-114.73336099981285,36.01855599990286],[-114.72887400030862,36.02138699965489],[-114.7255700002869,36.02438799977231],[-114.7233240000742,36.02658799971757],[-114.72221400038664,36.02796399965569],[-114.72209600038587,36.028951999879226],[-114.72274199956792,36.03028600035644],[-114.72367300005367,36.03123000003191],[-114.72760200023936,36.033099000089734],[-114.73056300012941,36.036207000174564],[-114.73248399975378,36.03742799998898],[-114.73341699988936,36.0379130002794],[-114.73452099972911,36.038052999762726],[-114.73573900027003,36.03803299974802],[-114.73738299988499,36.03782899974351],[-114.73888500010801,36.03746500026014],[-114.74001800026012,36.03746700005833],[-114.74126199984198,36.03804399964776],[-114.74210499956585,36.03979200025356],[-114.74266100013284,36.04257299991237],[-114.74247899965967,36.04569699978638],[-114.74167699994369,36.04787699972457],[-114.73945800039345,36.050193000307694],[-114.73767800033609,36.05151699966523],[-114.73632199970291,36.05268600035131],[-114.73570099973689,36.053393000173074],[-114.73507999977087,36.054434999845085],[-114.73528499981028,36.05664800025217],[-114.73602299995217,36.05906300015667],[-114.74006000009291,36.0624370003626],[-114.7411289997726,36.06545399965511],[-114.74440799967995,36.06618100035662],[-114.75561399955573,36.07318999979129],[-114.77115500039639,36.08209700013272],[-114.79844500036273,36.09713799981872],[-114.81958900024293,36.10779699984331],[-114.83368599968858,36.11334699965827],[-114.84653100005471,36.117862999904816],[-114.85024799963003,36.11768300004257],[-114.85427600044825,36.11807199974313],[-114.8591649996354,36.12029500034103],[-114.86169299988039,36.122182999791924],[-114.86233200028806,36.123905999922854],[-114.86260099990159,36.125175000298135],[-114.86657600011804,36.1283870002653],[-114.87073399973428,36.13028499980746],[-114.87206799972786,36.13121200028459],[-114.8732899995684,36.132142000047416],[-114.87474900013373,36.13248299964181],[-114.87492900005878,36.13247599973312],[-114.87514499996887,36.132441000180286],[-114.87618600005945,36.13196900022923],[-114.87650599972658,36.13174599971224],[-114.87674900029914,36.13164199982055],[-114.87697799972969,36.131662999767926],[-114.87756799973357,36.13222599999352],[-114.87765899997017,36.13228099964181],[-114.87792900030692,36.132495999677886],[-114.87818600022486,36.13260099966702],[-114.87843599957179,36.13262100030546],[-114.87874199989355,36.13262100030546],[-114.87932500022472,36.13252400002732],[-114.88010299965129,36.1321489999859],[-114.88030400039106,36.13201000015773],[-114.88055399973798,36.131662999767926],[-114.88058899989808,36.13135800008413],[-114.88067900030975,36.13111399991894],[-114.88081800022694,36.13082999972291],[-114.8810890003886,36.13057299974041],[-114.88199200038693,36.13010800028417],[-114.88239499989474,36.12996200033599],[-114.88308899965568,36.129858000256924],[-114.88435300022736,36.1298510001141],[-114.88483299972808,36.135218000035614],[-114.88586499959781,36.14596899973322],[-114.88617599994244,36.1458279997781],[-114.88649999980754,36.14564299997212],[-114.88684299993922,36.145404000227835],[-114.88702500041242,36.14524799992603],[-114.88738600008742,36.14487200013711],[-114.88764700020333,36.14449099968751],[-114.88881799999027,36.14298600022297],[-114.88924300013771,36.142555000084876],[-114.88970699974489,36.1421350003317],[-114.89016399967939,36.141776000176634],[-114.8909579998978,36.14123199977723],[-114.8912559998236,36.14100599972912],[-114.89196300000336,36.14064399973357],[-114.89252899971777,36.14038400020908],[-114.89303800042913,36.14019400003962],[-114.89376099960407,36.13996599980922],[-114.89433499971443,36.13981599986905],[-114.89713699959584,36.139306999796396],[-114.89789900002717,36.139123999962415],[-114.89839799979447,36.13896699980821],[-114.89898600014851,36.13874200019014],[-114.89962800003092,36.13845500019549],[-114.9022940003682,36.137063000070064],[-114.9030409998326,36.136737000299334],[-114.90376200025604,36.13647200006631],[-114.90676099978091,36.1355649999419],[-114.90709399986686,36.13544600027863],[-114.90732400002064,36.13533499983258],[-114.90753800028087,36.13519299988274],[-114.9078289996357,36.134932999707125],[-114.90795300038258,36.134769999919484],[-114.90811300021615,36.13451200002643],[-114.90826100035413,36.13419799981083],[-114.90834300036992,36.13380900020892],[-114.9083500000426,36.13355799987122],[-114.90828999976813,36.13321000002597],[-114.90817400031551,36.132894999905005],[-114.90773499992436,36.132099999677855],[-114.90756400022016,36.131699999972504],[-114.90744600021937,36.131134000210785],[-114.9074339996255,36.131005000197725],[-114.90744299984631,36.13049899970235],[-114.90735800035583,36.13010000035367],[-114.90728399983766,36.12985900006997],[-114.90698400026201,36.12922499995026],[-114.90687499958374,36.129046999664254],[-114.90658800042688,36.12865899975327],[-114.9038369997008,36.12582300003426],[-114.90374100033964,36.12571099989788],[-114.90363400020952,36.12553599995447],[-114.90352200005653,36.125205999973986],[-114.90350899963774,36.12509500028225],[-114.90351600020875,36.12476200026523],[-114.90356499971423,36.12459400026965],[-114.9036330003846,36.12444300008776],[-114.90371200002733,36.12431800022202],[-114.90439400009272,36.12359700027496],[-114.90459999995701,36.12327400012951],[-114.90482099988998,36.12268800029655],[-114.9050209999065,36.12149600000395],[-114.90512999968645,36.12076700010637],[-114.9051670003947,36.120306000349416],[-114.90520699967935,36.11735900026667],[-114.90516400002167,36.11679900001927],[-114.90509299987653,36.11644999990676],[-114.90496499983001,36.11604099964933],[-114.90476800018654,36.11558699968464],[-114.90463099991918,36.11535599981557],[-114.90444400032143,36.11509199996255],[-114.90420300029702,36.1147949997927],[-114.90375399986011,36.11428800002272],[-114.90140300006541,36.111684999878044],[-114.90117299991164,36.111362000077904],[-114.90098600031392,36.11104600004398],[-114.90078499957416,36.11065100002796],[-114.90060399982417,36.11040600003037],[-114.90042100042437,36.11024999982622],[-114.90019700011841,36.11012699999105],[-114.89993299962944,36.110034999823256],[-114.89939399967916,36.10988800021497],[-114.90006900007188,36.10826400026487],[-114.90052500018146,36.10708700028432],[-114.90098200011596,36.10606999993903],[-114.90111799966009,36.10562299979673],[-114.90128300041484,36.105193000000305],[-114.90153500030993,36.10462700001545],[-114.90306000009917,36.10091399979085],[-114.88530399990624,36.10088000014015],[-114.88580400039676,36.0806840000457],[-114.87682100026917,36.08046299997843],[-114.87581600016361,36.080490000289366],[-114.87582000036156,36.01148399991552],[-114.87515099981667,36.01135800004108],[-114.87645999969584,36.01136599970461],[-114.87646600044194,36.00669800030203],[-114.87644600035044,35.998641999655796],[-114.8764709995665,35.99299500035269],[-114.87643899977944,35.98940799972279],[-114.87645100037331,35.98216899970937],[-114.8874399996158,35.982171000183904],[-114.88744200016393,35.9820270000545],[-114.90532200020542,35.98216699996173],[-114.91202599961001,35.98215399978348],[-114.91207900021178,35.97630699979822],[-114.91249900033634,35.97634199979067],[-114.91256299991045,35.97650599975645],[-114.91291500026297,35.97650599975645],[-114.91295000042305,35.97659000022758],[-114.91314899971636,35.976877000132724],[-114.91346699973369,35.97728099992279],[-114.91535100044646,35.97880699979023],[-114.91557599967904,35.97946399992763],[-114.9159029999172,35.980251999892324],[-114.91614499976652,35.980688000056226],[-114.91635800020185,35.98101700001077],[-114.9166789996939,35.98145000029756],[-114.9169599999013,35.981780999740515],[-114.91766600025613,35.98246200035505],[-114.91884100024103,35.9835220001953],[-114.92641500003201,35.983771000094244],[-114.92853599967292,35.98331399993138],[-114.95438700006373,35.98311199974442],[-114.95438600023881,35.98367500028754],[-114.9649030003765,35.98365599977438],[-114.97794700003595,35.9835999998803],[-114.97794799986087,35.983509999733684],[-114.9854470002071,35.98349900021755],[-114.98553599989557,35.98355800011543]]]},"properties":{"zcta":"89005"}},{"type":"Feature","geometry":{"type":"MultiPolygon","coordinates":[[[[-115.16139499961335,36.22106700031523],[-115.16135399960548,36.22016900017917],[-115.16120200016783,36.21799600026249],[-115.16122499973405,36.217681000182566],[-115.16122200025931,36.217315000036045],[-115.16110000006057,36.214015000256204],[-115.16083599957163,36.20490300019619],[-115.159297000437,36.204929000172946],[-115.15912300035968,36.20490500008318],[-115.1589960001381,36.204839000160916],[-115.15846700023359,36.204425999954786],[-115.15840100011134,36.20436699964389],[-115.1583480004079,36.20426599988073],[-115.1583340001642,36.204193000114316],[-115.1583070004,36.202970999953074],[-115.15625600018097,36.20300500031404],[-115.15625600018097,36.202567999772974],[-115.15402300038707,36.20250900023621],[-115.15244499999604,36.20253799984208],[-115.15178300002212,36.20258099978776],[-115.15186199966485,36.195696999929986],[-115.14283500005463,36.19573399964501],[-115.14287799971234,36.19446999978957],[-115.14292000044345,36.19164700001767],[-115.14296200027624,36.19053400027984],[-115.14338300022573,36.188366999837584],[-115.14231399964773,36.188355000155035],[-115.14116200012738,36.188382000344546],[-115.14109699983005,36.18499699969627],[-115.14115000043182,36.184055999725565],[-115.14126300040972,36.183260999669116],[-115.14151899960443,36.182302999913404],[-115.14174499956023,36.181618999820174],[-115.14185900026138,36.18137199974872],[-115.14113799983792,36.18132799987443],[-115.1401500003491,36.18118900019165],[-115.13980100036964,36.18170000007614],[-115.1384599998051,36.18378400019841],[-115.14097899982929,36.18382099974176],[-115.14091600008007,36.184893000086404],[-115.14102999988289,36.1865559999342],[-115.1385240002775,36.18653299982791],[-115.13852699975223,36.18735000009389],[-115.13684899980211,36.18735700018002],[-115.13684999962703,36.18798800009308],[-115.13644899976903,36.18796399988491],[-115.13583600019894,36.18777999997793],[-115.13541000022659,36.18842899998089],[-115.1297510002122,36.188452000255474],[-115.12898700013103,36.1884280001895],[-115.11610800032803,36.18848300029959],[-115.10864800033984,36.188344000263115],[-115.107208999866,36.188311999646025],[-115.10721100041414,36.18786299998553],[-115.10422600023463,36.18780800016505],[-115.10417500018102,36.188249000341386],[-115.10372699956903,36.18824000002232],[-115.1037390001629,36.18779499987229],[-115.1024150002151,36.18777200012978],[-115.10241699986494,36.18820800008776],[-115.09924400026277,36.188137000163586],[-115.09828400036304,36.1881290003519],[-115.09832199999788,36.1888530003001],[-115.09834600028734,36.1917310000262],[-115.09833299986855,36.19188399993963],[-115.09833799989138,36.19234999970105],[-115.09839800016583,36.19556100020021],[-115.0983720002266,36.19743299977846],[-115.0984009996406,36.19886699970992],[-115.09841800025734,36.203564999828025],[-115.09843900017373,36.20394499988298],[-115.09845300041745,36.205001999977796],[-115.09844500002153,36.20752299970953],[-115.09846900031097,36.20823400029026],[-115.09846199973994,36.20894899977756],[-115.0985210001895,36.21222399989332],[-115.09856200019738,36.21667099964499],[-115.09855799999943,36.217825000293665],[-115.09861200042609,36.22207799998735],[-115.09860900005306,36.22533199965767],[-115.09863900019027,36.22723000004993],[-115.09867000015241,36.23236000012351],[-115.10035099957727,36.23235800021363],[-115.10036900001896,36.23599800004215],[-115.09871799983299,36.23599299977545],[-115.09872299985587,36.23716999983162],[-115.09870799978722,36.2373179998563],[-115.09860800022814,36.2376300001655],[-115.09924500008769,36.23782399984137],[-115.0998300000687,36.237896000226044],[-115.1002650002619,36.237896000226044],[-115.10043699979101,36.23787999990476],[-115.10078599977048,36.23782800010601],[-115.10112700025232,36.23774699996039],[-115.10167100022544,36.23755599975895],[-115.10255199958416,36.23708899972882],[-115.10361299976621,36.236374000199724],[-115.10444499961946,36.23578199996634],[-115.10550400015167,36.23491299988087],[-115.105638000046,36.23475499968391],[-115.10575199984879,36.23454400015662],[-115.10580299990242,36.23435699981804],[-115.10581399977309,36.234242999814505],[-115.10579399968158,36.2323479999389],[-115.10867400027911,36.23234100025301],[-115.10959399999587,36.232325000244096],[-115.10992500043199,36.23230800027635],[-115.11019400004551,36.23226999978088],[-115.11056499976628,36.232165999932214],[-115.11079200044531,36.23230599964052],[-115.11183400036082,36.232303999729254],[-115.1099479999982,36.233857000195556],[-115.1074680003321,36.23585300014767],[-115.10501000040726,36.23787000033632],[-115.10341600012273,36.23920099968977],[-115.10225399965833,36.24010900011461],[-115.10313599974023,36.240068000219026],[-115.10437900039551,36.240049000048124],[-115.10846199966868,36.24001899999758],[-115.11186899962259,36.239966000314936],[-115.11187100017071,36.24009999996265],[-115.11201500011077,36.240089000097534],[-115.11201799958552,36.24040500034822],[-115.11207100018729,36.24058200004054],[-115.11216300024878,36.24074400016906],[-115.11220799955632,36.24126199998157],[-115.1124179996186,36.24199899964627],[-115.11245799980155,36.24223599995914],[-115.11248399974083,36.24272400029059],[-115.11249700015962,36.2435800000449],[-115.11253700034258,36.24380400022738],[-115.11264199992459,36.24402799976784],[-115.11277400016904,36.244200000208316],[-115.112918999934,36.24434499983493],[-115.11314300023999,36.24451599977832],[-115.11481600016727,36.24563599969467],[-115.11502700005444,36.245794000358835],[-115.11518500023818,36.2459780000785],[-115.11530400006389,36.246175999883626],[-115.11540899964587,36.246479000194824],[-115.11544299998108,36.247004999987176],[-115.11691500006687,36.24702300014881],[-115.1168539999675,36.24423499984301],[-115.1167920000432,36.23987699989203],[-115.11741200018433,36.239845999916334],[-115.11848900025993,36.23985699981564],[-115.12108500027699,36.23980499988286],[-115.12327200004017,36.23978899995229],[-115.12537799961247,36.23974799988891],[-115.12987699971058,36.23970400022112],[-115.1325749998349,36.23969300030027],[-115.13433300015099,36.23970300036008],[-115.13431600043253,36.23927099979767],[-115.13432300010524,36.238863000294636],[-115.13420599992936,36.23825800018917],[-115.13412800011155,36.23710500021194],[-115.13415999989863,36.236032999726525],[-115.13394700036159,36.23229999990658],[-115.12947000000482,36.232263000088004],[-115.12950099996695,36.22866099966248],[-115.12506299996821,36.228665999673446],[-115.12521500030417,36.22505000028603],[-115.13341699973387,36.225041999898465],[-115.13396599972985,36.22501800018004],[-115.13403400040025,36.22300900024048],[-115.13402199980635,36.22220600007119],[-115.13397599977559,36.22120299993573],[-115.13401699978346,36.21909499990199],[-115.13401599995856,36.21868600007779],[-115.13397199957764,36.217757000113174],[-115.13475400010046,36.217763999654885],[-115.13727099957651,36.21783699980779],[-115.14306900040638,36.21797000027856],[-115.14458300032497,36.21796500030858],[-115.14755799956039,36.21790499991869],[-115.14761100016219,36.21870900016006],[-115.14763799992635,36.219454999698435],[-115.15194399968061,36.219410000086235],[-115.15195799992432,36.219599000167754],[-115.15670899991751,36.21952500009054],[-115.15681199984968,36.22122600000274],[-115.16139499961335,36.22106700031523]]],[[[-115.0948740000361,36.240340999648595],[-115.09483200020331,36.23993200007576],[-115.09481999960941,36.23925399989109],[-115.09477000027901,36.23832699981378],[-115.09403499961189,36.238332999809785],[-115.0940019999999,36.23974600016801],[-115.0892140001968,36.23982900013479],[-115.0892429996108,36.23880200012379],[-115.08896300012665,36.23879600016378],[-115.08881199961559,36.238729999848985],[-115.08865900035305,36.23858599982505],[-115.08002799967963,36.23872899997554],[-115.0799709997782,36.242985999680684],[-115.08041699984203,36.242995000224866],[-115.0806119998357,36.24302899985615],[-115.08078199971503,36.24308899980878],[-115.08098699975443,36.24320699994347],[-115.08109399988457,36.243300000181975],[-115.08118900031913,36.24341300020594],[-115.08126299993896,36.24354599992873],[-115.0816320000099,36.24446000012194],[-115.0817709999271,36.24471200007105],[-115.08197199976853,36.244967000037704],[-115.08287499976686,36.24601700021154],[-115.0829969999656,36.24621000030462],[-115.08307800015643,36.246367000032535],[-115.0831939996091,36.2467229998115],[-115.08322899976918,36.246964999854654],[-115.08325100040881,36.247323000058955],[-115.08533799971454,36.24733100034024],[-115.08670500021837,36.24728600010575],[-115.0876440002017,36.2472809998366],[-115.08763199960784,36.246894000347766],[-115.08758200027744,36.24657800024991],[-115.08753000039889,36.246390999718564],[-115.0873270000093,36.24593299978943],[-115.08717800004639,36.24570199997426],[-115.08690900043287,36.24536800031383],[-115.08478799989363,36.24291400036164],[-115.08468900015944,36.242793000320226],[-115.08449599981559,36.24245600034318],[-115.08443800008926,36.24232499986967],[-115.08436100009637,36.24207999973315],[-115.08432299956323,36.241846999730775],[-115.08431800043867,36.240457999733266],[-115.08918400005959,36.24041500031699],[-115.08919499993024,36.24119399989141],[-115.09231999985181,36.241151999997925],[-115.09230499978321,36.24036200017825],[-115.0948740000361,36.240340999648595]],[[-115.0862990003375,36.23945899983942],[-115.08627599987298,36.239576999657736],[-115.0862780004211,36.23978200020807],[-115.08624999993368,36.239877999750846],[-115.08559299998267,36.23986199983523],[-115.08544499984465,36.239845999916334],[-115.0853200001712,36.23985400023849],[-115.085145000269,36.2398910000874],[-115.08485400001588,36.23989199994602],[-115.08476799980215,36.23986900029683],[-115.0847019996799,36.239805999742586],[-115.08467800028879,36.23964999973864],[-115.08470300040312,36.23951500018065],[-115.08466099967202,36.238983999898764],[-115.08468300031166,36.23883700000197],[-115.08467900011368,36.23871299982476],[-115.08502100042044,36.23869699967069],[-115.08521899988885,36.23871899979114],[-115.0854409996467,36.23868800008072],[-115.08582599961119,36.23870400023662],[-115.08602300015299,36.23867399966997],[-115.08618299998655,36.23869200030115],[-115.0862220003446,36.2387179999175],[-115.08625400013166,36.23877099972179],[-115.08622700036747,36.238934999722346],[-115.08622999984222,36.23916699984242],[-115.0862420004361,36.23926999993115],[-115.0862990003375,36.23945899983942]]]]},"properties":{"zcta":"89030"}},{"type":"Feature","geometry":{"type":"Polygon","coordinates":[[[-115.20798900002637,36.213510000060296],[-115.20841099980075,36.213214999686414],[-115.2052719996355,36.20983199966136],[-115.204962999839,36.209984000200784],[-115.20478200008904,36.2100239996833],[-115.2047519999518,36.20994200021481],[-115.20477399969312,36.209627999846774],[-115.20471900033985,36.20948099985318],[-115.20360899975398,36.20824800035207],[-115.20346999983681,36.20811900036101],[-115.20328300023904,36.20801099995214],[-115.20303999966647,36.20794799982604],[-115.20219899959243,36.207857000118075],[-115.20203899975887,36.20782299969023],[-115.20187800010038,36.20774700025811],[-115.20176699977229,36.20764200014878],[-115.20165399979439,36.20751100006334],[-115.20262000044022,36.20688599969688],[-115.19892700025606,36.20278299990779],[-115.19659200035491,36.20024300004168],[-115.19675600038643,36.200210000296714],[-115.19394399956099,36.19708200018597],[-115.19258100015341,36.19561999989876],[-115.18855300023354,36.19564800018251],[-115.1878340003582,36.195634000041906],[-115.18283200029487,36.19564800018251],[-115.17881299969746,36.19568900016563],[-115.17881199987254,36.1956630000197],[-115.1768939997229,36.195701000174296],[-115.17030300029622,36.195728000005936],[-115.16535700030936,36.19571399987958],[-115.16534200024074,36.19726500030617],[-115.16529299983692,36.19862999990119],[-115.16532100032433,36.202780999966585],[-115.16530100023284,36.20297299988943],[-115.16196000040118,36.20300599991936],[-115.16078399969307,36.203000000112624],[-115.16078399969307,36.202937999908386],[-115.1583070004,36.202970999953074],[-115.1583340001642,36.204193000114316],[-115.1583480004079,36.20426599988073],[-115.15840100011134,36.20436699964389],[-115.15846700023359,36.204425999954786],[-115.1589960001381,36.204839000160916],[-115.15912300035968,36.20490500008318],[-115.159297000437,36.204929000172946],[-115.16083599957163,36.20490300019619],[-115.16110000006057,36.214015000256204],[-115.16122200025931,36.217315000036045],[-115.16122499973405,36.217681000182566],[-115.16120200016783,36.21799600026249],[-115.16135399960548,36.22016900017917],[-115.16139499961335,36.22106700031523],[-115.15681199984968,36.22122600000274],[-115.15670899991751,36.21952500009054],[-115.15195799992432,36.219599000167754],[-115.15194399968061,36.219410000086235],[-115.14763799992635,36.219454999698435],[-115.14761100016219,36.21870900016006],[-115.14755799956039,36.21790499991869],[-115.14458300032497,36.21796500030858],[-115.14306900040638,36.21797000027856],[-115.13727099957651,36.21783699980779],[-115.13475400010046,36.217763999654885],[-115.13397199957764,36.217757000113174],[-115.13401599995856,36.21868600007779],[-115.13401699978346,36.21909499990199],[-115.13397599977559,36.22120299993573],[-115.13402199980635,36.22220600007119],[-115.13403400040025,36.22300900024048],[-115.13396599972985,36.22501800018004],[-115.13341699973387,36.225041999898465],[-115.12521500030417,36.22505000028603],[-115.12506299996821,36.228665999673446],[-115.12950099996695,36.22866099966248],[-115.12947000000482,36.232263000088004],[-115.13394700036159,36.23229999990658],[-115.13415999989863,36.236032999726525],[-115.13412800011155,36.23710500021194],[-115.13420599992936,36.23825800018917],[-115.13432300010524,36.238863000294636],[-115.13431600043253,36.23927099979767],[-115.13433300015099,36.23970300036008],[-115.13482699989538,36.23968300023919],[-115.13867700043838,36.23964100025839],[-115.13905599965675,36.23962199998364],[-115.13922899990911,36.243278999717084],[-115.1392690000921,36.24331500030356],[-115.13929699968119,36.24339300030977],[-115.13929699968119,36.24372800025035],[-115.14151699995462,36.243707999710274],[-115.1415229998024,36.244594999833474],[-115.14148199979451,36.24510099980599],[-115.1436920000222,36.245124000089156],[-115.14367600012869,36.24388899984718],[-115.14364099996858,36.24315299970746],[-115.14370200006796,36.24239999993539],[-115.14369799986999,36.241589000217544],[-115.14372200015943,36.24078399986282],[-115.14371999961129,36.23998300006668],[-115.14375999979427,36.23954899987665],[-115.15308600005353,36.23945899983942],[-115.16195799985304,36.239484999925224],[-115.16197600029473,36.24080899966109],[-115.1618110004383,36.241412999746466],[-115.16153600007867,36.241793000004186],[-115.16080100030983,36.24262799989602],[-115.15478400009516,36.24691000027287],[-115.15924600038335,36.24687699992565],[-115.16636900008761,36.246767999645755],[-115.16987700032384,36.246741999809046],[-115.17084899991914,36.24671399969663],[-115.17102100034658,36.242887000147135],[-115.17110099981424,36.24080799981419],[-115.17110199963913,36.239994999803976],[-115.17113199977638,36.239517999770875],[-115.17265699956562,36.23948999996859],[-115.17445599988959,36.239517999770875],[-115.17561599980584,36.23949300028428],[-115.1801030002084,36.239502999645126],[-115.18194199981701,36.23948200033374],[-115.18350500013943,36.23949599987529],[-115.18481200036877,36.23946399988446],[-115.18946299990453,36.23947900001763],[-115.18942199989665,36.24135200011647],[-115.19229400009823,36.241316000074924],[-115.19233500010613,36.240381000273125],[-115.19840500002427,36.24015199969921],[-115.19838599975768,36.23915199964937],[-115.20296100002375,36.23900099986407],[-115.20307700037473,36.23970599994309],[-115.2031059997887,36.24012999998205],[-115.20533899958264,36.2401099999704],[-115.20534600015365,36.24093499982663],[-115.20759400001617,36.240866000330385],[-115.20762300032848,36.23898200015832],[-115.20750299977958,36.234788000077],[-115.20664099978913,36.23480099981087],[-115.20657600039014,36.23245300022383],[-115.20743300035771,36.23242999983535],[-115.20741800028908,36.232007000021596],[-115.2075039996045,36.22664899973502],[-115.20755499965811,36.224503000160716],[-115.20752399969598,36.22338900008765],[-115.20750100012977,36.221453000017476],[-115.20731199998389,36.22137100020625],[-115.20390900022795,36.22140300035492],[-115.2039130004259,36.21916499989149],[-115.20502800013632,36.219155000103896],[-115.20499799999911,36.21730799972946],[-115.20746000012187,36.217286000107656],[-115.20749500028198,36.21572400027853],[-115.20749899958163,36.214656999678986],[-115.20752000039634,36.21424500001145],[-115.20759800021415,36.21399799993233],[-115.20773299993336,36.21376800017576],[-115.20798900002637,36.213510000060296]]]},"properties":{"zcta":"89032"}},{"type":"Feature","geometry":{"type":"Polygon","coordinates":[[[-115.24460699990182,36.18126400014503],[-115.24462799981818,36.181012000249005],[-115.24453800030483,36.18043200035479],[-115.24451200036557,36.1792000000534],[-115.24443500037268,36.17852399976419],[-115.24429100043263,36.177875000353936],[-115.24396599984429,36.17693700020887],[-115.24386799993502,36.17675700026509],[-115.24372300017006,36.17659700020959],[-115.24317199962591,36.175898000336765],[-115.24222299959685,36.174976999828],[-115.2422340003658,36.17375499982767],[-115.24228600024435,36.17375799976378],[-115.24223500019072,36.17368299987644],[-115.2422269997948,36.17361999968355],[-115.2421980003808,36.17200900012656],[-115.24359000010067,36.17201700013414],[-115.2435840002529,36.17223400002885],[-115.24378799956907,36.17223700002319],[-115.24376199962981,36.17201800013505],[-115.24422899961002,36.172002000119235],[-115.24414300029463,36.166441999877634],[-115.24410300011165,36.16492100029051],[-115.24398400028595,36.163551000110886],[-115.2437469995612,36.161272000145686],[-115.24357500003202,36.159183000253904],[-115.2418950004321,36.1591899999556],[-115.24200300038713,36.16361200020416],[-115.24146400043688,36.16363300029661],[-115.24143099992658,36.16290300010097],[-115.239664000288,36.16288099969547],[-115.23969100005219,36.16154300008594],[-115.23965900026514,36.16148000028779],[-115.2395029997312,36.161414000030526],[-115.23909600002544,36.161319000090096],[-115.23716600018022,36.16080500030931],[-115.23687400010218,36.1607369999194],[-115.23670699969757,36.16071300006633],[-115.23659500044292,36.16071599977642],[-115.23659799991765,36.16039199996554],[-115.23663399990265,36.16021100030752],[-115.23669400017711,36.16005599987557],[-115.23694500024727,36.15968299975116],[-115.2370020001487,36.15954400011226],[-115.23703599958556,36.15920000014994],[-115.23479399957081,36.15920599968574],[-115.23478000022544,36.159419999751684],[-115.23474199969228,36.159549000187056],[-115.234651000354,36.159720999953905],[-115.23454599987372,36.15984499983842],[-115.23440600013163,36.15995500026208],[-115.23358400032414,36.160505000065065],[-115.23338599995742,36.16067699991035],[-115.23331599963723,36.1607669999067],[-115.23307200013805,36.16070500035542],[-115.23157599976281,36.16070099977445],[-115.23121400026287,36.16080400016533],[-115.23107699999554,36.16081199986613],[-115.23108799986618,36.16026999979719],[-115.2310750003457,36.1601920003272],[-115.23103199978969,36.16014400028003],[-115.23091799998687,36.16011900009276],[-115.22815700011336,36.16011000016842],[-115.22817899985466,36.15923799986149],[-115.2255479996775,36.159258000236726],[-115.22394199969739,36.15925400030714],[-115.22385499965874,36.16314700003062],[-115.22284899972826,36.16314800014465],[-115.22284399970539,36.162695000108236],[-115.22274400014628,36.16246599988937],[-115.22273099972747,36.16233499965335],[-115.22175900013217,36.162324999858896],[-115.22166500042086,36.16229900024222],[-115.22161500019213,36.162228000045594],[-115.22164199995629,36.16123399996948],[-115.22162699988772,36.16098100006337],[-115.21937999985008,36.16098100006337],[-115.2193930002689,36.160076000042075],[-115.20585900016465,36.16001100020744],[-115.20585400014176,36.15958000006327],[-115.2053079996205,36.15957700030976],[-115.20530900034372,36.159490000154804],[-115.20113199956259,36.159464000323204],[-115.20085200007841,36.159419999751684],[-115.20080299967462,36.159460999839965],[-115.19776999981453,36.159442999839236],[-115.19776999981453,36.159374999718516],[-115.19726500019947,36.15937199995716],[-115.1968109997397,36.15937000035792],[-115.19681900013562,36.15993699964948],[-115.19245999977959,36.159918000327984],[-115.19247200037348,36.15906000021384],[-115.18621099976134,36.159013999807264],[-115.186221999632,36.15972999992285],[-115.18338899978845,36.159711999983884],[-115.18338999961338,36.16044999989579],[-115.18329199970408,36.160388000093825],[-115.18269500002751,36.1603859997952],[-115.1827019997002,36.16098999988767],[-115.18115400034472,36.16097999992164],[-115.18115400034472,36.16074900020581],[-115.17891900000268,36.160744000207565],[-115.17891399997981,36.15896800009901],[-115.17778400020076,36.15897800032168],[-115.17777300033009,36.15955000034704],[-115.176668999592,36.159549000187056],[-115.17666799976709,36.16036000026075],[-115.17499099964189,36.160355999662116],[-115.17499400001492,36.161901000291685],[-115.17292000022967,36.1618890001816],[-115.17290000013818,36.16237500026904],[-115.17291199983374,36.162610000029055],[-115.17403999996296,36.162617000149986],[-115.17402499989436,36.16427500020134],[-115.173751000258,36.164269000328254],[-115.17375799993067,36.16444799985017],[-115.17401400002369,36.16443899969762],[-115.17399999978001,36.166156999860476],[-115.17273899958138,36.16615200020716],[-115.17273199990868,36.166578000128766],[-115.17265900011375,36.16802900022825],[-115.17264499987004,36.16982500013934],[-115.17265800028883,36.1708280001972],[-115.1726830004032,36.17125500009513],[-115.17274600015242,36.171640000338584],[-115.17286199960503,36.17216200013038],[-115.17318999966811,36.173216000016595],[-115.173386000385,36.17372699969336],[-115.1737450004102,36.17440599994899],[-115.17421300021533,36.17523899988084],[-115.17506099996208,36.17633600029257],[-115.1758789995716,36.1772210002461],[-115.17678199956993,36.17724999979107],[-115.17896199966039,36.17727800011674],[-115.1789700000563,36.18031600029573],[-115.17896099983547,36.180414999988095],[-115.17893099969827,36.18046100016151],[-115.17880299965172,36.18053999965536],[-115.17924700006573,36.181084999876454],[-115.1833410001079,36.18114699998338],[-115.18332799968911,36.18152899984029],[-115.18574700015415,36.181591000320864],[-115.18576899989547,36.18119000007549],[-115.18797199955216,36.181234000027295],[-115.20669600004071,36.18094300010159],[-115.21099699977209,36.180964999787435],[-115.21503700028589,36.18096300001397],[-115.21815999965936,36.18090500003649],[-115.21987799979246,36.180846000127836],[-115.21989100021125,36.1813649998528],[-115.22330400001292,36.18128999999608],[-115.22328999976921,36.180874999781295],[-115.2232329998678,36.18076200004607],[-115.22382200004677,36.180751999702345],[-115.22940300024337,36.180915000360734],[-115.2332010000095,36.180994000121885],[-115.23516400036499,36.18106200033889],[-115.23783999984968,36.181127000117996],[-115.23782800015414,36.182484999901135],[-115.23778799997116,36.18337599986178],[-115.24040499990464,36.183425000037566],[-115.24226399960472,36.18350800030986],[-115.24228000039656,36.181258000122384],[-115.24322600005259,36.18127299981556],[-115.24460699990182,36.18126400014503]]]},"properties":{"zcta":"89107"}},{"type":"Feature","geometry":{"type":"Polygon","coordinates":[[[-115.28437999983605,36.092417000272185],[-115.28416300010106,36.09224900004244],[-115.28402400018388,36.09210800012987],[-115.28389699996228,36.091943999697065],[-115.28383599986292,36.0917040001997],[-115.28379400003014,36.088905000160025],[-115.28248299960279,36.08892900019892],[-115.27924600042653,36.08893500002598],[-115.27923499965755,36.087504999972765],[-115.27920100022068,36.086599999696745],[-115.27920500041866,36.08521299971602],[-115.2792740000156,36.08150600022152],[-115.27926700034293,36.081025000208705],[-115.27931900022145,36.07778800003855],[-115.27935500020648,36.07408500035172],[-115.2839630000845,36.07404899966502],[-115.28401400013816,36.070339999846794],[-115.27940500043519,36.07038000015541],[-115.27942499962835,36.068434999806165],[-115.2793719999249,36.06627699989418],[-115.27924999972618,36.059242999955735],[-115.28094399956983,36.059218000310835],[-115.28373100028092,36.05920399978002],[-115.28368000022732,36.05751900002394],[-115.28368500025016,36.057121999658484],[-115.28301200040562,36.05713399980866],[-115.28297999972024,36.055885999809846],[-115.28354399978488,36.05587900033766],[-115.28355300000571,36.05552200028832],[-115.28253700002945,36.05551900018947],[-115.27917699993125,36.055558000012766],[-115.27909400009057,36.04807300027688],[-115.27894199975461,36.038958000017296],[-115.2789350000819,36.037160000293575],[-115.27886700030984,36.03483899985028],[-115.27887599963236,36.03350599978924],[-115.27879299979168,36.02983100020639],[-115.27872599984454,36.027903999901866],[-115.27877400042344,36.02615399981393],[-115.28229299963198,36.02618299995737],[-115.28249799967142,36.02365900014472],[-115.28196299991912,36.02368600033189],[-115.28078799993422,36.02367799973923],[-115.27957199994144,36.02362100021535],[-115.27898600013553,36.023611000192645],[-115.27908700041787,36.022695000287605],[-115.27914900034214,36.02079099982258],[-115.2792239997869,36.020289999765374],[-115.26118999975965,36.02013499998424],[-115.26107599995683,36.02117400026905],[-115.26095600030624,36.022905999753405],[-115.2586930003751,36.02298200028345],[-115.256426000246,36.02308000036153],[-115.25653500002595,36.02137799981527],[-115.25468100034871,36.02148300005969],[-115.25432999982112,36.02148200032094],[-115.25429899985899,36.02146699987923],[-115.25427499956952,36.021421000250605],[-115.25427399974463,36.02120899997229],[-115.25431300010268,36.02075999965191],[-115.25427799994257,36.02057200032433],[-115.25197200035372,36.02095199969263],[-115.24350600043508,36.02242999977583],[-115.24346500042721,36.023931999996954],[-115.24346200005415,36.02516100018661],[-115.24343399956675,36.026709999802364],[-115.24344000031283,36.03034500012278],[-115.24341199982544,36.03396799974637],[-115.2433940002821,36.041201000357354],[-115.24333900003049,36.0430579997483],[-115.2433170002892,36.04492600004067],[-115.24321000015905,36.048524999986746],[-115.24308100028762,36.05465899982698],[-115.24303899955652,36.05604199971189],[-115.24283699989016,36.05809600008314],[-115.24266299981291,36.060301000158816],[-115.24256200042888,36.06130799984291],[-115.2444660003348,36.06124100035638],[-115.24815500032099,36.061189000227934],[-115.24849900027759,36.06120600028768],[-115.24883300018844,36.06124999999811],[-115.2497959995629,36.06145800014464],[-115.25027799961175,36.06152300025925],[-115.25076499968344,36.06154000024683],[-115.25158200036637,36.06152300025925],[-115.25216300014944,36.06144999975814],[-115.25266100009179,36.06136399972757],[-115.25271999964303,36.06147999993248],[-115.25281599990252,36.06181300022798],[-115.25284699986464,36.06202300023921],[-115.2528589995602,36.0623669998212],[-115.25281900027555,36.0627279998086],[-115.25272399984101,36.06308499984486],[-115.25253600041835,36.06351800033899],[-115.25207299973775,36.06428499982772],[-115.25201300036161,36.064410000089524],[-115.25188299976695,36.06480199969224],[-115.25181099979692,36.06528599990082],[-115.25179200042868,36.06583500021934],[-115.24717500032979,36.06593800020941],[-115.24632400021002,36.06593399988099],[-115.2459509999411,36.065903999952646],[-115.24559299974081,36.065844999963474],[-115.24418199975436,36.06555399970165],[-115.24385500041453,36.06550400005735],[-115.24327899975606,36.06547599977794],[-115.24243699985708,36.06548600029382],[-115.24249299993357,36.0674579999215],[-115.24250200015442,36.07065899972759],[-115.2447900001999,36.07061000026479],[-115.24480299972038,36.071414999707734],[-115.2459369996974,36.0713910001312],[-115.24600399964454,36.07594699964472],[-115.24601799988824,36.07605300023099],[-115.24489200030715,36.07607300002416],[-115.24490999985052,36.07782899993887],[-115.24490200035291,36.07850499969338],[-115.24498500019358,36.07964700032492],[-115.24499699988915,36.080958000091144],[-115.24502000035369,36.08147299986337],[-115.24727900008685,36.0814620002249],[-115.24731000004901,36.082942000060044],[-115.24729800035342,36.0836529996766],[-115.24558400041828,36.0836580002311],[-115.24557699984727,36.08466700006542],[-115.24508800012575,36.08466000025002],[-115.24509499979843,36.085146000263485],[-115.2473109998739,36.08513499968698],[-115.24846800031547,36.08515000034075],[-115.24854399958512,36.09054399991999],[-115.24759299990622,36.090550999937335],[-115.24747699955526,36.09057199998566],[-115.24743100042284,36.09060799964069],[-115.24743100042284,36.09056199975595],[-115.24507999972982,36.09054500023361],[-115.24507399988204,36.09078700026153],[-115.24512599976056,36.092402999843316],[-115.24293300014963,36.09244099996458],[-115.24295499989093,36.09418499985622],[-115.24308600031051,36.099159999850315],[-115.24306299984596,36.09979499978203],[-115.24744899996618,36.09977999974564],[-115.25209200000434,36.099739999876626],[-115.2524490003797,36.09973000008764],[-115.25323799967688,36.09966500033948],[-115.2538510001453,36.09964900008054],[-115.26109699987323,36.09960100001007],[-115.2691000000096,36.09981900012457],[-115.27174299988235,36.09986199981269],[-115.27231799981762,36.099891999851266],[-115.27445900044833,36.099946999650214],[-115.2759859998874,36.099970999946386],[-115.27925599957395,36.1000649999469],[-115.28037100018271,36.100077000077874],[-115.28039999959671,36.09263199985652],[-115.28378599963419,36.09261899975319],[-115.28437999983605,36.092417000272185]]]},"properties":{"zcta":"89113"}},{"type":"Feature","geometry":{"type":"Polygon","coordinates":[[[-115.33434299966983,36.233647000357124],[-115.33435699991351,36.22824199978081],[-115.33415000022428,36.21841299968735],[-115.3303780003974,36.21837499968757],[-115.3295330001254,36.218394000052115],[-115.31969399985516,36.218340000071926],[-115.31796599967629,36.21831500033687],[-115.31565400023965,36.21831699988112],[-115.2994570001712,36.2185270003007],[-115.29830700030068,36.21855499963768],[-115.28335399981405,36.21860099987252],[-115.27878600011898,36.21863399983531],[-115.274246000013,36.21854900029828],[-115.26968199961756,36.21843300017571],[-115.25952600005321,36.21823499968162],[-115.25667399994312,36.21822499977514],[-115.25446999956318,36.21824599972218],[-115.2493140004124,36.218208999777175],[-115.24818399973502,36.21821999982139],[-115.246725000068,36.21820999991301],[-115.2467390003117,36.22321800031242],[-115.24680100023598,36.23271899978321],[-115.24675299965708,36.235204999826415],[-115.24699500040475,36.235741999886834],[-115.24692599990945,36.239026000232556],[-115.2469300001074,36.24047199982452],[-115.24667900003723,36.24047199982452],[-115.2466120000901,36.24528700001195],[-115.24659199999861,36.24544899980733],[-115.24657399955693,36.24787800015305],[-115.24801499968062,36.24788199990318],[-115.24906800036506,36.24784800020955],[-115.25054700012356,36.24785100020447],[-115.25803100040119,36.247797000279256],[-115.25998399981262,36.24780199979092],[-115.26036600030235,36.247822000007744],[-115.26039200024162,36.24855499967887],[-115.26043599972424,36.25161500035736],[-115.26161200043236,36.2516310000403],[-115.26157300007429,36.2497399997017],[-115.26273200016566,36.24976599998982],[-115.26270299985335,36.248807000188506],[-115.2638889997089,36.24885200027167],[-115.26389100025703,36.24859699994099],[-115.26506200004394,36.24860500009185],[-115.26504399960228,36.24792200029081],[-115.26668200026776,36.24799300031268],[-115.26969900023433,36.24806899976459],[-115.27265299955336,36.248167000226125],[-115.27266400032234,36.24828400018741],[-115.27265400027659,36.24964399995608],[-115.27373399982693,36.249676999859325],[-115.27382800043658,36.24967499966798],[-115.27386699989631,36.248185000120124],[-115.27915799966468,36.24831000023551],[-115.28013199980809,36.248269000295025],[-115.2837410003267,36.248252000172066],[-115.2860250001742,36.248217999915006],[-115.28831599969445,36.24824300023328],[-115.29035299966978,36.24819100008384],[-115.29516999978522,36.24813999965292],[-115.29629999956427,36.24813099970124],[-115.29789399984881,36.24815500029448],[-115.31530899955986,36.24788199990318],[-115.31863600004613,36.24785100020447],[-115.32025100024707,36.24781500025848],[-115.32218600011515,36.247797000279256],[-115.32394500025615,36.24775399982913],[-115.32889500044094,36.247794000282276],[-115.33151200037442,36.247798999794185],[-115.33324899987578,36.24778000005357],[-115.33434299966983,36.233647000357124]]]},"properties":{"zcta":"89129"}},{"type":"Feature","geometry":{"type":"Polygon","coordinates":[[[-115.24265699996512,35.995043999901085],[-115.24263400039888,35.99422200016104],[-115.24247799986495,35.99343099987798],[-115.24212999971043,35.99255400007005],[-115.24159699960796,35.99169000002334],[-115.24036300007185,35.990210999814465],[-115.23749000004533,35.98685300016453],[-115.23382000032568,35.98257499977001],[-115.23283399958838,35.98145300030976],[-115.23221000014762,35.98068600027106],[-115.23165699995366,35.98015999976337],[-115.23125400044584,35.97991299990598],[-115.23069700005394,35.97968099967436],[-115.23007699991284,35.97954699988781],[-115.22664400001966,35.9790809996726],[-115.22577899965617,35.978926999845164],[-115.22512199970512,35.97862700009265],[-115.22460799986922,35.978295000219745],[-115.22419899961533,35.97785700006378],[-115.22396299961378,35.97748000033315],[-115.22320000025586,35.975314999996215],[-115.22297500012495,35.97460100014691],[-115.22159500010066,35.97053600014158],[-115.22128600030416,35.96987600012042],[-115.22083500021745,35.969346000129725],[-115.21969299984453,35.96850699978259],[-115.21243399969781,35.96410599975931],[-115.2115669996845,35.96359499982912],[-115.20995900005458,35.96240799991305],[-115.20464200034695,35.958185000081514],[-115.20097900030002,35.95531500025894],[-115.20067800000113,35.955061000042335],[-115.19959400025284,35.95510400027959],[-115.19691700004492,35.95511799967535],[-115.19515500042921,35.95507400031945],[-115.19359200010678,35.95510400027959],[-115.19033900013868,35.95511799967535],[-115.18935099975155,35.955045000201736],[-115.18706899955383,35.95507400031945],[-115.18525400023466,35.95501600007339],[-115.18376200005737,35.95506000018871],[-115.18214699985641,35.955032999773834],[-115.18191599987775,35.96175400036348],[-115.18184200025789,35.964953000348274],[-115.181757999694,35.967117000165246],[-115.18130599978238,35.982913999951755],[-115.18124399985808,35.984300999907816],[-115.18079699996935,35.99898399991536],[-115.1836730003689,35.999044999907845],[-115.18364400005657,36.000377000095376],[-115.18338100029085,36.008061999839335],[-115.18319299996989,36.012922999692655],[-115.18410500018904,36.01293000007676],[-115.18624000007367,36.0131930001485],[-115.1873690000278,36.013433000100264],[-115.18824299971381,36.01353800003102],[-115.18989499972467,36.01356800029693],[-115.19207900001311,36.013489999727064],[-115.1943109999821,36.013470000015694],[-115.19430199976128,36.01277299992786],[-115.19432900042375,36.01119700019104],[-115.19431299963193,36.01079099993046],[-115.19431400035515,36.00985099980346],[-115.20786299962968,36.009797000112826],[-115.20777499976616,36.0134380000309],[-115.209975999773,36.01344200012057],[-115.21847100000399,36.01336199974256],[-115.22561499962464,36.01331999983856],[-115.22561399979972,36.01598900017387],[-115.22566400002846,36.01755599973182],[-115.22565099960967,36.02062800012453],[-115.2256899999677,36.0254590001227],[-115.22676100019554,36.025258000043294],[-115.2280399999375,36.02280800018541],[-115.22901099970788,36.02119199999381],[-115.23043500011309,36.01872500034947],[-115.23162199979355,36.01653300015957],[-115.23234499986684,36.01524300005612],[-115.23447899992655,36.01121599988353],[-115.2353359998941,36.00944300009433],[-115.23595500021031,36.008289999827525],[-115.23813799977553,36.00434499989046],[-115.23888400031335,36.00296900031783],[-115.24215099962682,35.99711300023623],[-115.24240000004716,35.99642700006355],[-115.24256699955343,35.99586499973261],[-115.24265699996512,35.995043999901085]]]},"properties":{"zcta":"89141"}},{"type":"Feature","geometry":{"type":"Polygon","coordinates":[[[-115.6587490002961,35.940216000087915],[-115.65910499994825,35.93909799964501],[-115.65842600025591,35.93932600035808],[-115.65818100003352,35.9393679996521],[-115.65614800025617,35.93985400024983],[-115.65535499986268,35.94070700001138],[-115.65334800002456,35.94176000029595],[-115.653144999635,35.94267699980916],[-115.65202800027473,35.942647000221065],[-115.64992900037511,35.94361600028703],[-115.64875000019228,35.94355800035624],[-115.64738500023658,35.943552000360945],[-115.64601000023517,35.94343799963692],[-115.64463299968558,35.94348599965562],[-115.64326500025517,35.94345399964641],[-115.64081099962999,35.9436190002823],[-115.63777600012008,35.94332000019433],[-115.63668499980079,35.94219099984344],[-115.63501699989641,35.94310900017865],[-115.63242300042747,35.94205699970438],[-115.63176300010339,35.943102000144364],[-115.62962200037097,35.9430509998757],[-115.6278719995525,35.94303299977303],[-115.62650699959681,35.9428030002821],[-115.6252680000378,35.94314999963986],[-115.62427600035103,35.94294299992546],[-115.62266100015009,35.94276099990435],[-115.61933100018909,35.941409999846876],[-115.61821200028069,35.940978999676574],[-115.61719600030449,35.93968899975346],[-115.61640399973592,35.93890699970251],[-115.61497500020613,35.93787499999513],[-115.61394599981111,35.9380059997433],[-115.61320400036959,35.93787299985289],[-115.61183900041388,35.93773999973873],[-115.61070399971366,35.93715299992437],[-115.61036800015299,35.9367160000273],[-115.6097000003313,35.936899000233275],[-115.60879999980772,35.93602300011695],[-115.60745300029367,35.93592400015334],[-115.60685800026694,35.9353789999041],[-115.60561200013693,35.93534100035785],[-115.60446599956606,35.93593000000039],[-115.6035530004203,35.9362399999635],[-115.60216199962704,35.93665299969138],[-115.60035900000341,35.93672899968628],[-115.59843699965582,35.93670499981064],[-115.59700200027825,35.93659499974187],[-115.59523599956624,35.93677800022803],[-115.59438000032189,35.93637100023941],[-115.59325999969026,35.935390000305304],[-115.59240199989777,35.935058999862036],[-115.59114099969919,35.93430199982887],[-115.59000199969928,35.93468399968707],[-115.58873800002596,35.934483000304056],[-115.58769799976028,35.933677999719286],[-115.5870309997635,35.933343000322246],[-115.58556399970057,35.93325499988262],[-115.5848769996123,35.93292899989655],[-115.5835889996495,35.93292899989655],[-115.58292599985069,35.93264000001862],[-115.5823690003571,35.932657000169044],[-115.5800810003116,35.93316599994174],[-115.5740330001348,35.93498999974226],[-115.57239299981948,35.93591000026602],[-115.5691139999121,35.93733699992388],[-115.56615399984697,35.93931200034604],[-115.56422499982668,35.93994199988885],[-115.55995699970723,35.94290499965196],[-115.5588060000118,35.94374799997096],[-115.55715099962786,35.94523300013026],[-115.55560999994509,35.94721999975164],[-115.55510500033003,35.948021000089994],[-115.55451799980088,35.949208000239274],[-115.55415499957773,35.95044300016446],[-115.55353899963458,35.95121900009189],[-115.5518139998288,35.95363999969951],[-115.55146900004729,35.95401199977173],[-115.55121799997711,35.95435800021727],[-115.55098799982333,35.9548250000653],[-115.55082200014199,35.955403999981264],[-115.54935699972887,35.95542200017438],[-115.53115000034758,35.95689899969907],[-115.52505899961476,35.95592899980803],[-115.49691400022897,35.9550150002192],[-115.47134999989338,35.95585300009897],[-115.45707000014963,35.95634699980935],[-115.45602999988397,35.956304000248764],[-115.45588699976882,35.956331000229255],[-115.45558999966791,35.95629799976708],[-115.45501499973263,35.956269999937014],[-115.44172800039892,35.95578200026645],[-115.43424499994624,35.95427699967928],[-115.40126300035355,35.95445900008053],[-115.39826599958018,35.95416299988565],[-115.3896010003682,35.95383599973694],[-115.37442600012375,35.9535400001163],[-115.37429899990217,35.95349300026123],[-115.36106100007393,35.953197000082554],[-115.34740899996892,35.96929700015527],[-115.34218799962242,35.97633100000243],[-115.34131300011153,35.97738200027416],[-115.33854700021514,35.981470999653425],[-115.33394500018488,35.988847999840445],[-115.33207999973867,35.992069999796364],[-115.33100699986103,35.993576999730514],[-115.33013200035013,35.99503800018339],[-115.32928399970507,35.996889000109135],[-115.32852200017204,35.99784900001604],[-115.32835300011766,35.9981910000806],[-115.3272230003386,35.99940200015656],[-115.32677200025188,35.99961000015695],[-115.32646299955707,35.999976000132385],[-115.32526300035614,36.00163600031706],[-115.3238590000424,36.003069999762616],[-115.3235770000101,36.003266999868806],[-115.32363399991152,36.00444499979805],[-115.32387300028611,36.0051369996654],[-115.323878000309,36.00544599983423],[-115.32361399982003,36.00560300004168],[-115.32291300038636,36.005733000148105],[-115.32209700042668,36.005818999899425],[-115.32120500029903,36.00593599975702],[-115.32039099998913,36.00616000034768],[-115.31997800043557,36.00651900021691],[-115.31973800023609,36.00696900020158],[-115.31922000020222,36.00739700016478],[-115.31892300010128,36.00768499983058],[-115.31853700031192,36.008116999900025],[-115.31844799972515,36.00864499983836],[-115.31838999999883,36.009317999757315],[-115.31785600007144,36.01085499985619],[-115.31720300031834,36.011959000024675],[-115.3167279999422,36.012558999934015],[-115.31625299956606,36.01308699991296],[-115.31592700005115,36.013759999693974],[-115.31596200021123,36.01679000031878],[-115.31591000033269,36.022139000301024],[-115.31592200002828,36.0234740003352],[-115.31724599997605,36.02380999996961],[-115.31795700035377,36.02402899991361],[-115.3184379996794,36.02420100008643],[-115.3194009999522,36.024631000328846],[-115.32007799999471,36.02498699981489],[-115.32424900002975,36.027374000334014],[-115.32478499960695,36.027646000003806],[-115.32550799968024,36.02797199981315],[-115.32629900042387,36.02824999969465],[-115.3281460004284,36.028841999737935],[-115.33560499969335,36.03117900003383],[-115.34136300034024,36.03270900014302],[-115.34841599972431,36.03453000013854],[-115.34952499958696,36.03480699982589],[-115.35075599964834,36.035050000207576],[-115.35186600023421,36.03517499968435],[-115.35250800011666,36.03522400014579],[-115.35378100001083,36.035282000281924],[-115.35439899960379,36.0352849996991],[-115.35513300044603,36.03525999970928],[-115.35602499967538,36.03519700028073],[-115.35697700007753,36.03509799972791],[-115.35813500034399,36.035010000100606],[-115.3587999997926,36.03493499984533],[-115.3589970003344,36.03535500035496],[-115.35917100041169,36.03561299970277],[-115.3593000002831,36.03575200008504],[-115.35946000011668,36.03589199977792],[-115.35973499957797,36.03605300002509],[-115.36004699974752,36.03616599965004],[-115.36059599974351,36.03630100012727],[-115.36420799973682,36.037067000180734],[-115.36499500028252,36.037286999856384],[-115.36543399977533,36.03746599979603],[-115.36876600028447,36.03913600027609],[-115.3687899996756,36.03756099995994],[-115.36880499974421,36.03436800010853],[-115.36879499969848,36.03397499971384],[-115.37526399982477,36.033359000192156],[-115.3759989995936,36.033306999804445],[-115.38191799989899,36.03272300030122],[-115.38391100039168,36.03254699999983],[-115.38455499992394,36.03251400017198],[-115.38603600023058,36.032519999943624],[-115.39238800018099,36.032741000293335],[-115.39347000027946,36.032757999959315],[-115.39410200011613,36.03272999965292],[-115.39454300015709,36.032676999979756],[-115.39518500003953,36.03256300010953],[-115.39602699993848,36.03234900009883],[-115.39629100042742,36.032254000186136],[-115.39695599987608,36.031970000092564],[-115.39753300035946,36.031657999740524],[-115.39807399995955,36.03131100004658],[-115.39883600039087,36.03067700029854],[-115.39922600037822,36.030249999972504],[-115.39963899993178,36.02969699989758],[-115.40005400003349,36.02894199980672],[-115.40063099961858,36.02773900034324],[-115.40092900044272,36.02725500027396],[-115.40125900015558,36.02677100013721],[-115.40168099993001,36.02629800002019],[-115.40236499964519,36.02567999993982],[-115.40270299975403,36.02540500022766],[-115.40324000005444,36.02504800003072],[-115.40386900041638,36.024689000273206],[-115.40461500005587,36.02434700036091],[-115.40792699957522,36.02289599963996],[-115.41182399997385,36.02122500020508],[-115.41706399968858,36.01893199973626],[-115.41738199970591,36.01878799987291],[-115.41826399978783,36.01832399997637],[-115.41833599975784,36.020540000316785],[-115.41843100019241,36.02695000000139],[-115.42795900011802,36.026185999721086],[-115.43168200043945,36.0262579998279],[-115.43247599975952,36.02754799979296],[-115.43261600039989,36.028853000194836],[-115.43279399977682,36.02958300007341],[-115.43333399955199,36.03033799983265],[-115.43398300000541,36.03106900009637],[-115.43452199995566,36.03230300028541],[-115.43621699962424,36.034337000194824],[-115.43644500012817,36.03634800006155],[-115.43703900033003,36.03778900032161],[-115.43740699967773,36.03941099999515],[-115.43777699957359,36.04039500028674],[-115.43851100041582,36.04165200008825],[-115.4393879995766,36.04270300004914],[-115.43995099981626,36.043182000125434],[-115.44048899994159,36.04350199989168],[-115.44071499989742,36.0438219998101],[-115.44184499967646,36.044759000210696],[-115.44229800031131,36.04535299996974],[-115.44266599965904,36.04613000007917],[-115.44269599979629,36.047638999642984],[-115.4430079999658,36.04832399993809],[-115.44312199976864,36.04933100035646],[-115.44323499974654,36.04949099988968],[-115.44326400005883,36.04997000006603],[-115.44318000039324,36.050245999812944],[-115.44236400043356,36.05108999976067],[-115.4410710004479,36.053056000302284],[-115.44092199958665,36.05324499987308],[-115.44094300040136,36.05358800000606],[-115.44106800007482,36.05389999989594],[-115.44164800003297,36.05481099981472],[-115.44192500004242,36.05508299986279],[-115.44220100022693,36.05556100011008],[-115.44258899966614,36.055902000260936],[-115.44286999987354,36.05594700005973],[-115.44390199974329,36.05587400019562],[-115.44485099977238,36.05593799981155],[-115.44383099959818,36.057991999992346],[-115.44213500010468,36.06103500028816],[-115.44215900039414,36.0612120000516],[-115.44210300031763,36.0612990002078],[-115.44207099963226,36.06152500017253],[-115.44211199964016,36.06273300024138],[-115.44220000040204,36.063662999685114],[-115.44217500028766,36.06379800021325],[-115.44214799962519,36.0638509999969],[-115.4419879997916,36.06397399964493],[-115.44183899982869,36.064039999784136],[-115.44144700019153,36.06413699967923],[-115.44010300015225,36.0645870002483],[-115.43979299963252,36.06465399979015],[-115.43913900005455,36.06471800025297],[-115.43881400036453,36.06477900019184],[-115.43683699976533,36.065489000012626],[-115.4363980002725,36.06558700020468],[-115.43588400043663,36.065644999756984],[-115.43564599988693,36.06571799999655],[-115.43536499967954,36.065865000173986],[-115.4360740004074,36.06658699979446],[-115.43843699989766,36.06907600023745],[-115.43954099973745,36.07019399989083],[-115.44330599989165,36.07354599974219],[-115.44395399962183,36.07415899981562],[-115.44422200030874,36.07445599967154],[-115.44446699963284,36.074783000041826],[-115.44498200019196,36.075579999936075],[-115.44576899983933,36.07689499975782],[-115.4468099999299,36.07871599989699],[-115.44694600037234,36.0789889998055],[-115.4473020000245,36.079830000116345],[-115.44747399955364,36.080296999772386],[-115.44762500006468,36.08079099976638],[-115.44775999978388,36.08135499996532],[-115.44796800019635,36.082458000322696],[-115.44890399980666,36.08684800024163],[-115.44894399998961,36.087578000249216],[-115.44897599977666,36.09491699974576],[-115.44896800027908,36.095743999687244],[-115.4489980004163,36.096537999795125],[-115.44903100002824,36.096957000133266],[-115.44917400014339,36.0982199999263],[-115.4492240003721,36.09883100028503],[-115.44942299966543,36.10029599978701],[-115.44948700013784,36.1010120001107],[-115.4501409997158,36.10654800022547],[-115.45015699960933,36.1068039996414],[-115.45015800033256,36.107413999916474],[-115.4501199997994,36.10794900019672],[-115.45003100011095,36.10843900024071],[-115.44984500033812,36.10917100015184],[-115.44879699967652,36.112438000028185],[-115.44861400027675,36.11295599971687],[-115.4483730002523,36.113459000015894],[-115.4481330000528,36.11384000018571],[-115.4478159998604,36.11422600001948],[-115.44757400001106,36.114470999711756],[-115.44721099978787,36.114779999717655],[-115.44610600012322,36.11554699988166],[-115.44447699967857,36.11681399970865],[-115.44376899967389,36.117270999756286],[-115.44321300000522,36.11758500020211],[-115.44146899993282,36.11846199965177],[-115.44099000025706,36.11867899971665],[-115.44049200031468,36.11888199984301],[-115.43940400036841,36.119237999669664],[-115.43668500032769,36.12001799975399],[-115.43600400008722,36.12023900034048],[-115.43577999978123,36.12032800036155],[-115.43541999993113,36.12050799996533],[-115.4351239996551,36.12067100034702],[-115.43479200029242,36.12088700018461],[-115.43447099990205,36.12113699975858],[-115.43398300000541,36.12162999999621],[-115.43382300017184,36.12182600034184],[-115.43366599981302,36.12205299966791],[-115.43336700006226,36.12260099985925],[-115.43317100024368,36.12308000029521],[-115.43232500014676,36.12496099967388],[-115.43211400025956,36.12534100003475],[-115.43167099967046,36.12599100030197],[-115.43129499992682,36.126438999741794],[-115.4309900003283,36.12675100009583],[-115.43057299967847,36.127121999691035],[-115.42980600012258,36.127683000158626],[-115.42926600034741,36.127998999994],[-115.42831499977021,36.1284340003269],[-115.42482599980053,36.12992599984981],[-115.42379999977857,36.130405999653576],[-115.42262599961859,36.13090999969818],[-115.42151299955798,36.13146399993732],[-115.42110000000442,36.13163099994955],[-115.4203509999919,36.13188299970799],[-115.41955199975062,36.13208599979151],[-115.4188179998067,36.1321620000773],[-115.41750599955448,36.13224200014586],[-115.41725500038261,36.13226600000537],[-115.41700199976431,36.13231100035715],[-115.41640000006487,36.13249499989842],[-115.41526400043801,36.13294299994288],[-115.41280999981286,36.13369699985967],[-115.41220200026564,36.13394300022236],[-115.4118349998445,36.13413199980903],[-115.41009999999297,36.13515700034513],[-115.40961899976902,36.135463999983216],[-115.40928400003327,36.13571100034913],[-115.40881299985507,36.13610700026498],[-115.40820699995768,36.13657399990603],[-115.40768499972586,36.13700899986781],[-115.40705500043731,36.13748300013268],[-115.4065599999697,36.13781500015272],[-115.40329500030602,36.139864999711754],[-115.40286599996061,36.14011299969004],[-115.40233100020832,36.14037199970803],[-115.39941799999883,36.14158199964547],[-115.39635099980359,36.14288800005285],[-115.3959440000978,36.143037000277864],[-115.39557000000399,36.143145000327344],[-115.39182999996417,36.14390399976557],[-115.39088500013304,36.144116999885384],[-115.38989300044625,36.144369000169135],[-115.38789400010576,36.14492600000539],[-115.38560400041044,36.1455999999626],[-115.38266600008662,36.146494999855484],[-115.38318099974742,36.15285499982926],[-115.38320500003684,36.15371599964048],[-115.38413499979936,36.15372700004197],[-115.38828400009311,36.15368100013323],[-115.38865900001181,36.15885899990994],[-115.40085999994744,36.1588719999271],[-115.40387199989111,36.1616460000959],[-115.40516300022696,36.162468000134844],[-115.4056739996898,36.16668300018788],[-115.4065750000383,36.1744539999644],[-115.40577800034517,36.18890299973504],[-115.40607899974574,36.19465800022477],[-115.4146280004034,36.19463199973643],[-115.41440599974725,36.18890700032645],[-115.42348099993633,36.18850899992954],[-115.42283400003105,36.1615280002422],[-115.44967700010864,36.16162299992937],[-115.44961000016147,36.16153300019045],[-115.44914099963312,36.16060699984173],[-115.44899599986816,36.16040900032465],[-115.44922000017412,36.160458999781035],[-115.44934900004556,36.160467999665315],[-115.44954599968908,36.160452000192706],[-115.44974900007864,36.16040099985746],[-115.44991599958492,36.16033000011772],[-115.45003399958568,36.160251999982144],[-115.450251000219,36.16000700031627],[-115.45100899955402,36.15895900004254],[-115.4511259997299,36.15874600033908],[-115.45131099967783,36.15829700022982],[-115.45147300005954,36.158088000167766],[-115.45154500002955,36.15802599994852],[-115.45171099971091,36.15792300025963],[-115.45190099968171,36.15784700026872],[-115.45208800017775,36.157803000240285],[-115.4523650001872,36.15779199968535],[-115.45272099983936,36.15785100027008],[-115.45294599997024,36.15795699986911],[-115.45310900017688,36.15807200020946],[-115.4532580001398,36.15821999969919],[-115.45349400014133,36.15852200032978],[-115.45369199960975,36.15872900034466],[-115.45389099980139,36.158886000110634],[-115.4541030004118,36.15900400031445],[-115.45444099962229,36.1591369999195],[-115.45471799963171,36.15920699985005],[-115.45636700016786,36.159504999663234],[-115.45670799975139,36.15959099964205],[-115.45702199957076,36.159697999947916],[-115.45717899992958,36.15977099984907],[-115.45755999969607,36.159991000024306],[-115.45777200030652,36.160158000236414],[-115.45797300014797,36.160362999984315],[-115.45828899961715,36.16076000034587],[-115.45890600028352,36.16161300004409],[-115.45908500038367,36.16180000015407],[-115.45921199970694,36.161867000216795],[-115.45935099962414,36.16190899988054],[-115.45978900019037,36.16197900023708],[-115.46007799989536,36.162058000232825],[-115.46031499972183,36.16217300035986],[-115.46057300036301,36.16239599996767],[-115.46084000032668,36.16266600025366],[-115.46115800034403,36.16306500006169],[-115.46120900039763,36.16315099976157],[-115.46129399988811,36.16343800005044],[-115.46134499994174,36.163555999930104],[-115.4614189995616,36.163665000115934],[-115.4614820002091,36.163710999969204],[-115.46162000030138,36.1637439998631],[-115.46177199973901,36.1637299998219],[-115.46208899993144,36.163524000066296],[-115.46221100013018,36.1634850001467],[-115.46233400015382,36.16347499977368],[-115.46287099955592,36.163553999712335],[-115.4630379999605,36.163597000031054],[-115.4632279999313,36.16367699995409],[-115.4634179999021,36.163810999714784],[-115.4635090001387,36.16391399964579],[-115.46358699995652,36.164042999938765],[-115.46363399981217,36.164181000202696],[-115.46362499959133,36.16441199995891],[-115.46356699986502,36.16458500003063],[-115.46346399993286,36.16474399986039],[-115.4632050003651,36.16505999982362],[-115.46259199989669,36.16605399997593],[-115.46246800004812,36.16619299967551],[-115.46223899971926,36.16637500009909],[-115.46203700005287,36.166579000199064],[-115.46169599957103,36.167087000174135],[-115.46160100003479,36.16729600017722],[-115.46148300003402,36.16765300016007],[-115.46139900036843,36.16824200009141],[-115.46140100001826,36.16840499994306],[-115.46143799982818,36.16857499976971],[-115.461559000202,36.168837000196724],[-115.46183899968618,36.16918800019056],[-115.46243000041328,36.169781000307054],[-115.46257500017823,36.169979000082954],[-115.46264899979808,36.170128000324276],[-115.46270099967661,36.17030200013068],[-115.46272599979098,36.170515999637985],[-115.46265999966874,36.17142400025783],[-115.46269700037698,36.171944000034514],[-115.46272900016403,36.1720650001626],[-115.46282100022555,36.1722030000807],[-115.46298299970893,36.17233499977493],[-115.46312699964896,36.17239200029931],[-115.4633679996734,36.172416000202396],[-115.46344800003932,36.172407000239616],[-115.4635650002152,36.172367999663756],[-115.46387300018678,36.17219500009206],[-115.46439200004555,36.17181399968865],[-115.46451199969614,36.1717480001557],[-115.46463700026791,36.17171500000579],[-115.46476699996427,36.17169899992811],[-115.46488800033809,36.17171600001055],[-115.46509099982937,36.17180899967102],[-115.4653059999145,36.171953000050465],[-115.46540999967158,36.17199100010644],[-115.46551400032698,36.171997000113585],[-115.46567300033564,36.17195400005218],[-115.4657770000927,36.17188899991451],[-115.46583700036716,36.17180099964221],[-115.465875000002,36.17169899992811],[-115.4659519999949,36.17112500005668],[-115.46608000004142,36.17096600011806],[-115.46614600016365,36.17092200020123],[-115.46622300015655,36.17090099988608],[-115.46639200021093,36.17091600011173],[-115.46654799984655,36.17099599981647],[-115.4668809999325,36.171391999980386],[-115.46698800006261,36.17158900003078],[-115.46704900016198,36.17182399972293],[-115.46703400009338,36.17203700014958],[-115.46704900016198,36.17216500012752],[-115.46709799966746,36.17226399996703],[-115.4671639997897,36.172327999796714],[-115.46725500002631,36.17237399964204],[-115.46741099966192,36.172395000287594],[-115.4675089995712,36.172377000356185],[-115.46772399965634,36.172255999984614],[-115.46793399971865,36.17207700016516],[-115.46824699971309,36.171771000251965],[-115.46834499962236,36.171618000209875],[-115.46845599995048,36.171382999900004],[-115.46854499963891,36.171300999845116],[-115.46863500005063,36.171260000148116],[-115.46874100035582,36.17124299996674],[-115.46883800044019,36.17125400008449],[-115.46911000042677,36.17137599983675],[-115.4692469997958,36.17140300007725],[-115.46936599962149,36.171401000059774],[-115.46962300043775,36.17135599965261],[-115.46975300013408,36.171360999699154],[-115.46987799980755,36.17139700002463],[-115.47017200043373,36.17159500006871],[-115.47027299981777,36.17161500019186],[-115.4704090002602,36.1715920000498],[-115.47048999955275,36.17152700033704],[-115.4705640000709,36.171372999809456],[-115.47063600004093,36.17007499970632],[-115.47067299985085,36.169734999664875],[-115.47072300007956,36.169631000099855],[-115.47079900024754,36.169545000257706],[-115.47091499970018,36.16947700019762],[-115.4710419999218,36.16944299978284],[-115.47123699991548,36.16945600022044],[-115.47133499982475,36.16950599970785],[-115.47148499961257,36.16963500022514],[-115.47173200038308,36.16992600008943],[-115.47219400034047,36.1705199997181],[-115.47257400028207,36.17096300007507],[-115.4727180002221,36.17110599982102],[-115.47288999975125,36.17118700006844],[-115.47313599979853,36.171227999803634],[-115.47328499976143,36.17121899970442],[-115.473456000364,36.17115899974172],[-115.47356199977088,36.17109299965713],[-115.47365700020543,36.171001999899794],[-115.47373800039631,36.17082700018109],[-115.47375799958944,36.170678999836426],[-115.47376400033558,36.169784999699495],[-115.4738730001155,36.16945900032111],[-115.474033999774,36.16914900018831],[-115.47407300013205,36.16902199967451],[-115.47408900002557,36.16889799980232],[-115.47408300017779,36.168735000250834],[-115.47398699991832,36.1683439999537],[-115.47369200036555,36.16744899995458],[-115.47355900029613,36.16698299999615],[-115.473528000334,36.16675099977128],[-115.47354300040264,36.166623999723036],[-115.47363899976378,36.16645299994406],[-115.4737440002441,36.16636400002172],[-115.47388499981106,36.166285000014184],[-115.47418899958468,36.16618200029783],[-115.47488999991666,36.16603299980684],[-115.47511900024551,36.165963000169526],[-115.47539600025493,36.16581399998739],[-115.47548599976831,36.16573700031283],[-115.47559899974624,36.165595000281314],[-115.47568499995995,36.16539500013773],[-115.47571099989922,36.165241999977056],[-115.47565599964763,36.1639909996607],[-115.47567999993709,36.16362099972647],[-115.47571900029514,36.16342799967141],[-115.47579700011293,36.16324199993155],[-115.47592699980929,36.16304399981707],[-115.476084999993,36.16289800024009],[-115.47628900020754,36.162800999685345],[-115.47641300005608,36.16277099975114],[-115.47665699955523,36.16278800031962],[-115.47712000023581,36.16289100014426],[-115.47743400005518,36.16289100014426],[-115.47764300029257,36.162849999674066],[-115.47813000036429,36.16269999998201],[-115.47830699991627,36.16266600025366],[-115.47929000028056,36.162617000149986],[-115.47945500013702,36.162583999781646],[-115.47985299962194,36.16245200034514],[-115.48004400031596,36.162354999963775],[-115.48045199984664,36.16207299997521],[-115.48088500039002,36.161736999837174],[-115.48207999956807,36.16089299987309],[-115.48228799998054,36.16079199988738],[-115.48297099987083,36.16056100034284],[-115.48333800029194,36.16036199983474],[-115.4836599996089,36.16011100032125],[-115.48383500040941,36.159918000327984],[-115.4839199998999,36.159779999812265],[-115.48400699993856,36.15951099990093],[-115.48402600020513,36.1593520003363],[-115.48402000035732,36.1591719998926],[-115.48399000022012,36.15901700030762],[-115.48384299990703,36.15851800036267],[-115.48381299976981,36.15835900023477],[-115.48380199989914,36.158150000337976],[-115.48381899961757,36.15793400007093],[-115.48395699970982,36.15730500001043],[-115.48397000012861,36.15710899978951],[-115.48395800043306,36.156946999851336],[-115.48388700028795,36.15676600021852],[-115.48374599982264,36.156561999967174],[-115.48364899973826,36.15637599989411],[-115.48363799986761,36.15626799992995],[-115.48366399980688,36.15598899969677],[-115.48370300016494,36.15584700014051],[-115.48382600018857,36.155614000112344],[-115.48490900011197,36.15416700032801],[-115.48503899980832,36.154012999783404],[-115.4851450001135,36.153918000304515],[-115.48529400007644,36.15383399964632],[-115.48544899988711,36.153781000341844],[-115.48568499988868,36.15375099985745],[-115.48590900019467,36.15375500006776],[-115.48611000003613,36.15381599980447],[-115.48635699990834,36.15395800013731],[-115.48874500041124,36.15570500032717],[-115.4892399999806,36.15604100020545],[-115.48935299995847,36.1560940001584],[-115.48949000022586,36.15613099972113],[-115.48965099988432,36.15614299998723],[-115.48985900029678,36.15612099986066],[-115.48997499974942,36.15607600010995],[-115.49006900035909,36.15601399975037],[-115.49108100013734,36.15665800006621],[-115.4943240000597,36.15779500023247],[-115.49521600018736,36.15815700013184],[-115.49581500041208,36.158466000046126],[-115.49663399984651,36.158975999987156],[-115.49732299958458,36.159491999750976],[-115.49775100010507,36.1598620003162],[-115.49813500024462,36.16025800016273],[-115.49834000028403,36.160536999710665],[-115.49857100026273,36.16089500015871],[-115.49907800042592,36.16012500028348],[-115.49922599966561,36.16034299989102],[-115.49938999969716,36.16051299979636],[-115.49970900043768,36.16094299974607],[-115.49983099973811,36.16104800010078],[-115.50001599968604,36.16114700020282],[-115.50035100032012,36.16148099969787],[-115.50068500023093,36.16171900035895],[-115.50096899991306,36.161892999976736],[-115.5010919999367,36.16193400022226],[-115.50124000007473,36.162013999666634],[-115.50133399978606,36.16209100009737],[-115.50151700008415,36.16229300021784],[-115.50205900040748,36.162542999876074],[-115.50284199985688,36.16301899982934],[-115.50305699994203,36.163057999980786],[-115.50328200007294,36.163149999647516],[-115.50350399983077,36.16327000018574],[-115.50371200024324,36.16333400010755],[-115.5039340000011,36.16335899999488],[-115.50411300010124,36.16336100021757],[-115.50424399962249,36.16333799982896],[-115.50455699961692,36.163340000052244],[-115.5049540001753,36.16339099992598],[-115.50517799958294,36.163389999814996],[-115.50550800019415,36.16349800012203],[-115.50565399978403,36.16358099974658],[-115.5059419996641,36.163803999700484],[-115.50612599978712,36.163905000157115],[-115.5062220000466,36.16397999997402],[-115.50634000004737,36.16412799991461],[-115.50653199966798,36.16452399996926],[-115.50663200012542,36.16468299992277],[-115.5067300000347,36.16480000001104],[-115.5068210002713,36.16496299976845],[-115.50692099983044,36.165223999853204],[-115.5068980002642,36.165328000189405],[-115.5069750002571,36.16550700019397],[-115.50712500004491,36.16542100017798],[-115.50745999978066,36.16578299967543],[-115.50759700004804,36.16574300007355],[-115.50761399976646,36.16571199973349],[-115.50789999999672,36.16550000033113],[-115.50921200024898,36.16414600029016],[-115.50983400003989,36.163467000344625],[-115.51080800018333,36.16288699967484],[-115.5112550000721,36.162430999936305],[-115.5122610000026,36.16181600007679],[-115.51271799993707,36.16144300034821],[-115.51307199993938,36.16102599989996],[-115.51464699995738,36.16123199969247],[-115.51524799983189,36.161588999733915],[-115.51613999995959,36.160788000036064],[-115.51783200015339,36.16012400013088],[-115.51922399987326,36.159350000011315],[-115.5195209999742,36.15911300030193],[-115.51963899997497,36.15877000006899],[-115.51946099969972,36.15853899964385],[-115.51956600018002,36.1579889998294],[-115.5198659997557,36.157472000141446],[-115.51984800021233,36.15726999992917],[-115.519562999807,36.15705400013901],[-115.51959200011932,36.1565230002107],[-115.52008599986371,36.15575099977388],[-115.52051500020912,36.1553859997321],[-115.52183099976101,36.15501299987556],[-115.52281999997305,36.15408599990031],[-115.52285599995808,36.15375999978638],[-115.52339699955814,36.15238900015875],[-115.52346600005343,36.15198799990667],[-115.52376300015435,36.151183999971366],[-115.52373800003998,36.15032499975452],[-115.52390200007152,36.150160000194525],[-115.52391100029236,36.14972900030402],[-115.52411899980649,36.149493000092505],[-115.52426899959434,36.14806900031995],[-115.52428299983802,36.146890999746724],[-115.52437200042479,36.14659000034689],[-115.52458199958878,36.14635600005158],[-115.52534900004297,36.1461100001603],[-115.52568100030399,36.14593800027928],[-115.52610599955312,36.14556499973497],[-115.52695000000021,36.14520000016139],[-115.52729099958374,36.14486600023004],[-115.52728599956087,36.14437300013256],[-115.52699799968077,36.14376600008414],[-115.52682799980147,36.143105000057695],[-115.52708800009249,36.14292300002401],[-115.52748300010268,36.142953999943984],[-115.52764200011134,36.14275000003502],[-115.52823600031319,36.14249699997646],[-115.52827300012311,36.142333000288254],[-115.5280959996728,36.14218899990776],[-115.52809900004586,36.141919999864285],[-115.52831599978082,36.141842999938206],[-115.52862100027765,36.14204999972806],[-115.52891500000554,36.141985000185855],[-115.52945800015374,36.14172500002735],[-115.52968699958429,36.14138500036154],[-115.52970599985086,36.141128000124894],[-115.53005499983031,36.140823999904086],[-115.53005499983031,36.14054600026512],[-115.52977100014819,36.140275000305586],[-115.52995000024833,36.13993399974933],[-115.53005200035558,36.139655000170364],[-115.53008400014264,36.13905900017233],[-115.53049599987129,36.138283000216326],[-115.53080499966777,36.13794199970806],[-115.53083300015518,36.13767100018544],[-115.53035399958104,36.13742799977736],[-115.53028800035712,36.13711099973499],[-115.530469999932,36.136759999784545],[-115.53096299985151,36.136391000227185],[-115.53097899974503,36.13590700035941],[-115.53044200034292,36.13560499970281],[-115.53032199979401,36.135006999917366],[-115.53007200044708,36.134853000205304],[-115.5299639995937,36.13457199973983],[-115.5300559996552,36.13440699969214],[-115.53054399955185,36.13425100001389],[-115.53074000026875,36.134047999726455],[-115.53096600022457,36.13399700035799],[-115.53112400040831,36.13378400033263],[-115.53118299995953,36.13306900035616],[-115.5312859998917,36.13269400001687],[-115.53129199973948,36.13171399992769],[-115.53143200037988,36.13146399993732],[-115.53221999985217,36.13114699974482],[-115.53250799973226,36.130546999754614],[-115.53271699996961,36.13038800023997],[-115.53336700024798,36.13018299977431],[-115.53421599981962,36.12978299973071],[-115.53617900017512,36.12913699967999],[-115.53665000035329,36.12964599969693],[-115.53812499991385,36.12927600024315],[-115.54004700026147,36.12846799965922],[-115.54038399964702,36.128784999788806],[-115.5408880003355,36.128632000030265],[-115.54308799961913,36.12726600015087],[-115.54338999974291,36.12685400008687],[-115.54377399988248,36.126020999793695],[-115.54424199968761,36.1241550001561],[-115.54441599976491,36.12362400027861],[-115.5447890000338,36.12300399992269],[-115.54653200028125,36.12125300030645],[-115.54777500003821,36.12035500003816],[-115.54909800016112,36.119593000115316],[-115.55074299960098,36.11922800018578],[-115.551399999552,36.118836999774516],[-115.55197100018759,36.118159000119476],[-115.55271099997933,36.11779500002148],[-115.55286199959205,36.11773599978684],[-115.55350900039568,36.1175479998751],[-115.55407900030806,36.11720699998279],[-115.55789999964043,36.120905000325656],[-115.55842000022243,36.11979999982033],[-115.56000299973799,36.11591500020362],[-115.56015500007395,36.115399999704834],[-115.56087200029945,36.113897999702814],[-115.56108599966136,36.11309599992889],[-115.56189499994836,36.11228400030523],[-115.56233099996648,36.11161000013274],[-115.56526300044251,36.11065300014329],[-115.57171499995206,36.109083999978274],[-115.57275799969248,36.10908199982299],[-115.57327999992428,36.108940000280064],[-115.57324200028945,36.10882900009064],[-115.57316399957332,36.108701999877596],[-115.57285999979972,36.108359999951546],[-115.57269400011837,36.10819700014184],[-115.5722310003361,36.10791900033168],[-115.57181000038662,36.10770000009907],[-115.57067800005943,36.107130999725925],[-115.57026999963043,36.106977999862465],[-115.56994300029059,36.10681199976844],[-115.56975400014471,36.10664999975819],[-115.56959599996095,36.10646200016077],[-115.56945700004378,36.10625500013372],[-115.5693180001266,36.105936999639674],[-115.56924899963133,36.10563700004759],[-115.56916400014082,36.10500599994862],[-115.56908600032303,36.104782999774656],[-115.56890700022288,36.10439699998223],[-115.56843500021976,36.10354500031573],[-115.56828999955653,36.10318099998212],[-115.56819099982228,36.10272799986943],[-115.56808899971506,36.10214099968991],[-115.56794800014805,36.10105099987811],[-115.56787399962988,36.1002699999363],[-115.56779900018515,36.09975899998024],[-115.56772200019225,36.09941600011441],[-115.56766000026798,36.09927900007962],[-115.56728799982398,36.09865100035465],[-115.5670219996852,36.09813899981436],[-115.566522000093,36.09712400023088],[-115.56595700020345,36.09592600023418],[-115.56574999961592,36.0955899999003],[-115.56546599993382,36.09520099990989],[-115.56501300019725,36.09463600006592],[-115.56439600042921,36.09382099971322],[-115.56357000042375,36.09259800025173],[-115.56208300026935,36.09052400017801],[-115.56006800003532,36.0875809998514],[-115.55946899981062,36.08672999969944],[-115.5592500004258,36.08639599998521],[-115.55896900021843,36.08581600020479],[-115.55894499992897,36.0857099997123],[-115.55892999986034,36.08548800032721],[-115.55895199960166,36.085296000118],[-115.55906100027993,36.08483299975671],[-115.55927299999202,36.08446499974956],[-115.55959799968204,36.084014999652624],[-115.55965399975852,36.08389900001026],[-115.55968700026881,36.083736999947924],[-115.55970099961421,36.083515000073184],[-115.55969399994153,36.08324699976206],[-115.55966399980429,36.083093999854725],[-115.55963100019231,36.0830119997154],[-115.55956099987212,36.08292199983591],[-115.55935900020576,36.08277600000584],[-115.55900500020343,36.08264699968674],[-115.55892900003545,36.082597999707],[-115.55889600042349,36.082534999688214],[-115.55889200022553,36.08245900001327],[-115.55892200036276,36.08236299989848],[-115.5589969998075,36.08227099989022],[-115.5592980001064,36.08203300001651],[-115.55953999995573,36.08191099999109],[-115.55979900042182,36.08181900017998],[-115.56030800023484,36.081790999900406],[-115.56061899968114,36.08165400035949],[-115.56086999975132,36.08151699985384],[-115.56099799979783,36.081418999907406],[-115.5645360001713,36.078410000301176],[-115.5650020003266,36.07793899988456],[-115.56525300039678,36.07753600021727],[-115.56533799988728,36.07727800032426],[-115.56536499965144,36.07704299986228],[-115.56533299986441,36.07688599972775],[-115.56474600023355,36.076183000248],[-115.56408199971153,36.07524500026578],[-115.56351400034728,36.07421299967481],[-115.56243300007372,36.07184199969228],[-115.56219500042234,36.07108899969112],[-115.56207099967546,36.07030299977914],[-115.56200799992628,36.06962000025203],[-115.56189999997125,36.06897100027531],[-115.56158699997683,36.06800399998228],[-115.56082399972055,36.065964999698046],[-115.56026700022696,36.064134999832284],[-115.56020299975454,36.06396500031477],[-115.56002399965439,36.06316000015312],[-115.55987300004165,36.0623090000309],[-115.55980600009451,36.061693999924415],[-115.55979600004876,36.06144000018164],[-115.55981000029249,36.061095000215644],[-115.55986200017098,36.060548000164296],[-115.55994800038472,36.06010400030711],[-115.55998500019466,36.05958600009112],[-115.55996599992807,36.059152999744555],[-115.55991800024749,36.058767000269675],[-115.55980500026959,36.05831599982231],[-115.55965700013158,36.0578529996564],[-115.55905899973179,36.056336000362606],[-115.55889399987534,36.05585499965281],[-115.5579339999756,36.05180000035985],[-115.55776699957104,36.051337000351886],[-115.55763400039996,36.05105300008173],[-115.55739199965231,36.05063499996831],[-115.5570319998022,36.05013400015863],[-115.55683299961055,36.04992900017109],[-115.55659400013427,36.04963400017321],[-115.556384000072,36.04930699985366],[-115.55620400014693,36.04893899994408],[-115.55607899957516,36.048557000247065],[-115.55600800032836,36.0481789999276],[-115.55603000006968,36.04737300011016],[-115.55601699965086,36.04545199997812],[-115.5560390002905,36.0448679997441],[-115.55601699965086,36.0445890002374],[-115.55594399985594,36.044384999784896],[-115.5554750002259,36.04360799988616],[-115.55485300043496,36.04247299971697],[-115.55463199960371,36.04169199972711],[-115.5545670002047,36.04140599982887],[-115.55461300023545,36.04073499981754],[-115.55469500025121,36.04011099976705],[-115.55471799981743,36.039717999701296],[-115.55465000004534,36.03895500001356],[-115.55438300008167,36.036967000257086],[-115.55430600008879,36.036075999929736],[-115.55430400043895,36.035257000291104],[-115.55451299977801,36.033445999897864],[-115.55465400024335,36.03281500013713],[-115.55477600044206,36.03245400025141],[-115.55489799974247,36.03215300035972],[-115.55544599991356,36.0311840002915],[-115.55605699983384,36.0304389998069],[-115.55641199966111,36.029849999765496],[-115.55680800039453,36.02888800011948],[-115.55748100023908,36.02706699973339],[-115.55788000044724,36.02650299977908],[-115.55856900018534,36.02544500012655],[-115.55968700026881,36.02397100020999],[-115.5611519997836,36.0221470003234],[-115.56183600039714,36.02089300015749],[-115.56193000010848,36.020579999779216],[-115.56193799960609,36.02032199987438],[-115.56189499994836,36.020012000133136],[-115.56162399978672,36.018943999894674],[-115.56150800033409,36.01869300031849],[-115.56129999992162,36.01831400000803],[-115.56727600012842,36.01573099977085],[-115.58407599972122,36.00840100022375],[-115.58456399961787,36.00820200005045],[-115.58520499967538,36.0079690002572],[-115.58618100036696,36.0076660000137],[-115.58735200015386,36.00736599981252],[-115.58852700013875,36.00714299966213],[-115.58905000019548,36.007058999744935],[-115.58964199984918,36.006990000031536],[-115.5904300002198,36.006915999913694],[-115.59736700015122,36.006596999690935],[-115.59755100027424,36.00510300003848],[-115.59747599993118,36.004440000023685],[-115.59740599961096,36.0043740000657],[-115.59715600026402,36.00400400031307],[-115.59708599994383,36.00360299989925],[-115.59728299958732,36.00283700006417],[-115.59726800041703,36.002584000110986],[-115.59740899998401,36.0021719999235],[-115.59859200036483,36.000958000235705],[-115.59965900039468,35.99996900005148],[-115.59993999970378,35.99962599968702],[-115.60036300020138,35.99941599969161],[-115.60157400017128,35.99875199979908],[-115.6024190004433,35.9981330002591],[-115.60334800038086,35.99730899991643],[-115.60441899971036,35.996621999940906],[-115.6077419999987,35.99394199999657],[-115.610107999862,35.99188000013864],[-115.61157199955188,35.99075900011153],[-115.61255699956598,35.989659000229466],[-115.61331800017238,35.989269999874246],[-115.61497900040408,35.98723100035765],[-115.61666800022489,35.98507800025165],[-115.61754000026106,35.98416199963729],[-115.61849799961266,35.98338300000634],[-115.62122900024728,35.98143599975467],[-115.6258420001482,35.977575000111074],[-115.62997800002313,35.974586999842955],[-115.63178200036997,35.97309999974225],[-115.63584000042708,35.970010999995324],[-115.64466000034808,35.96220699979084],[-115.64496999996948,35.96186299981626],[-115.64553400003408,35.96140600004972],[-115.64970500006912,35.95549999999421],[-115.65108599991835,35.95311900017019],[-115.65224199963667,35.95144799991185],[-115.65294600034167,35.95012000028062],[-115.65615800030187,35.94590799983652],[-115.65669300005418,35.94512900017033],[-115.65810300021573,35.94341500034492],[-115.65866800010524,35.941869999722144],[-115.65877699988518,35.9402639998817],[-115.6587490002961,35.940216000087915]]]},"properties":{"zcta":"89161"}},{"type":"Feature","geometry":{"type":"Polygon","coordinates":[[[-115.18047800012711,36.10380799964488],[-115.18048200032509,36.10069800017999],[-115.17939799967849,36.10071499968367],[-115.17750999966606,36.10079799968386],[-115.17600499996828,36.10081300025173],[-115.17468600004335,36.1008629999464],[-115.17407199975004,36.10086800013182],[-115.17294600016893,36.1008379997401],[-115.1729999996973,36.10884499993146],[-115.17321899998042,36.109008999926466],[-115.1734499999591,36.109127999752786],[-115.17374299986204,36.109191000228186],[-115.17513700013006,36.10923099963982],[-115.17594700024196,36.10921900018131],[-115.17625699986336,36.10918000011428],[-115.17668600020876,36.10906800018613],[-115.1768519998901,36.1090010000232],[-115.17723000018188,36.10876700013227],[-115.1776040002757,36.10848599990656],[-115.17860199981028,36.108185999888725],[-115.17890499975897,36.10812099987897],[-115.17940000022661,36.108103999800555],[-115.18044399979192,36.10811299988525],[-115.18047800012711,36.10380799964488]]]},"properties":{"zcta":"89158"}},{"type":"Feature","geometry":{"type":"Polygon","coordinates":[[[-115.11877799996493,36.013338999746026],[-115.1188030000793,36.012340000085814],[-115.11875000037584,36.01193800006502],[-115.11862999982692,36.0114880001043],[-115.11843300018346,36.011057000212084],[-115.11830799961166,36.01084999976166],[-115.1180869996787,36.01055500016388],[-115.11773600004943,36.01019400001611],[-115.11708400012128,36.00961699990794],[-115.11436799955528,36.0072969996411],[-115.11229200012019,36.00876099996206],[-115.10628099975331,36.01308299980533],[-115.10206200003768,36.01585699992108],[-115.10149700014817,36.01545300004164],[-115.10115599966633,36.015079999782],[-115.1009649998706,36.014653999765066],[-115.10086199993843,36.01426899994213],[-115.10072700021924,36.01828199981023],[-115.10017400002528,36.01830199975375],[-115.09998200040464,36.018327000039285],[-115.09964199974772,36.01841500013857],[-115.09938400000486,36.0185250003061],[-115.09925000011056,36.018600000200195],[-115.09910199997255,36.01870199973818],[-115.09843599980071,36.01925599973836],[-115.09811899960829,36.01943899974961],[-115.09788500015488,36.019530000077395],[-115.09763699955944,36.01959299968388],[-115.0973810003647,36.01962800008933],[-115.09712199989863,36.01963300035355],[-115.09676899972122,36.019595999698446],[-115.09656700005483,36.019545000161244],[-115.09641999974174,36.01948700006334],[-115.09494900037919,36.01868199989617],[-115.09451599983582,36.01848499980056],[-115.09406099955113,36.01832600026054],[-115.09342799988956,36.01817500009877],[-115.09293900016802,36.01810999979568],[-115.09136300032515,36.01804999980371],[-115.09136300032515,36.01925700023189],[-115.0913740001958,36.01947700024258],[-115.09143500029516,36.01976400033395],[-115.09168499964208,36.02034299977993],[-115.09206299993387,36.0209479999841],[-115.09225200007975,36.02132400002951],[-115.09245999959387,36.02184900021214],[-115.09255300037862,36.02245800011054],[-115.09258400034075,36.022894000198335],[-115.09298000017588,36.023385000358516],[-115.09219500017835,36.02339199981338],[-115.09131700029437,36.02344299976699],[-115.09010200012652,36.0235580001965],[-115.08386200032909,36.0245849996412],[-115.08189599960053,36.024888000233595],[-115.07947899968362,36.02520499970202],[-115.0786250000891,36.02529199969519],[-115.06270699967989,36.027342999847235],[-115.05661500002044,36.028108000186116],[-115.04003800001043,36.0301500001112],[-115.03482500005985,36.03083699996239],[-115.03093900043015,36.03156600000617],[-115.02950099978123,36.03178799973473],[-115.02951500002494,36.03220800031718],[-115.02941600029072,36.03409899986528],[-115.02930099976469,36.041888999903584],[-115.02899399961804,36.04878399988167],[-115.0307229996218,36.04877900001515],[-115.03098700011074,36.04876800016245],[-115.03117600025662,36.048739999738075],[-115.03439800026258,36.0487130001495],[-115.03445099996604,36.047102999845436],[-115.03536099963708,36.047206999798775],[-115.03530700010872,36.048697999809185],[-115.03773900009425,36.04868300019229],[-115.03772400002562,36.049049999730904],[-115.04647899964928,36.04896399994896],[-115.05530699996616,36.04894000006063],[-115.05536800006554,36.045260000090614],[-115.05536300004268,36.044759000210696],[-115.05539400000484,36.04437100024716],[-115.05543099981476,36.0441560001854],[-115.05549399956392,36.04386100034455],[-115.0555610004094,36.04367300021646],[-115.05566799964122,36.0434279999206],[-115.05584500009155,36.04311000023484],[-115.05599800025243,36.042879000171645],[-115.0562169996372,36.04260400021588],[-115.05641300035411,36.042396000358885],[-115.05669100018845,36.04214600015985],[-115.05753200026251,36.04241799966436],[-115.05830600038941,36.042731999910686],[-115.05859699974422,36.04288499988004],[-115.05912599964873,36.04322000006126],[-115.05960400039793,36.043586999645015],[-115.06034199964151,36.04428599988752],[-115.06084499960673,36.04486700030211],[-115.06107599958543,36.04507500016839],[-115.0618539999103,36.04585700016864],[-115.06236600009636,36.04633200006876],[-115.06298600023746,36.04681400028726],[-115.06389000006071,36.047379000202376],[-115.06462099963156,36.04773100021149],[-115.06523400009999,36.047986000025254],[-115.06598599958726,36.04824599964007],[-115.06639599966611,36.04836499994268],[-115.07492100003428,36.050534999844935],[-115.07822900025397,36.05140400028154],[-115.08249099962731,36.05246700019684],[-115.08831500039645,36.05394900032495],[-115.08937099965733,36.054202000231484],[-115.0903120001888,36.05439999965419],[-115.09164500035742,36.054650000157714],[-115.09262399962542,36.0548089997308],[-115.09346300004967,36.054928000279055],[-115.0951209999083,36.05511799975],[-115.09668400023071,36.05524400008647],[-115.09840400001363,36.05531999991525],[-115.09952200009712,36.0553359997552],[-115.10031399976737,36.05532199998623],[-115.1003010002469,36.053381000178746],[-115.10750900033997,36.05329800022839],[-115.10801399995503,36.05327899978993],[-115.10925400023726,36.05328700028094],[-115.109256999712,36.04962700014507],[-115.11815600017398,36.04953900004934],[-115.11822800014401,36.044058000178694],[-115.11822999979384,36.04227099999541],[-115.11600100019788,36.04225800028323],[-115.11602700013715,36.04042899994268],[-115.11826699960379,36.040411999753374],[-115.11833199990107,36.03559200023514],[-115.1183810003049,36.033336999808824],[-115.11842700033564,36.0294479997051],[-115.11547999979098,36.029471000085515],[-115.11398099994099,36.02944999970684],[-115.11399099998674,36.02763900020035],[-115.11845699957456,36.02763900020035],[-115.11846999999335,36.024622000133256],[-115.11853299974254,36.02271999990602],[-115.11853500029069,36.02192999970054],[-115.11860499971257,36.02048099974666],[-115.11640500042894,36.02047900024375],[-115.11642999964496,36.01960099996476],[-115.11416000004114,36.019607999755735],[-115.11417699975956,36.01869300031849],[-115.11428800008765,36.01420199966189],[-115.11647099965286,36.014194000286174],[-115.11648200042181,36.01331599974275],[-115.11695100005187,36.01327100028562],[-115.11766499990432,36.013323000091965],[-115.11877799996493,36.013338999746026]]]},"properties":{"zcta":"89074"}},{"type":"Feature","geometry":{"type":"Polygon","coordinates":[[[-115.20723900018896,36.305965999902725],[-115.20682300026232,36.29244999990418],[-115.20669699986563,36.29184799965142],[-115.20665599985776,36.291214000030735],[-115.2066030001543,36.28946400018971],[-115.20661400002497,36.28795899986804],[-115.20657700021503,36.28380200027968],[-115.20649500019927,36.278328000123494],[-115.20643999994769,36.276278999841104],[-115.20654299987986,36.274866999776286],[-115.20512900041867,36.27485900014222],[-115.20390300038017,36.274925000357825],[-115.20296100002375,36.27501799977689],[-115.2022039996153,36.275131000276964],[-115.20105299991987,36.27535800019113],[-115.19984799979775,36.275676000000956],[-115.19918599982384,36.275880999988736],[-115.19825199986337,36.2762119999279],[-115.19765299963865,36.27646400029713],[-115.19766400040763,36.27632899989011],[-115.1970900002973,36.27634300007194],[-115.19487900024468,36.27629199991484],[-115.19147300011568,36.276187999988295],[-115.18860299956391,36.276130000345084],[-115.1838199997837,36.276327999773585],[-115.18289699969387,36.27637099970382],[-115.18240700014744,36.27641800007205],[-115.18227800027599,36.27640500001924],[-115.1814899999054,36.27643700008959],[-115.17414899974291,36.27676600034623],[-115.17100999957763,36.276883000202346],[-115.16947300009281,36.276866999898154],[-115.16946499969688,36.2752640003227],[-115.16948099959042,36.27511800000984],[-115.16954500006281,36.27494799982733],[-115.16918799968745,36.274832000103736],[-115.16885899979947,36.274775000313774],[-115.16864399971432,36.274777999998825],[-115.16848800007871,36.27480299978381],[-115.16739099991163,36.2751020000681],[-115.16714200038959,36.27518600026888],[-115.166650000295,36.27538100025725],[-115.16590700013026,36.27570899977039],[-115.16564000016658,36.27587600010145],[-115.16549799987634,36.276027000323054],[-115.16515999976754,36.27582699988525],[-115.1648400001004,36.27560599991717],[-115.16443699969426,36.27525499987477],[-115.16427199983782,36.275056999897465],[-115.16397700028504,36.27521599985316],[-115.16291100008009,36.27584399980115],[-115.16225900015193,36.276179999765375],[-115.16177899975293,36.276365999847854],[-115.16123399995486,36.27649799984783],[-115.1607169997459,36.276597000244486],[-115.1602289998493,36.27666700016389],[-115.15973799957962,36.27671699996445],[-115.15838100001984,36.27668899973246],[-115.15657300037337,36.27669800001505],[-115.15304300039584,36.27655700005544],[-115.15128000005687,36.27656500023978],[-115.1486329999862,36.276534000335786],[-115.1463459997656,36.276534000335786],[-115.14400500001666,36.276487000037406],[-115.14406100009316,36.275692999949776],[-115.1440719999638,36.27476800008264],[-115.14404000017674,36.27458099967492],[-115.1402139999232,36.27451600003247],[-115.1392060003429,36.27455599981883],[-115.13487899977392,36.27448500003907],[-115.13483799976605,36.27627299986201],[-115.13106000009138,36.276278999841104],[-115.1304209996837,36.27631699993922],[-115.13040200031543,36.28184999974173],[-115.13041800020896,36.28364299970916],[-115.13490499971319,36.28364599977758],[-115.13495800031495,36.2855099997137],[-115.13412499973852,36.2854699997474],[-115.13363199981902,36.28550799971585],[-115.13336800022836,36.28559400030024],[-115.13306199990663,36.285772999705536],[-115.13289700005016,36.28593000029411],[-115.1326369997592,36.28632900030869],[-115.13239599973477,36.28664600033414],[-115.13214899986257,36.28687899995894],[-115.13188199989885,36.28708100027648],[-115.13161499993518,36.28722300002899],[-115.13138099958343,36.28728300007107],[-115.13107199978695,36.28729699973639],[-115.13042200040694,36.287293999808306],[-115.1304419996001,36.28765399976562],[-115.1304480003462,36.290474999952785],[-115.13942899992564,36.29218199967972],[-115.14066800038295,36.292393999857694],[-115.14291899972021,36.29268099976146],[-115.14396499983368,36.29275599999117],[-115.14402699975795,36.289419000334064],[-115.1440100000395,36.28799500013857],[-115.14404400037472,36.286109999644054],[-115.14405600007026,36.28598999988221],[-115.14411299997167,36.285838000112065],[-115.14438400013334,36.28543099976054],[-115.14441400027056,36.28531699968719],[-115.14448600024059,36.28383000013255],[-115.14613499987843,36.283845999733636],[-115.14915000019514,36.28392499984297],[-115.1494349997022,36.283902000121856],[-115.14979799992534,36.28383400021416],[-115.14996799980464,36.283721000002174],[-115.15016600017135,36.283870000215245],[-115.15047900016582,36.28420899971311],[-115.15058000044814,36.28420999972867],[-115.1510750000175,36.284613999899754],[-115.1508859998716,36.28481400027164],[-115.15067300033456,36.284942999725445],[-115.15049400023443,36.28498799998997],[-115.15041899989137,36.28482400034917],[-115.15031500013428,36.28470500006735],[-115.15019499958538,36.28458999964689],[-115.1500909998283,36.284535999775095],[-115.15002600042928,36.28445600027185],[-115.14974799969663,36.284366999841076],[-115.14952900031183,36.28433200008318],[-115.14909699959337,36.28434700029169],[-115.14898799981341,36.284366999841076],[-115.14899799985918,36.28473400032922],[-115.1489429996076,36.285008000099154],[-115.1489429996076,36.28569900000116],[-115.14895299965332,36.28589299980106],[-115.14899299983631,36.28608599985125],[-115.14898799981341,36.286414000001024],[-115.14895299965332,36.28662299996675],[-115.1505279996713,36.28666799998665],[-115.15076200002302,36.286717999897796],[-115.15092100003169,36.28672799973141],[-115.15090599996309,36.287596999925285],[-115.15304300039584,36.28763700024951],[-115.15315499965051,36.287674999886875],[-115.15323900021441,36.289857999796645],[-115.15326799962841,36.29270000016439],[-115.15108199969018,36.292684000206435],[-115.15034199989844,36.29276100024528],[-115.14872000002482,36.29308899985087],[-115.14788499979858,36.2932260000306],[-115.14612300018284,36.293245000300786],[-115.14395399996303,36.29311899979452],[-115.14097399980642,36.29273800023227],[-115.1392830003358,36.29245600008777],[-115.13357300026777,36.291340999917395],[-115.12825400001203,36.290345000293904],[-115.12731099983074,36.29018699996013],[-115.12634599990814,36.290054999940146],[-115.12480100002736,36.28987700016295],[-115.12307200002364,36.28972899977865],[-115.12209000038257,36.28966399971687],[-115.12149500035584,36.289645000022794],[-115.11938399986234,36.28962199981527],[-115.10971799984442,36.289747000231785],[-115.108306999858,36.28973999989518],[-115.09244899972325,36.28995699990149],[-115.09090100036777,36.28999200003288],[-115.0899599998363,36.289992999974324],[-115.08899300026386,36.290020999778115],[-115.08764099982865,36.2900160000725],[-115.07990899985394,36.29015700033725],[-115.07991100040206,36.29098200024562],[-115.07965100011107,36.29108200030002],[-115.07990300000614,36.291076999938326],[-115.0798140003177,36.30626000012652],[-115.0798290003863,36.306958000266235],[-115.08927899959583,36.30695000030212],[-115.09839399996791,36.30688700028439],[-115.12099700041345,36.307683000214],[-115.12579799973705,36.307888000095055],[-115.13423400041677,36.30818300001982],[-115.14703899970165,36.30816899975906],[-115.14712300026555,36.30824599971434],[-115.1472320000455,36.30830100025635],[-115.14746200019925,36.30833399998382],[-115.14756400030653,36.30838300005791],[-115.1479369996771,36.308669000068036],[-115.14876500023067,36.30913100004013],[-115.14939600024245,36.30954900003461],[-115.14965399998529,36.309630999971475],[-115.15002100040641,36.30972499970475],[-115.1504420003559,36.30977999992742],[-115.15089000006954,36.30980700018043],[-115.15107300036765,36.309752999665015],[-115.15119499966808,36.30974700008803],[-115.15151400040861,36.309796999685645],[-115.15207099990222,36.30979100011205],[-115.15218399988012,36.30975800027737],[-115.15218899990302,36.312879999899934],[-115.16941100016851,36.31305300035199],[-115.16961700003284,36.313223999685206],[-115.16995000011879,36.31345999992256],[-115.17022799995313,36.31361899980544],[-115.1703660000454,36.31372600014956],[-115.17054699979536,36.313954999979885],[-115.1706620003214,36.31398699985204],[-115.17047200035059,36.320947000102166],[-115.18836699956238,36.32116100006843],[-115.18844000025561,36.3284519999848],[-115.20713399970866,36.32834400014201],[-115.20715299997521,36.317444000244684],[-115.20717100041688,36.316691999828464],[-115.20718800013529,36.31343700022222],[-115.20419700010802,36.313354000303065],[-115.20266399992286,36.31334400026325],[-115.2004570000682,36.3132779999682],[-115.19023799985635,36.31310700002956],[-115.18931700031467,36.313076000165616],[-115.18924000032177,36.313045999935326],[-115.1891990003139,36.31299499987919],[-115.18918300042037,36.31292099993718],[-115.1891080000773,36.30592900022447],[-115.18908799998582,36.30583599999698],[-115.18899400027446,36.305680999853976],[-115.1899459997783,36.30573000014729],[-115.19082100018753,36.30579600031652],[-115.19233500010613,36.30584900021449],[-115.2037159998841,36.3061329999147],[-115.20417799984145,36.30612799979381],[-115.20573199994301,36.30599200029223],[-115.20723900018896,36.305965999902725]]]},"properties":{"zcta":"89084"}},{"type":"Feature","geometry":{"type":"Polygon","coordinates":[[[-115.10045600005756,36.06066200018468],[-115.10034800010256,36.05794299990194],[-115.10031399976737,36.05532199998623],[-115.09952200009712,36.0553359997552],[-115.09840400001363,36.05531999991525],[-115.09668400023071,36.05524400008647],[-115.0951209999083,36.05511799975],[-115.09346300004967,36.054928000279055],[-115.09262399962542,36.0548089997308],[-115.09164500035742,36.054650000157714],[-115.0903120001888,36.05439999965419],[-115.08937099965733,36.054202000231484],[-115.08831500039645,36.05394900032495],[-115.08249099962731,36.05246700019684],[-115.07822900025397,36.05140400028154],[-115.07492100003428,36.050534999844935],[-115.06639599966611,36.04836499994268],[-115.06598599958726,36.04824599964007],[-115.06523400009999,36.047986000025254],[-115.06462099963156,36.04773100021149],[-115.06389000006071,36.047379000202376],[-115.06298600023746,36.04681400028726],[-115.06236600009636,36.04633200006876],[-115.06201999959163,36.046012000183474],[-115.06107599958543,36.04507500016839],[-115.06084499960673,36.04486700030211],[-115.06034199964151,36.04428599988752],[-115.05960400039793,36.043586999645015],[-115.05912599964873,36.04322000006126],[-115.05859699974422,36.04288499988004],[-115.05830600038941,36.042731999910686],[-115.05753200026251,36.04241799966436],[-115.05669100018845,36.04214600015985],[-115.05641300035411,36.042396000358885],[-115.0562169996372,36.04260400021588],[-115.05599800025243,36.042879000171645],[-115.05584500009155,36.04311000023484],[-115.05566799964122,36.0434279999206],[-115.0555610004094,36.04367300021646],[-115.05549399956392,36.04386100034455],[-115.05543099981476,36.0441560001854],[-115.05539400000484,36.04437100024716],[-115.05536300004268,36.044759000210696],[-115.05536800006554,36.045260000090614],[-115.05530699996616,36.04894000006063],[-115.04647899964928,36.04896399994896],[-115.03772400002562,36.049049999730904],[-115.03773900009425,36.04868300019229],[-115.03530700010872,36.048697999809185],[-115.03536099963708,36.047206999798775],[-115.03445099996604,36.047102999845436],[-115.03439800026258,36.0487130001495],[-115.03117600025662,36.048739999738075],[-115.03098700011074,36.04876800016245],[-115.0307229996218,36.04877900001515],[-115.02899399961804,36.04878399988167],[-115.02930099976469,36.041888999903584],[-115.02941600029072,36.03409899986528],[-115.02951500002494,36.03220800031718],[-115.02950099978123,36.03178799973473],[-115.02745100028542,36.03209300016416],[-115.02142900004789,36.03274399980733],[-115.01815900036132,36.033065999766684],[-115.01643600020536,36.033253999793075],[-115.0147840001945,36.03332200017129],[-115.01404799970243,36.03342699975327],[-115.01770800027464,36.0368219996701],[-115.018022000094,36.03709499967172],[-115.01868099969484,36.03773699995314],[-115.01916899959149,36.038181000317834],[-115.01972199978542,36.03886100032308],[-115.02024800021519,36.039618999746956],[-115.02050299958502,36.04008800031439],[-115.02071099999749,36.04054599999255],[-115.02085800031058,36.04092999977263],[-115.02211699996106,36.04469900017658],[-115.02253399971256,36.04606300001854],[-115.02273200007929,36.046025000002125],[-115.02311500039393,36.04717699999397],[-115.02340699957365,36.04799900024431],[-115.02374899988044,36.04884700006102],[-115.02410299988276,36.04964100020072],[-115.02433399986144,36.05011100000238],[-115.02540900028723,36.05217499976932],[-115.02752499990527,36.05634399981662],[-115.02831800029875,36.057701999739365],[-115.0287020004383,36.058306999845065],[-115.02870699956286,36.058731999826676],[-115.03433100031543,36.06798400031557],[-115.03644299973553,36.071507000073765],[-115.03671300007228,36.071506000244],[-115.0390940000042,36.07544599980358],[-115.03947200029596,36.07601500017423],[-115.0398120000546,36.076482999746396],[-115.04012800042209,36.07687800018423],[-115.04080899976427,36.07763399992107],[-115.04152599998974,36.078335999755055],[-115.04244200040687,36.07910000003972],[-115.04291400040998,36.079446999637284],[-115.04335799992566,36.079748000202954],[-115.04400300018114,36.080149999704076],[-115.04510199999802,36.080784000331896],[-115.04982899970177,36.083223000166406],[-115.05107400000686,36.08256800032665],[-115.05144599955254,36.08242199983923],[-115.051914000256,36.08229499977652],[-115.05225599966444,36.08222700032171],[-115.05266599974328,36.08216800023464],[-115.05284400001851,36.08216400000565],[-115.05335299983153,36.082183999696596],[-115.05373600014616,36.08222300009572],[-115.05401499980542,36.082268999778364],[-115.05433899967052,36.082348000164885],[-115.05465699968785,36.08244900020338],[-115.05508500020834,36.082624000322355],[-115.05592999958203,36.0831300000305],[-115.0600660003553,36.085688999816924],[-115.06398899979489,36.08563299982654],[-115.0642499999108,36.07804100025106],[-115.06843600001447,36.07809500034886],[-115.06862500016035,36.07816100025665],[-115.06884299972023,36.07818799990596],[-115.07171499992184,36.078216999760976],[-115.0720210002436,36.07818499994539],[-115.0732170001449,36.07813900005154],[-115.08227499971724,36.07823899994426],[-115.08227999974008,36.07786900006893],[-115.08244899979451,36.07788199970751],[-115.08264700016124,36.07784699978214],[-115.08287099956888,36.077770000181836],[-115.08296000015568,36.0777069999248],[-115.08309999989774,36.07781900026618],[-115.08338899960275,36.07770799967572],[-115.08346999979362,36.077575999770325],[-115.08344999970211,36.07755400012761],[-115.08344300002943,36.07732399999573],[-115.08348300021241,36.07720799992023],[-115.08357100007593,36.07698299975539],[-115.0836589999395,36.07684599982371],[-115.08374699980303,36.0766640001124],[-115.08388200042057,36.07632899997744],[-115.08392300042847,36.07614200021556],[-115.08404499972887,36.07585699966496],[-115.08413299959243,36.07573599999777],[-115.08418000034641,36.07554900027794],[-115.0840239998125,36.074851000125726],[-115.0840239998125,36.0747030002523],[-115.08397699995682,36.07458200026167],[-115.08395000019264,36.07445000019158],[-115.08392900027623,36.074214000196235],[-115.08392199970523,36.07367499974476],[-115.08413199976751,36.07332899989658],[-115.08432199973831,36.07296700009646],[-115.08461899983922,36.07236799981439],[-115.08474100003797,36.07208799994707],[-115.0847999995892,36.071844000069355],[-115.08491699976507,36.07148299979924],[-115.08496399962073,36.07124700034011],[-115.08491699976507,36.07099999979706],[-115.08493299965859,36.07095800013025],[-115.08762599976002,36.07107399998529],[-115.08761200041465,36.07050799969945],[-115.08852799993346,36.07054200014462],[-115.08849799979622,36.069314000116776],[-115.08941300038845,36.06936000008976],[-115.08938699955087,36.06754999983283],[-115.09173099967285,36.06763700024193],[-115.09167999961922,36.066878999754444],[-115.09161900041818,36.06400700008453],[-115.09292199955125,36.06404300028425],[-115.0932260002232,36.06400099980757],[-115.09348899998892,36.06404699998271],[-115.09370099970101,36.06405699995406],[-115.09406200027436,36.063621999661684],[-115.09456600006453,36.06295499996429],[-115.09606400008961,36.06168700024263],[-115.09601300003598,36.06052500014655],[-115.10045600005756,36.06066200018468]]]},"properties":{"zcta":"89014"}},{"type":"Feature","geometry":{"type":"MultiPolygon","coordinates":[[[[-115.19296600011789,36.195597999979505],[-115.19297100014076,36.1938099999785],[-115.19239500038061,36.1938099999785],[-115.19240000040345,36.193384999945664],[-115.19163299994926,36.193387000126904],[-115.19149900005496,36.19341300030368],[-115.1912260002435,36.19313800000445],[-115.19128300014489,36.19310299997619],[-115.19128300014489,36.19247600036126],[-115.19059699988154,36.19211599969765],[-115.1902980001308,36.19169500034431],[-115.19015400019076,36.1917820002722],[-115.19001199990055,36.191626000182765],[-115.18996199967182,36.19165500019499],[-115.18922299970504,36.1908330003603],[-115.18948899984382,36.1906709998037],[-115.18911800012303,36.19025299996132],[-115.18897900020589,36.19035299991159],[-115.18878800041017,36.19043900011468],[-115.18866700003633,36.19047300011833],[-115.18840900029348,36.19050600034231],[-115.18826500035341,36.19055000013605],[-115.18807500038264,36.19063999990067],[-115.18773300007588,36.190252000193155],[-115.18667699991667,36.189135000349374],[-115.18612100024797,36.188599999653974],[-115.17924700006573,36.181084999876454],[-115.17880299965172,36.18053999965536],[-115.17893099969827,36.18046100016151],[-115.17896099983547,36.180414999988095],[-115.1789700000563,36.18031600029573],[-115.17896199966039,36.17727800011674],[-115.17678199956993,36.17724999979107],[-115.1758789995716,36.1772210002461],[-115.17506099996208,36.17633600029257],[-115.17421300021533,36.17523899988084],[-115.1737450004102,36.17440599994899],[-115.173386000385,36.17372699969336],[-115.17318999966811,36.173216000016595],[-115.17286199960503,36.17216200013038],[-115.17274600015242,36.171640000338584],[-115.1726830004032,36.17125500009513],[-115.17265800028883,36.1708280001972],[-115.17264499987004,36.16982500013934],[-115.17265900011375,36.16802900022825],[-115.17273199990868,36.166578000128766],[-115.17273899958138,36.16615200020716],[-115.17399999978001,36.166156999860476],[-115.17401400002369,36.16443899969762],[-115.17375799993067,36.16444799985017],[-115.173751000258,36.164269000328254],[-115.17402499989436,36.16427500020134],[-115.17403999996296,36.162617000149986],[-115.17291199983374,36.162610000029055],[-115.17290000013818,36.16237500026904],[-115.17292000022967,36.1618890001816],[-115.17499400001492,36.161901000291685],[-115.17499800021287,36.15937000035792],[-115.17442999995033,36.15934899984877],[-115.17443099977523,36.15981000016578],[-115.17260100038746,36.15979799973567],[-115.17260399986216,36.1594379997577],[-115.17218399973761,36.159437000321574],[-115.17217899971475,36.159959000155894],[-115.17138399967142,36.159950999642774],[-115.17116100008869,36.16018100010746],[-115.17075199983476,36.15987000011311],[-115.17040500040345,36.15965599982495],[-115.17015400033328,36.15955099978172],[-115.16997400040822,36.15954400011226],[-115.16998899957854,36.160618000001705],[-115.16778099989898,36.16060799998823],[-115.16775499995968,36.16120900012976],[-115.1677559997846,36.16161099977673],[-115.16659599986833,36.16160300015748],[-115.16659000002058,36.15990899965534],[-115.16653499976896,36.159886999860184],[-115.16625299973666,36.159837000038955],[-115.16545500021861,36.15982400018179],[-115.16546799973912,36.15893199986701],[-115.16114500026642,36.158917999691745],[-115.15985800012852,36.158946000039755],[-115.15913800042831,36.15899900020496],[-115.15840699995913,36.15898299970726],[-115.15655999995458,36.15889600034375],[-115.15420300031212,36.15889299983878],[-115.15406799969458,36.15906400015332],[-115.15471700014803,36.159073999638494],[-115.15475200030811,36.15908600017942],[-115.15478499992008,36.1591290000478],[-115.15472600036884,36.15925599990934],[-115.15431200009205,36.15991099996607],[-115.15331600020731,36.16138400029081],[-115.15172100009785,36.16383700028049],[-115.15165499997562,36.163913000266724],[-115.15155000039363,36.163941000281234],[-115.15126900018625,36.16389100014469],[-115.15127000001117,36.16398200018086],[-115.15124099969881,36.164159000155884],[-115.15112500024621,36.16442399968277],[-115.15015799977546,36.165883999757774],[-115.15139600040783,36.16640600017692],[-115.14977199998609,36.16894200013033],[-115.14903999969198,36.17002799993562],[-115.1483790004413,36.171049999824824],[-115.14832500001461,36.171225999781704],[-115.14721600015197,36.172858000003494],[-115.14688600043908,36.1734119998495],[-115.1458090003635,36.17507299985495],[-115.14559799957799,36.1754720003156],[-115.14549200017109,36.17561099998986],[-115.14501500014508,36.17639300008196],[-115.14439300035417,36.17730100004007],[-115.14256200024316,36.18006199972907],[-115.14185900026138,36.18137199974872],[-115.14174499956023,36.181618999820174],[-115.14151899960443,36.182302999913404],[-115.14126300040972,36.183260999669116],[-115.14115000043182,36.184055999725565],[-115.14109699983005,36.18499699969627],[-115.14116200012738,36.188382000344546],[-115.14231399964773,36.188355000155035],[-115.14338300022573,36.188366999837584],[-115.14296200027624,36.19053400027984],[-115.14292000044345,36.19164700001767],[-115.14287799971234,36.19446999978957],[-115.14283500005463,36.19573399964501],[-115.15186199966485,36.195696999929986],[-115.15178300002212,36.20258099978776],[-115.15244499999604,36.20253799984208],[-115.15402300038707,36.20250900023621],[-115.15625600018097,36.202567999772974],[-115.15625600018097,36.20300500031404],[-115.16078399969307,36.202937999908386],[-115.16078399969307,36.203000000112624],[-115.16196000040118,36.20300599991936],[-115.16530100023284,36.20297299988943],[-115.16532100032433,36.202780999966585],[-115.16529299983692,36.19862999990119],[-115.16534200024074,36.19726500030617],[-115.16535700030936,36.19571399987958],[-115.17030300029622,36.195728000005936],[-115.1768939997229,36.195701000174296],[-115.17881199987254,36.1956630000197],[-115.17881299969746,36.19568900016563],[-115.18283200029487,36.19564800018251],[-115.18676099958225,36.195634000041906],[-115.18855300023354,36.19564800018251],[-115.19248599971888,36.19562600027112],[-115.19296600011789,36.195597999979505]]],[[[-115.14102999988289,36.1865559999342],[-115.14091600008007,36.184893000086404],[-115.14097899982929,36.18382099974176],[-115.13862700020967,36.183785999899804],[-115.1384599998051,36.18378400019841],[-115.13667399989991,36.18649799974767],[-115.13859899972226,36.186535000184165],[-115.14102999988289,36.1865559999342]]]]},"properties":{"zcta":"89106"}},{"type":"Feature","geometry":{"type":"Polygon","coordinates":[[[-115.18183399986198,36.12005299976687],[-115.18134099994249,36.11980999995703],[-115.18118399958364,36.11977100006982],[-115.18040799980692,36.11975900004479],[-115.18040299978405,36.11822299984266],[-115.18043899976905,36.11786000000724],[-115.18045300001276,36.115746000151574],[-115.1804210002257,36.109777999982484],[-115.18044399979192,36.10811299988525],[-115.17940000022661,36.108103999800555],[-115.17890499975897,36.10812099987897],[-115.17860199981028,36.108185999888725],[-115.1776040002757,36.10848599990656],[-115.17723000018188,36.10876700013227],[-115.1768519998901,36.1090010000232],[-115.17668600020876,36.10906800018613],[-115.17625699986336,36.10918000011428],[-115.17594700024196,36.10921900018131],[-115.17513700013006,36.10923099963982],[-115.17374299986204,36.109191000228186],[-115.1734499999591,36.109127999752786],[-115.17321899998042,36.109008999926466],[-115.1729999996973,36.10884499993146],[-115.17294600016893,36.1008379997401],[-115.17407199975004,36.10086800013182],[-115.17468600004335,36.1008629999464],[-115.17600499996828,36.10081300025173],[-115.17750999966606,36.10079799968386],[-115.17939799967849,36.10071499968367],[-115.17942799981569,36.100279999656564],[-115.17951200037962,36.09991200011253],[-115.17959299967215,36.09966500033948],[-115.17988599957512,36.09905500013869],[-115.17997500016189,36.09869299974619],[-115.18004799995681,36.09732199976947],[-115.17487500018923,36.09732299999678],[-115.17362099966333,36.097334000319314],[-115.1729219998795,36.097356999734956],[-115.17288500006956,36.09360200010514],[-115.17175799976526,36.0935730001179],[-115.17113599997433,36.09357800004138],[-115.17087800023147,36.093645999840035],[-115.17074900036003,36.09370999993839],[-115.1706549997504,36.09378399980566],[-115.17053000007691,36.09392400007028],[-115.1704790000233,36.094035999812014],[-115.17045300008401,36.094154999816446],[-115.1704940000919,36.09543200025768],[-115.1704999999397,36.09659800022142],[-115.17046700032772,36.0967819999848],[-115.17040700005327,36.09691000010264],[-115.1703669998703,36.0969719999827],[-115.17017400042475,36.0971550000926],[-115.16987899997368,36.09725499975047],[-115.16967099956122,36.09728900024393],[-115.16659699969325,36.097238999726656],[-115.16662400035574,36.100884000142514],[-115.1638340001699,36.100860000125294],[-115.16385000006345,36.10158300015056],[-115.16333600022752,36.10160800011975],[-115.16333799987736,36.10355000033051],[-115.16335899979376,36.10447099994648],[-115.16285500000359,36.10445299966736],[-115.16281300017083,36.10442699974075],[-115.16277600036088,36.104366000074556],[-115.15837400034715,36.104368000349936],[-115.15838199984476,36.104792999646264],[-115.15844399976903,36.104690999879665],[-115.15863799993781,36.10460200028113],[-115.15912099981155,36.1045860003018],[-115.1599040001593,36.10458899998064],[-115.15991599985485,36.10607200017101],[-115.1602020000851,36.10631099994594],[-115.16389799974401,36.10628000006778],[-115.16395499964541,36.10897799966158],[-115.16259300006278,36.108977000308364],[-115.16212000023476,36.10887899976385],[-115.16005700032018,36.10889500032025],[-115.16003800005359,36.10927299990727],[-115.16005599959693,36.111041999833276],[-115.1600179999621,36.11127999967684],[-115.15997299975625,36.11148800029728],[-115.15944200020195,36.11147899987363],[-115.1594189997374,36.11164400021964],[-115.15934599994246,36.111657000078225],[-115.15929099969085,36.111686999966985],[-115.15927899999531,36.11188099964834],[-115.15924899985806,36.111927000116005],[-115.15913000003239,36.11200799980122],[-115.1591030002682,36.112071000143665],[-115.15911800033682,36.11310600019366],[-115.15908200035182,36.114306000225156],[-115.16399599965331,36.11443000005642],[-115.16402199959256,36.11675400020832],[-115.16404099985915,36.11729999970448],[-115.1634890003884,36.117268999809504],[-115.16310299970071,36.11721299982773],[-115.16257899981908,36.11702300016212],[-115.16222599964165,36.116823000246555],[-115.1618819996851,36.11669799985925],[-115.16154299975136,36.1166090000776],[-115.16096299979324,36.1165069996901],[-115.16042899986583,36.11648899999218],[-115.15992699972551,36.116548999694935],[-115.15946300011832,36.11670099980123],[-115.15953699973817,36.11678700026572],[-115.15957199989828,36.11842099990316],[-115.15955699982966,36.11851399963835],[-115.15953400026345,36.119134999845],[-115.16067499991314,36.119158000134625],[-115.1608630002341,36.11918300031552],[-115.16105700040288,36.11925999998106],[-115.16129099985629,36.119437999964816],[-115.16141899990279,36.119468999729136],[-115.16165800027743,36.11931000027002],[-115.1619050001496,36.11921899992354],[-115.162038000219,36.11919499970293],[-115.16406699979841,36.11919499970293],[-115.16408299969194,36.122409000354686],[-115.16450799983937,36.12237100021565],[-115.16527299974545,36.122466000165886],[-115.16551700014291,36.122539999795436],[-115.1657270002052,36.12265399991197],[-115.16593899991732,36.12279500015166],[-115.16618599978952,36.12304099985544],[-115.16642799963883,36.12340899988465],[-115.16651899987544,36.123608999713326],[-115.16676499992275,36.12428899996346],[-115.16686200000711,36.124498000110734],[-115.16698099983282,36.124692000068876],[-115.167163000306,36.12489400000952],[-115.16732099959141,36.12501099996012],[-115.16779500014266,36.125235999765714],[-115.168001000007,36.12528099979453],[-115.16928999979469,36.12547300025665],[-115.16910999986965,36.12572100000727],[-115.16558499991497,36.131102000176725],[-115.16528399961611,36.1309449999338],[-115.16418599962411,36.13025899972624],[-115.16367299961313,36.12998399981879],[-115.16335600031903,36.1298649996736],[-115.16299200027096,36.129762999820144],[-115.16263900009355,36.12969199991504],[-115.16223599968741,36.12966300019079],[-115.16177299990514,36.129652999858045],[-115.1609190003106,36.12966000001854],[-115.1605169997294,36.12968899974388],[-115.1601450001837,36.12973599975139],[-115.15939699999608,36.129758999837385],[-115.15785799996311,36.12971500001391],[-115.15635400009027,36.12972399979843],[-115.15496400002023,36.12961100033318],[-115.15483799962352,36.1295539999055],[-115.15391999955656,36.129426000016274],[-115.15274100027203,36.12938399964435],[-115.14910300033948,36.12937899982311],[-115.14820899966365,36.12938699982711],[-115.1479169995856,36.129406000014676],[-115.14757400035226,36.12945599964626],[-115.14723600024345,36.129528000307644],[-115.14660500023169,36.129690000284654],[-115.14619699980268,36.12974799970247],[-115.14595300030352,36.12975599966884],[-115.14596400017417,36.12918599966128],[-115.14541299963005,36.12920700026581],[-115.14542199985087,36.12886799987443],[-115.14253600030389,36.128808000153484],[-115.14253499958066,36.12932299977241],[-115.14154899974164,36.1293170001274],[-115.14142900009108,36.129264000219926],[-115.1383340003067,36.129257999844825],[-115.13831199966708,36.1297530002257],[-115.13688700033525,36.12975499985447],[-115.13686700024377,36.13002299971125],[-115.13686399987073,36.13699399968415],[-115.13448299993881,36.13699500013179],[-115.13447100024325,36.13998699970541],[-115.13688200031238,36.1400060002285],[-115.13687200026664,36.140788000048076],[-115.13478300041278,36.14080699965172],[-115.13479599993325,36.14275299970684],[-115.13482199987251,36.14279199978227],[-115.13422500019593,36.14279700019977],[-115.13423600006658,36.14417900022023],[-115.13699500029028,36.144114999897134],[-115.14241800030312,36.1439150000924],[-115.14469399975474,36.14384799992408],[-115.14451899985254,36.1404610001162],[-115.14647200016232,36.14040999983761],[-115.14660299968357,36.142814000020905],[-115.14731599971108,36.142795999826106],[-115.147324000107,36.1430419999543],[-115.15020999965398,36.14296899971366],[-115.15014600007987,36.141832000046236],[-115.15144099971536,36.14177099969405],[-115.15152100008132,36.14266300007253],[-115.15158300000559,36.14287199989499],[-115.15172299974768,36.14317899981513],[-115.15176899977844,36.14341700016935],[-115.15177499962623,36.14359800014438],[-115.15477499987433,36.143518000046626],[-115.15476800020163,36.14367400016169],[-115.15850200039367,36.143736000121294],[-115.16224499990822,36.14388100019823],[-115.16612399986522,36.14406999978605],[-115.1686019998815,36.14416199996951],[-115.17029599972518,36.14427999984182],[-115.1708520002922,36.144305000001],[-115.17250000010509,36.142463999845575],[-115.17449100004967,36.14015999998366],[-115.17558099964576,36.13895600023847],[-115.17667699998793,36.13770999988526],[-115.17791200024726,36.136245000359665],[-115.178210999998,36.13583699994552],[-115.17869200022196,36.13509299991714],[-115.17895800036074,36.134620999955395],[-115.17934599979995,36.13384799965169],[-115.17962700000734,36.133172000036986],[-115.17991300023759,36.132365999945804],[-115.18018900042212,36.1311969997183],[-115.18025399982115,36.13085400001429],[-115.1802940000041,36.13053700026005],[-115.18063399976273,36.13033099965103],[-115.18071800032664,36.12977300013881],[-115.18077699987786,36.12838999976064],[-115.18075599996145,36.12672600014804],[-115.18079600014445,36.125408000043194],[-115.18078199990074,36.12364999965522],[-115.1808289997564,36.12261300017553],[-115.18081899971067,36.12152399992375],[-115.18136000020904,36.12068300023266],[-115.18183399986198,36.12005299976687]]]},"properties":{"zcta":"89109"}},{"type":"Feature","geometry":{"type":"MultiPolygon","coordinates":[[[[-115.1099479999982,36.233857000195556],[-115.11183400036082,36.232303999729254],[-115.11079200044531,36.23230599964052],[-115.11056499976628,36.232165999932214],[-115.11019400004551,36.23226999978088],[-115.10992500043199,36.23230800027635],[-115.10959399999587,36.232325000244096],[-115.10867400027911,36.23234100025301],[-115.10579399968158,36.2323479999389],[-115.10581399977309,36.234242999814505],[-115.10580299990242,36.23435699981804],[-115.10575199984879,36.23454400015662],[-115.105638000046,36.23475499968391],[-115.10550400015167,36.23491299988087],[-115.10444499961946,36.23578199996634],[-115.10361299976621,36.236374000199724],[-115.10255199958416,36.23708899972882],[-115.10167100022544,36.23755599975895],[-115.10112700025232,36.23774699996039],[-115.10078599977048,36.23782800010601],[-115.10043699979101,36.23787999990476],[-115.1002650002619,36.237896000226044],[-115.0998300000687,36.237896000226044],[-115.09924500008769,36.23782399984137],[-115.09860800022814,36.2376300001655],[-115.09870799978722,36.2373179998563],[-115.09872299985587,36.23716999983162],[-115.09871799983299,36.23599299977545],[-115.10036900001896,36.23599800004215],[-115.10035099957727,36.23235800021363],[-115.09867000015241,36.23236000012351],[-115.09863900019027,36.22723000004993],[-115.09860900005306,36.22533199965767],[-115.09861200042609,36.22207799998735],[-115.09855799999943,36.217825000293665],[-115.09856200019738,36.21667099964499],[-115.0985210001895,36.21222399989332],[-115.09846199973994,36.20894899977756],[-115.09846900031097,36.20823400029026],[-115.09844500002153,36.20752299970953],[-115.09845300041745,36.205001999977796],[-115.09843900017373,36.20394499988298],[-115.09841800025734,36.203564999828025],[-115.0984009996406,36.19886699970992],[-115.0983720002266,36.19743299977846],[-115.09839800016583,36.19556100020021],[-115.09833799989138,36.19234999970105],[-115.09833299986855,36.19188399993963],[-115.09834600028734,36.1917310000262],[-115.09832199999788,36.1888530003001],[-115.09828400036304,36.1881290003519],[-115.09612500018896,36.18818799985011],[-115.09600999966293,36.1883410001605],[-115.09607699961006,36.19158500024705],[-115.09605499986877,36.191886999906515],[-115.09599499959432,36.19179700012499],[-115.09574400042246,36.191533000121],[-115.09558799988855,36.19143999994877],[-115.0949379996102,36.191138000015435],[-115.09470699963151,36.191000000099926],[-115.0945509999959,36.19083000035303],[-115.09417799972701,36.19054400009971],[-115.09374000005907,36.190268999874945],[-115.09369099965528,36.18970200035224],[-115.09370099970101,36.18962399972455],[-115.09364499962454,36.18825199972256],[-115.08852600028364,36.18833299964463],[-115.08623499986508,36.18839099992227],[-115.07987399969383,36.18850599983325],[-115.07388499996658,36.18849700026874],[-115.07189400002198,36.18850899992954],[-115.07083100019008,36.18848000020229],[-115.07078500015932,36.188466000230115],[-115.07082299979419,36.18964200004359],[-115.07070200031866,36.1896399997667],[-115.07069800012071,36.18941300026785],[-115.06975599976433,36.18944799977037],[-115.06977400020595,36.190293999869404],[-115.0686989997802,36.190333999988844],[-115.06866000032046,36.18856799986651],[-115.06648799972761,36.18865399985477],[-115.06649299975045,36.189173000047],[-115.06542800026875,36.18920600009376],[-115.06543699959124,36.19055099990036],[-115.06435299984295,36.19059399990502],[-115.06435700004093,36.18874299983594],[-115.0622630001642,36.188820999890986],[-115.06177600009248,36.18880799976637],[-115.05985700011792,36.188824999761614],[-115.05980900043734,36.19011000036162],[-115.05981100008715,36.190770999945215],[-115.06213299956956,36.19067500030485],[-115.06209099973674,36.192594999751506],[-115.06206399997255,36.196224000276395],[-115.05992700043811,36.19622000005879],[-115.05991099964629,36.197416999878804],[-115.05991900004221,36.198544999657386],[-115.0620670003456,36.198546999706814],[-115.0620959997596,36.203598000333216],[-115.05868499960775,36.20360299977155],[-115.05755900002667,36.20353900012309],[-115.05755900002667,36.207010000325354],[-115.05749899975223,36.20796800009012],[-115.05750999962285,36.210818999834274],[-115.05752700023962,36.21090600025486],[-115.05995699967703,36.21094400025825],[-115.05993800030876,36.21412300035151],[-115.05984399969913,36.21562299995205],[-115.05981699993494,36.218181999727854],[-115.0598279998056,36.21824799999295],[-115.0598760003845,36.21832199982866],[-115.0622220001563,36.218310999798724],[-115.06221499958531,36.22568500018009],[-115.06034199964151,36.22567599981705],[-115.05931999981749,36.22593300035585],[-115.05587199985571,36.22590600007388],[-115.05540999989833,36.22591799979776],[-115.05518399994253,36.22595999990382],[-115.05493700007032,36.226067000141114],[-115.05471100011452,36.22622299971004],[-115.05390299965244,36.22697900029251],[-115.05250000006191,36.22825399987089],[-115.05247900014551,36.23060100020887],[-115.05250000006191,36.23074799964982],[-115.05278999959182,36.231073999691475],[-115.05267800033715,36.23113800000684],[-115.05257600022992,36.23122500029494],[-115.05249199966599,36.23133199985022],[-115.0524699999247,36.231462999905446],[-115.0524359995895,36.2334249999353],[-115.0523519999239,36.234913999803126],[-115.05236299979455,36.23519499991576],[-115.05253500022202,36.23566600004158],[-115.05257000038212,36.23586200006402],[-115.05252600000118,36.23822100029186],[-115.05251599995543,36.239941000247065],[-115.0520070001424,36.24023999995485],[-115.05180100027809,36.24032800011137],[-115.052603999819,36.24040899975625],[-115.05485300040473,36.24035499976084],[-115.05160399973627,36.24213599964575],[-115.05175699989715,36.24605700010483],[-115.0525129995824,36.24604000022512],[-115.05251400030562,36.246441000067186],[-115.0521190002954,36.24644700016481],[-115.05186900005016,36.24648800033671],[-115.05161999962982,36.24655499967017],[-115.05139799987197,36.24663699987914],[-115.05115600002263,36.24675799976532],[-115.05079899964723,36.24702300014881],[-115.04965799999755,36.24799300031268],[-115.04928599955358,36.24832899984726],[-115.04903899968134,36.24858100036128],[-115.04894999999289,36.24870899980516],[-115.04888100039594,36.2488729999635],[-115.04884700006072,36.24911700007448],[-115.04883600019006,36.24943599998199],[-115.04879099998422,36.24952600012232],[-115.04870599959543,36.24962499993965],[-115.04849800008128,36.249814999896266],[-115.04782799971144,36.25031600004515],[-115.0471490000191,36.2490890000886],[-115.04661199971866,36.248185000120124],[-115.04650899978652,36.24802099996685],[-115.0463330000594,36.24780000027607],[-115.04580900017777,36.24725299991729],[-115.04534200019755,36.24687999995778],[-115.04531600025825,36.24685000035565],[-115.04526199983162,36.24671200015394],[-115.04516200027248,36.246592999742376],[-115.04506900038608,36.246536000351604],[-115.04490500035455,36.24648099974347],[-115.0447460003459,36.246405000196155],[-115.04468900044448,36.246372000360175],[-115.04456300004777,36.24625499970976],[-115.04314100019067,36.24706900030155],[-115.04270400034767,36.24733800013291],[-115.04132299960015,36.248138000146724],[-115.01629700028819,36.247905000092366],[-115.01598799959338,36.247246999881554],[-115.01585899972197,36.247132999839046],[-115.01576500001063,36.24708599995743],[-115.0156150002228,36.24704700035791],[-115.01409499955808,36.24699899993239],[-115.01044800030303,36.24684700032237],[-115.0063230002987,36.24677999979031],[-115.00685899987593,36.26463999985034],[-115.00793400030172,36.2655330000136],[-115.00828900012893,36.26577199970973],[-115.00949000005309,36.26630500025842],[-115.00922100043957,36.26630200024785],[-115.0090599998828,36.26628199969155],[-115.00934100009019,36.26638700001998],[-115.00972500022974,36.26661700000464],[-115.00826900003744,36.26745599991553],[-115.00563899968517,36.26901900003291],[-114.99786599970258,36.268979000306864],[-114.99787200044867,36.268778999921],[-114.97842999990972,36.26875499986926],[-114.97337299959477,36.26873499994115],[-114.97337699979275,36.2760349998375],[-114.9644539999396,36.276047999951864],[-114.96447599968091,36.279425000186286],[-114.96435900040338,36.290538000194154],[-114.95549099990349,36.290538000194154],[-114.95549900029941,36.302912999757886],[-114.95548000003284,36.30293700016625],[-114.95549900029941,36.30504599997486],[-114.95482599955652,36.30504300000537],[-114.95479799996747,36.30508800025996],[-114.9543510000787,36.30596500016601],[-114.95400999959686,36.30677299970933],[-114.95382499964893,36.30728999986377],[-114.95366999983823,36.30779099973121],[-114.95345499975308,36.308669000068036],[-114.95274599992351,36.30866999977008],[-114.95259399958755,36.30959199975626],[-114.95255599995271,36.3099969999272],[-114.95605300031828,36.30866999977008],[-114.95763900020691,36.308091999727736],[-114.99089100013632,36.29564099995454],[-114.99889000007474,36.29262399997307],[-115.00386000035105,36.29079399965162],[-115.01037899980773,36.2883329998573],[-115.01037700015789,36.28821399985765],[-115.01069299962707,36.288214999821946],[-115.01264000008905,36.2874840000933],[-115.01263800043921,36.2873009996403],[-115.01313100035873,36.2873009996403],[-115.01491200024101,36.286631999827975],[-115.01491200024101,36.28638700033877],[-115.01666100033624,36.286386000351115],[-115.01717799964689,36.2861920003286],[-115.01718000019504,36.28547199974623],[-115.01942999970737,36.28547199974623],[-115.01943399990535,36.28455399997792],[-115.02168299959277,36.284552999966735],[-115.02168799961564,36.28363400022737],[-115.02398999990486,36.2836360002732],[-115.02625600020905,36.28279000019949],[-115.02661100003628,36.28310400002853],[-115.02716800042822,36.28348000016345],[-115.02904899986962,36.28502300017774],[-115.02923999966532,36.28524700028373],[-115.0293640004122,36.285442999758594],[-115.03368900043304,36.288773000318315],[-115.03386400033521,36.28894100016893],[-115.03524400035953,36.29010900033733],[-115.03567100015677,36.290364999754225],[-115.03601900031131,36.29060600005275],[-115.03675200043034,36.290950000345966],[-115.0372350003041,36.29115799982118],[-115.03807899985289,36.29131600036086],[-115.0391140000957,36.29145499987905],[-115.0395929997715,36.29149499967371],[-115.04020500041499,36.2914859996493],[-115.040826000381,36.29156100030372],[-115.0419519999621,36.29134600026218],[-115.04299600042572,36.29100599998072],[-115.04594200024717,36.289518000271876],[-115.05776700043914,36.283643999731964],[-115.05868799998083,36.28320700012621],[-115.05921100003754,36.282910999845036],[-115.06194000012403,36.281558000305594],[-115.06193500010113,36.2786730003138],[-115.06222999965391,36.278928000230096],[-115.06260299992283,36.279286000240454],[-115.06380100037224,36.28055900018255],[-115.06710700004379,36.284141000072864],[-115.06857199955859,36.28577199970996],[-115.07004600019256,36.287196999899855],[-115.07147700027048,36.28819099995243],[-115.07239699998723,36.288694000048004],[-115.0731130003878,36.28903900003545],[-115.07379499955488,36.289300999768706],[-115.07441399987108,36.28950999996705],[-115.07502300014153,36.28967599978808],[-115.07670100009167,36.290020999778115],[-115.0773299995553,36.29009900021297],[-115.07829899967585,36.29015700033725],[-115.07990899985394,36.29015700033725],[-115.07989600033346,36.289052000156275],[-115.0799420003642,36.287817000006626],[-115.08000199974033,36.279295000223584],[-115.07992300009762,36.277870999960776],[-115.08001000013626,36.277659000157406],[-115.08003900044858,36.27752300026739],[-115.08004899959603,36.27719499968557],[-115.08002600002979,36.27665599965312],[-115.07980500009687,36.276655000264945],[-115.07984500027983,36.27298099998939],[-115.0798579998003,36.26928599992431],[-115.0798140003177,36.26858100017874],[-115.07968299989813,36.26765000015098],[-115.07966899965442,36.26450900035132],[-115.07974800019545,36.26319199997443],[-115.07978800037843,36.2619009997155],[-115.07980799957159,36.26009000014683],[-115.07977400013472,36.25950300011764],[-115.07968100024829,36.258468999798176],[-115.07984899957945,36.258330000211494],[-115.07978199963232,36.25800800006772],[-115.07965399958582,36.25811499990506],[-115.07961599995099,36.25763199967323],[-115.07969600031691,36.25613700003568],[-115.07988600028773,36.25484999991994],[-115.07995099968673,36.25465099996654],[-115.07995999990754,36.25280800005918],[-115.07993099959525,36.247366999784774],[-115.07998699967173,36.241081000281994],[-115.08002799967963,36.23872899997554],[-115.08865900035305,36.23858599982505],[-115.08881199961559,36.238729999848985],[-115.08896300012665,36.23879600016378],[-115.0892429996108,36.23880200012379],[-115.0892140001968,36.23982900013479],[-115.0940019999999,36.23974600016801],[-115.09403499961189,36.238332999809785],[-115.09477000027901,36.23832699981378],[-115.09481999960941,36.23925399989109],[-115.09483200020331,36.23993200007576],[-115.0948740000361,36.240340999648595],[-115.09727699970934,36.240340999648595],[-115.0984430003717,36.240298000167954],[-115.1001959997666,36.240298000167954],[-115.10085100006778,36.24026999992053],[-115.10204199994621,36.24027400006001],[-115.10341600012273,36.23920099968977],[-115.10501000040726,36.23787000033632],[-115.1074680003321,36.23585300014767],[-115.1099479999982,36.233857000195556]]],[[[-115.08629699978937,36.23949599987529],[-115.08629299959141,36.239415000008904],[-115.0862420004361,36.23926999993115],[-115.08622999984222,36.23916699984242],[-115.08622700036747,36.238934999722346],[-115.08625400013166,36.23877099972179],[-115.0862220003446,36.2387179999175],[-115.08618299998655,36.23869200030115],[-115.08602300015299,36.23867399966997],[-115.08582599961119,36.23870400023662],[-115.0854409996467,36.23868800008072],[-115.08521899988885,36.23871899979114],[-115.08502100042044,36.23869699967069],[-115.08467900011368,36.23871299982476],[-115.08468300031166,36.23883700000197],[-115.08466099967202,36.238983999898764],[-115.08470300040312,36.23951500018065],[-115.08467800028879,36.23964999973864],[-115.0847019996799,36.239805999742586],[-115.08476799980215,36.23986900029683],[-115.08485400001588,36.23989199994602],[-115.085145000269,36.2398910000874],[-115.0853200001712,36.23985400023849],[-115.08544499984465,36.239845999916334],[-115.08559299998267,36.23986199983523],[-115.08624999993368,36.239877999750846],[-115.0862780004211,36.23978200020807],[-115.08627599987298,36.239576999657736],[-115.08629699978937,36.23949599987529]]]]},"properties":{"zcta":"89115"}},{"type":"Feature","geometry":{"type":"Polygon","coordinates":[[[-115.20758200032061,36.2435379999845],[-115.20759400001617,36.240866000330385],[-115.20534600015365,36.24093499982663],[-115.20533899958264,36.2401099999704],[-115.2031059997887,36.24012999998205],[-115.20307700037473,36.23970599994309],[-115.20296100002375,36.23900099986407],[-115.19838599975768,36.23915199964937],[-115.19840500002427,36.24015199969921],[-115.19233500010613,36.240381000273125],[-115.19229400009823,36.241316000074924],[-115.18942199989665,36.24135200011647],[-115.18946299990453,36.23947900001763],[-115.18481200036877,36.23946399988446],[-115.18350500013943,36.23949599987529],[-115.18194199981701,36.23948200033374],[-115.1801030002084,36.239502999645126],[-115.17561599980584,36.23949300028428],[-115.17445599988959,36.239517999770875],[-115.17265699956562,36.23948999996859],[-115.17113199977638,36.239517999770875],[-115.17110199963913,36.239994999803976],[-115.17110099981424,36.24080799981419],[-115.17102100034658,36.242887000147135],[-115.17084899991914,36.24671399969663],[-115.16987700032384,36.246741999809046],[-115.16636900008761,36.246767999645755],[-115.15924600038335,36.24687699992565],[-115.15478400009516,36.24691000027287],[-115.16080100030983,36.24262799989602],[-115.16153600007867,36.241793000004186],[-115.1618110004383,36.241412999746466],[-115.16197600029473,36.24080899966109],[-115.16195799985304,36.239484999925224],[-115.15308600005353,36.23945899983942],[-115.14375999979427,36.23954899987665],[-115.14371999961129,36.23998300006668],[-115.14372200015943,36.24078399986282],[-115.14369799986999,36.241589000217544],[-115.14370200006796,36.24239999993539],[-115.14364099996858,36.24315299970746],[-115.14367600012869,36.24388899984718],[-115.1436920000222,36.245124000089156],[-115.14148199979451,36.24510099980599],[-115.1415229998024,36.244594999833474],[-115.14151699995462,36.243707999710274],[-115.13929699968119,36.24372800025035],[-115.13929699968119,36.24339300030977],[-115.1392690000921,36.24331500030356],[-115.13922899990911,36.243278999717084],[-115.13905599965675,36.23962199998364],[-115.13867700043838,36.23964100025839],[-115.13482699989538,36.23968300023919],[-115.13433300015099,36.23970300036008],[-115.1343549998923,36.240751999674714],[-115.13442199983943,36.241923999920324],[-115.13449700018252,36.242875000129274],[-115.13459500009179,36.24479099992803],[-115.13471300009256,36.246175999883626],[-115.13474499987962,36.24685799996093],[-115.13473099963593,36.24694399965005],[-115.13467100025977,36.24695299973843],[-115.13469300000109,36.24878200005067],[-115.13474800025267,36.249811999976814],[-115.13476699962094,36.250528000189284],[-115.13472099959017,36.25267500016146],[-115.1347289999861,36.254210000192934],[-115.13470399987175,36.257742999995315],[-115.13250899971267,36.2577729997616],[-115.13255399991851,36.26132300013955],[-115.12710099976846,36.2613700001495],[-115.12588700032381,36.26139100009858],[-115.1257609999271,36.26142299980321],[-115.12593500000439,36.26516599978974],[-115.13033500036828,36.26517300015754],[-115.13479400028343,36.265143999871526],[-115.13483399956807,36.26666199996965],[-115.13491599958384,36.27255899965017],[-115.13487299992616,36.27348899965811],[-115.13487899977392,36.27448500003907],[-115.1392060003429,36.27455599981883],[-115.1402139999232,36.27451600003247],[-115.14404000017674,36.27458099967492],[-115.1440719999638,36.27476800008264],[-115.14406100009316,36.275692999949776],[-115.14400500001666,36.276487000037406],[-115.1463459997656,36.276534000335786],[-115.1486329999862,36.276534000335786],[-115.15128000005687,36.27656500023978],[-115.15304300039584,36.27655700005544],[-115.15657300037337,36.27669800001505],[-115.15838100001984,36.27668899973246],[-115.15973799957962,36.27671699996445],[-115.1602289998493,36.27666700016389],[-115.16095799977035,36.27655399971459],[-115.16150699976636,36.27643599997439],[-115.16177899975293,36.276365999847854],[-115.16197200009677,36.27629799989247],[-115.16225900015193,36.276179999765375],[-115.16291100008009,36.27584399980115],[-115.16397700028504,36.27521599985316],[-115.16427199983782,36.275056999897465],[-115.16443699969426,36.27525499987477],[-115.1648400001004,36.27560599991717],[-115.16515999976754,36.27582699988525],[-115.16549799987634,36.276027000323054],[-115.16564000016658,36.27587600010145],[-115.16590700013026,36.27570899977039],[-115.1668970001672,36.27527799997129],[-115.16739099991163,36.2751020000681],[-115.16848800007871,36.27480299978381],[-115.16877900033184,36.27477199990443],[-115.16910400002189,36.27481100014789],[-115.16954500006281,36.27494799982733],[-115.16948099959042,36.27511800000984],[-115.16946499969688,36.2752640003227],[-115.16947300009281,36.276866999898154],[-115.17100999957763,36.276883000202346],[-115.17414899974291,36.27676600034623],[-115.17976099990163,36.2765089996567],[-115.18227800027599,36.27640500001924],[-115.18240700014744,36.27641800007205],[-115.18289699969387,36.27637099970382],[-115.1838199997837,36.276327999773585],[-115.18860299956391,36.276130000345084],[-115.19147300011568,36.276187999988295],[-115.19487900024468,36.27629199991484],[-115.1970900002973,36.27634300007194],[-115.19766400040763,36.27632899989011],[-115.19765299963865,36.27646400029713],[-115.19825199986337,36.2762119999279],[-115.19918599982384,36.275880999988736],[-115.19984799979775,36.275676000000956],[-115.20105299991987,36.27535800019113],[-115.2022039996153,36.275131000276964],[-115.20296100002375,36.27501799977689],[-115.20390300038017,36.274925000357825],[-115.20512900041867,36.27485900014222],[-115.20654299987986,36.274866999776286],[-115.20670699991136,36.27277000010489],[-115.20672000033015,36.272418000181744],[-115.20683999998077,36.27114699966013],[-115.2068769997907,36.27052699967028],[-115.20720499985374,36.26357000024136],[-115.20717800008958,36.2616339999266],[-115.20727799964867,36.25955800025215],[-115.20736499968731,36.25631600033947],[-115.20744500005326,36.25415299983847],[-115.20753100026698,36.25046699970443],[-115.2075660004271,36.24759300022503],[-115.20756800007693,36.2464600001333],[-115.20754299996256,36.24550900007564],[-115.20758200032061,36.2435379999845]]]},"properties":{"zcta":"89031"}},{"type":"Feature","geometry":{"type":"Polygon","coordinates":[[[-115.15326799962841,36.29270000016439],[-115.15323900021441,36.289857999796645],[-115.15315499965051,36.287674999886875],[-115.15304300039584,36.28763700024951],[-115.15090599996309,36.287596999925285],[-115.15092100003169,36.28672799973141],[-115.15076200002302,36.286717999897796],[-115.1505279996713,36.28666799998665],[-115.14895299965332,36.28662299996675],[-115.14898799981341,36.286414000001024],[-115.14899299983631,36.28608599985125],[-115.14895299965332,36.28589299980106],[-115.1489429996076,36.28569900000116],[-115.1489429996076,36.285008000099154],[-115.14899799985918,36.28473400032922],[-115.14898799981341,36.284366999841076],[-115.14909699959337,36.28434700029169],[-115.14952900031183,36.28433200008318],[-115.14974799969663,36.284366999841076],[-115.15002600042928,36.28445600027185],[-115.1500909998283,36.284535999775095],[-115.15019499958538,36.28458999964689],[-115.15031500013428,36.28470500006735],[-115.15041899989137,36.28482400034917],[-115.15049400023443,36.28498799998997],[-115.15067300033456,36.284942999725445],[-115.1508859998716,36.28481400027164],[-115.1510750000175,36.284613999899754],[-115.15058000044814,36.28420999972867],[-115.15047900016582,36.28420899971311],[-115.15016600017135,36.283870000215245],[-115.14996799980464,36.283721000002174],[-115.14979799992534,36.28383400021416],[-115.1494349997022,36.283902000121856],[-115.14915000019514,36.28392499984297],[-115.14613499987843,36.283845999733636],[-115.14448600024059,36.28383000013255],[-115.14441400027056,36.28531699968719],[-115.14438400013334,36.28543099976054],[-115.14411299997167,36.285838000112065],[-115.14405600007026,36.28598999988221],[-115.14404400037472,36.286109999644054],[-115.1440100000395,36.28799500013857],[-115.14402699975795,36.289419000334064],[-115.14396499983368,36.29275599999117],[-115.14291899972021,36.29268099976146],[-115.14066800038295,36.292393999857694],[-115.13942899992564,36.29218199967972],[-115.1304480003462,36.290474999952785],[-115.1304419996001,36.28765399976562],[-115.13042200040694,36.287293999808306],[-115.13107199978695,36.28729699973639],[-115.13138099958343,36.28728300007107],[-115.13161499993518,36.28722300002899],[-115.13188199989885,36.28708100027648],[-115.13214899986257,36.28687899995894],[-115.13239599973477,36.28664600033414],[-115.1326369997592,36.28632900030869],[-115.13289700005016,36.28593000029411],[-115.13306199990663,36.285772999705536],[-115.13336800022836,36.28559400030024],[-115.13363199981902,36.28550799971585],[-115.13412499973852,36.2854699997474],[-115.13495800031495,36.2855099997137],[-115.13490499971319,36.28364599977758],[-115.13041800020896,36.28364299970916],[-115.13040200031543,36.28184999974173],[-115.1304209996837,36.27631699993922],[-115.12709800029371,36.2763399997228],[-115.12145299962472,36.27633499986491],[-115.12148699995988,36.275515000004035],[-115.12147000024147,36.26891600004502],[-115.12004599983625,36.268887999912366],[-115.1193479998773,36.26889200003539],[-115.11940999980158,36.26927799971841],[-115.1194230002204,36.269877999850685],[-115.1194730004491,36.27027800027457],[-115.11955999958943,36.270714999836805],[-115.11958499970378,36.270989999754384],[-115.11955999958943,36.271540000305066],[-115.11960999981815,36.27402799982978],[-115.1196979996817,36.27430299966613],[-115.12006000007995,36.274928000037114],[-115.12140599976904,36.27633499986491],[-115.11657600013316,36.276344000188274],[-115.1139730004434,36.27631699993922],[-115.11332900001283,36.27633700009777],[-115.11245500032683,36.2764010002811],[-115.10782099961118,36.27645000013702],[-115.10628499995128,36.27640899975715],[-115.10320900043348,36.27641300021909],[-115.10259599996509,36.27643700008959],[-115.09875600036615,36.276470999652034],[-115.09708199971564,36.27654400002582],[-115.09646699959742,36.27660499970051],[-115.09622800012113,36.27661199976699],[-115.09437699991865,36.27651799996006],[-115.090270000356,36.27654400002582],[-115.08941400021337,36.27653300022189],[-115.08834399981045,36.27656099978564],[-115.0817309997441,36.27661700033135],[-115.08002600002979,36.27665599965312],[-115.08004899959603,36.27719499968557],[-115.08003900044858,36.27752300026739],[-115.08001000013626,36.277659000157406],[-115.07992300009762,36.277870999960776],[-115.08000199974033,36.279295000223584],[-115.0799420003642,36.287817000006626],[-115.07989600033346,36.289052000156275],[-115.07990899985394,36.29015700033725],[-115.08764099982865,36.2900160000725],[-115.08899300026386,36.290020999778115],[-115.0899599998363,36.289992999974324],[-115.09090100036777,36.28999200003288],[-115.09244899972325,36.28995699990149],[-115.108306999858,36.28973999989518],[-115.10971799984442,36.289747000231785],[-115.11938399986234,36.28962199981527],[-115.12045400026524,36.289627000270215],[-115.12209000038257,36.28966399971687],[-115.12307200002364,36.28972899977865],[-115.12518799964165,36.28991400021514],[-115.12731099983074,36.29018699996013],[-115.12825400001203,36.290345000293904],[-115.13357300026777,36.291340999917395],[-115.1392830003358,36.29245600008777],[-115.14097399980642,36.29273800023227],[-115.14395399996303,36.29311899979452],[-115.14612300018284,36.293245000300786],[-115.14788499979858,36.2932260000306],[-115.14872000002482,36.29308899985087],[-115.15034199989844,36.29276100024528],[-115.15108199969018,36.292684000206435],[-115.15326799962841,36.29270000016439]]]},"properties":{"zcta":"89086"}},{"type":"Feature","geometry":{"type":"Polygon","coordinates":[[[-115.89546899975186,36.281201999961596],[-115.89575300033232,36.17222700004161],[-115.8508429997172,36.17076199983383],[-115.84576200001112,36.17076399986767],[-115.8457100001326,36.16611300014462],[-115.8456680002998,36.164224000177484],[-115.84578299992752,36.127582000213884],[-115.84577799990466,36.12364600008656],[-115.84580300001902,36.12204800010536],[-115.84580499966884,36.120242000147165],[-115.78606899968703,36.08385900004382],[-115.7681550002087,36.07292999981238],[-115.76610499981457,36.07166499988307],[-115.76075999961955,36.06842200005828],[-115.76003900009442,36.06796300004284],[-115.74542100024189,36.05905900020484],[-115.68573499959048,36.022620999655885],[-115.6628180002239,36.0086519998757],[-115.66102899994567,36.00752499966164],[-115.65961299993637,36.0066769996676],[-115.65892099982521,36.00629200012527],[-115.65831699957764,36.005988999976935],[-115.65766800002254,36.00569199975193],[-115.65653099967248,36.00524700019594],[-115.6555809998185,36.004933000230785],[-115.6541399996948,36.00456200024109],[-115.65308400043392,36.004368000330985],[-115.65159399990647,36.004188000084945],[-115.6509219998868,36.00413300019021],[-115.65013500023943,36.00411300028506],[-115.64901700015596,36.00412299987493],[-115.64712900014354,36.00420200022379],[-115.6441199996746,36.004365999692645],[-115.63697600005392,36.004698000320516],[-115.63071299979197,36.005018000180456],[-115.6297500004175,36.00504700010811],[-115.60610300040662,36.00616400007996],[-115.59736700015122,36.006596999690935],[-115.5904300002198,36.006915999913694],[-115.58905000019548,36.007058999744935],[-115.58813999962615,36.00720900020898],[-115.58735200015386,36.00736599981252],[-115.5867069998984,36.00752600030408],[-115.58579100037959,36.00778100021207],[-115.58520499967538,36.0079690002572],[-115.58456399961787,36.00820200005045],[-115.58407599972122,36.00840100022375],[-115.56727600012842,36.01573099977085],[-115.56129999992162,36.01831400000803],[-115.56150800033409,36.01869300031849],[-115.56162399978672,36.018943999894674],[-115.56189499994836,36.020012000133136],[-115.56193799960609,36.02032199987438],[-115.56193000010848,36.020579999779216],[-115.56183600039714,36.02089300015749],[-115.5611519997836,36.0221470003234],[-115.55968700026881,36.02397100020999],[-115.55856900018534,36.02544500012655],[-115.55788000044724,36.02650299977908],[-115.55748100023908,36.02706699973339],[-115.55680800039453,36.02888800011948],[-115.55641199966111,36.029849999765496],[-115.55605699983384,36.0304389998069],[-115.55544599991356,36.0311840002915],[-115.55489799974247,36.03215300035972],[-115.55477600044206,36.03245400025141],[-115.55465400024335,36.03281500013713],[-115.55451299977801,36.033445999897864],[-115.55430400043895,36.035257000291104],[-115.55430600008879,36.036075999929736],[-115.55438300008167,36.036967000257086],[-115.55465000004534,36.03895500001356],[-115.55471799981743,36.039717999701296],[-115.55469500025121,36.04011099976705],[-115.55461300023545,36.04073499981754],[-115.5545670002047,36.04140599982887],[-115.55463199960371,36.04169199972711],[-115.55485300043496,36.04247299971697],[-115.5554750002259,36.04360799988616],[-115.55594399985594,36.044384999784896],[-115.55601699965086,36.0445890002374],[-115.5560390002905,36.0448679997441],[-115.55601699965086,36.04545199997812],[-115.55603000006968,36.04737300011016],[-115.55600800032836,36.0481789999276],[-115.55607899957516,36.048557000247065],[-115.55620400014693,36.04893899994408],[-115.556384000072,36.04930699985366],[-115.55659400013427,36.04963400017321],[-115.55683299961055,36.04992900017109],[-115.5570319998022,36.05013400015863],[-115.55739199965231,36.05063499996831],[-115.55763400039996,36.05105300008173],[-115.55776699957104,36.051337000351886],[-115.5579339999756,36.05180000035985],[-115.55889399987534,36.05585499965281],[-115.55905899973179,36.056336000362606],[-115.55965700013158,36.0578529996564],[-115.55980500026959,36.05831599982231],[-115.55991800024749,36.058767000269675],[-115.55996599992807,36.059152999744555],[-115.55998500019466,36.05958600009112],[-115.55994800038472,36.06010400030711],[-115.55986200017098,36.060548000164296],[-115.55981000029249,36.061095000215644],[-115.55979600004876,36.06144000018164],[-115.55980600009451,36.061693999924415],[-115.55987300004165,36.0623090000309],[-115.56002399965439,36.06316000015312],[-115.56020299975454,36.06396500031477],[-115.56026700022696,36.064134999832284],[-115.56082399972055,36.065964999698046],[-115.56158699997683,36.06800399998228],[-115.56189999997125,36.06897100027531],[-115.56200799992628,36.06962000025203],[-115.56207099967546,36.07030299977914],[-115.56219500042234,36.07108899969112],[-115.56243300007372,36.07184199969228],[-115.56351400034728,36.07421299967481],[-115.56408199971153,36.07524500026578],[-115.56474600023355,36.076183000248],[-115.56533299986441,36.07688599972775],[-115.56536499965144,36.07704299986228],[-115.56533799988728,36.07727800032426],[-115.56525300039678,36.07753600021727],[-115.5650020003266,36.07793899988456],[-115.5645360001713,36.078410000301176],[-115.56099799979783,36.081418999907406],[-115.56086999975132,36.08151699985384],[-115.56061899968114,36.08165400035949],[-115.56030800023484,36.081790999900406],[-115.55979900042182,36.08181900017998],[-115.55953999995573,36.08191099999109],[-115.5592980001064,36.08203300001651],[-115.5589969998075,36.08227099989022],[-115.55892200036276,36.08236299989848],[-115.55889200022553,36.08245900001327],[-115.55889600042349,36.082534999688214],[-115.55892900003545,36.082597999707],[-115.55900500020343,36.08264699968674],[-115.55935900020576,36.08277600000584],[-115.55956099987212,36.08292199983591],[-115.55963100019231,36.0830119997154],[-115.55966399980429,36.083093999854725],[-115.55969399994153,36.08324699976206],[-115.55970099961421,36.083515000073184],[-115.55968700026881,36.083736999947924],[-115.55965399975852,36.08389900001026],[-115.55959799968204,36.084014999652624],[-115.55927299999202,36.08446499974956],[-115.55906100027993,36.08483299975671],[-115.55900400037851,36.08503299981143],[-115.55892999986034,36.08548800032721],[-115.55894499992897,36.0857099997123],[-115.55896900021843,36.08581600020479],[-115.5592500004258,36.08639599998521],[-115.55946899981062,36.08672999969944],[-115.56006800003532,36.0875809998514],[-115.56208300026935,36.09052400017801],[-115.56357000042375,36.09259800025173],[-115.56439600042921,36.09382099971322],[-115.56501300019725,36.09463600006592],[-115.56546599993382,36.09520099990989],[-115.56574999961592,36.0955899999003],[-115.56595700020345,36.09592600023418],[-115.566522000093,36.09712400023088],[-115.5670219996852,36.09813899981436],[-115.56728799982398,36.09865100035465],[-115.56766000026798,36.09927900007962],[-115.56772200019225,36.09941600011441],[-115.56779900018515,36.09975899998024],[-115.56787399962988,36.1002699999363],[-115.56794800014805,36.10105099987811],[-115.56808899971506,36.10214099968991],[-115.56819099982228,36.10272799986943],[-115.56828999955653,36.10318099998212],[-115.56843500021976,36.10354500031573],[-115.56890700022288,36.10439699998223],[-115.56908600032303,36.104782999774656],[-115.56916400014082,36.10500599994862],[-115.56924899963133,36.10563700004759],[-115.5693180001266,36.105936999639674],[-115.56945700004378,36.10625500013372],[-115.56959599996095,36.10646200016077],[-115.56975400014471,36.10664999975819],[-115.56994300029059,36.10681199976844],[-115.57026999963043,36.106977999862465],[-115.57067800005943,36.107130999725925],[-115.57181000038662,36.10770000009907],[-115.5722310003361,36.10791900033168],[-115.57269400011837,36.10819700014184],[-115.57285999979972,36.108359999951546],[-115.57316399957332,36.108701999877596],[-115.57324200028945,36.10882900009064],[-115.57327999992428,36.108940000280064],[-115.57275799969248,36.10908199982299],[-115.57171499995206,36.109083999978274],[-115.56526300044251,36.11065300014329],[-115.56233099996648,36.11161000013274],[-115.56189499994836,36.11228400030523],[-115.56108599966136,36.11309599992889],[-115.56087200029945,36.113897999702814],[-115.56015500007395,36.115399999704834],[-115.56000299973799,36.11591500020362],[-115.55842000022243,36.11979999982033],[-115.55789999964043,36.120905000325656],[-115.55407900030806,36.11720699998279],[-115.55350900039568,36.1175479998751],[-115.55286199959205,36.11773599978684],[-115.55271099997933,36.11779500002148],[-115.55197100018759,36.118159000119476],[-115.551399999552,36.118836999774516],[-115.55074299960098,36.11922800018578],[-115.54909800016112,36.119593000115316],[-115.54777500003821,36.12035500003816],[-115.54653200028125,36.12125300030645],[-115.5447890000338,36.12300399992269],[-115.54441599976491,36.12362400027861],[-115.54424199968761,36.1241550001561],[-115.54377399988248,36.126020999793695],[-115.54338999974291,36.12685400008687],[-115.54308799961913,36.12726600015087],[-115.5408880003355,36.128632000030265],[-115.54038399964702,36.128784999788806],[-115.54004700026147,36.12846799965922],[-115.53812499991385,36.12927600024315],[-115.53665000035329,36.12964599969693],[-115.53617900017512,36.12913699967999],[-115.53421599981962,36.12978299973071],[-115.53336700024798,36.13018299977431],[-115.53271699996961,36.13038800023997],[-115.53250799973226,36.130546999754614],[-115.53221999985217,36.13114699974482],[-115.53143200037988,36.13146399993732],[-115.53129199973948,36.13171399992769],[-115.5312859998917,36.13269400001687],[-115.53118299995953,36.13306900035616],[-115.53112400040831,36.13378400033263],[-115.53096600022457,36.13399700035799],[-115.53074000026875,36.134047999726455],[-115.53054399955185,36.13425100001389],[-115.5300559996552,36.13440699969214],[-115.5299639995937,36.13457199973983],[-115.53007200044708,36.134853000205304],[-115.53032199979401,36.135006999917366],[-115.53044200034292,36.13560499970281],[-115.53097899974503,36.13590700035941],[-115.53096299985151,36.136391000227185],[-115.530469999932,36.136759999784545],[-115.53028800035712,36.13711099973499],[-115.53035399958104,36.13742799977736],[-115.53083300015518,36.13767100018544],[-115.53080499966777,36.13794199970806],[-115.53049599987129,36.138283000216326],[-115.53008400014264,36.13905900017233],[-115.53005200035558,36.139655000170364],[-115.52995000024833,36.13993399974933],[-115.52977100014819,36.140275000305586],[-115.53005499983031,36.14054600026512],[-115.53005499983031,36.140823999904086],[-115.52970599985086,36.141128000124894],[-115.52968699958429,36.14138500036154],[-115.52945800015374,36.14172500002735],[-115.52891500000554,36.141985000185855],[-115.52862100027765,36.14204999972806],[-115.52831599978082,36.141842999938206],[-115.52809900004586,36.141919999864285],[-115.5280959996728,36.14218899990776],[-115.52827300012311,36.142333000288254],[-115.52823600031319,36.14249699997646],[-115.52764200011134,36.14275000003502],[-115.52748300010268,36.142953999943984],[-115.52708800009249,36.14292300002401],[-115.52682799980147,36.143105000057695],[-115.52699799968077,36.14376600008414],[-115.52728599956087,36.14437300013256],[-115.52729099958374,36.14486600023004],[-115.52695000000021,36.14520000016139],[-115.52610599955312,36.14556499973497],[-115.52568100030399,36.14593800027928],[-115.52534900004297,36.1461100001603],[-115.52458199958878,36.14635600005158],[-115.52437200042479,36.14659000034689],[-115.52428299983802,36.146890999746724],[-115.52426899959434,36.14806900031995],[-115.52411899980649,36.149493000092505],[-115.52391100029236,36.14972900030402],[-115.52390200007152,36.150160000194525],[-115.52373800003998,36.15032499975452],[-115.52376300015435,36.151183999971366],[-115.52346600005343,36.15198799990667],[-115.52339699955814,36.15238900015875],[-115.52285599995808,36.15375999978638],[-115.52281999997305,36.15408599990031],[-115.52183099976101,36.15501299987556],[-115.52051500020912,36.1553859997321],[-115.52008599986371,36.15575099977388],[-115.51959200011932,36.1565230002107],[-115.519562999807,36.15705400013901],[-115.51984800021233,36.15726999992917],[-115.5198659997557,36.157472000141446],[-115.51956600018002,36.1579889998294],[-115.51946099969972,36.15853899964385],[-115.51963899997497,36.15877000006899],[-115.5195209999742,36.15911300030193],[-115.51922399987326,36.159350000011315],[-115.51783200015339,36.16012400013088],[-115.51613999995959,36.160788000036064],[-115.51524799983189,36.161588999733915],[-115.51464699995738,36.16123199969247],[-115.51307199993938,36.16102599989996],[-115.51271799993707,36.16144300034821],[-115.5122610000026,36.16181600007679],[-115.5112550000721,36.162430999936305],[-115.51080800018333,36.16288699967484],[-115.50983400003989,36.163467000344625],[-115.50921200024898,36.16414600029016],[-115.50789999999672,36.16550000033113],[-115.50761399976646,36.16571199973349],[-115.50759700004804,36.16574300007355],[-115.50745999978066,36.16578299967543],[-115.50712500004491,36.16542100017798],[-115.5069750002571,36.16550700019397],[-115.5068980002642,36.165328000189405],[-115.50692099983044,36.165223999853204],[-115.5068210002713,36.16496299976845],[-115.5067300000347,36.16480000001104],[-115.50663200012542,36.16468299992277],[-115.50653199966798,36.16452399996926],[-115.50634000004737,36.16412799991461],[-115.5062220000466,36.16397999997402],[-115.50612599978712,36.163905000157115],[-115.5059419996641,36.163803999700484],[-115.50565399978403,36.16358099974658],[-115.50550800019415,36.16349800012203],[-115.50517799958294,36.163389999814996],[-115.5049540001753,36.16339099992598],[-115.50455699961692,36.163340000052244],[-115.50424399962249,36.16333799982896],[-115.50411300010124,36.16336100021757],[-115.5039340000011,36.16335899999488],[-115.50371200024324,36.16333400010755],[-115.50350399983077,36.16327000018574],[-115.50328200007294,36.163149999647516],[-115.50305699994203,36.163057999980786],[-115.50284199985688,36.16301899982934],[-115.50205900040748,36.162542999876074],[-115.50151700008415,36.16229300021784],[-115.50133399978606,36.16209100009737],[-115.50124000007473,36.162013999666634],[-115.5010919999367,36.16193400022226],[-115.50096899991306,36.161892999976736],[-115.50068500023093,36.16171900035895],[-115.50035100032012,36.16148099969787],[-115.50001599968604,36.16114700020282],[-115.49983099973811,36.16104800010078],[-115.49970900043768,36.16094299974607],[-115.49938999969716,36.16051299979636],[-115.49922599966561,36.16034299989102],[-115.49907800042592,36.16012500028348],[-115.49857100026273,36.16089500015871],[-115.49834000028403,36.160536999710665],[-115.49813500024462,36.16025800016273],[-115.49775100010507,36.1598620003162],[-115.49732299958458,36.159491999750976],[-115.49663399984651,36.158975999987156],[-115.49581500041208,36.158466000046126],[-115.49521600018736,36.15815700013184],[-115.4943240000597,36.15779500023247],[-115.49108100013734,36.15665800006621],[-115.49006900035909,36.15601399975037],[-115.48997499974942,36.15607600010995],[-115.48985900029678,36.15612099986066],[-115.48965099988432,36.15614299998723],[-115.48949000022586,36.15613099972113],[-115.48935299995847,36.1560940001584],[-115.4892399999806,36.15604100020545],[-115.48874500041124,36.15570500032717],[-115.48635699990834,36.15395800013731],[-115.48611000003613,36.15381599980447],[-115.48590900019467,36.15375500006776],[-115.48568499988868,36.15375099985745],[-115.48544899988711,36.153781000341844],[-115.48529400007644,36.15383399964632],[-115.4851450001135,36.153918000304515],[-115.48503899980832,36.154012999783404],[-115.48490900011197,36.15416700032801],[-115.48382600018857,36.155614000112344],[-115.48370300016494,36.15584700014051],[-115.48366399980688,36.15598899969677],[-115.48363799986761,36.15626799992995],[-115.48364899973826,36.15637599989411],[-115.48374599982264,36.156561999967174],[-115.48388700028795,36.15676600021852],[-115.48395800043306,36.156946999851336],[-115.48397000012861,36.15710899978951],[-115.48395699970982,36.15730500001043],[-115.48381899961757,36.15793400007093],[-115.48380199989914,36.158150000337976],[-115.48381299976981,36.15835900023477],[-115.48384299990703,36.15851800036267],[-115.48399000022012,36.15901700030762],[-115.48402000035732,36.1591719998926],[-115.48402600020513,36.1593520003363],[-115.48400699993856,36.15951099990093],[-115.4839199998999,36.159779999812265],[-115.48383500040941,36.159918000327984],[-115.4836599996089,36.16011100032125],[-115.48333800029194,36.16036199983474],[-115.48297099987083,36.16056100034284],[-115.48228799998054,36.16079199988738],[-115.48207999956807,36.16089299987309],[-115.48088500039002,36.161736999837174],[-115.48045199984664,36.16207299997521],[-115.48004400031596,36.162354999963775],[-115.47985299962194,36.16245200034514],[-115.47945500013702,36.162583999781646],[-115.47929000028056,36.162617000149986],[-115.47830699991627,36.16266600025366],[-115.47813000036429,36.16269999998201],[-115.47764300029257,36.162849999674066],[-115.47743400005518,36.16289100014426],[-115.47712000023581,36.16289100014426],[-115.47665699955523,36.16278800031962],[-115.47641300005608,36.16277099975114],[-115.47628900020754,36.162800999685345],[-115.476084999993,36.16289800024009],[-115.47592699980929,36.16304399981707],[-115.47579700011293,36.16324199993155],[-115.47571900029514,36.16342799967141],[-115.47567999993709,36.16362099972647],[-115.47565599964763,36.1639909996607],[-115.47571099989922,36.165241999977056],[-115.47568499995995,36.16539500013773],[-115.47559899974624,36.165595000281314],[-115.47548599976831,36.16573700031283],[-115.47539600025493,36.16581399998739],[-115.47511900024551,36.165963000169526],[-115.47488999991666,36.16603299980684],[-115.47418899958468,36.16618200029783],[-115.47388499981106,36.166285000014184],[-115.4737440002441,36.16636400002172],[-115.47363899976378,36.16645299994406],[-115.47354300040264,36.166623999723036],[-115.473528000334,36.16675099977128],[-115.47355900029613,36.16698299999615],[-115.47369200036555,36.16744899995458],[-115.47398699991832,36.1683439999537],[-115.47408300017779,36.168735000250834],[-115.47408900002557,36.16889799980232],[-115.47407300013205,36.16902199967451],[-115.474033999774,36.16914900018831],[-115.4738730001155,36.16945900032111],[-115.47376400033558,36.169784999699495],[-115.47375799958944,36.170678999836426],[-115.47373800039631,36.17082700018109],[-115.47365700020543,36.171001999899794],[-115.47356199977088,36.17109299965713],[-115.473456000364,36.17115899974172],[-115.47328499976143,36.17121899970442],[-115.47313599979853,36.171227999803634],[-115.47288999975125,36.17118700006844],[-115.4727180002221,36.17110599982102],[-115.47257400028207,36.17096300007507],[-115.47219400034047,36.1705199997181],[-115.47173200038308,36.16992600008943],[-115.47148499961257,36.16963500022514],[-115.47133499982475,36.16950599970785],[-115.47123699991548,36.16945600022044],[-115.4710419999218,36.16944299978284],[-115.47091499970018,36.16947700019762],[-115.47079900024754,36.169545000257706],[-115.47072300007956,36.169631000099855],[-115.47067299985085,36.169734999664875],[-115.47063600004093,36.17007499970632],[-115.4705640000709,36.171372999809456],[-115.47048999955275,36.17152700033704],[-115.4704090002602,36.1715920000498],[-115.47027299981777,36.17161500019186],[-115.47017200043373,36.17159500006871],[-115.46987799980755,36.17139700002463],[-115.46975300013408,36.171360999699154],[-115.46962300043775,36.17135599965261],[-115.46936599962149,36.171401000059774],[-115.4692469997958,36.17140300007725],[-115.46911000042677,36.17137599983675],[-115.46883800044019,36.17125400008449],[-115.46874100035582,36.17124299996674],[-115.46863500005063,36.171260000148116],[-115.46854499963891,36.171300999845116],[-115.46845599995048,36.171382999900004],[-115.46834499962236,36.171618000209875],[-115.46824699971309,36.171771000251965],[-115.46793399971865,36.17207700016516],[-115.46772399965634,36.172255999984614],[-115.4675089995712,36.172377000356185],[-115.46741099966192,36.172395000287594],[-115.46725500002631,36.17237399964204],[-115.4671639997897,36.172327999796714],[-115.46709799966746,36.17226399996703],[-115.46704900016198,36.17216500012752],[-115.46703400009338,36.17203700014958],[-115.46704900016198,36.17182399972293],[-115.46698800006261,36.17158900003078],[-115.4668809999325,36.171391999980386],[-115.46654799984655,36.17099599981647],[-115.46639200021093,36.17091600011173],[-115.46622300015655,36.17090099988608],[-115.46614600016365,36.17092200020123],[-115.46608000004142,36.17096600011806],[-115.4659519999949,36.17112500005668],[-115.465875000002,36.17169899992811],[-115.46583700036716,36.17180099964221],[-115.4657770000927,36.17188899991451],[-115.46567300033564,36.17195400005218],[-115.46551400032698,36.171997000113585],[-115.46540999967158,36.17199100010644],[-115.4653059999145,36.171953000050465],[-115.46509099982937,36.17180899967102],[-115.46488800033809,36.17171600001055],[-115.46476699996427,36.17169899992811],[-115.46463700026791,36.17171500000579],[-115.46451199969614,36.1717480001557],[-115.46439200004555,36.17181399968865],[-115.46387300018678,36.17219500009206],[-115.4635650002152,36.172367999663756],[-115.46344800003932,36.172407000239616],[-115.4633679996734,36.172416000202396],[-115.46312699964896,36.17239200029931],[-115.46298299970893,36.17233499977493],[-115.46282100022555,36.1722030000807],[-115.46272900016403,36.1720650001626],[-115.46269700037698,36.171944000034514],[-115.46265999966874,36.17142400025783],[-115.46272599979098,36.170515999637985],[-115.46270099967661,36.17030200013068],[-115.46264899979808,36.170128000324276],[-115.46257500017823,36.169979000082954],[-115.46243000041328,36.169781000307054],[-115.46183899968618,36.16918800019056],[-115.461559000202,36.168837000196724],[-115.46143799982818,36.16857499976971],[-115.46140100001826,36.16840499994306],[-115.46139900036843,36.16824200009141],[-115.46148300003402,36.16765300016007],[-115.46160100003479,36.16729600017722],[-115.46169599957103,36.167087000174135],[-115.46203700005287,36.166579000199064],[-115.46223899971926,36.16637500009909],[-115.46246800004812,36.16619299967551],[-115.46259199989669,36.16605399997593],[-115.4632050003651,36.16505999982362],[-115.46346399993286,36.16474399986039],[-115.46356699986502,36.16458500003063],[-115.46362499959133,36.16441199995891],[-115.46363399981217,36.164181000202696],[-115.46358699995652,36.164042999938765],[-115.4635090001387,36.16391399964579],[-115.4634179999021,36.163810999714784],[-115.4632279999313,36.16367699995409],[-115.4630379999605,36.163597000031054],[-115.46287099955592,36.163553999712335],[-115.46233400015382,36.16347499977368],[-115.46221100013018,36.1634850001467],[-115.46208899993144,36.163524000066296],[-115.46177199973901,36.1637299998219],[-115.46162000030138,36.1637439998631],[-115.4614820002091,36.163710999969204],[-115.4614189995616,36.163665000115934],[-115.46134499994174,36.163555999930104],[-115.46129399988811,36.16343800005044],[-115.46120900039763,36.16315099976157],[-115.46115800034403,36.16306500006169],[-115.46084000032668,36.16266600025366],[-115.46057300036301,36.16239599996767],[-115.46031499972183,36.16217300035986],[-115.46007799989536,36.162058000232825],[-115.45978900019037,36.16197900023708],[-115.45935099962414,36.16190899988054],[-115.45921199970694,36.161867000216795],[-115.45908500038367,36.16180000015407],[-115.45890600028352,36.16161300004409],[-115.45828899961715,36.16076000034587],[-115.45797300014797,36.160362999984315],[-115.45777200030652,36.160158000236414],[-115.45755999969607,36.159991000024306],[-115.45717899992958,36.15977099984907],[-115.45702199957076,36.159697999947916],[-115.45670799975139,36.15959099964205],[-115.45636700016786,36.159504999663234],[-115.45471799963171,36.15920699985005],[-115.45444099962229,36.1591369999195],[-115.4541030004118,36.15900400031445],[-115.45389099980139,36.158886000110634],[-115.45369199960975,36.15872900034466],[-115.45349400014133,36.15852200032978],[-115.4532580001398,36.15821999969919],[-115.45310900017688,36.15807200020946],[-115.45294599997024,36.15795699986911],[-115.45272099983936,36.15785100027008],[-115.4523650001872,36.15779199968535],[-115.45208800017775,36.157803000240285],[-115.45190099968171,36.15784700026872],[-115.45171099971091,36.15792300025963],[-115.45154500002955,36.15802599994852],[-115.45147300005954,36.158088000167766],[-115.45131099967783,36.15829700022982],[-115.4511259997299,36.15874600033908],[-115.45100899955402,36.15895900004254],[-115.450251000219,36.16000700031627],[-115.45003399958568,36.160251999982144],[-115.44991599958492,36.16033000011772],[-115.44974900007864,36.16040099985746],[-115.44954599968908,36.160452000192706],[-115.44934900004556,36.160467999665315],[-115.44922000017412,36.160458999781035],[-115.44899599986816,36.16040900032465],[-115.44914099963312,36.16060699984173],[-115.44961000016147,36.16153300019045],[-115.44967700010864,36.16162299992937],[-115.42283400003105,36.1615280002422],[-115.42348099993633,36.18850899992954],[-115.42377200018949,36.27732799983587],[-115.4245689998826,36.280937999715704],[-115.42478999981553,36.280789999757786],[-115.42554200020112,36.280868000005455],[-115.42627500032013,36.28057300032985],[-115.4270839997088,36.28048700000588],[-115.42933400011947,36.27922399968463],[-115.42999500026849,36.27893899969656],[-115.43392199990603,36.27867100014074],[-115.43481400003371,36.2784310000062],[-115.43498599956285,36.27824599986656],[-115.43540999988537,36.27833600012628],[-115.43590799982773,36.27826999989766],[-115.43708600018566,36.27837399994729],[-115.43861000015004,36.278851000300584],[-115.43967499963175,36.278674999762615],[-115.44095000007408,36.27882999997741],[-115.44273299960618,36.27936900020665],[-115.44298000037669,36.27938999966057],[-115.4437829999176,36.27903100004529],[-115.44541400001206,36.27783000032724],[-115.44622499994888,36.27740900023024],[-115.44715999973427,36.277258999889646],[-115.44863400036822,36.276719000187526],[-115.45010300008099,36.27608799967751],[-115.45062500031281,36.275819999748386],[-115.45081399956035,36.27677299967406],[-115.45091900004067,36.27746899985126],[-115.45105499958478,36.277905999719195],[-115.45107399985137,36.278062000107],[-115.45105700013295,36.27955600000765],[-115.45102899964553,36.28024500025304],[-115.45389800037239,36.279730999934635],[-115.45510699979414,36.27949499974232],[-115.4556030000867,36.279419999801796],[-115.45665400022304,36.27930599963833],[-115.45727699983887,36.27926299987649],[-115.46047600027863,36.279098999792566],[-115.46103299977223,36.279086000186275],[-115.46140199984318,36.27909099986797],[-115.46168800007344,36.27911300020178],[-115.46208399990857,36.27919200003256],[-115.46328800020576,36.27952100026486],[-115.46370699960711,36.27960600013028],[-115.46411099983816,36.27965700029481],[-115.46451900026716,36.27967799967125],[-115.46493000017088,36.279673000027145],[-115.46534500027256,36.27964299998316],[-115.46572900041213,36.279588000234696],[-115.46592299968258,36.27954399982863],[-115.46660300009813,36.279343999711315],[-115.46705300035995,36.279149000207916],[-115.4674800001572,36.27891399978775],[-115.46789100006093,36.27864099971171],[-115.46813899975805,36.27843499964032],[-115.46874200018071,36.27786700029776],[-115.46892799995356,36.27771000014564],[-115.4693089997201,36.27748199972688],[-115.4696409999811,36.27732899993964],[-115.4698450001956,36.27725999999425],[-115.4710340004242,36.27695099964822],[-115.47288700027651,36.2763719998198],[-115.47384999965098,36.27609300027549],[-115.47429300024008,36.27599299984303],[-115.47471699966431,36.275949000307406],[-115.47507200038986,36.275949000307406],[-115.47543999973756,36.2759830000824],[-115.47608699964285,36.27608399992313],[-115.47995499972919,36.27679100021881],[-115.4824479998141,36.277216999829484],[-115.48316800041266,36.277310000139146],[-115.48370099961677,36.27735100004579],[-115.48494099989902,36.277408000127544],[-115.48909699986545,36.27750299968845],[-115.4895720002416,36.27749599970192],[-115.49037399995758,36.27745000008489],[-115.49098900007583,36.277389000346346],[-115.49188000037859,36.27725400009056],[-115.49282699985952,36.27706300013995],[-115.49352099962049,36.27687299983153],[-115.49545999968653,36.27630100024316],[-115.49609300024642,36.276187999988295],[-115.49664399989224,36.276142999719426],[-115.497090999781,36.276146000076125],[-115.49752599997417,36.27617399977868],[-115.50451700033229,36.27706599973709],[-115.50584299992991,36.27720600012037],[-115.50693099987615,36.27726599989747],[-115.50767099966787,36.277275000113505],[-115.50830199967962,36.277258999889646],[-115.50880899984284,36.27723400016694],[-115.50964900009198,36.277165000137586],[-115.51027699973069,36.27709200034456],[-115.51095299994829,36.276985999819125],[-115.51178599962643,36.2768259997373],[-115.51250000037719,36.27665899999007],[-115.51455800026892,36.276070999814756],[-115.51513999987685,36.27592199992175],[-115.51987099977858,36.27456099979072],[-115.5219649996553,36.273983999910875],[-115.52453999975599,36.27323299992455],[-115.52587799994748,36.272867999998574],[-115.52666299994503,36.27262699996541],[-115.52790999989995,36.272288000138104],[-115.52844600037545,36.27215699970799],[-115.52907300018929,36.27202900029726],[-115.5296089997665,36.27194500032093],[-115.53048900019859,36.27185499993566],[-115.5334910000965,36.2716349997642],[-115.53489200003722,36.271569999841816],[-115.53559599984392,36.27158900031496],[-115.53636400012303,36.27165199986868],[-115.53686500043844,36.2717280002053],[-115.53803200002741,36.27194500032093],[-115.53864200012278,36.272020000200634],[-115.53914300043822,36.27204399997311],[-115.53946399993026,36.27202900029726],[-115.54001600029933,36.271928999728935],[-115.54057100014307,36.27177800027205],[-115.54602599994297,36.26992400030791],[-115.54664799973389,36.269752000002526],[-115.54700900030723,36.26969299972212],[-115.54732800014946,36.26966600006995],[-115.54764899964151,36.26966499986801],[-115.54790800010761,36.26969100004326],[-115.54842600014146,36.26980199988612],[-115.54878400034175,36.26992400030791],[-115.54958199985977,36.27028699984772],[-115.54979899959476,36.27036999996638],[-115.55022499956709,36.270489999842304],[-115.55065599956234,36.270563000014555],[-115.5510770004101,36.27059000008083],[-115.55123499969557,36.27058000035244],[-115.55148300029099,36.270552000092195],[-115.55254500029798,36.27036700011197],[-115.5528149997364,36.27034200035503],[-115.55318499963226,36.27034100016181],[-115.55376499959038,36.27040599965882],[-115.55429600004302,36.270538000320435],[-115.55503099981188,36.27076600001581],[-115.55567500024242,36.27089900025497],[-115.55621500001759,36.270961999641116],[-115.55684000018158,36.27096299982642],[-115.5571659996965,36.270933000056466],[-115.55773599960891,36.27083700028056],[-115.5581580002816,36.27072900030109],[-115.55858400025394,36.270583999664595],[-115.55919799964896,36.27033800030629],[-115.55997199977587,36.27005299974511],[-115.56048599961174,36.269884999796034],[-115.56086599955334,36.269783999902764],[-115.56150699961087,36.26967100035493],[-115.56213400032297,36.26959200030471],[-115.56267900012101,36.26957499975172],[-115.56327300032287,36.269596999870224],[-115.56412899956719,36.26967700011712],[-115.56499200028088,36.269800999685984],[-115.5675990001686,36.27011999987401],[-115.57281600031712,36.27079199982444],[-115.57230300030614,36.2711380001861],[-115.5716480000049,36.271322000331665],[-115.57067999970924,36.27143899965555],[-115.57059400039385,36.27155399989717],[-115.57091700043402,36.27348200003585],[-115.57100100009964,36.27355099969927],[-115.57163399976122,36.275617999977364],[-115.57185700024228,36.276007000085094],[-115.57229800028324,36.27724800018646],[-115.57241000043624,36.2773629998378],[-115.57257299974454,36.27809699977978],[-115.57265700030844,36.27814299973976],[-115.57290400018064,36.27922200024989],[-115.5731269997634,36.2794740003166],[-115.57326499985567,36.27981799971508],[-115.57496999956999,36.28160999996769],[-115.57502599964648,36.28179300000707],[-115.57547500008336,36.28220600002672],[-115.578447999669,36.28363400022737],[-115.57987899974692,36.28395899976458],[-115.58088899987536,36.28412099974143],[-115.5824339997561,36.284720000204125],[-115.58473299967224,36.28619100033845],[-115.58574299980071,36.28665200024],[-115.587567000239,36.28773199967022],[-115.59141100003592,36.289252999966294],[-115.59202699997907,36.28978099978914],[-115.59264200009733,36.29063099983682],[-115.59353900024783,36.2913429997657],[-115.59592400037775,36.2924940002745],[-115.59741099963382,36.29329899993827],[-115.59811100014088,36.29375899994742],[-115.5993720003395,36.294999000281564],[-115.6013930004213,36.29557599974985],[-115.60189800003637,36.29589799991038],[-115.60215300030451,36.29656400034654],[-115.60327499968763,36.29868600013768],[-115.60381700001093,36.29928699992988],[-115.60430099970962,36.29962800013922],[-115.60506300014094,36.300000000312835],[-115.60536500026473,36.300266000123635],[-115.60562499965741,36.300767000229804],[-115.60566800021343,36.30131199975438],[-115.60591199971257,36.30202499972529],[-115.60604200030724,36.302717999785486],[-115.60648699964786,36.30284399999044],[-115.61001499997556,36.30301299972162],[-115.60992899976185,36.30320999994845],[-115.60975300003476,36.30346299978177],[-115.60953700012469,36.30367099991989],[-115.60936200022252,36.30378199994407],[-115.609158000008,36.3038649999176],[-115.60888299964837,36.30392999973056],[-115.60851399957745,36.303944999791064],[-115.60759300003578,36.30384699982617],[-115.60727900021642,36.30384399981055],[-115.60708300039782,36.303871999710715],[-115.60686699958944,36.303925000192386],[-115.60632299961632,36.3041220002873],[-115.60608800033799,36.30418799964556],[-115.60582600039717,36.304213000144756],[-115.6050890000802,36.304226999667875],[-115.60481700009363,36.304262999671174],[-115.60457000022143,36.30433200035499],[-115.60435000011341,36.30442800019755],[-115.60405899986026,36.304600000102646],[-115.60343500041951,36.305025999934585],[-115.60322100015925,36.30513599973072],[-115.60286700015693,36.30526699982512],[-115.60269999975237,36.305295999683665],[-115.6024560002532,36.30530600003177],[-115.60148100028486,36.30528099988298],[-115.60106500035825,36.30534500021891],[-115.60079099982354,36.305450000124665],[-115.60053700027866,36.30560799995081],[-115.60024799967533,36.30585700029157],[-115.6001599998118,36.305962000231816],[-115.60004799965878,36.30616899976202],[-115.59997099966591,36.30640300017451],[-115.59995499977238,36.30665899969153],[-115.59998300025978,36.30693599981998],[-115.60003900033628,36.30712199971208],[-115.60012200017695,36.30728100021383],[-115.60029299988118,36.307497999929275],[-115.6004490004151,36.307638999724304],[-115.60073100044741,36.30781000007315],[-115.60095999987796,36.30791399984373],[-115.60157400017128,36.308138999812314],[-115.60244700003238,36.3085229999965],[-115.60319299967186,36.30877199971606],[-115.60347800007722,36.308836000082415],[-115.60396500014893,36.30887599965132],[-115.60439500031926,36.308858999692234],[-115.60562100035774,36.30873400022016],[-115.60642499972359,36.30862500013478],[-115.60712600005554,36.30855700005741],[-115.60735399966116,36.30850500025631],[-115.60800200028967,36.308282999741],[-115.6086309997533,36.30814300009543],[-115.6088490002115,36.30812500026751],[-115.60907199979428,36.30812899982747],[-115.60942199959865,36.308177000322026],[-115.60966400034627,36.308232000188795],[-115.61002800039435,36.30838599989891],[-115.61061300037537,36.30868899989788],[-115.61116599967099,36.30890600003842],[-115.611578000298,36.309007999675615],[-115.61323299978359,36.30931499965224],[-115.61398299962104,36.30950499987397],[-115.61442799985997,36.309652999657374],[-115.61487300009887,36.30988899984601],[-115.61514599991035,36.310063999788426],[-115.61569200043161,36.310481000169496],[-115.61641200013185,36.311135000202015],[-115.61680299994408,36.311404999791],[-115.6173469999172,36.311715999839805],[-115.61764599966796,36.311846000076756],[-115.61805200044715,36.31198499992884],[-115.61959899997768,36.312433999955516],[-115.62047000018899,36.31264299970344],[-115.62064099989318,36.31270800016193],[-115.62076200026704,36.312755000359495],[-115.62095300006273,36.31290200011678],[-115.62125600001144,36.31321200034108],[-115.62138400005794,36.31338100004225],[-115.62149200001298,36.31355899975118],[-115.62155899996014,36.31370600016407],[-115.6216119996636,36.31387500024204],[-115.6216750003111,36.314203000093165],[-115.62167399958786,36.31440400024249],[-115.62163500012812,36.31473500036002],[-115.62161300038683,36.31485199974391],[-115.62152399980003,36.31512200021325],[-115.6212879997985,36.315724999960004],[-115.62060800028125,36.31759900016601],[-115.62020200040038,36.31856900012196],[-115.61980300019219,36.31959900010581],[-115.61972299982627,36.3198449997931],[-115.61965400022929,36.32019099979878],[-115.61964199963539,36.320426999934014],[-115.61967000012282,36.32079299987108],[-115.61972100017643,36.321034000243884],[-115.61977899990278,36.32121900025569],[-115.61985800044378,36.3214140002818],[-115.62002400012514,36.32172399995001],[-115.6204230003333,36.32221899964211],[-115.62072999958166,36.32246599999418],[-115.62126900043023,36.32282500022653],[-115.62134300005008,36.32288899991285],[-115.62145799967782,36.3230300000993],[-115.62154200024169,36.32318000001756],[-115.62180500000746,36.32384999998785],[-115.62213600044355,36.32454899992272],[-115.6223160003686,36.3250830002115],[-115.62248600024789,36.325491000145504],[-115.62283900042534,36.32616199998936],[-115.62320000010034,36.326670000082494],[-115.62371399993624,36.32726699983272],[-115.62424399966568,36.3277739997785],[-115.62471800021693,36.328125999654866],[-115.62562100021523,36.328684999926494],[-115.6260480000125,36.32902299989552],[-115.62698699999582,36.33007499965652],[-115.62758399967242,36.33066200010589],[-115.6281090002773,36.33124100010869],[-115.6283789997157,36.33151299979315],[-115.62912799972824,36.33238700022121],[-115.62932400044512,36.33259000002951],[-115.63003300027474,36.33351099993781],[-115.63029199984248,36.33381700027909],[-115.63041200039139,36.33400999969648],[-115.63048000016344,36.33419999978825],[-115.63050399955459,36.33459000023865],[-115.63045300039927,36.334844999727984],[-115.63034200007121,36.33512000011473],[-115.63022800026837,36.335295999939646],[-115.6301029996966,36.33542100023572],[-115.62968000009731,36.33577200022053],[-115.62943499987493,36.335954999826626],[-115.62917799995697,36.336186000340696],[-115.62900700025274,36.336401999844526],[-115.62889699974954,36.336662000248594],[-115.62886900016046,36.336845999999035],[-115.62887500000825,36.33702399966645],[-115.62889699974954,36.337198000135295],[-115.62893899958235,36.33733200007339],[-115.62901499975034,36.33747300017517],[-115.6291310001013,36.337614000021716],[-115.62924699955394,36.3377169997739],[-115.62944099972272,36.33784700006067],[-115.62977200015882,36.33801699994124],[-115.6300120003583,36.33809999964597],[-115.63036899983537,36.338184000033024],[-115.63264799966005,36.338635999768044],[-115.63302199975388,36.33872999997901],[-115.63333499974829,36.33884600020611],[-115.63370899984211,36.33904699975402],[-115.63405100014887,36.33932199977831],[-115.63416400012677,36.33944199997147],[-115.63483299977338,36.340303000186],[-115.63498699975918,36.3404530001373],[-115.63525999957064,36.34064899980232],[-115.63545100026468,36.340740999726],[-115.63576300043421,36.340834000277816],[-115.63603600024567,36.34088100015646],[-115.6369269996501,36.34098799997468],[-115.63723600034491,36.341044999865105],[-115.63744999970686,36.34110599975247],[-115.63784399989217,36.34126599968075],[-115.63817500032827,36.341461000189085],[-115.63854600004903,36.34177199969639],[-115.63871099990547,36.34195399967891],[-115.639127999657,36.34247100020338],[-115.63924499983285,36.3425799999892],[-115.63938399975005,36.3426829996865],[-115.63958100029186,36.342788999935266],[-115.63994199996685,36.34292399964725],[-115.6400719996632,36.34295599992521],[-115.6403319999542,36.342977000349215],[-115.64071000024596,36.34297599964002],[-115.64114799991388,36.342873000330236],[-115.64137499969462,36.34278200001884],[-115.64217800013381,36.34235900028441],[-115.64263199969525,36.34215099990417],[-115.64296300013136,36.34205900019888],[-115.64395800019122,36.34188399973595],[-115.64432700026214,36.341788999712755],[-115.64484399957279,36.34161500009335],[-115.64525100017687,36.34145000013259],[-115.64653900013965,36.340984999941206],[-115.64686200017985,36.34089799964376],[-115.64712999996846,36.34085299980108],[-115.64740000030521,36.34083000022524],[-115.64795400032406,36.34082700018563],[-115.64838899961894,36.34087800011887],[-115.64939700009757,36.34106100003003],[-115.64967099973393,36.34108100023149],[-115.65006099972128,36.34107300015151],[-115.65035000032461,36.34102999970756],[-115.65062099958791,36.34093000003061],[-115.65094000032848,36.34075299989686],[-115.65139499971482,36.34042400033328],[-115.65159499973136,36.34033100001551],[-115.65173600019668,36.34029900010618],[-115.65196999965009,36.340296000046145],[-115.65241599971392,36.340524999953416],[-115.65193000036544,36.3410959996556],[-115.65157100034025,36.34144600011166],[-115.65112299972827,36.34180999972785],[-115.65001899988849,36.342584999942574],[-115.64987499994844,36.34270100021674],[-115.64926499985309,36.34327199988377],[-115.64880999956841,36.343800000067525],[-115.6482249995874,36.34465700000238],[-115.64657400029975,36.34719299989006],[-115.64622699997012,36.34780800016889],[-115.6456400003393,36.349029999914684],[-115.64548100033065,36.34927199967211],[-115.64519900029833,36.349603000002894],[-115.64479400024238,36.350004000315344],[-115.64341000002013,36.35128999983041],[-115.64285799965107,36.35177600020584],[-115.64147500015204,36.353083999838226],[-115.64053199997073,36.35404099993273],[-115.6400230001577,36.3545219998641],[-115.6364320000808,36.35814199966245],[-115.63540299968578,36.3592649997439],[-115.63501900044454,36.35976299965734],[-115.63476500000131,36.360150000117834],[-115.63457000000764,36.36049599979937],[-115.63420500013467,36.36125699981056],[-115.63377599978926,36.3624269996903],[-115.63358199962052,36.36272900033351],[-115.63337999995413,36.36296800027529],[-115.63305699991396,36.36324400017859],[-115.63116899990155,36.364711999736926],[-115.630828000318,36.36501299976695],[-115.63048099998838,36.36539199968688],[-115.63013399965874,36.36583899999129],[-115.62998200022108,36.366070000103456],[-115.62949199977632,36.367001999791015],[-115.62894699997828,36.368116000197325],[-115.62862999978587,36.36869799990897],[-115.62825700041529,36.3694710000854],[-115.6275689996038,36.370623000294486],[-115.6274289998617,36.370801999768375],[-115.6267529996441,36.37154499988968],[-115.62652199966543,36.37176300035253],[-115.62601799987529,36.37216799994902],[-115.62547599955198,36.372555000197394],[-115.62524399974838,36.37269499983545],[-115.62441600009312,36.37312699965168],[-115.6226700003709,36.373956000016925],[-115.62128000030089,36.37466900002424],[-115.61925400019621,36.375662999992244],[-115.6179570000126,36.37632299988096],[-115.61447700026376,36.378020999828195],[-115.61365000043341,36.37844499986305],[-115.61310700028521,36.37876799997951],[-115.61246600022768,36.379194000045466],[-115.6116989997735,36.379780999785396],[-115.61103799962449,36.38033000014434],[-115.60996899994483,36.381178999704034],[-115.60491099980499,36.38536200018206],[-115.60390499987449,36.38608999992071],[-115.60266299994245,36.38686499966888],[-115.60178199968541,36.38733899966322],[-115.6006660001501,36.387849000091435],[-115.597669000275,36.38909099968945],[-115.59665099975064,36.38953899987585],[-115.59476299973824,36.39033299969433],[-115.59264600029528,36.391202000294],[-115.59160600002959,36.39165899991227],[-115.59073800019137,36.392011000218744],[-115.58949200006136,36.392552999780335],[-115.58666699971543,36.39371399993359],[-115.5858209996185,36.39412699988509],[-115.58512100000978,36.394503000263],[-115.58446499988365,36.39489300012948],[-115.58351900022762,36.39553899976386],[-115.58295900036099,36.39596699983759],[-115.58031700031313,36.39789199992363],[-115.57989499964044,36.39821800023788],[-115.57937599978167,36.39858399968437],[-115.57893899993867,36.3989219998668],[-115.57772499959572,36.399781000103054],[-115.57684699971175,36.40043899996872],[-115.57608799965345,36.400979000124615],[-115.57429699972543,36.40232799969692],[-115.57347699956777,36.402903999706695],[-115.57233599991808,36.40377200010172],[-115.57108700031336,36.404613000287824],[-115.57071700041749,36.40483600016268],[-115.56992400002403,36.40526299973862],[-115.56915300027016,36.40564100027338],[-115.56797900011021,36.406136000017526],[-115.5578350002414,36.40969699980083],[-115.55671899980773,36.41011699976809],[-115.55545299958627,36.4106950002724],[-115.55510199995697,36.41087499987643],[-115.55409600002649,36.411465999740386],[-115.5535410001827,36.41181899980658],[-115.55286699961495,36.41230100015317],[-115.55041200006316,36.414161000148376],[-115.54899600005388,36.41527100033202],[-115.54430199996209,36.41886199987276],[-115.54215700003172,36.420530000263746],[-115.53618199964984,36.425097000096656],[-115.53519199961288,36.425777999993095],[-115.53393499961223,36.42658600026948],[-115.53268299963445,36.427350000024276],[-115.5306520004052,36.42863600010103],[-115.52928900009934,36.429469000305296],[-115.52762000037004,36.43053200006383],[-115.52527200005007,36.43197800002927],[-115.523661999872,36.43306000025435],[-115.52248299968916,36.43393800019426],[-115.52084800029506,36.435322999907555],[-115.51731699959427,36.438434999995614],[-115.51657299960462,36.43906900017328],[-115.51605999959364,36.43954500007361],[-115.51368200003475,36.441616000020915],[-115.510995999606,36.4439959998816],[-115.50970500016848,36.4450749998557],[-115.508334000365,36.44611099983596],[-115.50776399955427,36.446516000076414],[-115.50555500004981,36.447958000350006],[-115.50479199979358,36.44839299972235],[-115.50232399982302,36.45000900010294],[-115.50157099961253,36.45047599965347],[-115.5007179998429,36.451054000320745],[-115.49964300031543,36.45173500008707],[-115.49835299980452,36.452612999723456],[-115.4970330000547,36.453611999901604],[-115.49475000003206,36.455414000254336],[-115.49405100024823,36.45594899976102],[-115.4932889998169,36.456572000215786],[-115.47189499969139,36.47337200035798],[-115.47121799964889,36.47394400020808],[-115.47049100027597,36.474653000358714],[-115.46828100004828,36.477130000255336],[-115.46813899975805,36.47731600004096],[-115.46645099976217,36.476280000112645],[-115.46278799971527,36.47419900003103],[-115.45886500027565,36.47192199982774],[-115.45824599995944,36.47154600009469],[-115.457271999816,36.47100000005149],[-115.45406599970356,36.46914199990647],[-115.45250499992932,36.4682160002922],[-115.45182000038916,36.467777000100405],[-115.4499559997679,36.46645400000199],[-115.4489210004234,36.465614999645055],[-115.44796200034858,36.464794999908364],[-115.44721300033603,36.464103999775396],[-115.44643599983608,36.4633080000415],[-115.44551299974628,36.462306000085555],[-115.44500399993326,36.46171099965793],[-115.44457200011313,36.46115800032613],[-115.44373500023701,36.46003100006948],[-115.44334000022683,36.459448000166],[-115.44245700031998,36.45803099985799],[-115.4419879997916,36.457193000076956],[-115.44018000014513,36.45409800019837],[-115.4394529998739,36.45279899980922],[-115.43864899960978,36.45144500026384],[-115.43807299984961,36.450427000145204],[-115.43423499990048,36.443819000132876],[-115.43380100043053,36.44300800030969],[-115.4319269997635,36.439834000111446],[-115.43042600026368,36.437212999998216],[-115.42826200006674,36.43350799989731],[-115.42378700025809,36.42571699999224],[-115.42173600003905,36.42220100004061],[-115.42106599966924,36.421153000317766],[-115.42049900012988,36.4203349998533],[-115.42016400039414,36.41988900025447],[-115.4195350000322,36.41909399979084],[-115.4191550000906,36.41864199970903],[-115.41857299958431,36.4179890001957],[-115.41784500038649,36.417223999662525],[-115.41674400002144,36.416157000075984],[-115.41544000016512,36.415004000216676],[-115.41305500003526,36.41305100000643],[-115.4114749999944,36.411727000054455],[-115.4106439999661,36.411062000067666],[-115.40734400014233,36.40832000025921],[-115.4068289995832,36.40787000012655],[-115.40591600043744,36.407133999963264],[-115.39590499973974,36.39883399999082],[-115.39133399967162,36.395066999950416],[-115.38646700022579,36.39101800030781],[-115.38142699962928,36.386866999958684],[-115.37944699955536,36.38519200027665],[-115.37363000025556,36.38042099995455],[-115.36890799967638,36.37651399970257],[-115.36889799963063,36.3655369998437],[-115.36901900000447,36.36441300013322],[-115.36877899980495,36.34339799966084],[-115.36878600037595,36.34206400018566],[-115.36875399969058,36.34124300022688],[-115.36870299963697,36.336736000082524],[-115.34891299984176,36.336400999774504],[-115.34892100023768,36.336164000183445],[-115.34086100019991,36.336185000267896],[-115.34028200006668,36.33625600033928],[-115.33610600000875,36.336185000267896],[-115.32640200035601,36.336185000267896],[-115.31483599973183,36.33624300012723],[-115.29634999979295,36.33606400004802],[-115.28548899969869,36.33588500028113],[-115.28522500010804,36.33586300003888],[-115.28293600023764,36.3358570003006],[-115.28024099958805,36.335946999943744],[-115.2764069998369,36.33596700001115],[-115.26084499997816,36.33565799991649],[-115.26083999995528,36.33582600007782],[-115.2607079997108,36.33584099979035],[-115.2607079997108,36.335821999768065],[-115.20709600007379,36.335306000057535],[-115.20709799972363,36.334832000004106],[-115.20539100035948,36.335306000057535],[-115.18877699964119,36.33522599980196],[-115.17085899996488,36.335173000338216],[-115.15286000009773,36.33487600034117],[-115.11693400033344,36.3347220001381],[-115.11550300025553,36.33478700027506],[-115.0984090000365,36.33582999966378],[-115.08059500011727,36.33582000033676],[-115.08095800034043,36.33751999991115],[-115.08093300022608,36.33820000006206],[-115.08068399980573,36.33917599995735],[-115.08078400026315,36.34039599981354],[-115.08069800004944,36.340921999935134],[-115.08064100014803,36.34194299969199],[-115.08129399990109,36.346107000185185],[-115.08141600009984,36.34744999993975],[-115.08147999967395,36.34976600025633],[-115.08169899995707,36.35024300026258],[-115.08224600030324,36.35085400006487],[-115.08265800003187,36.35142099976581],[-115.08342200011303,36.35238499982335],[-115.08390900018475,36.352874000173465],[-115.08450099983845,36.35387100030506],[-115.08518100025402,36.354466000271614],[-115.0863410001703,36.35513200025681],[-115.086868000425,36.35569700026414],[-115.0870459998019,36.35604999965592],[-115.08722900010002,36.356589000094324],[-115.08740900002506,36.35803900015859],[-115.08792799988383,36.360180000297476],[-115.0881499996417,36.36178500028333],[-115.08835399985618,36.36249300030943],[-115.08885299962348,36.36361500009992],[-115.08896499977646,36.36444800011232],[-115.08878599967632,36.36506800002638],[-115.08870100018584,36.36564099996936],[-115.08875499971418,36.36644400007106],[-115.08855399987273,36.36694099993864],[-115.08841900015354,36.367868999933485],[-115.08865599997996,36.36828399977061],[-115.08896800014952,36.36860399971091],[-115.09048899974081,36.36918899978233],[-115.09175999998517,36.36972999964785],[-115.09266499963331,36.37005899978424],[-115.09324700013957,36.370500000077826],[-115.09417799972701,36.37126099990327],[-115.09495299967882,36.371775999697206],[-115.09606999993737,36.37222599976689],[-115.0970559997764,36.372865999898906],[-115.0973100002196,36.373108000048404],[-115.09777600037492,36.37350399991842],[-115.09799099956177,36.37377899974719],[-115.09826500009646,36.374085000241806],[-115.09827099994425,36.374258000033706],[-115.09823599978414,36.3744910003495],[-115.09842400010513,36.374792000158834],[-115.09835799998288,36.37512400002743],[-115.09837899989928,36.375462999797],[-115.09827799961695,36.375754000200146],[-115.09826799957119,36.3759289997444],[-115.09832000034804,36.37612499977912],[-115.09839999981568,36.376226999653454],[-115.09926099998121,36.37692000015076],[-115.09939900007349,36.377141000102554],[-115.09952000044731,36.377289999686184],[-115.1015280001103,36.37917700024202],[-115.1018720000669,36.379439000033294],[-115.10206500041076,36.379560000102714],[-115.10271499979076,36.37986099982338],[-115.10335300037355,36.380385999928876],[-115.10368200026151,36.38058699998572],[-115.10423000043261,36.38079500036121],[-115.10444299996962,36.38099300014609],[-115.10470699956026,36.38113200028936],[-115.1050699997834,36.38137100011086],[-115.10573799960511,36.38200800031413],[-115.10627800027856,36.382427000022396],[-115.10688199962784,36.382824999850065],[-115.10762599961751,36.38322900023757],[-115.10819200023029,36.38342399976662],[-115.10894100024281,36.383854999835485],[-115.1090530003958,36.383931000014336],[-115.10941999991861,36.38431099979434],[-115.10967799966147,36.38449400029149],[-115.11009799978603,36.38468000015392],[-115.11036499974973,36.38472700031701],[-115.11080999998866,36.384845999772054],[-115.11105699986086,36.38499800028785],[-115.1114119996881,36.385275999748856],[-115.11163099997123,36.38540299967394],[-115.1117149996368,36.38547600002104],[-115.11196099968409,36.385938000093226],[-115.11253899999242,36.38656900032129],[-115.11292200030705,36.38682400022473],[-115.11329300002782,36.386966999920816],[-115.11361100004515,36.387050999644984],[-115.11383199997806,36.38715399979414],[-115.11422600016338,36.3872869996585],[-115.11444100024853,36.38744800025563],[-115.1152549996601,36.3875630000648],[-115.11538100005679,36.387603999842455],[-115.11566700028705,36.38779100035316],[-115.1160859996884,36.38821700016592],[-115.11616799970416,36.38826499976427],[-115.11643399984294,36.388310999803515],[-115.1167560000582,36.38899799966616],[-115.11698100018911,36.38911199995925],[-115.11710300038783,36.38921099981172],[-115.11738399969693,36.38954800014697],[-115.11754799972844,36.38978900034911],[-115.1175429997056,36.38999900018325],[-115.11760899982782,36.390245000217845],[-115.11771799960778,36.39032099993593],[-115.11788300036253,36.39054900009064],[-115.1182769996495,36.390787999893426],[-115.11833699992397,36.390910999844415],[-115.11831799965739,36.39100399974868],[-115.11822899996892,36.391164999879855],[-115.11815500034909,36.391259000291804],[-115.1181929999839,36.39152099987083],[-115.11822399994607,36.39161399976848],[-115.11851100000122,36.39185399999342],[-115.11873100010926,36.39224400013448],[-115.11865800031434,36.393224000196874],[-115.11876299989632,36.39359300019582],[-115.11885300030798,36.393832000040376],[-115.11899999972279,36.39479699968756],[-115.11925900018886,36.395299000069826],[-115.1196270004349,36.39576699979914],[-115.11979599959098,36.39588499968159],[-115.12019899999711,36.39601699976682],[-115.12050899961851,36.39622400005702],[-115.12144199975407,36.39700700012945],[-115.1218529996578,36.397391999676934],[-115.12255999983758,36.398359999947225],[-115.12280199968689,36.39920700005493],[-115.12307799987143,36.399918999940994],[-115.1234429997444,36.40037499967473],[-115.12453099969063,36.402003999893864],[-115.12474199957784,36.40227399970307],[-115.12501199991456,36.402797999638835],[-115.12534900019845,36.40313299976211],[-115.12601399964711,36.40343000031896],[-115.12677199988049,36.40370799966067],[-115.12694699978266,36.40372499988464],[-115.12721200009652,36.40381699971372],[-115.12760600028183,36.40367699971054],[-115.12805599964528,36.40364800032907],[-115.1285550003109,36.40367299999596],[-115.12913799974379,36.403791000165995],[-115.12934799980607,36.403852000036636],[-115.13011600008518,36.40417199967559],[-115.13051699994318,36.40447600002791],[-115.13092299982402,36.404745999923854],[-115.13127000015368,36.4049159997251],[-115.13160999991229,36.40505700029884],[-115.13215999973319,36.40534600002889],[-115.1325680001622,36.40565999988068],[-115.13335900000754,36.405925999678715],[-115.13341099988607,36.40593199979953],[-115.1339270002701,36.406404000142],[-115.13433899999875,36.4065499996428],[-115.13490700026131,36.406789000130004],[-115.13506799991983,36.406900999860326],[-115.13522799975337,36.40710299993402],[-115.13546700012799,36.40782800031853],[-115.13555499999154,36.40797300016199],[-115.13570599960427,36.40806199968255],[-115.13586899981088,36.4081059998303],[-115.13612699955374,36.40848400026998],[-115.13628700028562,36.408766999642],[-115.13635500005768,36.40938199978113],[-115.13659199988415,36.40968100001192],[-115.13663799991491,36.409831999831376],[-115.1364820002793,36.41057400022378],[-115.13653300033293,36.410879999779176],[-115.13662299984628,36.411049000061176],[-115.1367369996491,36.411184999743114],[-115.13683399973348,36.41139899964293],[-115.13683700010654,36.41154899991042],[-115.13678699987781,36.411752000013635],[-115.13690400005368,36.41190200032244],[-115.13704299997086,36.41200699971559],[-115.1371519997508,36.41214799971021],[-115.137186000086,36.41243999998248],[-115.13733800042196,36.4126720002878],[-115.13749200040776,36.412889999669005],[-115.13766099956383,36.41298099968073],[-115.13821299993288,36.41333700022744],[-115.13833799960635,36.41339799983247],[-115.13855699988947,36.41344899991585],[-115.13864499975301,36.41350300009521],[-115.13870900022543,36.41359199978675],[-115.13877199997462,36.41360299976592],[-115.1388769995566,36.41379200021614],[-115.13896699996829,36.41402000019314],[-115.13897199999116,36.41417400035695],[-115.13921899986336,36.414429000060125],[-115.13935600013072,36.414525999894714],[-115.13997399972371,36.41486300034595],[-115.14019899985459,36.41502700027902],[-115.14037600030493,36.415203999901976],[-115.14044200042714,36.4153370002028],[-115.14060300008565,36.41549000014757],[-115.14080899994998,36.415731000148625],[-115.14096799995862,36.41595699995306],[-115.14103800027881,36.41611300015098],[-115.14122499987657,36.416274000313955],[-115.14136999964153,36.41648499991452],[-115.14142400006821,36.41672400019836],[-115.14141900004535,36.417178000109374],[-115.14150299971092,36.417365000307385],[-115.14147500012182,36.417506999724004],[-115.14159499977244,36.41816600029734],[-115.14141200037263,36.41834500019819],[-115.14133399965652,36.41847699971938],[-115.14133600020465,36.418626000316785],[-115.14135499957291,36.41873199975275],[-115.14144900018255,36.418815999844014],[-115.14200599967614,36.41909300006063],[-115.14217599955548,36.41919799985315],[-115.14230399960198,36.41948600002183],[-115.1423329999143,36.41970300007334],[-115.1422819998607,36.4200160000056],[-115.1423179998457,36.42016400010245],[-115.14246500015878,36.420342000021094],[-115.14273100029757,36.42053599997946],[-115.14293999963664,36.420881999909454],[-115.14379499995435,36.42172900026618],[-115.14396499983368,36.42178400016701],[-115.14425500026192,36.42190799990577],[-115.14473700031074,36.42244999984379],[-115.14479599986198,36.42257699974365],[-115.14489200012143,36.42264799977924],[-115.14618199973405,36.42323599994101],[-115.14640699986496,36.42327100018887],[-115.14688300006603,36.42327100018887],[-115.14726200018272,36.423418000190146],[-115.14751099970476,36.42344799981695],[-115.14758600004784,36.42342900022328],[-115.14769300017794,36.42354200021086],[-115.14770700042165,36.423653999639704],[-115.14774199968343,36.423743999657376],[-115.14784899981355,36.42381399967931],[-115.14815900033325,36.4239060002937],[-115.1486050003971,36.42432199995107],[-115.14869999993334,36.42453399975318],[-115.14863899983398,36.424804999704016],[-115.1486520002528,36.42500199976266],[-115.14869999993334,36.425205000122126],[-115.14877899957607,36.42537499996493],[-115.14870699960603,36.4259230003004],[-115.14879199999486,36.426072999984356],[-115.1488809996833,36.42616900009268],[-115.14891699966832,36.426287000063134],[-115.14888800025433,36.42650999987898],[-115.14905499976058,36.42670600031617],[-115.1490699998292,36.42683499974388],[-115.14891699966832,36.427190000043346],[-115.14899899968408,36.427680000253645],[-115.14911000001217,36.42781399976675],[-115.14923499968565,36.42790700031768],[-115.14932900029528,36.428037000256076],[-115.14929599978502,36.428342000063246],[-115.14919399967775,36.428464999838354],[-115.14913500012653,36.42856999996818],[-115.14913500012653,36.42866099967671],[-115.14939000039466,36.42903699989905],[-115.14957299979443,36.42923799990527],[-115.1497240003055,36.42930400019295],[-115.14994799971318,36.42936700018523],[-115.15049800043239,36.42946999990191],[-115.15100999972015,36.42967300014336],[-115.15174100018933,36.4297140001099],[-115.15215299991799,36.429884999789685],[-115.15265400023343,36.4302480001819],[-115.1533859996292,36.43102099984102],[-115.1529210001971,36.4314480000241],[-115.15067699963423,36.434236999842],[-115.14959399971083,36.43581300009452],[-115.14835299960372,36.43817799993803],[-115.1466350003689,36.440111999959875],[-115.14558199968447,36.44157499983732],[-115.14545100016319,36.44250000019079],[-115.1444800003928,36.444143999790185],[-115.1437349996799,36.44594699980092],[-115.1435289998156,36.44624000025443],[-115.14318300020918,36.446439999689254],[-115.14180099963674,36.44683500014765],[-115.14073000030724,36.44757400005325],[-115.13954000025373,36.44878700028286],[-115.1391360000227,36.45055599989008],[-115.13879899973881,36.45102699992663],[-115.1383839996371,36.45195200031197],[-115.13742299991247,36.45362500000715],[-115.13720899965222,36.45364300014971],[-115.13717699986516,36.45381699986737],[-115.13664899978558,36.454436000116885],[-115.13567499964213,36.45462600014688],[-115.13525600024079,36.454552999745495],[-115.13308299982302,36.45515200013696],[-115.13223300042647,36.455490999781375],[-115.13143900020809,36.45610799972413],[-115.1311329998863,36.456246999879255],[-115.12959200020353,36.45636600033391],[-115.12900399984949,36.45651199982264],[-115.12838100023363,36.45685499989078],[-115.12625499967153,36.4587310001278],[-115.12566300001782,36.45934000010668],[-115.1244639997435,36.460360000127544],[-115.12361400034693,36.46072600004306],[-115.12318900019949,36.46111599972188],[-115.123056999955,36.46132600034819],[-115.12307500039667,36.461469000170446],[-115.12231999963802,36.46285700012156],[-115.12219999998744,36.463019000031075],[-115.12196900000876,36.46360899969459],[-115.1216069996105,36.464039999935544],[-115.12135200024069,36.46453900034617],[-115.121189999859,36.46472099982264],[-115.1214590003708,36.46534499973794],[-115.12140599976904,36.46563500032322],[-115.12156800015076,36.46585500021798],[-115.1216970000222,36.466284999687375],[-115.12147199989131,36.46658799974597],[-115.1214800002872,36.46676200003829],[-115.12070600016031,36.4676970002897],[-115.12060499987798,36.46776400019997],[-115.12064000003807,36.46799100003712],[-115.12055600037247,36.46814199985975],[-115.12046400031097,36.46836100004632],[-115.12053399973287,36.468660999772695],[-115.12063500001523,36.468734999709646],[-115.12091100019974,36.46886400006547],[-115.12110799984323,36.46924699989626],[-115.12093200011611,36.46990199975202],[-115.12059499983225,36.47057200030811],[-115.12029100005861,36.47080100016434],[-115.12021700043877,36.47101099984162],[-115.11828500004542,36.47248699974527],[-115.11809199970159,36.472560999641644],[-115.11816399967162,36.472781999868324],[-115.1181369999074,36.473318999685866],[-115.1177979999737,36.47395099987451],[-115.11759100028448,36.4741599999425],[-115.11663300003455,36.475942999784166],[-115.11669699960866,36.4764190002221],[-115.11681299995962,36.47682599979994],[-115.11677899962442,36.477281000332894],[-115.11636900044391,36.47819500009459],[-115.11635699985004,36.479359999925514],[-115.11508999980366,36.48004400002029],[-115.11453599978478,36.48021099989835],[-115.11247799989304,36.48002299978094],[-115.11000099970165,36.4796810000344],[-115.10889199983902,36.47934199997455],[-115.10814899967426,36.47946200005023],[-115.10753000025638,36.47946800026586],[-115.10743599964673,36.47960300029902],[-115.10737799992039,36.47972599970715],[-115.10712799967513,36.479788000256775],[-115.10639700010427,36.480442000213394],[-115.105602000061,36.48140299969483],[-115.10473199967461,36.48216200029436],[-115.10378600001857,36.483144999860315],[-115.10180900031772,36.48608400005981],[-115.10115499984141,36.48710500021576],[-115.10069200005914,36.48837199964293],[-115.10047399960094,36.48970000031011],[-115.10018599972084,36.49042700028683],[-115.10012200014675,36.49160600011084],[-115.11500600013805,36.49162100010325],[-115.11518299969006,36.49161500010666],[-115.11540100014828,36.49152699986217],[-115.11550300025553,36.491522000099685],[-115.11586300010563,36.49166499982349],[-115.11596600003777,36.4916640003061],[-115.11603999965762,36.49163700033266],[-115.11608300021365,36.49159299987436],[-115.1185920001921,36.49159800035446],[-115.11870099997205,36.491673999812456],[-115.11884400008717,36.491724000213395],[-115.11898600037739,36.49171800022473],[-115.11907500006585,36.49165800031284],[-115.11910500020308,36.49161999986313],[-115.12705200026295,36.49161500010666],[-115.16994300044608,36.49171800022473],[-115.17284200041185,36.49163100033731],[-115.20542999981924,36.491574999876626],[-115.20530900034372,36.50547200022711],[-115.38318699959518,36.5083780001397],[-115.41611300000969,36.508474000188045],[-115.41766000043856,36.50844300020803],[-115.41774599975396,36.50965500035983],[-115.4176140004078,36.510130000151314],[-115.41774400010415,36.5116320001555],[-115.41763399960098,36.53003599994773],[-115.41750700027771,36.54065899997646],[-115.41784299983834,36.549789000030785],[-115.4178400003636,36.56477300004074],[-115.4178749996254,36.59618400018798],[-115.49302699987608,36.5963049997056],[-115.4948820002765,36.59632000031205],[-115.52640100000423,36.596375999954084],[-115.52661500026446,36.59557899975384],[-115.52695599984798,36.595055000223326],[-115.52880100020272,36.59421600028319],[-115.5289429995946,36.593964999927834],[-115.52900000039433,36.59364699967582],[-115.52885800010412,36.59335000006004],[-115.52789300018152,36.592324999726436],[-115.5279209997706,36.59186900008507],[-115.52885800010412,36.590227999650764],[-115.52885800010412,36.5898869997665],[-115.52834699974298,36.58872399990231],[-115.52789300018152,36.58822299986889],[-115.52715400021471,36.58758500033918],[-115.52676099985433,36.587428000021674],[-115.52723899970522,36.58692299987162],[-115.52738199982035,36.586648999975786],[-115.52769399998988,36.586534000314145],[-115.52976699995024,36.5846579997786],[-115.53013600002116,36.584200000030656],[-115.53061899989493,36.5833070002219],[-115.53226699970784,36.581200999994],[-115.53240899999807,36.580491999764305],[-115.53255100028828,36.580559999977076],[-115.53246599989946,36.580262999774305],[-115.5337720003039,36.57854600011911],[-115.53840100009836,36.57186199987942],[-115.55009800024382,36.555700999863404],[-115.5509209998762,36.5543730001205],[-115.5510339998541,36.5543500002575],[-115.55415600030096,36.54990899989051],[-115.56040000029634,36.54120999987553],[-115.56105300004941,36.54061400034958],[-115.561761999879,36.53974400025067],[-115.56206900002564,36.539289999703236],[-115.57512100008103,36.53948000024082],[-115.58027499958203,36.5424720000144],[-115.58175199969071,36.5433049996849],[-115.58939999999986,36.54772799997277],[-115.59053700034991,36.5483580000648],[-115.59206600033713,36.549269000169566],[-115.59802300027735,36.55269000010392],[-115.59797899989643,36.552284999880676],[-115.59869299974885,36.55270899977184],[-115.60015899998687,36.55352599983556],[-115.60620299996573,36.557014000292305],[-115.6073550003844,36.55769500019637],[-115.61247700009835,36.56063299974975],[-115.61577199989925,36.56254899993649],[-115.61693799966328,36.5632490000818],[-115.61788900024051,36.563777999932555],[-115.62482500034704,36.56781400010869],[-115.625731999645,36.568309000014814],[-115.62806599972127,36.56966200002189],[-115.62995999958146,36.570780999761716],[-115.6320819999456,36.571999000218156],[-115.63317200043998,36.57256800025128],[-115.63432899998321,36.57313599979136],[-115.63557699976306,36.57368100032406],[-115.63747700036936,36.57441399989407],[-115.63871699975324,36.57484199980926],[-115.64050000018368,36.57536600022403],[-115.64214399979865,36.57577299968147],[-115.64389299989388,36.57612700034012],[-115.64519900029833,36.57634000030896],[-115.64632099968145,36.57649399977828],[-115.6472520001672,36.57658999968549],[-115.64871000000927,36.57670300000954],[-115.65607499956289,36.57712600022027],[-115.65607600028613,36.57662699966295],[-115.65584899960709,36.57644699964489],[-115.65528299989265,36.575451999869856],[-115.65474700031545,36.573935999861376],[-115.65446299973499,36.57339200031146],[-115.65239300014771,36.5677130002235],[-115.65049400026464,36.562768000087544],[-115.65052199985372,36.56258400005832],[-115.6502740001566,36.561933000103274],[-115.66149099990302,36.56245600003048],[-115.6662770000563,36.56333899965067],[-115.669437000138,36.56362300032832],[-115.67440499986616,36.561798000057614],[-115.68070599976295,36.5638940003267],[-115.68069900009027,36.56445900010423],[-115.68057400041678,36.56540199970013],[-115.6805479995792,36.56982500010114],[-115.68044200017233,36.57340900012995],[-115.68452199997078,36.573337999674926],[-115.684516000123,36.577667999736626],[-115.68945799991188,36.57747899987414],[-115.68948100037642,36.57894199980491],[-115.68942600012483,36.579230000136874],[-115.67102200020172,36.57818900020266],[-115.67104099956998,36.579674000106934],[-115.67102399985154,36.57992199986912],[-115.66654700039305,36.57990400022151],[-115.66642900039228,36.577921999968225],[-115.65774099981746,36.57742300022683],[-115.65766100034983,36.57802700030839],[-115.65354200019334,36.57780800013803],[-115.65355100041415,36.58126699997709],[-115.65445900043535,36.58119899966573],[-115.65528299989265,36.58087899985735],[-115.65602100003456,36.580444000087276],[-115.65653200039571,36.58026100014307],[-115.65778100000044,36.58026100014307],[-115.66016100010745,36.5806170000456],[-115.66013699981801,36.5807889998075],[-115.66022200020683,36.58382500011469],[-115.66055699994257,36.584175000141],[-115.66103399996855,36.58434399990094],[-115.66275700012451,36.58461800004436],[-115.66284900018603,36.58470100020915],[-115.6629169999581,36.58541200023229],[-115.66281300020101,36.586060999722356],[-115.6620669996632,36.59496100017062],[-115.66176000041486,36.5965609998477],[-115.675512000079,36.5965360003558],[-115.6764050000316,36.59783400007766],[-115.67947300005176,36.600276000324314],[-115.68121600029923,36.59993099972157],[-115.6812000004057,36.59650799987672],[-115.6855160002057,36.596498999823595],[-115.68556399988628,36.59816699990932],[-115.69347699961097,36.598128000269725],[-115.6934719995881,36.595617000343914],[-115.70090900001003,36.5956270001165],[-115.7384869997852,36.595844999885344],[-115.75131899973255,36.59572499998291],[-115.77279400004888,36.59590600010072],[-115.77423799964727,36.59593999991613],[-115.7896689999848,36.595993999889096],[-115.79492399976813,36.59607599974904],[-115.8064550002322,36.59615600030241],[-115.79845200009584,36.587086000301156],[-115.79798900031359,36.58665999992188],[-115.79769700023552,36.5862550003477],[-115.79754099970158,36.585308000309126],[-115.79715800028526,36.58440600031335],[-115.79709499963776,36.584024000144964],[-115.79698000001001,36.583934999922995],[-115.79700500012439,36.58370900008143],[-115.79691899991064,36.58361899972416],[-115.79675400005421,36.58222200030355],[-115.79641000009762,36.58012499985238],[-115.79571299996363,36.57726399973146],[-115.79487400043773,36.57250800026423],[-115.7941610004102,36.56953700004237],[-115.79650399980895,36.56922000011635],[-115.80531600023234,36.56813799984185],[-115.80696900006814,36.56791099995979],[-115.80998299966161,36.567577000198035],[-115.81145499974744,36.567453999692965],[-115.81224499976784,36.56741499968547],[-115.81390799964937,36.56738600020362],[-115.81500700036459,36.567397000008356],[-115.81594200014995,36.56742800017113],[-115.81804799972225,36.567556999877056],[-115.82148700036154,36.567938999990815],[-115.82358899973588,36.568134999924],[-115.82673499957387,36.56846500028548],[-115.82851800000431,36.56867399988133],[-115.84519999959635,36.57039700010961],[-115.84877099958176,36.570793999680824],[-115.85333900017515,36.57127500019993],[-115.86491099974882,36.572457000202476],[-115.8661970000618,36.57260400007687],[-115.8685779999937,36.57283700006521],[-115.87087699990985,36.573109000109696],[-115.87282099999878,36.5733889998763],[-115.87345399966036,36.57350000002831],[-115.87511400006713,36.573868000307556],[-115.87716299973805,36.574393000009074],[-115.87913500031438,36.57495499980566],[-115.88790800037967,36.577571999726885],[-115.88996399972326,36.578218999798466],[-115.89198900000305,36.57881599986284],[-115.89471300006662,36.57966100023994],[-115.89536800036784,36.579845999805556],[-115.89538900028424,36.50829500029526],[-115.89507899976454,36.422470999773246],[-115.8951559997574,36.39337999976346],[-115.89516699962807,36.38353199987396],[-115.89546899975186,36.281201999961596]],[[-115.72371699959669,36.44043699996794],[-115.72347599957226,36.44081300023797],[-115.72255900022856,36.442646999912796],[-115.72233400009767,36.44337899970625],[-115.72233400009767,36.44372300017379],[-115.72182600010953,36.44500400009827],[-115.72120500014351,36.446102999718896],[-115.720780999821,36.4466299997949],[-115.7207530002319,36.447019000172105],[-115.72047200002451,36.44811800015355],[-115.72022199977926,36.45120900004612],[-115.71985600008136,36.452490999945496],[-115.71900900015952,36.4541850003182],[-115.71719999978983,36.45645200010561],[-115.71547599980894,36.459519999640285],[-115.71462800006219,36.46059699987322],[-115.71219600007667,36.46409899968819],[-115.71098000008388,36.46512999986185],[-115.71052800017226,36.46588500005673],[-115.71007500043572,36.46627499979401],[-115.7096500002883,36.46650400006297],[-115.70916900006435,36.466939000171585],[-115.70685199970654,36.470669999843594],[-115.70450199973675,36.47261600035837],[-115.70328699956892,36.4745630001519],[-115.70243899982218,36.476439000279676],[-115.7022720003159,36.47776700035496],[-115.70153800037197,36.479689999971036],[-115.7004920002585,36.48193399970222],[-115.69964500033667,36.484039999872564],[-115.69910700021136,36.48497799996069],[-115.69769399967674,36.487016000325866],[-115.69648000023213,36.49054199997897],[-115.6961689998875,36.49122800006545],[-115.69571600015097,36.4918690000381],[-115.6944420004319,36.49312799994029],[-115.69410299959985,36.49370100004769],[-115.69393400044376,36.49473099982169],[-115.69232099989267,36.49644799987495],[-115.69133000003079,36.4980509996406],[-115.69096400033288,36.49923999964197],[-115.69079799975322,36.49995199979255],[-115.68918400027549,36.501131999877245],[-115.68861699983782,36.501406999871115],[-115.68819300041363,36.50179599981194],[-115.68754200031037,36.50209199965301],[-115.68643799957229,36.50288999981234],[-115.68462599972784,36.50448800015447],[-115.68352199988806,36.50496600008467],[-115.68301200025013,36.50546699992077],[-115.68284300019572,36.50574199968054],[-115.68148400008782,36.50676700009054],[-115.68108900007762,36.507452000103925],[-115.68057799971645,36.50783999996704],[-115.67913400011805,36.508410000169064],[-115.67831300013549,36.509115999662136],[-115.67692499971525,36.50998299985696],[-115.67647199997874,36.510392999981434],[-115.67559499991968,36.51142000014584],[-115.67392500036546,36.51198900000035],[-115.67338600041519,36.51246799979189],[-115.67287699970386,36.51308400031966],[-115.67222700032384,36.514042999940536],[-115.67106599968433,36.51495499995848],[-115.67027200036428,36.51525000008781],[-115.66905399982336,36.5160710000443],[-115.66848700028402,36.516687000050474],[-115.66817599993938,36.516868999770224],[-115.66684500031889,36.517163999822856],[-115.66398399998795,36.51869099991748],[-115.66304900020256,36.51932900030255],[-115.66174699999607,36.51987499974974],[-115.66033099998675,36.52140300034418],[-115.65990599983934,36.52222499983528],[-115.65902799995534,36.52341199994165],[-115.65863200012024,36.52379999992354],[-115.65707399982071,36.524643000353414],[-115.6568479998649,36.52487100009116],[-115.65529100028857,36.52754099976259],[-115.65418700044881,36.52852199980329],[-115.65359099969882,36.529297999978745],[-115.65325299959001,36.530097000176866],[-115.65322500000093,36.53053100003963],[-115.6530740003882,36.53101100027503],[-115.65306000014449,36.531019000289746],[-115.65274299995207,36.53205999993503],[-115.6520419996201,36.53305100034257],[-115.65195100028183,36.5331789999907],[-115.65115899971327,36.53395399994476],[-115.65050699978512,36.534273000295066],[-115.64948300031128,36.535077000182405],[-115.64933799964801,36.53528700026284],[-115.6488999999801,36.53654300023597],[-115.64889499995722,36.537145999835204],[-115.64905099959283,36.53752699980073],[-115.64862999964335,36.53750800000986],[-115.64037899980985,36.537532999847734],[-115.59791799979705,36.537569999766134],[-115.59795600033019,36.5468560000492],[-115.5919309997196,36.54329799979179],[-115.58887199992026,36.541507999719926],[-115.58819099967977,36.54114600022896],[-115.58644499995758,36.540088999880865],[-115.57600800018585,36.53398200001011],[-115.57605400021659,36.5320050002863],[-115.57272300043066,36.53203999980481],[-115.56468799960895,36.52731999985017],[-115.55532200006502,36.52273200032564],[-115.54832099966117,36.52360800019057],[-115.54858000012725,36.52330000019521],[-115.54887399985513,36.52302199978871],[-115.54912599975017,36.52284099994016],[-115.54941899965317,36.522675000141525],[-115.55235199995413,36.52116700018174],[-115.55335000038701,36.520623000197695],[-115.55652299998917,36.518985000356906],[-115.55502699961391,36.516921000333454],[-115.55427699977645,36.517316999644684],[-115.55336000043275,36.51717099991567],[-115.55217200002909,36.51785899996751],[-115.55200600034773,36.517629999876014],[-115.5520260004392,36.51671300003666],[-115.55079700002764,36.515253999827294],[-115.55098399962539,36.514712000030286],[-115.55142200019161,36.51450400029379],[-115.55190099986743,36.512961999697325],[-115.5535889998633,36.51210700008849],[-115.55684000018158,36.51267000013719],[-115.5576879999283,36.51366900022357],[-115.55819500009152,36.51433699998974],[-115.55880900038483,36.51398499990208],[-115.5625500002496,36.51194099964374],[-115.56469199980691,36.51468099966075],[-115.56518999974926,36.514408999728374],[-115.56848399972527,36.512698999932596],[-115.56955199958003,36.51216100019127],[-115.57092199955858,36.511433999926005],[-115.57708199988839,36.50823000010266],[-115.57816800018482,36.50764200014593],[-115.58007999958835,36.50667000004564],[-115.58248300015993,36.505404999706116],[-115.58511799963672,36.5040470002284],[-115.58636499959162,36.503380999925774],[-115.5890510000204,36.50202200022213],[-115.59630699979407,36.49821399979929],[-115.59837399990661,36.497159999700315],[-115.60142600003329,36.49554699981753],[-115.60861099966183,36.49182299995877],[-115.61020999996924,36.49096800015181],[-115.61096900002752,36.49058900035037],[-115.61254999989328,36.489752999889305],[-115.61498299970371,36.48850099981309],[-115.62037899995238,36.4856599996626],[-115.62111000042155,36.485161999762084],[-115.62664300003925,36.48084500025874],[-115.62700999956206,36.48057499995107],[-115.62732599992954,36.48037299965672],[-115.6280890001858,36.47994899978632],[-115.63042499991187,36.47877900028022],[-115.63116399987865,36.4784460001806],[-115.63257599969002,36.477761999704406],[-115.63418500004319,36.47693300035287],[-115.63634599986709,36.47587299983439],[-115.64087199972937,36.47360200036059],[-115.6419799997671,36.47302700015782],[-115.64269399961952,36.47268300035137],[-115.64439800040725,36.47179600027025],[-115.64653499994171,36.47061400012423],[-115.65070000012898,36.468537000325156],[-115.65373399981397,36.46698599969013],[-115.65559300041237,36.4659819998894],[-115.65825600037661,36.46449499967032],[-115.66149799957574,36.46280799976564],[-115.66300700036977,36.46204799973105],[-115.66499900013926,36.46108899994071],[-115.66591999968095,36.46062800021924],[-115.66699699975656,36.46012400030427],[-115.66967700033751,36.45890699987037],[-115.67340300013363,36.45729800035434],[-115.67378300007525,36.45715300014032],[-115.67408600002395,36.457058999991276],[-115.67441800028494,36.456978999959176],[-115.6772739996947,36.45657600009582],[-115.67991099971967,36.45625700034346],[-115.68266099972251,36.45599100027374],[-115.68396399975393,36.45593700002327],[-115.68505199970019,36.45586800004986],[-115.68747600018813,36.45577499976868],[-115.68925899972027,36.45577899968983],[-115.69158600012382,36.45583999990698],[-115.69405900011725,36.45585600029952],[-115.69436100024103,36.45584899972175],[-115.69544499998932,36.455758000101426],[-115.69588199983232,36.45569699981977],[-115.69631700002552,36.45560999995095],[-115.69666699982989,36.45551800006655],[-115.69771200011843,36.45517099991322],[-115.69797599970906,36.455054999761416],[-115.69892100043849,36.454543999780334],[-115.69935300025863,36.45433500029556],[-115.70045700009842,36.45388400021099],[-115.70068899990201,36.453811999839395],[-115.70094300034522,36.45375500022034],[-115.70141699999814,36.45367899969975],[-115.70180600016057,36.453637000102674],[-115.7036740000815,36.453518999805425],[-115.7053920002146,36.453491000259625],[-115.70773200013863,36.4535640002155],[-115.70807199989727,36.45355700015342],[-115.70847799977814,36.45350699969164],[-115.70917800028519,36.45337099971766],[-115.7096920001211,36.45323800026694],[-115.71124000037487,36.452767999946346],[-115.71219799972646,36.45238699968718],[-115.71251900011686,36.452240000355594],[-115.71341899974213,36.45176500033076],[-115.7144249996726,36.45129000028752],[-115.71530699975456,36.450834999663314],[-115.71635600024105,36.45032500011097],[-115.71693299982616,36.44999099983959],[-115.71714000041369,36.449845000359666],[-115.71736299999644,36.44964899982392],[-115.718556000423,36.44828199993487],[-115.71928399962083,36.44756099965613],[-115.71977800026357,36.44703500021643],[-115.71997599973196,36.44677199988186],[-115.72042900036679,36.44605900014437],[-115.72134999990847,36.444807000217345],[-115.72149800004648,36.44453899965327],[-115.72185299987372,36.44370399976128],[-115.72193800026254,36.44343800000191],[-115.72204799986739,36.44284300007244],[-115.72213499990603,36.442535999853504],[-115.72227700019624,36.44217799989547],[-115.72266999965831,36.441354000272504],[-115.72294400019304,36.44085999969192],[-115.72319199989016,36.4404929998007],[-115.72330099967009,36.44037000029557],[-115.72346499970162,36.44032600036062],[-115.72371699959669,36.44043699996794]]]},"properties":{"zcta":"89124"}},{"type":"Feature","geometry":{"type":"Polygon","coordinates":[[[-115.28764200002497,36.19105499985374],[-115.28766899978916,36.1903610002211],[-115.28759000014645,36.18861699969437],[-115.28754599976553,36.18656200027607],[-115.28717199967168,36.177662999772764],[-115.28316899986615,36.17728600031152],[-115.2817229997196,36.17722799978714],[-115.28108099983719,36.177275000315404],[-115.28049300038143,36.17733899967795],[-115.2787939996166,36.177592999646414],[-115.27787899992269,36.17768700023676],[-115.27741699996534,36.17771299982469],[-115.26634199961084,36.17789600025031],[-115.26553999989484,36.1779389999515],[-115.26337099967505,36.17816799991877],[-115.2626590003707,36.17825900005558],[-115.26122400009484,36.17840200026415],[-115.26050799969425,36.17845299976325],[-115.25982300015416,36.17846600015629],[-115.25875699994921,36.17843100009713],[-115.25829099979386,36.178394000183275],[-115.25556699973028,36.17804799971227],[-115.25433700039213,36.177928999972494],[-115.25303400036071,36.17790600023353],[-115.24788900018224,36.17788299976268],[-115.24668700043316,36.177716000334385],[-115.2462399996461,36.17759500023097],[-115.24575599994742,36.17743399977965],[-115.24508599957761,36.17712499995035],[-115.24456400024413,36.176841000290295],[-115.24405799990582,36.176482000217185],[-115.24380900038378,36.176679999739854],[-115.24386799993502,36.17675700026509],[-115.24396599984429,36.17693700020887],[-115.2441769997315,36.177524000113294],[-115.24429100043263,36.177875000353936],[-115.24443500037268,36.17852399976419],[-115.24451200036557,36.1792000000534],[-115.24453800030483,36.18043200035479],[-115.24462799981818,36.181012000249005],[-115.24460699990182,36.18126400014503],[-115.24459400038134,36.1827349996809],[-115.2445929996581,36.18540900033514],[-115.24463600021413,36.18964599987228],[-115.24465600030561,36.19042600025864],[-115.24438500014395,36.191153999748245],[-115.24442699997675,36.19845100017572],[-115.24442500032693,36.201461999696576],[-115.2444100002583,36.20260600020055],[-115.24442100012895,36.20341200026927],[-115.24467499967388,36.20341400019434],[-115.24467100037421,36.20385100036159],[-115.24469399994042,36.20468699977684],[-115.24473800032138,36.20540600024838],[-115.24481399959105,36.20626100013808],[-115.2449309997669,36.20712999964752],[-115.24506999968408,36.207930000091324],[-115.24525899982997,36.20881799970541],[-115.24544100030316,36.20953299965569],[-115.24566600043404,36.21031400003133],[-115.24598000025341,36.21129999969915],[-115.2463099999663,36.212514000061056],[-115.2465929998235,36.213931000240066],[-115.2467810001445,36.21517599999154],[-115.2468530001145,36.21585000028056],[-115.24690499999303,36.21651600002656],[-115.24694900037399,36.21821499986739],[-115.2493140004124,36.218208999777175],[-115.25446999956318,36.21824599972218],[-115.25667399994312,36.21822499977514],[-115.25952600005321,36.21823499968162],[-115.26968199961756,36.21843300017571],[-115.274246000013,36.21854900029828],[-115.27878600011898,36.21863399983531],[-115.27878399957086,36.21730500001199],[-115.27882200010399,36.214080999687894],[-115.27890499994469,36.210522999953234],[-115.27892900023413,36.21015799990269],[-115.27894500012764,36.20626199970184],[-115.27897899956453,36.205029999805404],[-115.27901000042498,36.20458000001614],[-115.27905599955743,36.20427999992746],[-115.27927700038866,36.20353200003376],[-115.27955799969776,36.20294199978279],[-115.27992500011887,36.202384999725695],[-115.28037299983252,36.20186800008094],[-115.28234899970849,36.19983000023271],[-115.28341699956324,36.198764999715],[-115.2841580000782,36.19796600023172],[-115.28503099993928,36.19690799968685],[-115.28540400020819,36.1963880003235],[-115.28571600037773,36.19591299978289],[-115.28641099996359,36.19471100016179],[-115.28697300037838,36.19351200011697],[-115.2871850000905,36.19297800005819],[-115.2874739997955,36.19204600016181],[-115.2875800001007,36.191615999776054],[-115.28764200002497,36.19105499985374]]]},"properties":{"zcta":"89128"}},{"type":"Feature","geometry":{"type":"Polygon","coordinates":[[[-115.26266000019565,36.2773370000448],[-115.26745200019671,36.27790300015433],[-115.26708300012577,36.27752699994804],[-115.26533800022848,36.2755690003234],[-115.26368799986744,36.273786999756084],[-115.26295700029655,36.272973000162025],[-115.26281599983125,36.27283700007506],[-115.25742899980344,36.266903999819576],[-115.25147000021339,36.260420000066155],[-115.24837399970582,36.25693099977153],[-115.24779499957258,36.25610399996321],[-115.24743200024776,36.255441000229816],[-115.24718000035266,36.25482199981517],[-115.24708699956791,36.254523999785974],[-115.24643499963976,36.2543339996893],[-115.2461979998133,36.25424499969099],[-115.24577100001603,36.254026000297166],[-115.24554099986226,36.25385000030636],[-115.24462799981818,36.25284599998837],[-115.24221099990127,36.25004000004819],[-115.24012299987233,36.24769600007751],[-115.24119999994791,36.24778600004839],[-115.2402979997745,36.24682000001757],[-115.24064799957887,36.24661000022622],[-115.2397980001823,36.24567700029204],[-115.23971699999146,36.24572699964848],[-115.23858200018954,36.24448699979311],[-115.23863300024317,36.24321700027826],[-115.23856799994581,36.24314700008141],[-115.23749099987022,36.24305200002459],[-115.23756899968804,36.2424539999671],[-115.23619700005965,36.24233299993806],[-115.23490599972382,36.24091900012741],[-115.23497000019621,36.24044000023323],[-115.23459199990445,36.24040700005225],[-115.23449300017026,36.24046599999274],[-115.23384899973969,36.2397470000285],[-115.23386800000627,36.23951100000238],[-115.23387800005203,36.23709900012174],[-115.2326860003487,36.236991999763646],[-115.22827599993904,36.23216200010249],[-115.2283229997947,36.232007999981],[-115.22790400039335,36.23212900005023],[-115.227583000003,36.23227600024168],[-115.22712400041867,36.23256999979557],[-115.226625999578,36.232954000076724],[-115.22638799992664,36.23266099974395],[-115.2253319997674,36.23152499997124],[-115.22454299957192,36.23063100025032],[-115.22151200025998,36.227350000246986],[-115.2229159996754,36.22655900006595],[-115.22333499997505,36.22629699997277],[-115.22346800004446,36.22431000010171],[-115.21885099994557,36.22441699969757],[-115.2166850000988,36.222043999941164],[-115.21674299982513,36.22188200020029],[-115.21676899976438,36.22166299999041],[-115.21675399969578,36.22052499968123],[-115.21677799998521,36.21936300020595],[-115.21617600028577,36.21934099971266],[-115.21566900012257,36.219341999834015],[-115.21474299965972,36.218343999883835],[-115.21479500043657,36.21825199980955],[-115.21474500020784,36.2182340002708],[-115.21452699974965,36.21798600032541],[-115.21447800024417,36.21705099984164],[-115.2140310003554,36.217065999925985],[-115.21400200004311,36.216382999982955],[-115.21401299991373,36.21626600011188],[-115.21397100008095,36.21611599977961],[-115.21395099998948,36.215669999904904],[-115.21447999989398,36.21566099983905],[-115.214439999711,36.21348400003516],[-115.21004199989524,36.21355299977624],[-115.21004400044338,36.212067999948346],[-115.21007299985737,36.21020699999057],[-115.20971399983216,36.21022399968844],[-115.20787799969831,36.21019999977279],[-115.20595200005104,36.210029999676394],[-115.20608400029553,36.210404999781545],[-115.20278100009871,36.206784000002955],[-115.20325399992672,36.206522999925156],[-115.20344499972245,36.20636499963844],[-115.20359000038569,36.20619400034498],[-115.20380799994558,36.205883999884854],[-115.20395299971054,36.20572599975783],[-115.20414400040457,36.20556100012885],[-115.20351800041568,36.20490899985707],[-115.20339299984389,36.20473800028199],[-115.2032940001097,36.20456600002307],[-115.20321499956866,36.204369000269445],[-115.20186399985667,36.20465899982653],[-115.20165999964217,36.20472400031719],[-115.2013240000815,36.204901999890275],[-115.20117000009573,36.205024000153855],[-115.1991110003791,36.20278299990779],[-115.2018019999324,36.202771000259716],[-115.20065100023697,36.20140800035453],[-115.19919300039484,36.199791000261065],[-115.19894200032469,36.1995770002565],[-115.19775100044626,36.20021800032404],[-115.19761400017892,36.20035500030232],[-115.19756800014815,36.20050000003934],[-115.19758300021678,36.20062999990018],[-115.19793399984607,36.200973000309034],[-115.19765500018681,36.201169000282135],[-115.19675600038643,36.200210000296714],[-115.19659200035491,36.20024300004168],[-115.19892700025606,36.20278299990779],[-115.20262000044022,36.20688599969688],[-115.20165399979439,36.20751100006334],[-115.20176699977229,36.20764200014878],[-115.20187800010038,36.20774700025811],[-115.20203899975887,36.20782299969023],[-115.20219899959243,36.207857000118075],[-115.20303999966647,36.20794799982604],[-115.20328300023904,36.20801099995214],[-115.20346999983681,36.20811900036101],[-115.20360899975398,36.20824800035207],[-115.20471900033985,36.20948099985318],[-115.20477399969312,36.209627999846774],[-115.2047519999518,36.20994200021481],[-115.20478200008904,36.2100239996833],[-115.204962999839,36.209984000200784],[-115.2052719996355,36.20983199966136],[-115.20841099980075,36.213214999686414],[-115.20815600043098,36.21337599978265],[-115.20780999992624,36.21367800018154],[-115.20765799959028,36.21387999992739],[-115.20759800021415,36.21399799993233],[-115.20752000039634,36.21424500001145],[-115.20749899958163,36.214656999678986],[-115.20749500028198,36.21572400027853],[-115.20746000012187,36.217286000107656],[-115.20499799999911,36.21730799972946],[-115.20502800013632,36.219155000103896],[-115.2039130004259,36.21916499989149],[-115.20390900022795,36.22140300035492],[-115.20731199998389,36.22137100020625],[-115.20750100012977,36.221453000017476],[-115.20752399969598,36.22338900008765],[-115.20755499965811,36.224503000160716],[-115.2075039996045,36.22664899973502],[-115.20741800028908,36.232007000021596],[-115.20743300035771,36.23242999983535],[-115.20657600039014,36.23245300022383],[-115.20664099978913,36.23480099981087],[-115.20750299977958,36.234788000077],[-115.20762300032848,36.23898200015832],[-115.20759400001617,36.240866000330385],[-115.20758200032061,36.2435379999845],[-115.20754299996256,36.24550900007564],[-115.20756800007693,36.2464600001333],[-115.2075660004271,36.24759300022503],[-115.20753100026698,36.25046699970443],[-115.20744500005326,36.25415299983847],[-115.20736499968731,36.25631600033947],[-115.20727799964867,36.25955800025215],[-115.20717800008958,36.2616339999266],[-115.20720499985374,36.26357000024136],[-115.20683999998077,36.27114699966013],[-115.20672000033015,36.272418000181744],[-115.20670699991136,36.27277000010489],[-115.20643999994769,36.276278999841104],[-115.21539499958787,36.276234999742485],[-115.22000400018915,36.276086000162486],[-115.23354300031627,36.27599899984362],[-115.23802899999556,36.27604400019545],[-115.23844400009726,36.27602500008225],[-115.24209299990049,36.276082999803464],[-115.24263699987361,36.27609900026836],[-115.24703700023754,36.27643700008959],[-115.24705200030613,36.27641099998818],[-115.24710800038262,36.2763810001389],[-115.24726599966809,36.27637400005176],[-115.24874699997471,36.27652000018823],[-115.25160499993261,36.276754999849366],[-115.2516059997575,36.27680300009685],[-115.25250899975586,36.2768420000499],[-115.25416599978959,36.276962000117415],[-115.25669700040764,36.27719599979099],[-115.25752900026086,36.2773170001424],[-115.25854799971182,36.27753000025155],[-115.25968400023696,36.277831999797655],[-115.26078100040405,36.27817700000757],[-115.2623699997674,36.27862000005623],[-115.26266000019565,36.2773370000448]]]},"properties":{"zcta":"89130"}},{"type":"Feature","geometry":{"type":"Polygon","coordinates":[[[-115.06549799969062,36.14430600035542],[-115.06558999975213,36.13696999981958],[-115.06543800031449,36.13696699992664],[-115.06439200020101,36.13696699992664],[-115.0599540002023,36.13704200011678],[-115.05811300004554,36.1370780002406],[-115.05782699981528,36.13709600029632],[-115.05528900042282,36.13710200007213],[-115.04736599975409,36.137213999914415],[-115.04735300023361,36.13633500010139],[-115.04722299963895,36.13577800021152],[-115.04680000003965,36.13499899976072],[-115.04650200011382,36.13479099975535],[-115.04633999973211,36.134646000290495],[-115.04586400042935,36.134388999745106],[-115.04533100032688,36.13417399981662],[-115.04444599987193,36.13372000023591],[-115.04358499970637,36.133057999959625],[-115.04269500012686,36.13249000027544],[-115.04236000039108,36.13212100022822],[-115.04207499998573,36.13204100003633],[-115.04155600012697,36.131864000120025],[-115.04135100008754,36.131744000134184],[-115.04104499976582,36.13172700009114],[-115.04078600019803,36.1310310000318],[-115.04062299999141,36.13079500016156],[-115.04032800043863,36.130223999910264],[-115.03995599999463,36.13002299971125],[-115.0397989996358,36.12978900006566],[-115.03377100044878,36.12985900006997],[-115.03578900015756,36.13221599998741],[-115.0358970001126,36.13245800006871],[-115.0358970001126,36.13295299985642],[-115.03843600022826,36.13720399981837],[-115.03367600001425,36.137175999687855],[-115.02272500040661,36.137161999981565],[-115.02250600012349,36.137136999722614],[-115.02229400041136,36.13708900007361],[-115.02200599963298,36.1369379999887],[-115.02176499960856,36.1368619999754],[-115.01459500004862,36.1368460000396],[-115.01435300019926,36.13685300028399],[-115.01407199999187,36.13688800004553],[-115.0136080003847,36.13701000031527],[-115.01111199992674,36.1378889998215],[-115.00771099982062,36.13937600032472],[-115.00672900017958,36.13963900007862],[-115.00401000013888,36.14153199975993],[-114.99720200007886,36.143708999782234],[-114.99478500016194,36.14579000009663],[-114.99384600017858,36.14907900007765],[-114.99414699957916,36.151722999689255],[-114.9940789998071,36.1521979997988],[-114.99395800033159,36.152222000082226],[-114.99280099989005,36.152967999911255],[-114.99247500037511,36.153484000045594],[-114.9911079998713,36.15688800003693],[-114.99078999985399,36.15800499980463],[-114.99039999986664,36.15907700013655],[-115.00800399972358,36.15890199990282],[-115.0107980001074,36.15895900004254],[-115.0170089995925,36.15915700032049],[-115.01998799992423,36.15916900012348],[-115.02137100032157,36.159152000220715],[-115.02317800014312,36.15919200028466],[-115.0263499999204,36.159218999645375],[-115.0293280004272,36.159312000353985],[-115.03061700021489,36.15932699989647],[-115.03184499990321,36.159375999880716],[-115.03306699974378,36.15939899998117],[-115.03390899964273,36.15944500016185],[-115.03668499958486,36.15947200016073],[-115.0407779998021,36.15943499999875],[-115.04258499962366,36.159437000321574],[-115.04433500044213,36.15940500022699],[-115.04571399974323,36.15940000014307],[-115.0473950000664,36.159416999992004],[-115.05148599973552,36.15937999980407],[-115.0533510001817,36.15938499988931],[-115.0560180003439,36.159272000351315],[-115.05593600032813,36.163034000112994],[-115.05752200021675,36.16295099990935],[-115.05767799985237,36.162922000149514],[-115.05774899999747,36.162827999978894],[-115.05781199974666,36.1592080000144],[-115.06060299975739,36.159095999661794],[-115.06235000020284,36.15910700003376],[-115.0623689995711,36.15825299972861],[-115.06242200017287,36.15745600005744],[-115.06262100036446,36.15659699963916],[-115.06281100033527,36.15604800018759],[-115.06316199996455,36.155269000100304],[-115.06386699959616,36.15413400002953],[-115.06420899990292,36.15366500000099],[-115.0645100002018,36.153166000085925],[-115.06497399980898,36.15224399985204],[-115.06510400040365,36.15184999994077],[-115.06526500006213,36.15132900006193],[-115.06533899968198,36.15102299966684],[-115.06542800026875,36.150492999793954],[-115.06550799973638,36.14976700025323],[-115.06537200019224,36.14976499968371],[-115.0653679999943,36.14773399996266],[-115.06358700011198,36.14773900006513],[-115.06229599977615,36.14476099996867],[-115.06287900010734,36.14459400033427],[-115.06379299997631,36.14436799981552],[-115.06399200016796,36.14434699964115],[-115.06494399967177,36.14431200030532],[-115.06549799969062,36.14430600035542]]]},"properties":{"zcta":"89142"}},{"type":"Feature","geometry":{"type":"Polygon","coordinates":[[[-115.65241599971392,36.340524999953416],[-115.65196999965009,36.340296000046145],[-115.65173600019668,36.34029900010618],[-115.65159499973136,36.34033100001551],[-115.65139499971482,36.34042400033328],[-115.65094000032848,36.34075299989686],[-115.65062099958791,36.34093000003061],[-115.65035000032461,36.34102999970756],[-115.65006099972128,36.34107300015151],[-115.64967099973393,36.34108100023149],[-115.64939700009757,36.34106100003003],[-115.64838899961894,36.34087800011887],[-115.64795400032406,36.34082700018563],[-115.64740000030521,36.34083000022524],[-115.64712999996846,36.34085299980108],[-115.64686200017985,36.34089799964376],[-115.64653900013965,36.340984999941206],[-115.64525100017687,36.34145000013259],[-115.64484399957279,36.34161500009335],[-115.64432700026214,36.341788999712755],[-115.64395800019122,36.34188399973595],[-115.64296300013136,36.34205900019888],[-115.64263199969525,36.34215099990417],[-115.64217800013381,36.34235900028441],[-115.64137499969462,36.34278200001884],[-115.64114799991388,36.342873000330236],[-115.64071000024596,36.34297599964002],[-115.6403319999542,36.342977000349215],[-115.6400719996632,36.34295599992521],[-115.63994199996685,36.34292399964725],[-115.63958100029186,36.342788999935266],[-115.63938399975005,36.3426829996865],[-115.63924499983285,36.3425799999892],[-115.639127999657,36.34247100020338],[-115.63871099990547,36.34195399967891],[-115.63854600004903,36.34177199969639],[-115.63817500032827,36.341461000189085],[-115.63784399989217,36.34126599968075],[-115.63744999970686,36.34110599975247],[-115.63723600034491,36.341044999865105],[-115.6369269996501,36.34098799997468],[-115.63603600024567,36.34088100015646],[-115.63576300043421,36.340834000277816],[-115.63545100026468,36.340740999726],[-115.63525999957064,36.34064899980232],[-115.63498699975918,36.3404530001373],[-115.63483299977338,36.340303000186],[-115.63416400012677,36.33944199997147],[-115.63405100014887,36.33932199977831],[-115.63370899984211,36.33904699975402],[-115.63333499974829,36.33884600020611],[-115.63302199975388,36.33872999997901],[-115.63264799966005,36.338635999768044],[-115.63036899983537,36.338184000033024],[-115.6300120003583,36.33809999964597],[-115.62977200015882,36.33801699994124],[-115.62944099972272,36.33784700006067],[-115.62924699955394,36.3377169997739],[-115.6291310001013,36.337614000021716],[-115.62901499975034,36.33747300017517],[-115.62893899958235,36.33733200007339],[-115.62889699974954,36.337198000135295],[-115.62887500000825,36.33702399966645],[-115.62886900016046,36.336845999999035],[-115.62889699974954,36.336662000248594],[-115.62900700025274,36.336401999844526],[-115.62917799995697,36.336186000340696],[-115.62943499987493,36.335954999826626],[-115.62968000009731,36.33577200022053],[-115.6301029996966,36.33542100023572],[-115.63022800026837,36.335295999939646],[-115.63034200007121,36.33512000011473],[-115.63045300039927,36.334844999727984],[-115.63050399955459,36.33459000023865],[-115.63048000016344,36.33419999978825],[-115.63041200039139,36.33400999969648],[-115.63029199984248,36.33381700027909],[-115.63003300027474,36.33351099993781],[-115.62932400044512,36.33259000002951],[-115.62912799972824,36.33238700022121],[-115.6283789997157,36.33151299979315],[-115.6281090002773,36.33124100010869],[-115.62758399967242,36.33066200010589],[-115.62698699999582,36.33007499965652],[-115.6260480000125,36.32902299989552],[-115.62562100021523,36.328684999926494],[-115.62471800021693,36.328125999654866],[-115.62424399966568,36.3277739997785],[-115.62371399993624,36.32726699983272],[-115.62320000010034,36.326670000082494],[-115.62283900042534,36.32616199998936],[-115.62248600024789,36.325491000145504],[-115.6223160003686,36.3250830002115],[-115.62213600044355,36.32454899992272],[-115.62180500000746,36.32384999998785],[-115.62154200024169,36.32318000001756],[-115.62145799967782,36.3230300000993],[-115.62134300005008,36.32288899991285],[-115.62126900043023,36.32282500022653],[-115.62072999958166,36.32246599999418],[-115.6204230003333,36.32221899964211],[-115.62002400012514,36.32172399995001],[-115.61985800044378,36.3214140002818],[-115.61977899990278,36.32121900025569],[-115.61972100017643,36.321034000243884],[-115.61967000012282,36.32079299987108],[-115.61964199963539,36.320426999934014],[-115.61965400022929,36.32019099979878],[-115.61972299982627,36.3198449997931],[-115.61980300019219,36.31959900010581],[-115.62020200040038,36.31856900012196],[-115.62060800028125,36.31759900016601],[-115.6212879997985,36.315724999960004],[-115.62152399980003,36.31512200021325],[-115.62161300038683,36.31485199974391],[-115.62163500012812,36.31473500036002],[-115.62167399958786,36.31440400024249],[-115.6216750003111,36.314203000093165],[-115.6216119996636,36.31387500024204],[-115.62155899996014,36.31370600016407],[-115.62149200001298,36.31355899975118],[-115.62138400005794,36.31338100004225],[-115.62125600001144,36.31321200034108],[-115.62095300006273,36.31290200011678],[-115.62076200026704,36.312755000359495],[-115.62064099989318,36.31270800016193],[-115.62047000018899,36.31264299970344],[-115.61959899997768,36.312433999955516],[-115.61805200044715,36.31198499992884],[-115.61764599966796,36.311846000076756],[-115.6173469999172,36.311715999839805],[-115.61680299994408,36.311404999791],[-115.61641200013185,36.311135000202015],[-115.61569200043161,36.310481000169496],[-115.61514599991035,36.310063999788426],[-115.61487300009887,36.30988899984601],[-115.61442799985997,36.309652999657374],[-115.61398299962104,36.30950499987397],[-115.61323299978359,36.30931499965224],[-115.611578000298,36.309007999675615],[-115.61116599967099,36.30890600003842],[-115.61061300037537,36.30868899989788],[-115.61002800039435,36.30838599989891],[-115.60966400034627,36.308232000188795],[-115.60942199959865,36.308177000322026],[-115.60907199979428,36.30812899982747],[-115.6088490002115,36.30812500026751],[-115.6086309997533,36.30814300009543],[-115.60800200028967,36.308282999741],[-115.60735399966116,36.30850500025631],[-115.60712600005554,36.30855700005741],[-115.60642499972359,36.30862500013478],[-115.60562100035774,36.30873400022016],[-115.60439500031926,36.308858999692234],[-115.60396500014893,36.30887599965132],[-115.60347800007722,36.308836000082415],[-115.60319299967186,36.30877199971606],[-115.60244700003238,36.3085229999965],[-115.60157400017128,36.308138999812314],[-115.60095999987796,36.30791399984373],[-115.60073100044741,36.30781000007315],[-115.6004490004151,36.307638999724304],[-115.60029299988118,36.307497999929275],[-115.60012200017695,36.30728100021383],[-115.60003900033628,36.30712199971208],[-115.59998300025978,36.30693599981998],[-115.59995499977238,36.30665899969153],[-115.59997099966591,36.30640300017451],[-115.60004799965878,36.30616899976202],[-115.6001599998118,36.305962000231816],[-115.60024799967533,36.30585700029157],[-115.60053700027866,36.30560799995081],[-115.60079099982354,36.305450000124665],[-115.60106500035825,36.30534500021891],[-115.60148100028486,36.30528099988298],[-115.6024560002532,36.30530600003177],[-115.60269999975237,36.305295999683665],[-115.60286700015693,36.30526699982512],[-115.60322100015925,36.30513599973072],[-115.60343500041951,36.305025999934585],[-115.60405899986026,36.304600000102646],[-115.60435000011341,36.30442800019755],[-115.60457000022143,36.30433200035499],[-115.60481700009363,36.304262999671174],[-115.6050890000802,36.304226999667875],[-115.60582600039717,36.304213000144756],[-115.60608800033799,36.30418799964556],[-115.60632299961632,36.3041220002873],[-115.60686699958944,36.303925000192386],[-115.60708300039782,36.303871999710715],[-115.60727900021642,36.30384399981055],[-115.60759300003578,36.30384699982617],[-115.60851399957745,36.303944999791064],[-115.60888299964837,36.30392999973056],[-115.609158000008,36.3038649999176],[-115.60936200022252,36.30378199994407],[-115.60953700012469,36.30367099991989],[-115.60975300003476,36.30346299978177],[-115.60992899976185,36.30320999994845],[-115.61001499997556,36.30301299972162],[-115.60648699964786,36.30284399999044],[-115.60604200030724,36.302717999785486],[-115.60591199971257,36.30202499972529],[-115.60566800021343,36.30131199975438],[-115.60562499965741,36.300767000229804],[-115.60536500026473,36.300266000123635],[-115.60506300014094,36.300000000312835],[-115.60430099970962,36.29962800013922],[-115.60381700001093,36.29928699992988],[-115.60327499968763,36.29868600013768],[-115.60215300030451,36.29656400034654],[-115.60189800003637,36.29589799991038],[-115.6013930004213,36.29557599974985],[-115.5993720003395,36.294999000281564],[-115.59811100014088,36.29375899994742],[-115.59741099963382,36.29329899993827],[-115.59592400037775,36.2924940002745],[-115.59353900024783,36.2913429997657],[-115.59264200009733,36.29063099983682],[-115.59202699997907,36.28978099978914],[-115.59141100003592,36.289252999966294],[-115.587567000239,36.28773199967022],[-115.58574299980071,36.28665200024],[-115.58473299967224,36.28619100033845],[-115.5824339997561,36.284720000204125],[-115.58088899987536,36.28412099974143],[-115.57987899974692,36.28395899976458],[-115.578447999669,36.28363400022737],[-115.57547500008336,36.28220600002672],[-115.57502599964648,36.28179300000707],[-115.57496999956999,36.28160999996769],[-115.57326499985567,36.27981799971508],[-115.5731269997634,36.2794740003166],[-115.57290400018064,36.27922200024989],[-115.57265700030844,36.27814299973976],[-115.57257299974454,36.27809699977978],[-115.57241000043624,36.2773629998378],[-115.57229800028324,36.27724800018646],[-115.57185700024228,36.276007000085094],[-115.57163399976122,36.275617999977364],[-115.57100100009964,36.27355099969927],[-115.57091700043402,36.27348200003585],[-115.57059400039385,36.27155399989717],[-115.57067999970924,36.27143899965555],[-115.5716480000049,36.271322000331665],[-115.57230300030614,36.2711380001861],[-115.57281600031712,36.27079199982444],[-115.5675990001686,36.27011999987401],[-115.56499200028088,36.269800999685984],[-115.56412899956719,36.26967700011712],[-115.56327300032287,36.269596999870224],[-115.56267900012101,36.26957499975172],[-115.56213400032297,36.26959200030471],[-115.56150699961087,36.26967100035493],[-115.56086599955334,36.269783999902764],[-115.56048599961174,36.269884999796034],[-115.55997199977587,36.27005299974511],[-115.55919799964896,36.27033800030629],[-115.55858400025394,36.270583999664595],[-115.5581580002816,36.27072900030109],[-115.55773599960891,36.27083700028056],[-115.5571659996965,36.270933000056466],[-115.55684000018158,36.27096299982642],[-115.55621500001759,36.270961999641116],[-115.55567500024242,36.27089900025497],[-115.55503099981188,36.27076600001581],[-115.55429600004302,36.270538000320435],[-115.55376499959038,36.27040599965882],[-115.55318499963226,36.27034100016181],[-115.5528149997364,36.27034200035503],[-115.55254500029798,36.27036700011197],[-115.55148300029099,36.270552000092195],[-115.55123499969557,36.27058000035244],[-115.5510770004101,36.27059000008083],[-115.55065599956234,36.270563000014555],[-115.55022499956709,36.270489999842304],[-115.54979899959476,36.27036999996638],[-115.54958199985977,36.27028699984772],[-115.54878400034175,36.26992400030791],[-115.54842600014146,36.26980199988612],[-115.54790800010761,36.26969100004326],[-115.54764899964151,36.26966499986801],[-115.54732800014946,36.26966600006995],[-115.54700900030723,36.26969299972212],[-115.54664799973389,36.269752000002526],[-115.54602599994297,36.26992400030791],[-115.54057100014307,36.27177800027205],[-115.54001600029933,36.271928999728935],[-115.53946399993026,36.27202900029726],[-115.53914300043822,36.27204399997311],[-115.53864200012278,36.272020000200634],[-115.53803200002741,36.27194500032093],[-115.53686500043844,36.2717280002053],[-115.53636400012303,36.27165199986868],[-115.53559599984392,36.27158900031496],[-115.53489200003722,36.271569999841816],[-115.5334910000965,36.2716349997642],[-115.53048900019859,36.27185499993566],[-115.5296089997665,36.27194500032093],[-115.52907300018929,36.27202900029726],[-115.52844600037545,36.27215699970799],[-115.52790999989995,36.272288000138104],[-115.52666299994503,36.27262699996541],[-115.52587799994748,36.272867999998574],[-115.52453999975599,36.27323299992455],[-115.5219649996553,36.273983999910875],[-115.51987099977858,36.27456099979072],[-115.51513999987685,36.27592199992175],[-115.51455800026892,36.276070999814756],[-115.51250000037719,36.27665899999007],[-115.51178599962643,36.2768259997373],[-115.51095299994829,36.276985999819125],[-115.51027699973069,36.27709200034456],[-115.50964900009198,36.277165000137586],[-115.50880899984284,36.27723400016694],[-115.50830199967962,36.277258999889646],[-115.50767099966787,36.277275000113505],[-115.50693099987615,36.27726599989747],[-115.50584299992991,36.27720600012037],[-115.50451700033229,36.27706599973709],[-115.49752599997417,36.27617399977868],[-115.497090999781,36.276146000076125],[-115.49664399989224,36.276142999719426],[-115.49609300024642,36.276187999988295],[-115.49545999968653,36.27630100024316],[-115.49352099962049,36.27687299983153],[-115.49282699985952,36.27706300013995],[-115.49188000037859,36.27725400009056],[-115.49098900007583,36.277389000346346],[-115.49037399995758,36.27745000008489],[-115.4895720002416,36.27749599970192],[-115.48909699986545,36.27750299968845],[-115.48494099989902,36.277408000127544],[-115.48370099961677,36.27735100004579],[-115.48316800041266,36.277310000139146],[-115.4824479998141,36.277216999829484],[-115.47995499972919,36.27679100021881],[-115.47608699964285,36.27608399992313],[-115.47543999973756,36.2759830000824],[-115.47507200038986,36.275949000307406],[-115.47471699966431,36.275949000307406],[-115.47429300024008,36.27599299984303],[-115.47384999965098,36.27609300027549],[-115.47288700027651,36.2763719998198],[-115.4710340004242,36.27695099964822],[-115.4698450001956,36.27725999999425],[-115.4696409999811,36.27732899993964],[-115.4693089997201,36.27748199972688],[-115.46892799995356,36.27771000014564],[-115.46874200018071,36.27786700029776],[-115.46813899975805,36.27843499964032],[-115.46789100006093,36.27864099971171],[-115.4674800001572,36.27891399978775],[-115.46705300035995,36.279149000207916],[-115.46660300009813,36.279343999711315],[-115.46592299968258,36.27954399982863],[-115.46572900041213,36.279588000234696],[-115.46534500027256,36.27964299998316],[-115.46493000017088,36.279673000027145],[-115.46451900026716,36.27967799967125],[-115.46411099983816,36.27965700029481],[-115.46370699960711,36.27960600013028],[-115.46328800020576,36.27952100026486],[-115.46208399990857,36.27919200003256],[-115.46168800007344,36.27911300020178],[-115.46140199984318,36.27909099986797],[-115.46103299977223,36.279086000186275],[-115.46047600027863,36.279098999792566],[-115.45727699983887,36.27926299987649],[-115.45665400022304,36.27930599963833],[-115.4556030000867,36.279419999801796],[-115.45510699979414,36.27949499974232],[-115.45389800037239,36.279730999934635],[-115.45102899964553,36.28024500025304],[-115.45105700013295,36.27955600000765],[-115.45107399985137,36.278062000107],[-115.45105499958478,36.277905999719195],[-115.45091900004067,36.27746899985126],[-115.45081399956035,36.27677299967406],[-115.45062500031281,36.275819999748386],[-115.45010300008099,36.27608799967751],[-115.44863400036822,36.276719000187526],[-115.44715999973427,36.277258999889646],[-115.44622499994888,36.27740900023024],[-115.44541400001206,36.27783000032724],[-115.4437829999176,36.27903100004529],[-115.44298000037669,36.27938999966057],[-115.44273299960618,36.27936900020665],[-115.44095000007408,36.27882999997741],[-115.43967499963175,36.278674999762615],[-115.43861000015004,36.278851000300584],[-115.43708600018566,36.27837399994729],[-115.43590799982773,36.27826999989766],[-115.43540999988537,36.27833600012628],[-115.43498599956285,36.27824599986656],[-115.43481400003371,36.2784310000062],[-115.43392199990603,36.27867100014074],[-115.42999500026849,36.27893899969656],[-115.42933400011947,36.27922399968463],[-115.4270839997088,36.28048700000588],[-115.42627500032013,36.28057300032985],[-115.42554200020112,36.280868000005455],[-115.42478999981553,36.280789999757786],[-115.4245689998826,36.280937999715704],[-115.42377200018949,36.27732799983587],[-115.42348099993633,36.18850899992954],[-115.41440599974725,36.18890700032645],[-115.4146280004034,36.19463199973643],[-115.40316600043458,36.194668000242984],[-115.40315300001579,36.19609299993005],[-115.39728700031219,36.1960629996926],[-115.39765499965992,36.203274000240185],[-115.39770200041387,36.208893000016985],[-115.39770099969064,36.21051100004216],[-115.3920080002394,36.21046900033897],[-115.39192600022363,36.210481999766344],[-115.39186900032223,36.210468000104186],[-115.3888129999976,36.2104449997737],[-115.37063000000745,36.21070500031136],[-115.37052000040259,36.21820200027527],[-115.35196800034149,36.21796099975254],[-115.33415000022428,36.21841299968735],[-115.33435699991351,36.22824199978081],[-115.33434299966983,36.233647000357124],[-115.33324399985291,36.24784800020955],[-115.33330499995228,36.25151900001757],[-115.33359200000746,36.25158699981763],[-115.33389900015412,36.25170399972936],[-115.33439399972345,36.25200199964802],[-115.33499799997101,36.252479000280836],[-115.33534100010269,36.25277700014141],[-115.33558399977694,36.25288500031593],[-115.33589099992362,36.252939000347155],[-115.33631400042121,36.252975000105835],[-115.33694500043299,36.252939000347155],[-115.33723400013798,36.252839999657645],[-115.33735999963636,36.252749999712236],[-115.33745900026888,36.252597000001785],[-115.33756700022393,36.252335000232634],[-115.33771100016396,36.25217300022339],[-115.33790100013478,36.251993000141134],[-115.33815300002982,36.251811999938134],[-115.33848699994068,36.25164100002155],[-115.33861300033738,36.2516049996483],[-115.33904500015751,36.25158699981763],[-115.3395589999934,36.25151499972917],[-115.34021699976934,36.25135300019312],[-115.3405869996652,36.25131699968718],[-115.34158699974789,36.25126200027063],[-115.34357900041572,36.25123500004238],[-115.3442820003975,36.25117199995643],[-115.34471500004256,36.25107299992577],[-115.34513900036507,36.25093799981355],[-115.34693799979073,36.25059199979171],[-115.34694000033885,36.25149100016789],[-115.3515060003841,36.251484000022835],[-115.35150399983597,36.24964699988205],[-115.35599500043647,36.24972299989875],[-115.35598899969038,36.24788599965305],[-115.36044599995569,36.247961000178144],[-115.36045699982634,36.246136000051244],[-115.36948299961166,36.246198999850414],[-115.36948199978673,36.24801200000146],[-115.36498299968865,36.24798700033371],[-115.36494000003093,36.25161600006595],[-115.36046299967413,36.251571999834894],[-115.3604409999328,36.255232999750554],[-115.35821399998667,36.25521399964433],[-115.35820300011602,36.258889000267175],[-115.35598600021565,36.25887600019336],[-115.35598500039075,36.26255600022566],[-115.35157300033127,36.26254400033095],[-115.35153899999608,36.280809000159486],[-115.34699899989008,36.28078400012542],[-115.34698800001941,36.28438200004281],[-115.34471800041558,36.284386000096134],[-115.34470599982171,36.288000999940664],[-115.34243600021787,36.28802199996853],[-115.34242500034723,36.291653000254975],[-115.34469499995106,36.29161600030334],[-115.34477100011904,36.29526899998935],[-115.34249899996706,36.29529899981874],[-115.34271900007509,36.30617800026423],[-115.34268700028804,36.308103000150496],[-115.33406499983546,36.30813800010341],[-115.33357100009107,36.308160999919174],[-115.33358699998456,36.30627000035106],[-115.33334699978508,36.29180500028307],[-115.33342100030323,36.28431599985761],[-115.33327700036317,36.266155000312835],[-115.33098900031769,36.26617500017735],[-115.33102100010474,36.265983999921986],[-115.33102600012761,36.26428399985855],[-115.33000699977833,36.26430100011482],[-115.33003400044083,36.26390400032294],[-115.33008600031935,36.26368199964722],[-115.33026000039663,36.26327599995044],[-115.33036900017659,36.262930000245134],[-115.33038300042028,36.262564999964404],[-115.32867600015784,36.26250799991143],[-115.32781300034249,36.26251900024259],[-115.32791399972649,36.262692000110725],[-115.32810200004748,36.263129000114276],[-115.32836200033847,36.26384999990345],[-115.32846500027064,36.264374000278316],[-115.32856999985262,36.26529999968456],[-115.32859999998983,36.26587699999954],[-115.32859800034004,36.26619600028311],[-115.32870999959471,36.2661939997904],[-115.32871600034079,36.2680260001237],[-115.3286090002107,36.26802700034658],[-115.32860800038578,36.26985899968545],[-115.32764299956484,36.26986999970544],[-115.32767400042529,36.27309200022484],[-115.32765500015874,36.27407400001472],[-115.32761499997576,36.27453200009429],[-115.32748399955618,36.27517199987958],[-115.32731200002705,36.27579699981155],[-115.32719800022423,36.276122000116224],[-115.32661200041832,36.277223999841084],[-115.32648500019671,36.27740900023024],[-115.3257179997425,36.27851899987567],[-115.32555799990895,36.2787030000064],[-115.32509900032463,36.27916299988399],[-115.32417500040988,36.279912999963855],[-115.32401399985311,36.279989000224504],[-115.32313000012135,36.28049299966107],[-115.32202700010649,36.280969000043164],[-115.32419799997612,36.28093400020978],[-115.32432600002262,36.280899999694554],[-115.32728699991272,36.280898000302734],[-115.32771299988505,36.280887999722154],[-115.32796300013028,36.28085700008664],[-115.32887000032659,36.280875999747906],[-115.32888200002215,36.28382700007119],[-115.32883000014361,36.28831099995013],[-115.32261600028545,36.2883600002944],[-115.32191800032656,36.28835199987085],[-115.31955300028815,36.28838300014982],[-115.3195499999151,36.28465400030482],[-115.31882600001691,36.284684999880454],[-115.31717300018113,36.28469399996517],[-115.31626000013706,36.284720000204125],[-115.31494200003705,36.28473000029374],[-115.31489500018138,36.286565000112084],[-115.31488599996054,36.29022800034329],[-115.3149450004101,36.29207500018398],[-115.31495200008281,36.29576399968126],[-115.3149019998541,36.29760999966572],[-115.31493700001415,36.300349000219086],[-115.31491799974759,36.30126300030493],[-115.31484199957961,36.30142700014386],[-115.31483400008202,36.30151100024562],[-115.31484400012775,36.30312199968811],[-115.31478100037856,36.30669400029259],[-115.31090800026936,36.30670200028297],[-115.30581699961925,36.30666800013713],[-115.3036530003206,36.30668999993514],[-115.30129699960473,36.30666800013713],[-115.30091500001332,36.30665899969153],[-115.30052099982802,36.30661899970928],[-115.29886899981715,36.306620999889844],[-115.2971409996383,36.30659199980016],[-115.29661000008397,36.306599999801016],[-115.29354600026176,36.306514999659406],[-115.29306199966477,36.30651699984263],[-115.29465099992643,36.308282000034005],[-115.31174799962018,36.326975000323884],[-115.31476600030996,36.3303429999258],[-115.31621499993122,36.331887000070246],[-115.32019299962244,36.336209999913116],[-115.32640200035601,36.336185000267896],[-115.33610600000875,36.336185000267896],[-115.34028200006668,36.33625600033928],[-115.34086100019991,36.336185000267896],[-115.34892100023768,36.336164000183445],[-115.34891299984176,36.336400999774504],[-115.36870299963697,36.336736000082524],[-115.36875399969058,36.34124300022688],[-115.36878600037595,36.34206400018566],[-115.36877899980495,36.34339799966084],[-115.36901900000447,36.36441300013322],[-115.36889799963063,36.3655369998437],[-115.36890799967638,36.37651399970257],[-115.37363000025556,36.38042099995455],[-115.37944699955536,36.38519200027665],[-115.38142699962928,36.386866999958684],[-115.38646700022579,36.39101800030781],[-115.39133399967162,36.395066999950416],[-115.39590499973974,36.39883399999082],[-115.40591600043744,36.407133999963264],[-115.4068289995832,36.40787000012655],[-115.40734400014233,36.40832000025921],[-115.4106439999661,36.411062000067666],[-115.4114749999944,36.411727000054455],[-115.41305500003526,36.41305100000643],[-115.41544000016512,36.415004000216676],[-115.41674400002144,36.416157000075984],[-115.41784500038649,36.417223999662525],[-115.41857299958431,36.4179890001957],[-115.4191550000906,36.41864199970903],[-115.4195350000322,36.41909399979084],[-115.42016400039414,36.41988900025447],[-115.42049900012988,36.4203349998533],[-115.42106599966924,36.421153000317766],[-115.42173600003905,36.42220100004061],[-115.42378700025809,36.42571699999224],[-115.42826200006674,36.43350799989731],[-115.43042600026368,36.437212999998216],[-115.4319269997635,36.439834000111446],[-115.43380100043053,36.44300800030969],[-115.43423499990048,36.443819000132876],[-115.43807299984961,36.450427000145204],[-115.43864899960978,36.45144500026384],[-115.4394529998739,36.45279899980922],[-115.44018000014513,36.45409800019837],[-115.4419879997916,36.457193000076956],[-115.44245700031998,36.45803099985799],[-115.44334000022683,36.459448000166],[-115.44373500023701,36.46003100006948],[-115.44457200011313,36.46115800032613],[-115.44500399993326,36.46171099965793],[-115.44551299974628,36.462306000085555],[-115.44643599983608,36.4633080000415],[-115.44721300033603,36.464103999775396],[-115.44796200034858,36.464794999908364],[-115.4489210004234,36.465614999645055],[-115.4499559997679,36.46645400000199],[-115.45182000038916,36.467777000100405],[-115.45250499992932,36.4682160002922],[-115.45406599970356,36.46914199990647],[-115.457271999816,36.47100000005149],[-115.45824599995944,36.47154600009469],[-115.45886500027565,36.47192199982774],[-115.46278799971527,36.47419900003103],[-115.46645099976217,36.476280000112645],[-115.46813899975805,36.47731600004096],[-115.46828100004828,36.477130000255336],[-115.47049100027597,36.474653000358714],[-115.47121799964889,36.47394400020808],[-115.47189499969139,36.47337200035798],[-115.4932889998169,36.456572000215786],[-115.49405100024823,36.45594899976102],[-115.49475000003206,36.455414000254336],[-115.4970330000547,36.453611999901604],[-115.49835299980452,36.452612999723456],[-115.49964300031543,36.45173500008707],[-115.5007179998429,36.451054000320745],[-115.50157099961253,36.45047599965347],[-115.50232399982302,36.45000900010294],[-115.50479199979358,36.44839299972235],[-115.50555500004981,36.447958000350006],[-115.50776399955427,36.446516000076414],[-115.508334000365,36.44611099983596],[-115.50970500016848,36.4450749998557],[-115.510995999606,36.4439959998816],[-115.51368200003475,36.441616000020915],[-115.51605999959364,36.43954500007361],[-115.51657299960462,36.43906900017328],[-115.51731699959427,36.438434999995614],[-115.52084800029506,36.435322999907555],[-115.52248299968916,36.43393800019426],[-115.523661999872,36.43306000025435],[-115.52527200005007,36.43197800002927],[-115.52762000037004,36.43053200006383],[-115.52928900009934,36.429469000305296],[-115.5306520004052,36.42863600010103],[-115.53268299963445,36.427350000024276],[-115.53393499961223,36.42658600026948],[-115.53519199961288,36.425777999993095],[-115.53618199964984,36.425097000096656],[-115.54215700003172,36.420530000263746],[-115.54430199996209,36.41886199987276],[-115.54899600005388,36.41527100033202],[-115.55041200006316,36.414161000148376],[-115.55286699961495,36.41230100015317],[-115.5535410001827,36.41181899980658],[-115.55409600002649,36.411465999740386],[-115.55510199995697,36.41087499987643],[-115.55545299958627,36.4106950002724],[-115.55671899980773,36.41011699976809],[-115.5578350002414,36.40969699980083],[-115.56797900011021,36.406136000017526],[-115.56915300027016,36.40564100027338],[-115.56992400002403,36.40526299973862],[-115.57071700041749,36.40483600016268],[-115.57108700031336,36.404613000287824],[-115.57233599991808,36.40377200010172],[-115.57347699956777,36.402903999706695],[-115.57429699972543,36.40232799969692],[-115.57608799965345,36.400979000124615],[-115.57684699971175,36.40043899996872],[-115.57772499959572,36.399781000103054],[-115.57893899993867,36.3989219998668],[-115.57937599978167,36.39858399968437],[-115.57989499964044,36.39821800023788],[-115.58031700031313,36.39789199992363],[-115.58295900036099,36.39596699983759],[-115.58351900022762,36.39553899976386],[-115.58446499988365,36.39489300012948],[-115.58512100000978,36.394503000263],[-115.5858209996185,36.39412699988509],[-115.58666699971543,36.39371399993359],[-115.58949200006136,36.392552999780335],[-115.59073800019137,36.392011000218744],[-115.59160600002959,36.39165899991227],[-115.59264600029528,36.391202000294],[-115.59476299973824,36.39033299969433],[-115.59665099975064,36.38953899987585],[-115.597669000275,36.38909099968945],[-115.6006660001501,36.387849000091435],[-115.60178199968541,36.38733899966322],[-115.60266299994245,36.38686499966888],[-115.60390499987449,36.38608999992071],[-115.60491099980499,36.38536200018206],[-115.60996899994483,36.381178999704034],[-115.61103799962449,36.38033000014434],[-115.6116989997735,36.379780999785396],[-115.61246600022768,36.379194000045466],[-115.61310700028521,36.37876799997951],[-115.61365000043341,36.37844499986305],[-115.61447700026376,36.378020999828195],[-115.6179570000126,36.37632299988096],[-115.61925400019621,36.375662999992244],[-115.62128000030089,36.37466900002424],[-115.6226700003709,36.373956000016925],[-115.62441600009312,36.37312699965168],[-115.62524399974838,36.37269499983545],[-115.62547599955198,36.372555000197394],[-115.62601799987529,36.37216799994902],[-115.62652199966543,36.37176300035253],[-115.6267529996441,36.37154499988968],[-115.6274289998617,36.370801999768375],[-115.6275689996038,36.370623000294486],[-115.62825700041529,36.3694710000854],[-115.62862999978587,36.36869799990897],[-115.62894699997828,36.368116000197325],[-115.62949199977632,36.367001999791015],[-115.62998200022108,36.366070000103456],[-115.63013399965874,36.36583899999129],[-115.63048099998838,36.36539199968688],[-115.630828000318,36.36501299976695],[-115.63116899990155,36.364711999736926],[-115.63305699991396,36.36324400017859],[-115.63337999995413,36.36296800027529],[-115.63358199962052,36.36272900033351],[-115.63377599978926,36.3624269996903],[-115.63420500013467,36.36125699981056],[-115.63457000000764,36.36049599979937],[-115.63476500000131,36.360150000117834],[-115.63501900044454,36.35976299965734],[-115.63540299968578,36.3592649997439],[-115.6364320000808,36.35814199966245],[-115.6400230001577,36.3545219998641],[-115.64053199997073,36.35404099993273],[-115.64147500015204,36.353083999838226],[-115.64285799965107,36.35177600020584],[-115.64341000002013,36.35128999983041],[-115.64479400024238,36.350004000315344],[-115.64519900029833,36.349603000002894],[-115.64548100033065,36.34927199967211],[-115.6456400003393,36.349029999914684],[-115.64622699997012,36.34780800016889],[-115.64657400029975,36.34719299989006],[-115.6482249995874,36.34465700000238],[-115.64880999956841,36.343800000067525],[-115.64926499985309,36.34327199988377],[-115.64987499994844,36.34270100021674],[-115.65001899988849,36.342584999942574],[-115.65112299972827,36.34180999972785],[-115.65157100034025,36.34144600011166],[-115.65193000036544,36.3410959996556],[-115.65241599971392,36.340524999953416]]]},"properties":{"zcta":"89166"}},{"type":"Feature","geometry":{"type":"Polygon","coordinates":[[[-115.44475600023614,35.85733499992302],[-115.44444499989152,35.857023999870805],[-115.4442890002559,35.856826000161696],[-115.44386099973539,35.8563529996639],[-115.44379799998623,35.85617000027653],[-115.44378999959028,35.85607300017139],[-115.44391299961396,35.85567299980495],[-115.44393199988053,35.85552699995474],[-115.44390799959108,35.855429999790964],[-115.44384200036716,35.855305000335576],[-115.4437260000162,35.855175999858076],[-115.44352099997677,35.855023999663835],[-115.44340899982379,35.854912999955765],[-115.4433179995872,35.854754999808144],[-115.44301700018663,35.8541100003123],[-115.44284800013224,35.85380500023602],[-115.44258299981836,35.85341299972076],[-115.44235199983969,35.85292100006836],[-115.44215199982314,35.85261399967372],[-115.44185300007238,35.85210000023197],[-115.44143899979561,35.85122199970298],[-115.44114099986977,35.85070099977456],[-115.4405810000031,35.84978200000443],[-115.44013400011438,35.849129000025734],[-115.43907700013025,35.84748000022078],[-115.43869800001357,35.84693200028266],[-115.43848799995132,35.84658100000175],[-115.43821099994186,35.846187999679806],[-115.43759900019667,35.84509299979426],[-115.43683799959025,35.84359099986898],[-115.43668000030482,35.84332899994519],[-115.43646799969441,35.84305700029827],[-115.436334999625,35.84285199977129],[-115.43627400042398,35.842678000354056],[-115.43611700006512,35.84198499980399],[-115.4360109997599,35.84159299984228],[-115.43588899956119,35.841249000271375],[-115.43565799958249,35.84074899996242],[-115.43544500004549,35.84038200025985],[-115.4352640002955,35.840166000301885],[-115.43316299984775,35.84014399996974],[-115.42669200007164,35.84014899994645],[-115.4264350001537,35.84012800018777],[-115.426208000373,35.840052999755805],[-115.42600800035643,35.83991399997168],[-115.4258519998225,35.83974400008278],[-115.42579300027128,35.83965300013818],[-115.42571600027838,35.83944999999762],[-115.42570100020978,35.83924299989335],[-115.42571499955515,35.838463000273364],[-115.425695000362,35.83825400003124],[-115.42526099999372,35.83568200027599],[-115.42519700041962,35.83547299999003],[-115.42502400016726,35.835196999974514],[-115.40942399977536,35.825457000005756],[-115.40424599998492,35.822279999880124],[-115.3980699997616,35.818403000336545],[-115.3948920001366,35.816429999836075],[-115.38873699982963,35.812709999669195],[-115.38571099964223,35.810620000122704],[-115.38393200030808,35.809574999755476],[-115.37922800017057,35.806301000280996],[-115.37574900024667,35.80438299973785],[-115.37033799992938,35.801008000125485],[-115.34618700012835,35.78935499984683],[-115.33136599988624,35.78222699990083],[-115.33095800035555,35.78201199969252],[-115.3304350002988,35.7817809997495],[-115.32844799965387,35.78082100020554],[-115.32614799991283,35.78394199970755],[-115.3260759999428,35.78408899992648],[-115.32520800010455,35.78523300007889],[-115.32054400015001,35.79156000002991],[-115.2980639997281,35.82212200027947],[-115.29661799958158,35.823946000019944],[-115.29563900031359,35.82502299973143],[-115.29405900027271,35.82654299979844],[-115.29158799992913,35.828711999978076],[-115.28328900041505,35.83591100026025],[-115.27186000005823,35.845907000193606],[-115.26776099999319,35.84945500009295],[-115.26282599987698,35.85377100027178],[-115.25998600036075,35.85619900024743],[-115.25882600044449,35.85723300015974],[-115.2482399998115,35.866441999806234],[-115.24503799989702,35.869255000180296],[-115.24456199969596,35.869640000262535],[-115.24334800025133,35.870724999893504],[-115.23211600043629,35.880504000029],[-115.23067199993956,35.8817199998968],[-115.22549499997405,35.88622499965165],[-115.22407800013981,35.88749900007944],[-115.22345799999871,35.888125999798],[-115.22272700042782,35.88892699982112],[-115.22143500026706,35.89046500034862],[-115.22048200004005,35.891764999787476],[-115.2188740004101,35.89408999980358],[-115.2181360002682,35.89510799980497],[-115.2124610003603,35.903185000128666],[-115.2102779998968,35.90625099979937],[-115.2078640003529,35.90974199996505],[-115.2047939997846,35.91403699990068],[-115.19483999988661,35.928207000209966],[-115.19426099975338,35.929082000193304],[-115.19319399972352,35.930620000148856],[-115.19445800029519,35.93123800018949],[-115.19490099998598,35.93143100005618],[-115.19579999978633,35.93177799987896],[-115.19860400021588,35.93279000010729],[-115.19896800026396,35.93290099978597],[-115.1990129995715,35.93293399983731],[-115.20101100008708,35.93359300002837],[-115.20342899982892,35.93452600010289],[-115.20486099973174,35.93503400009966],[-115.20735299999176,35.93596599980043],[-115.20773600030638,35.93608199985267],[-115.20857099963438,35.93647299990972],[-115.2088989996974,35.93666099965601],[-115.21260000027748,35.93916899992479],[-115.21381399972212,35.94003799978002],[-115.2141490003562,35.94032700024859],[-115.21429699959586,35.94052700000699],[-115.21449900016056,35.940844999664364],[-115.21480799995703,35.941198999822646],[-115.21604900006417,35.94230900024457],[-115.21632400042378,35.94257200011004],[-115.21634899963983,35.94269199996258],[-115.21633399957122,35.942765999950495],[-115.21624499988275,35.94291699974034],[-115.21238699984215,35.94079600018936],[-115.21168999970816,35.94047800033483],[-115.21037199960813,35.93974200010471],[-115.20962799961845,35.93948699995507],[-115.208849000367,35.93939799975762],[-115.2082429995713,35.93942499969732],[-115.2074269996116,35.93957700010183],[-115.20685099985143,35.939645999853994],[-115.20482499974675,35.93970299969876],[-115.2042580002074,35.93980300006709],[-115.20346900001189,35.94005699988106],[-115.20272500002221,35.9404609996845],[-115.20225600039214,35.94088600030012],[-115.20186600040483,35.94140299966209],[-115.20156500010594,35.94205399964981],[-115.20149300013591,35.94255099986261],[-115.20137500013513,35.944127000019726],[-115.20119600003498,35.94571900029639],[-115.20089499973612,35.94641200027888],[-115.20048399983239,35.946978999842905],[-115.19980500014005,35.94761599971629],[-115.1990999996101,35.94852799995351],[-115.19871700019378,35.94921900017016],[-115.1985640000329,35.949674000067056],[-115.1984080003973,35.95021999982972],[-115.19830499956683,35.95116500026314],[-115.1983819995597,35.951837999680905],[-115.19872700023954,35.952831999708465],[-115.19926899966454,35.95368700019432],[-115.1995699999634,35.954102000100725],[-115.20067800000113,35.955061000042335],[-115.20097900030002,35.95531500025894],[-115.20464200034695,35.958185000081514],[-115.20995900005458,35.96240799991305],[-115.2115669996845,35.96359499982912],[-115.21243399969781,35.96410599975931],[-115.21969299984453,35.96850699978259],[-115.22083500021745,35.969346000129725],[-115.22128600030416,35.96987600012042],[-115.22159500010066,35.97053600014158],[-115.22297500012495,35.97460100014691],[-115.22320000025586,35.975314999996215],[-115.22396299961378,35.97748000033315],[-115.22419899961533,35.97785700006378],[-115.22460799986922,35.978295000219745],[-115.22512199970512,35.97862700009265],[-115.22577899965617,35.978926999845164],[-115.22664400001966,35.9790809996726],[-115.23007699991284,35.97954699988781],[-115.23069700005394,35.97968099967436],[-115.23125400044584,35.97991299990598],[-115.23165699995366,35.98015999976337],[-115.23221000014762,35.98068600027106],[-115.23283399958838,35.98145300030976],[-115.23382000032568,35.98257499977001],[-115.24036300007185,35.990210999814465],[-115.24159699960796,35.99169000002334],[-115.24212999971043,35.99255400007005],[-115.24247799986495,35.99343099987798],[-115.24263400039888,35.99422200016104],[-115.24265699996512,35.995043999901085],[-115.24256699955343,35.99586499973261],[-115.24240000004716,35.99642700006355],[-115.24215099962682,35.99711300023623],[-115.24122800043533,35.998768000229994],[-115.24362199988772,35.99864699979778],[-115.25376800030465,35.998426999791654],[-115.25716199983972,35.99833699984348],[-115.25748599970483,35.9983149998567],[-115.26041599963273,35.99826699973209],[-115.2617210002123,35.99826599969887],[-115.26660500027486,35.998203999796715],[-115.26981999970984,35.9982029997627],[-115.27074500034777,35.998242999658835],[-115.27291200001946,35.998203999796715],[-115.27576599977938,35.99805799978763],[-115.27583600009959,35.998088000130124],[-115.27605200000966,35.99813500032885],[-115.27629899988186,35.99815699963911],[-115.2775550000576,35.99816499991533],[-115.27816199977991,35.99813799970658],[-115.27883899982244,35.99814299988052],[-115.27917199990836,35.99816099977729],[-115.2795900003831,35.99821600020356],[-115.28006400003603,35.99823900025152],[-115.27995799973084,35.99800400001446],[-115.27974400036891,35.99439899965103],[-115.27898699996042,35.994535999895135],[-115.27507000036861,35.99517600011679],[-115.27329500033409,35.99554100025154],[-115.27095700005987,35.996272999931485],[-115.26673099977327,35.99663700002333],[-115.26409999959607,35.99510199981385],[-115.26157899992208,35.99392999966624],[-115.26150699995208,35.992172000227136],[-115.26150799977697,35.99124499995135],[-115.26137499970758,35.98823099994291],[-115.2613329998748,35.98591300034006],[-115.26581699990426,35.985923000056914],[-115.26572999986564,35.98422000028196],[-115.25016800000691,35.9841960002961],[-115.248295999888,35.98414599987805],[-115.24719100022332,35.98419299966128],[-115.24571599976444,35.984152999909405],[-115.24774900044015,35.98236299970533],[-115.24791000009861,35.981964999746275],[-115.24807099975712,35.98141400014268],[-115.24921899997781,35.97729299987771],[-115.25158800021417,35.97460300008627],[-115.25186600004852,35.974256999645],[-115.25276400002396,35.97344800013461],[-115.25389499962793,35.97132500019306],[-115.25463500031793,35.97056300034556],[-115.25499199979502,35.9697650000342],[-115.26446299981923,35.95959399963686],[-115.26884100044184,35.95518300026551],[-115.26948800034712,35.9541029999664],[-115.30760400024762,35.953425000111956],[-115.3464640001378,35.95292899981898],[-115.35002799955221,35.953014999682466],[-115.35168399976102,35.95302400005173],[-115.36106100007393,35.953197000082554],[-115.37429899990217,35.95349300026123],[-115.37442600012375,35.9535400001163],[-115.3896010003682,35.95383599973694],[-115.39826599958018,35.95416299988565],[-115.40126300035355,35.95445900008053],[-115.43424499994624,35.95427699967928],[-115.44172800039892,35.95578200026645],[-115.44084200011902,35.95421099993365],[-115.43983100016568,35.95393200020118],[-115.43844600011853,35.95394800026721],[-115.43757900010517,35.9535319996788],[-115.43686000022988,35.95225700013096],[-115.43689600021489,35.95188100021818],[-115.43697700040573,35.95153499983137],[-115.43707199994198,35.951337000101084],[-115.43715999980554,35.950985000082426],[-115.43729500042305,35.95074900029075],[-115.43733499970772,35.950512999794086],[-115.43727399960837,35.95028799982893],[-115.43720900020934,35.950190000196415],[-115.43739300033236,35.94961099987962],[-115.4380889997431,35.94863700020496],[-115.43771499964932,35.947826000115306],[-115.43755200034101,35.94739300012909],[-115.43685299965885,35.94520799994959],[-115.43538999979388,35.94261699989431],[-115.43540999988537,35.94189500023155],[-115.43568299969685,35.94119699976458],[-115.43550600014484,35.940407999815335],[-115.43482300025455,35.93991500012577],[-115.43444999998563,35.93935399964751],[-115.43250099987385,35.93780999971186],[-115.430920999833,35.937142999848895],[-115.43074099990794,35.936811000115554],[-115.42983399971166,35.936228000316],[-115.43032400015646,35.931704999935796],[-115.43034800044589,35.931592999882085],[-115.4304630000736,35.93029699998157],[-115.43025899985912,35.929474000135045],[-115.42946999966361,35.928635999814745],[-115.42915500001935,35.927504000064395],[-115.42930399998222,35.92608099982993],[-115.42990900005475,35.92546499994606],[-115.4314549997604,35.924007000227256],[-115.43153500012635,35.92087400020888],[-115.43181499961052,35.920107000352445],[-115.43233299964437,35.91880899999145],[-115.43236899962938,35.91824300019083],[-115.43226599969721,35.91759599967373],[-115.43236500032974,35.91636300008374],[-115.43204200028956,35.91523099998674],[-115.43348099986508,35.912701999756536],[-115.43349400028384,35.912069000228556],[-115.43385099976093,35.91083799971594],[-115.43501400005024,35.9083409998921],[-115.43590299980487,35.90746100026257],[-115.43672999963522,35.90484599999211],[-115.43749100024164,35.90179600016967],[-115.43763199980863,35.9006279999036],[-115.437476000173,35.8999289998845],[-115.43750299993722,35.89898699990961],[-115.438065000352,35.89719700031855],[-115.43831300004912,35.896924000096455],[-115.43834900003412,35.896838000337965],[-115.43839000004199,35.89624600029435],[-115.43829299995765,35.895814000044915],[-115.43830399982828,35.89517599990626],[-115.4382489995767,35.89312699993145],[-115.43806399962877,35.89260399983465],[-115.4378889997266,35.89235400010693],[-115.43768100021245,35.89096400009112],[-115.43772700024319,35.890576999689436],[-115.43785199991667,35.89049500008361],[-115.43804100006255,35.89048599987321],[-115.43827200004122,35.8901950000387],[-115.438678999747,35.88888999975325],[-115.4392699995758,35.886090000024836],[-115.43996400023507,35.881773999843496],[-115.43966600030924,35.88049199993252],[-115.43975900019565,35.879235000316136],[-115.43991900002924,35.8786429996737],[-115.4399020003108,35.878286000193285],[-115.4396910004236,35.87778599979847],[-115.43999299964906,35.87516699990151],[-115.43997699975553,35.8737919996853],[-115.43895400010662,35.87257100029014],[-115.43751499963277,35.87021300035295],[-115.4377430001367,35.86940999991838],[-115.43749999956414,35.86885999971172],[-115.43735499979921,35.86778200017162],[-115.43768299986226,35.86564799986354],[-115.43768399968718,35.86477600028538],[-115.43811600040561,35.86431700008768],[-115.43915499994806,35.863858000143765],[-115.43957699972245,35.86376900003729],[-115.44143499959766,35.86350800008938],[-115.44189499990517,35.86358000006045],[-115.44278700003287,35.863470999795695],[-115.44296199993504,35.86332700031814],[-115.44315500027889,35.8624539996591],[-115.44371900034349,35.861588000272825],[-115.44383399997123,35.86052400022414],[-115.443951999972,35.86020299997031],[-115.44445199956421,35.85854100028011],[-115.44475600023614,35.85733499992302]]]},"properties":{"zcta":"89179"}},{"type":"Feature","geometry":{"type":"Polygon","coordinates":[[[-115.33348200040261,36.26552599967813],[-115.33347099963363,36.26247400006336],[-115.33324899987578,36.24778000005357],[-115.33151200037442,36.247798999794185],[-115.32889500044094,36.247794000282276],[-115.32394500025615,36.24775399982913],[-115.32218600011515,36.247797000279256],[-115.32025100024707,36.24781500025848],[-115.31863600004613,36.24785100020447],[-115.31530899955986,36.24788199990318],[-115.29789399984881,36.24815500029448],[-115.29629999956427,36.24813099970124],[-115.29516999978522,36.24813999965292],[-115.29035299966978,36.24819100008384],[-115.28831599969445,36.24824300023328],[-115.2860250001742,36.248217999915006],[-115.2837410003267,36.248252000172066],[-115.28013199980809,36.248269000295025],[-115.27915799966468,36.24831000023551],[-115.27386699989631,36.248185000120124],[-115.27382800043658,36.24967499966798],[-115.27373399982693,36.249676999859325],[-115.27265400027659,36.24964399995608],[-115.27266400032234,36.24828400018741],[-115.27265299955336,36.248167000226125],[-115.26969900023433,36.24806899976459],[-115.26668200026776,36.24799300031268],[-115.26504399960228,36.24792200029081],[-115.26506200004394,36.24860500009185],[-115.26389100025703,36.24859699994099],[-115.2638889997089,36.24885200027167],[-115.26270299985335,36.248807000188506],[-115.26273200016566,36.24976599998982],[-115.26157300007429,36.2497399997017],[-115.26161200043236,36.2516310000403],[-115.26043599972424,36.25161500035736],[-115.26039200024162,36.24855499967887],[-115.26036600030235,36.247822000007744],[-115.25998399981262,36.24780199979092],[-115.25803100040119,36.247797000279256],[-115.25054700012356,36.24785100020447],[-115.24906800036506,36.24784800020955],[-115.24801499968062,36.24788199990318],[-115.24291499970798,36.247890000127235],[-115.24206399958815,36.24786600017703],[-115.24012299987233,36.24769600007751],[-115.24221099990127,36.25004000004819],[-115.24462799981818,36.25284599998837],[-115.24554099986226,36.25385000030636],[-115.24577100001603,36.254026000297166],[-115.2461979998133,36.25424499969099],[-115.24643499963976,36.2543339996893],[-115.24708699956791,36.254523999785974],[-115.24718000035266,36.25482199981517],[-115.24743200024776,36.255441000229816],[-115.24779499957258,36.25610399996321],[-115.24837399970582,36.25693099977153],[-115.24927800042737,36.25795300029064],[-115.25060900004786,36.259434999963666],[-115.25147000021339,36.260420000066155],[-115.25742899980344,36.266903999819576],[-115.26281599983125,36.27283700007506],[-115.26295700029655,36.272973000162025],[-115.26368799986744,36.273786999756084],[-115.26533800022848,36.2755690003234],[-115.26708300012577,36.27752699994804],[-115.26745200019671,36.27790300015433],[-115.26815299963035,36.27868299972984],[-115.26942399987473,36.28003800000071],[-115.27275200018589,36.283721000002174],[-115.28002700022613,36.29167599986382],[-115.28069699969762,36.2916700003443],[-115.28082599956906,36.291803999640784],[-115.28392700009952,36.291817000025],[-115.28423900026904,36.29183200024282],[-115.28419599971303,36.294959999989096],[-115.28458999989833,36.29503500020005],[-115.28498300025873,36.29505800025997],[-115.28695699958654,36.29506500011943],[-115.28773999993427,36.295089999922766],[-115.28800500024813,36.29507899983653],[-115.28792999990507,36.2955100003443],[-115.2878410002166,36.29576899974258],[-115.28762199993348,36.2963739997277],[-115.28746799994771,36.2966410001759],[-115.28708800000612,36.29719100026362],[-115.28684399960865,36.297499000269596],[-115.28611300003776,36.29821300018061],[-115.28576999990608,36.29849200028946],[-115.28878600004772,36.30180599967946],[-115.28936600000587,36.302466000212824],[-115.29306199966477,36.30651699984263],[-115.29354600026176,36.306514999659406],[-115.29661000008397,36.306599999801016],[-115.2971409996383,36.30659199980016],[-115.29886899981715,36.306620999889844],[-115.30052099982802,36.30661899970928],[-115.30091500001332,36.30665899969153],[-115.30129699960473,36.30666800013713],[-115.3036530003206,36.30668999993514],[-115.30581699961925,36.30666800013713],[-115.31090800026936,36.30670200028297],[-115.31478100037856,36.30669400029259],[-115.31484400012775,36.30312199968811],[-115.31483400008202,36.30151100024562],[-115.31484199957961,36.30142700014386],[-115.31491799974759,36.30126300030493],[-115.31493700001415,36.300349000219086],[-115.3149019998541,36.29760999966572],[-115.31495200008281,36.29576399968126],[-115.3149450004101,36.29207500018398],[-115.31488599996054,36.29022800034329],[-115.31489500018138,36.286565000112084],[-115.31494200003705,36.28473000029374],[-115.31626000013706,36.284720000204125],[-115.31717300018113,36.28469399996517],[-115.31882600001691,36.284684999880454],[-115.3195499999151,36.28465400030482],[-115.31955300028815,36.28838300014982],[-115.32191800032656,36.28835199987085],[-115.32261600028545,36.2883600002944],[-115.32883000014361,36.28831099995013],[-115.32888200002215,36.28382700007119],[-115.32887000032659,36.280875999747906],[-115.32796300013028,36.28085700008664],[-115.32771299988505,36.280887999722154],[-115.32728699991272,36.280898000302734],[-115.32432600002262,36.280899999694554],[-115.32419799997612,36.28093400020978],[-115.32202700010649,36.280969000043164],[-115.32313000012135,36.28049299966107],[-115.32401399985311,36.279989000224504],[-115.32417500040988,36.279912999963855],[-115.32509900032463,36.27916299988399],[-115.3252790002497,36.278991999737535],[-115.3257179997425,36.27851899987567],[-115.32661200041832,36.277223999841084],[-115.32719800022423,36.276122000116224],[-115.32731200002705,36.27579699981155],[-115.32748000025654,36.275188999938145],[-115.32758499983855,36.274701999734255],[-115.32761499997576,36.27453200009429],[-115.32765500015874,36.27407400001472],[-115.32767400042529,36.27309200022484],[-115.32764299956484,36.26986999970544],[-115.32860800038578,36.26985899968545],[-115.3286090002107,36.26802700034658],[-115.32871600034079,36.2680260001237],[-115.32870999959471,36.2661939997904],[-115.32859800034004,36.26619600028311],[-115.32859999998983,36.26587699999954],[-115.32856999985262,36.26529999968456],[-115.32846500027064,36.264374000278316],[-115.32836200033847,36.26384999990345],[-115.32810200004748,36.263129000114276],[-115.32791399972649,36.262692000110725],[-115.32781300034249,36.26251900024259],[-115.32867600015784,36.26250799991143],[-115.33038300042028,36.262564999964404],[-115.33036900017659,36.262930000245134],[-115.33026000039663,36.26327599995044],[-115.33008600031935,36.26368199964722],[-115.33003400044083,36.26390400032294],[-115.33000699977833,36.26430100011482],[-115.33102600012761,36.26428399985855],[-115.33102100010474,36.265983999921986],[-115.33098900031769,36.26617500017735],[-115.33327700036317,36.266155000312835],[-115.33348200040261,36.26552599967813]]]},"properties":{"zcta":"89149"}},{"type":"Feature","geometry":{"type":"Polygon","coordinates":[[[-115.05878900026316,36.22204199976747],[-115.0587780003925,36.221843999711496],[-115.05869399982859,36.221480999756565],[-115.05851599955335,36.22110900012737],[-115.05821000012993,36.22072400028078],[-115.05793700031843,36.220483000280275],[-115.05757699957002,36.22025300002044],[-115.05716700038951,36.22007900030091],[-115.05671899977753,36.21995999993251],[-115.05626000019323,36.21991100015448],[-115.05259600032139,36.21989499977661],[-115.05259600032139,36.2193959998473],[-115.05253299967389,36.21923100005199],[-115.05201800001306,36.21842700010221],[-115.0518790000959,36.218315999746665],[-115.05170500001864,36.218268999933855],[-115.05064300001162,36.21826299984778],[-115.05051300031529,36.21830099990197],[-115.05028099961338,36.21843300017571],[-115.04445599991764,36.22242300004628],[-115.044000999633,36.222707000349814],[-115.04374799991301,36.222784999900526],[-115.04358800007944,36.222783999823136],[-115.04349199981996,36.2227559998258],[-115.04037299974615,36.220545999735656],[-115.04021000043785,36.22048100006667],[-115.04005200025411,36.220456000291136],[-115.03990300029118,36.220461000101906],[-115.03968200035827,36.220516000173895],[-115.03951800032672,36.22061699998129],[-115.0239649997905,36.234978999795224],[-115.02380699960673,36.235202000070714],[-115.0237399996596,36.23534499988996],[-115.02338599965726,36.23651500024551],[-115.02329799979373,36.23665600003695],[-115.0232040000824,36.236756000115165],[-115.02178800007307,36.23806599990511],[-115.02162400004156,36.2381639998675],[-115.02151899956125,36.23820300027673],[-115.0212320004044,36.23824199994199],[-115.02080899990678,36.23824399970137],[-115.02085099973958,36.237170999724995],[-115.02089799959523,36.23261399985549],[-115.02114799984047,36.22770300035686],[-115.02122599965828,36.22744399980167],[-115.02143200042093,36.22712900008563],[-115.0215710003381,36.22700600020406],[-115.02178899989799,36.22687599995398],[-115.02203499994529,36.22678099969031],[-115.02218499973313,36.226746000212444],[-115.02249500025283,36.22671400007571],[-115.02402400024005,36.22671200002143],[-115.02430500044743,36.22667499973284],[-115.0245420002739,36.22660599997044],[-115.02471200015323,36.22653200000009],[-115.02490799997179,36.226398000286906],[-115.02500099985822,36.22630999966891],[-115.02509399974466,36.22619600025286],[-115.02523199983689,36.22597000027079],[-115.02529899978403,36.22563500032407],[-115.02530399980692,36.2252610000684],[-115.01995600013717,36.22494800035543],[-115.01994299971838,36.22543799998605],[-115.01964599961747,36.22558499971139],[-115.01943599955516,36.225765999777565],[-115.01923200023899,36.22588700008459],[-115.0189879998415,36.225974999729175],[-115.01873000009863,36.226106000062494],[-115.01853400028007,36.22615000013629],[-115.01838500031714,36.226204999831374],[-115.01822899978323,36.22630999966891],[-115.0181149999804,36.226422000306485],[-115.01789599969729,36.226704999831085],[-115.01775199975727,36.22678999992619],[-115.01750999990792,36.2268749999289],[-115.01701500033859,36.22695699976727],[-115.01693300032284,36.22698999982821],[-115.01666899983388,36.22705099979431],[-115.01605100024088,36.227270000136066],[-115.01570599956109,36.227318999652084],[-115.01541400038134,36.22730800016272],[-115.01490499967001,36.227318999652084],[-115.01443100001708,36.22714299966518],[-115.01408500041066,36.22713700025977],[-115.01396300021194,36.227099000150034],[-115.0138820000211,36.22702199985202],[-115.01376700039334,36.2269780002688],[-115.01324500016152,36.22691200012292],[-115.01217300010882,36.22655399992028],[-115.01211899968213,36.226516000251884],[-115.01180099966481,36.22646100005089],[-115.01163499998349,36.226454999868494],[-115.01161700044014,36.2264660002025],[-115.0114819998226,36.22643900010454],[-115.01132600018698,36.22633399971551],[-115.01116299998037,36.22611999982516],[-115.01105500002534,36.22603699979809],[-115.01079100043468,36.22588299993369],[-115.01064800031956,36.22571299985357],[-115.01057399980141,36.22557600006154],[-115.0105539997099,36.225305999938065],[-115.01037799998281,36.22476799989764],[-115.01016100024785,36.224532000312415],[-115.01010000014847,36.22433400003732],[-115.01001200028492,36.224245999995766],[-115.00986300032201,36.22403699977194],[-115.00963300016824,36.22383400009828],[-115.00934100009019,36.22362500022291],[-115.00907699960122,36.22350899965583],[-115.00895500030082,36.22337699997575],[-115.0087920000942,36.22323999971539],[-115.0086029999483,36.223097000224406],[-115.00836500029693,36.22297000022417],[-115.00816199990733,36.22280600007287],[-115.00810099980797,36.22271799976155],[-115.00803999970861,36.2225639998844],[-115.00803999970861,36.22247600002552],[-115.00797299976145,36.222349999824615],[-115.00769499992711,36.22214600003532],[-115.00760700006353,36.22204700020159],[-115.00739000032857,36.221387999652755],[-115.00730199956672,36.221207000325975],[-115.00714000008334,36.22104200000225],[-115.00685999970085,36.23202300009558],[-115.00662899972217,36.23225800030704],[-115.00489300004573,36.2333869999827],[-115.00464199997555,36.23352199997845],[-115.00450499970817,36.23362600019729],[-115.00390200018384,36.233961999903286],[-114.99867599981451,36.23660200034725],[-114.99251300000995,36.239994999803976],[-114.98902599969013,36.24184199983812],[-114.98889599999377,36.24475800013504],[-114.98885699963571,36.24702099988959],[-114.98532400018345,36.247045000099256],[-114.98441100013939,36.24700800001439],[-114.983512000339,36.24704299984056],[-114.97184299978267,36.24709200000553],[-114.96629099989842,36.24709800005323],[-114.95950700012787,36.24706900030155],[-114.95881699966652,36.24871999990605],[-114.95833899981565,36.24993500020281],[-114.9582850002873,36.250257000295726],[-114.95777599957594,36.251255000105004],[-114.95783300037569,36.25164399987078],[-114.95859699955851,36.25381900007759],[-114.95868100012241,36.25386499985183],[-114.95868100012241,36.254024999895],[-114.95904900036844,36.255031999994095],[-114.9583709996027,36.255260999708014],[-114.958147000195,36.25520099968337],[-114.95733999955785,36.25735699980128],[-114.95869399964289,36.25768099971737],[-114.95902099988105,36.25780100025748],[-114.95331300036115,36.260709999700374],[-114.95300200001655,36.2610530003357],[-114.95273599987777,36.261573000145184],[-114.95242399970824,36.261994000160136],[-114.95236299960887,36.26203399984219],[-114.95226100039991,36.26217399965463],[-114.95202700004819,36.26242500012846],[-114.9507249998417,36.2635260002239],[-114.95007000043881,36.26359600027297],[-114.94858999995706,36.263647000031206],[-114.94767400043827,36.26371500013994],[-114.94491500021456,36.26444400029163],[-114.9445779999307,36.264549000194016],[-114.94367499993237,36.26503700024678],[-114.94271400020772,36.26517399969265],[-114.94178100007215,36.26567799988922],[-114.93949100037683,36.26709699974303],[-114.93872800012059,36.26750899978502],[-114.93836099969948,36.26780700025382],[-114.9377360004338,36.26871500000797],[-114.96013499976657,36.268682999669714],[-114.97842999990972,36.26875499986926],[-114.99787200044867,36.268778999921],[-114.99786599970258,36.268979000306864],[-115.00563899968517,36.26901900003291],[-115.00826900003744,36.26745599991553],[-115.00972500022974,36.26661700000464],[-115.00934100009019,36.26638700001998],[-115.0090599998828,36.26628199969155],[-115.00922100043957,36.26630200024785],[-115.00949000005309,36.26630500025842],[-115.00828900012893,36.26577199970973],[-115.00793400030172,36.2655330000136],[-115.00685899987593,36.26463999985034],[-115.0063230002987,36.24677999979031],[-115.01044800030303,36.24684700032237],[-115.01409499955808,36.24699899993239],[-115.0156150002228,36.24704700035791],[-115.01576500001063,36.24708599995743],[-115.01585899972197,36.247132999839046],[-115.01598799959338,36.247246999881554],[-115.01629700028819,36.247905000092366],[-115.04132299960015,36.248138000146724],[-115.04270400034767,36.24733800013291],[-115.04314100019067,36.24706900030155],[-115.04456300004777,36.24625499970976],[-115.04468900044448,36.246372000360175],[-115.0447460003459,36.246405000196155],[-115.04490500035455,36.24648099974347],[-115.04506900038608,36.246536000351604],[-115.04516200027248,36.246592999742376],[-115.04526199983162,36.24671200015394],[-115.04531600025825,36.24685000035565],[-115.04534200019755,36.24687999995778],[-115.04580900017777,36.24725299991729],[-115.0463330000594,36.24780000027607],[-115.04650899978652,36.24802099996685],[-115.04661199971866,36.248185000120124],[-115.0471490000191,36.2490890000886],[-115.04782799971144,36.25031600004515],[-115.04849800008128,36.249814999896266],[-115.04870599959543,36.24962499993965],[-115.04879099998422,36.24952600012232],[-115.04883600019006,36.24943599998199],[-115.04884700006072,36.24911700007448],[-115.04888100039594,36.2488729999635],[-115.04894999999289,36.24870899980516],[-115.04903899968134,36.24858100036128],[-115.04928599955358,36.24832899984726],[-115.04965799999755,36.24799300031268],[-115.05079899964723,36.24702300014881],[-115.05115600002263,36.24675799976532],[-115.05139799987197,36.24663699987914],[-115.05161999962982,36.24655499967017],[-115.05186900005016,36.24648800033671],[-115.0521190002954,36.24644700016481],[-115.05251400030562,36.246441000067186],[-115.0525129995824,36.24604000022512],[-115.05175699989715,36.24605700010483],[-115.05160399973627,36.24213599964575],[-115.05485300040473,36.24035499976084],[-115.052603999819,36.24040899975625],[-115.05180100027809,36.24032800011137],[-115.0520070001424,36.24023999995485],[-115.05251599995543,36.239941000247065],[-115.05252600000118,36.23822100029186],[-115.05257000038212,36.23586200006402],[-115.05253500022202,36.23566600004158],[-115.05236299979455,36.23519499991576],[-115.0523519999239,36.234913999803126],[-115.0524359995895,36.2334249999353],[-115.0524699999247,36.231462999905446],[-115.05249199966599,36.23133199985022],[-115.05257600022992,36.23122500029494],[-115.05267800033715,36.23113800000684],[-115.05278999959182,36.231073999691475],[-115.05250000006191,36.23074799964982],[-115.05247900014551,36.23060100020887],[-115.05250000006191,36.22825399987089],[-115.05390299965244,36.22697900029251],[-115.05471100011452,36.22622299971004],[-115.05493700007032,36.226067000141114],[-115.05518399994253,36.22595999990382],[-115.05540999989833,36.22591799979776],[-115.05587199985571,36.22590600007388],[-115.05875300027813,36.225929000207294],[-115.05878900026316,36.22204199976747]]]},"properties":{"zcta":"89191"}},{"type":"Feature","geometry":{"type":"Polygon","coordinates":[[[-115.19244899990896,35.930983000246115],[-115.19282300000278,35.93043900028527],[-115.19187200032387,35.93003699978909],[-115.19056500009448,35.93202999973253],[-115.18900000012226,35.93434300022197],[-115.18838599982895,35.935187000325264],[-115.18802400032901,35.93564100018333],[-115.18684400032123,35.93704299975177],[-115.18147999985963,35.94326200004625],[-115.18079799979424,35.94413099998756],[-115.17712600042482,35.9439810003294],[-115.17715099964087,35.94307700001679],[-115.17489000025786,35.94296900010208],[-115.17486699979331,35.94388500013697],[-115.17261399990791,35.94379399980897],[-115.17267300035746,35.941000999645986],[-115.17720000004466,35.94126899964153],[-115.1771759997552,35.94217300027218],[-115.17943799986145,35.942294000018464],[-115.17948999973999,35.94051100013222],[-115.1817569998691,35.940656999687604],[-115.1817440003486,35.94105499987559],[-115.18253299964579,35.939693999993956],[-115.18171000001341,35.93970399974668],[-115.18166399998267,35.93875099995154],[-115.1831799995511,35.938738999957955],[-115.18379600039256,35.93783099976446],[-115.18379399984441,35.937790999798004],[-115.18382999982941,35.937790999798004],[-115.18580900007845,35.93500100019758],[-115.18568299968176,35.93219500021471],[-115.18133900029265,35.93210800009599],[-115.1813500001633,35.932325999920224],[-115.1793499999979,35.92939099991805],[-115.1776679998498,35.92750900034823],[-115.17669999955415,35.9274910003433],[-115.17666299974422,35.92658500013342],[-115.17710700015823,35.92659699978974],[-115.17634300007707,35.92528599965393],[-115.17524799955983,35.922969000137165],[-115.17386500006079,35.922137999696204],[-115.17255299980853,35.92090400005782],[-115.1707180003979,35.91927000001095],[-115.17037799974095,35.91855999968867],[-115.1702609995651,35.917818000066355],[-115.1703600001976,35.915805999756294],[-115.17134000018883,35.91205899989074],[-115.17146800023535,35.908871999923925],[-115.17237000040876,35.904693000000584],[-115.17314199998752,35.90308199994071],[-115.17361800018858,35.901966000139545],[-115.17350199983763,35.90131700005844],[-115.17301399994102,35.90060700015845],[-115.1728239999702,35.90005100006393],[-115.17259399981643,35.8991849997781],[-115.17259200016662,35.89887599993205],[-115.17217899971475,35.89832000004879],[-115.17199899978968,35.89823699988562],[-115.17193400039065,35.90005199988569],[-115.17181899986464,35.90220400035712],[-115.1695290001693,35.90403300005678],[-115.16290400040741,35.904156000228795],[-115.16249799962821,35.91145699978318],[-115.154055999999,35.91913600030275],[-115.13658199983841,35.91869499995885],[-115.13222500003054,35.91867700013012],[-115.13215100041069,35.916830999987326],[-115.11912299974642,35.916786000074936],[-115.11915399970856,35.918624999793614],[-115.11288799997186,35.918490999720255],[-115.11047899955256,35.9184560002826],[-115.1105329999792,35.923175999781485],[-115.11054300002496,35.925742000079],[-115.10483700015492,35.92558700003489],[-115.1026620000873,35.92554999964621],[-115.1039979997307,35.923187999955104],[-115.10376900030015,35.89677699997875],[-115.10148700010242,35.8968910003017],[-115.10012100032183,35.89681499986209],[-115.09699999969989,35.89669899970148],[-115.09355500011117,35.896641000285136],[-115.08978800030715,35.8966119998333],[-115.08515899961439,35.89652499986955],[-115.08146299995549,35.89652499986955],[-115.07805500017669,35.89658300009861],[-115.07364099956911,35.89658300009861],[-115.07109399995582,35.896554000353255],[-115.06692999959347,35.89659800026381],[-115.0654240000708,35.89649500023625],[-115.06345099966956,35.89649500023625],[-115.06040100009103,35.89640800014393],[-115.05724299965918,35.89637900033445],[-115.05415799992058,35.89637900033445],[-115.04777099981004,35.89626199966532],[-115.04450600014638,35.89626199966532],[-115.04127599974449,35.89620399992884],[-115.03822600016598,35.89620399992884],[-115.03399200038174,35.896229000322315],[-115.03205400014058,35.896146000149805],[-115.02886100044695,35.896146000149805],[-115.02520099987476,35.896088000328284],[-115.02233000039637,35.896088000328284],[-115.01953199981463,35.89600099978865],[-115.01597900027087,35.89600099978865],[-115.01375499979947,35.89597199983007],[-115.01031000021075,35.89582699987793],[-115.00672199960857,35.89585599988962],[-115.00255899996942,35.89585599988962],[-114.99850500011026,35.895796999980114],[-114.99568200031248,35.895783000266505],[-114.99572800034322,35.896218000295725],[-114.99565499965,35.896641000285136],[-114.99571499992443,35.89693699974718],[-114.99571699957427,35.89707299965998],[-114.99564799997727,35.89707500010639],[-114.99547899992288,35.897130000356526],[-114.99500000024709,35.897096999919995],[-114.99449399990881,35.8971089996834],[-114.99416900021876,35.89714700013507],[-114.99381799969119,35.8971310002152],[-114.9934870001534,35.897179999823095],[-114.99322400038767,35.8971859996987],[-114.99287299986008,35.897180999681126],[-114.99259900022368,35.897110000270025],[-114.99225899956676,35.897189000000246],[-114.99124599996358,35.89677699997875],[-114.98976100035726,35.896397000142144],[-114.98793600009407,35.89628299983549],[-114.98526200025917,35.89626900020783],[-114.98444700012439,35.896304999869145],[-114.98410700036577,35.8963860001389],[-114.98318299955272,35.89679200010723],[-114.98248399976892,35.89695199984536],[-114.98186199997797,35.89726900023619],[-114.98150100030297,35.89733799979263],[-114.98037800019657,35.89734100008842],[-114.98022500003572,35.89594600020954],[-114.97896100036236,35.895976999924066],[-114.9770840002206,35.89593799976475],[-114.97489300025948,35.8959580001474],[-114.97258199974945,35.895918999978726],[-114.96803900016873,35.89595100030512],[-114.9679870002902,35.90326599990676],[-114.95906299971384,35.903276999681616],[-114.95900199961446,35.9105850003054],[-114.95011100044668,35.9106090001059],[-114.95012899999003,35.925253000047526],[-114.95104000038428,35.925254999781615],[-114.95254799955678,35.925717000280144],[-114.95678700026222,35.92663700032835],[-114.95947100014284,35.9271719998581],[-114.9596309999764,35.92726699977685],[-114.9599189998565,35.927495999900536],[-114.96155300032402,35.9288560001267],[-114.96304899980095,35.92987800020127],[-114.96431099982448,35.930484999867915],[-114.96461799997114,35.93068300020111],[-114.96496600012568,35.93117399969627],[-114.96591400032986,35.932401000298],[-114.96759499975472,35.934487000032625],[-114.96807699980354,35.9349769997973],[-114.96899700041864,35.93554000026738],[-114.96953399982075,35.93592199996179],[-114.9701480001141,35.936395000216464],[-114.97044500021501,35.93674599968472],[-114.97041300042798,35.93779800030276],[-114.97065199990423,35.93816499971233],[-114.97177599983553,35.939535000191526],[-114.97287100035277,35.94056700004337],[-114.97343299986925,35.94172100015847],[-114.97372800032032,35.94227399971254],[-114.97420199997326,35.9424409999297],[-114.97204899964699,35.952867999808355],[-114.97068399969129,35.96166300025818],[-114.97070299995787,35.96210899967591],[-114.9743249999969,35.96732500021919],[-114.98122799959316,35.976442000306825],[-114.98512900018979,35.98036800034448],[-114.9852649997339,35.98074099979691],[-114.98553599989557,35.98355800011543],[-114.98557000023074,35.9835789996372],[-114.9943099997858,35.98355399996357],[-114.99421100005158,35.99804600008347],[-114.99841600042184,35.99807599970375],[-114.9984149996986,35.99818900001233],[-115.00788999992076,35.998196000251184],[-115.01299099971831,35.99821600020356],[-115.01846700033293,35.99826699973209],[-115.02384400031501,35.99828799969936],[-115.04775200044178,35.9983230001169],[-115.04775699956633,35.99464700002989],[-115.0478379997572,35.983903000273735],[-115.08348300021241,35.984100999765474],[-115.08344899987719,35.98142399970275],[-115.08121899955803,35.98089700022602],[-115.08120699986247,35.97955100024279],[-115.07786900040387,35.97951999984906],[-115.07784699976423,35.97678000035754],[-115.07673600025176,35.976770000209044],[-115.07672100018316,35.97494299994594],[-115.07449900025988,35.974919000046626],[-115.07449199968889,35.97402399989473],[-115.07338100017641,35.973997000147534],[-115.07337399960541,35.97308399992129],[-115.07226300009293,35.97307499965709],[-115.07225200022228,35.97124799965716],[-115.07558300000817,35.97127899966479],[-115.07556000044195,35.96853800013946],[-115.07334000016853,35.96851799993405],[-115.07333000012277,35.9676039998995],[-115.07111099967426,35.96758499987958],[-115.07098799965063,35.955708000106775],[-115.07320799992405,35.955722999967854],[-115.07319799987832,35.95482800036218],[-115.0798429997317,35.95487299971105],[-115.0798429997317,35.95382700018739],[-115.0809559997923,35.95383200026046],[-115.08108399983884,35.95376299980578],[-115.0811809999232,35.95377200008983],[-115.0813700000691,35.95391799986805],[-115.0814210001227,35.95390099992764],[-115.08174599981272,35.95388800018467],[-115.08319199995925,35.95388300011513],[-115.08347300016666,35.95389900019108],[-115.08356000020528,35.953826000318145],[-115.08351400017455,35.95375299965061],[-115.0839059998117,35.9535929999039],[-115.08491799958999,35.95352100034848],[-115.08488800035106,35.95307899994288],[-115.0851300002004,35.95293200018787],[-115.08537299987462,35.9527480001387],[-115.08543499979892,35.952640000352886],[-115.08575899966402,35.95291699979681],[-115.08594799980993,35.95303299969277],[-115.08624099971287,35.953158999650086],[-115.08645099977515,35.95322199991696],[-115.08678899988396,35.95328199977816],[-115.08710699990128,35.95330900006442],[-115.08769199988227,35.95332399965384],[-115.0883549996811,35.953297999975845],[-115.08909799984585,35.95319199996926],[-115.08978699958392,35.95301899992751],[-115.09039599985438,35.952808000359916],[-115.09106200002626,35.952498999824535],[-115.09151099956483,35.95231999966283],[-115.09192800021468,35.95220699984347],[-115.09240100004266,35.95212400022714],[-115.09218099993463,35.951199999765834],[-115.09213099970593,35.950893999931964],[-115.0921209996602,35.95045399992342],[-115.09219000015548,35.95000600030579],[-115.09229300008765,35.94967300014527],[-115.09241500028638,35.94938500032904],[-115.09263100019645,35.94902500017326],[-115.09273900015148,35.94886900003269],[-115.09299699989431,35.94857599978922],[-115.09338299968371,35.948221999951755],[-115.09352300032411,35.948110999971895],[-115.09379399958745,35.94794500004523],[-115.09422899978064,35.94771700019953],[-115.09573400037672,35.94715699978912],[-115.09656000038215,35.94682300002615],[-115.09721700033317,35.94648800034373],[-115.0975980000997,35.946263999789764],[-115.09830100008149,35.94580400003776],[-115.09906500016265,35.945187999653896],[-115.10216699961968,35.94223799987642],[-115.1030400003791,35.94143499977455],[-115.10331900003835,35.941228999960394],[-115.10391800026308,35.940844999664364],[-115.10450499989389,35.940552000213934],[-115.10509900009575,35.940315999807204],[-115.10590699965951,35.940084000322955],[-115.10612900031566,35.940035999692576],[-115.10673900041103,35.93994399997873],[-115.10728800040704,35.93988600026216],[-115.10777399975552,35.9398739997136],[-115.10850000020183,35.93991199998989],[-115.10920200035874,35.940005999829296],[-115.11126799974804,35.94045200006599],[-115.11212499971563,35.94072099977632],[-115.11255400006102,35.94088700033312],[-115.11331700031727,35.94126000011503],[-115.11370200028175,35.941475000078675],[-115.11437799960103,35.94192600012495],[-115.11474500002214,35.942205000072846],[-115.11508499978076,35.94248599978856],[-115.11531599975946,35.94272200026086],[-115.11577100004413,35.94325600002849],[-115.11593900027361,35.94347399965368],[-115.11618299977276,35.94384700031645],[-115.11844099968103,35.9431849997839],[-115.11915799990653,35.94317999976428],[-115.11910000018018,35.94805900008497],[-115.12021300024082,35.94806599968013],[-115.120163999837,35.951688000109456],[-115.12125199978327,35.95168900000575],[-115.12126100000408,35.952572000196554],[-115.12233700025479,35.95254499965839],[-115.1223809997374,35.9551419997764],[-115.1221410004362,35.95526800000562],[-115.12220900020829,35.95526800000562],[-115.12221599988096,35.955355999931015],[-115.12217400004818,35.95875799979561],[-115.12222099990383,35.95892299973806],[-115.12230799994248,35.959106999946],[-115.12242199974527,35.95929099972527],[-115.12257599973107,35.959495000117585],[-115.12280699970975,35.96006300010188],[-115.12399099991549,35.95992400004674],[-115.13074500044712,35.95990500036017],[-115.13643100022568,35.95982800032088],[-115.13926499989414,35.95983900022723],[-115.13978200010307,35.96056999975702],[-115.14029699976389,35.96135100013979],[-115.14067699970548,35.96185699975686],[-115.1424459998922,35.96443699995416],[-115.14285199977306,35.96505599993163],[-115.14310299984322,35.965488000080796],[-115.14335999976119,35.96615299972356],[-115.14344000012714,35.966444999769465],[-115.14350500042444,35.966804000079016],[-115.14353600038658,35.96719299994086],[-115.14358999991495,35.969880000238525],[-115.14362900027302,35.96983900010904],[-115.14511200022947,35.970010999995324],[-115.14680699989805,35.97007500029697],[-115.1493230004475,35.97009700016148],[-115.15000999963745,35.970157999951994],[-115.15242400007965,35.97021300027097],[-115.15242200042982,35.97029500012016],[-115.1527599996403,35.97025600025571],[-115.15476099963062,35.97022299979609],[-115.15479199959276,35.97381999996057],[-115.15477800024739,35.97698799966926],[-115.1547449997371,35.977234999957425],[-115.15475200030811,35.97734899988568],[-115.15476900002652,35.97741400035133],[-115.15485299969211,35.97752999988619],[-115.15568600026859,35.97751600010175],[-115.16804600021284,35.968614000001416],[-115.16898299964804,35.96796799993381],[-115.1698599997071,35.96741600034313],[-115.17018600012034,35.96722400008665],[-115.17172900035126,35.966399999743125],[-115.17285999995521,35.96582299989567],[-115.17690899979151,35.964060000114465],[-115.17771999972835,35.963663999692656],[-115.1789070003071,35.9630299997849],[-115.18191599987775,35.96175400036348],[-115.18214699985641,35.955032999773834],[-115.18180299989982,35.95503199991986],[-115.18182200016639,35.95477099979272],[-115.18186399999918,35.95316399976546],[-115.1819910002208,35.9513640003249],[-115.18204499974917,35.950745999839],[-115.18209699962773,35.95038899980526],[-115.1822010002831,35.949854000325814],[-115.18230599986508,35.94916700028515],[-115.18244499978225,35.948493999931024],[-115.18284099961738,35.946970000239475],[-115.18330799959763,35.94555299970786],[-115.18371500020169,35.94452800014751],[-115.18461999984986,35.94260699978285],[-115.18543900018258,35.94116700034193],[-115.18602499998852,35.94024699991259],[-115.18677300017615,35.93916200026884],[-115.18878500003711,35.936308000355936],[-115.18997099989267,35.934468000047374],[-115.19238699998466,35.931119999989875],[-115.19244899990896,35.930983000246115]]]},"properties":{"zcta":"89044"}},{"type":"Feature","geometry":{"type":"Polygon","coordinates":[[[-115.13491499975895,36.27258900024388],[-115.13483399956807,36.26666199996965],[-115.13479400028343,36.265143999871526],[-115.13033500036828,36.26517300015754],[-115.12593500000439,36.26516599978974],[-115.1257609999271,36.26142299980321],[-115.12588700032381,36.26139100009858],[-115.12710099976846,36.2613700001495],[-115.13255399991851,36.26132300013955],[-115.13250899971267,36.2577729997616],[-115.13470399987175,36.257742999995315],[-115.1347289999861,36.254210000192934],[-115.13472099959017,36.25267500016146],[-115.13476699962094,36.250528000189284],[-115.13474800025267,36.249811999976814],[-115.13469300000109,36.24878200005067],[-115.13467100025977,36.24695299973843],[-115.13473099963593,36.24694399965005],[-115.13474499987962,36.24685799996093],[-115.13471300009256,36.246175999883626],[-115.13459500009179,36.24479099992803],[-115.13449700018252,36.242875000129274],[-115.13442199983943,36.241923999920324],[-115.1343549998923,36.240751999674714],[-115.13433300015099,36.23970300036008],[-115.1325749998349,36.23969300030027],[-115.12987699971058,36.23970400022112],[-115.12537799961247,36.23974799988891],[-115.12327200004017,36.23978899995229],[-115.12108500027699,36.23980499988286],[-115.11848900025993,36.23985699981564],[-115.11741200018433,36.239845999916334],[-115.1167920000432,36.23987699989203],[-115.1168539999675,36.24423499984301],[-115.11691500006687,36.24702300014881],[-115.11544299998108,36.247004999987176],[-115.11540899964587,36.246479000194824],[-115.11530400006389,36.246175999883626],[-115.11518500023818,36.2459780000785],[-115.11502700005444,36.245794000358835],[-115.11481600016727,36.24563599969467],[-115.11314300023999,36.24451599977832],[-115.112918999934,36.24434499983493],[-115.11277400016904,36.244200000208316],[-115.11264199992459,36.24402799976784],[-115.11253700034258,36.24380400022738],[-115.11249700015962,36.2435800000449],[-115.11248399974083,36.24272400029059],[-115.11245799980155,36.24223599995914],[-115.1124179996186,36.24199899964627],[-115.11220799955632,36.24126199998157],[-115.11216300024878,36.24074400016906],[-115.11207100018729,36.24058200004054],[-115.11201799958552,36.24040500034822],[-115.11201500011077,36.240089000097534],[-115.11187100017071,36.24009999996265],[-115.11186899962259,36.239966000314936],[-115.10846199966868,36.24001899999758],[-115.10313599974023,36.240068000219026],[-115.10225399965833,36.24010900011461],[-115.10204199994621,36.24027400006001],[-115.10085100006778,36.24026999992053],[-115.1001959997666,36.240298000167954],[-115.0984430003717,36.240298000167954],[-115.09727699970934,36.240340999648595],[-115.0948740000361,36.240340999648595],[-115.09230499978321,36.24036200017825],[-115.09231999985181,36.241151999997925],[-115.08919499993024,36.24119399989141],[-115.08918400005959,36.24041500031699],[-115.08431800043867,36.240457999733266],[-115.08432299956323,36.241846999730775],[-115.08436100009637,36.24207999973315],[-115.08443800008926,36.24232499986967],[-115.08449599981559,36.24245600034318],[-115.08468900015944,36.242793000320226],[-115.08478799989363,36.24291400036164],[-115.08690900043287,36.24536800031383],[-115.08717800004639,36.24570199997426],[-115.0873270000093,36.24593299978943],[-115.08753000039889,36.246390999718564],[-115.08758200027744,36.24657800024991],[-115.08763199960784,36.246894000347766],[-115.0876440002017,36.2472809998366],[-115.08670500021837,36.24728600010575],[-115.08533799971454,36.24733100034024],[-115.08325100040881,36.247323000058955],[-115.08322899976918,36.246964999854654],[-115.0831939996091,36.2467229998115],[-115.08307800015643,36.246367000032535],[-115.0829969999656,36.24621000030462],[-115.08287499976686,36.24601700021154],[-115.08197199976853,36.244967000037704],[-115.0817709999271,36.24471200007105],[-115.0816320000099,36.24446000012194],[-115.08126299993896,36.24354599992873],[-115.08118900031913,36.24341300020594],[-115.08109399988457,36.243300000181975],[-115.08098699975443,36.24320699994347],[-115.08078199971503,36.24308899980878],[-115.0806119998357,36.24302899985615],[-115.08041699984203,36.242995000224866],[-115.0799709997782,36.242985999680684],[-115.07993099959525,36.247366999784774],[-115.07995999990754,36.25280800005918],[-115.07995099968673,36.25465099996654],[-115.07988600028773,36.25484999991994],[-115.07969600031691,36.25613700003568],[-115.07961599995099,36.25763199967323],[-115.07965399958582,36.25811499990506],[-115.07978199963232,36.25800800006772],[-115.07984899957945,36.258330000211494],[-115.07968100024829,36.258468999798176],[-115.07977400013472,36.25950300011764],[-115.07980799957159,36.26009000014683],[-115.07978800037843,36.2619009997155],[-115.07974800019545,36.26319199997443],[-115.07966899965442,36.26450900035132],[-115.07968299989813,36.26765000015098],[-115.0798140003177,36.26858100017874],[-115.0798579998003,36.26928599992431],[-115.07984500027983,36.27298099998939],[-115.07980500009687,36.276655000264945],[-115.0817309997441,36.27661700033135],[-115.08834399981045,36.27656099978564],[-115.08941400021337,36.27653300022189],[-115.090270000356,36.27654400002582],[-115.09437699991865,36.27651799996006],[-115.09622800012113,36.27661199976699],[-115.09646699959742,36.27660499970051],[-115.09708199971564,36.27654400002582],[-115.09875600036615,36.276470999652034],[-115.10259599996509,36.27643700008959],[-115.10320900043348,36.27641300021909],[-115.10628499995128,36.27640899975715],[-115.10782099961118,36.27645000013702],[-115.11245500032683,36.2764010002811],[-115.11332900001283,36.27633700009777],[-115.1139730004434,36.27631699993922],[-115.11657600013316,36.276344000188274],[-115.12140599976904,36.27633499986491],[-115.12006000007995,36.274928000037114],[-115.1196979996817,36.27430299966613],[-115.11960999981815,36.27402799982978],[-115.11955999958943,36.271540000305066],[-115.11958499970378,36.270989999754384],[-115.11955999958943,36.270714999836805],[-115.1194730004491,36.27027800027457],[-115.1194230002204,36.269877999850685],[-115.11940999980158,36.26927799971841],[-115.1193479998773,36.26889200003539],[-115.12004599983625,36.268887999912366],[-115.12147000024147,36.26891600004502],[-115.12148699995988,36.275515000004035],[-115.12145299962472,36.27633499986491],[-115.12823999976833,36.27633700009777],[-115.1304209996837,36.27631699993922],[-115.13106000009138,36.276278999841104],[-115.13483799976605,36.27627299986201],[-115.13487899977392,36.27448500003907],[-115.13487299992616,36.27348899965811],[-115.13491499975895,36.27258900024388]]]},"properties":{"zcta":"89081"}},{"type":"Feature","geometry":{"type":"Polygon","coordinates":[[[-115.01372999968511,35.998681000028085],[-115.01385299970875,35.998223999747005],[-115.00314800014841,35.99818299980702],[-114.9984149996986,35.99818900001233],[-114.99841600042184,35.99807599970375],[-114.99421100005158,35.99804600008347],[-114.9943099997858,35.98355399996357],[-114.98557000023074,35.9835789996372],[-114.9854470002071,35.98349900021755],[-114.97794799986087,35.983509999733684],[-114.97794700003595,35.9835999998803],[-114.9649030003765,35.98365599977438],[-114.95438600023881,35.98367500028754],[-114.95438700006373,35.98311199974442],[-114.92853599967292,35.98331399993138],[-114.92641500003201,35.983771000094244],[-114.91884100024103,35.9835220001953],[-114.92355200005125,35.98772299967323],[-114.92517200027507,35.98913199978432],[-114.92410699989502,35.98990799965929],[-114.92387000006856,35.99012200007672],[-114.92369400034147,35.99031399987565],[-114.92345800033989,35.99064600006073],[-114.92331900042272,35.9909109998538],[-114.92322999983595,35.99113900000831],[-114.92316600026184,35.991373000227625],[-114.92312699990379,35.99162900015705],[-114.92312100005603,35.99187400018028],[-114.92314699999527,35.99236500023248],[-114.92316700008676,35.9946600003301],[-114.92315299984305,35.99676699964902],[-114.92317200010963,35.99826699973209],[-114.92315899969084,35.999195999650425],[-114.92317399975948,36.001003000180546],[-114.92315500039119,36.00242799968644],[-114.92314799982019,36.007344000164615],[-114.92312799972869,36.010063999998856],[-114.92314299979735,36.01271400008265],[-114.92977599995514,36.01269800030171],[-114.9312010001853,36.01270499997922],[-114.93203200021357,36.01274999975942],[-114.93645699979352,36.01274700021085],[-114.94053699959198,36.012711999656055],[-114.94146999972753,36.01272599973454],[-114.94538100036989,36.01270999995604],[-114.94586599989347,36.012727000310974],[-114.94624099981222,36.01270499997922],[-114.94664199967019,36.01265400034254],[-114.94707199984052,36.01253800013421],[-114.94733299995643,36.01244099987904],[-114.94751500042962,36.01234500008583],[-114.94788600015039,36.012101000297086],[-114.9493170002283,36.011052000130356],[-114.94962500019989,36.010867999664434],[-114.95333400027758,36.01417499985828],[-114.95410300038158,36.013620999745825],[-114.95459700012599,36.01323699980686],[-114.95496799984674,36.013024000192104],[-114.95561499975206,36.01277700005123],[-114.95581099957064,36.01272999986029],[-114.95610099999885,36.01268800034619],[-114.95645199962814,36.01267599996188],[-114.95840699958771,36.01266799970469],[-114.96010200015459,36.012680000090164],[-114.96287100042403,36.01265400034254],[-114.96323499957377,36.01266299972515],[-114.96323799994683,36.01083000010713],[-114.96529800038671,36.01082800035937],[-114.9656640000846,36.01084000029835],[-114.96590599993394,36.0108619996973],[-114.96628000002775,36.01092600029206],[-114.96708400029186,36.01109799999811],[-114.96736899979891,36.01113100007624],[-114.96726500004185,36.01174199968743],[-114.96726599986675,36.012597999962615],[-114.96763400011278,36.0126010002435],[-114.97451199959464,36.01258399986139],[-114.97664900002744,36.012558999934015],[-114.98393599976323,36.01254899996086],[-114.98533400022917,36.01252599972705],[-114.98797999957665,36.01253300014642],[-114.98828900027146,36.01248599981],[-114.98988600003074,36.0118950002686],[-114.99235900002415,36.01088200007044],[-114.99254999981989,36.011231999965226],[-114.99283600005013,36.01198699972],[-114.9930989998159,36.01288499967263],[-114.99330899987815,36.01352499993646],[-114.99353999985685,36.014034000248856],[-114.99387399976769,36.01459300022237],[-114.99406399973847,36.014863000044045],[-114.9943099997858,36.01516099968841],[-114.99497400030782,36.01482200003649],[-114.99457599992455,36.01440099994796],[-114.99437699973294,36.0140900003352],[-114.99434099974793,36.013774000312964],[-114.99496199971395,36.013470000015694],[-114.99526600038587,36.01384699997072],[-114.99560600014448,36.0141369997152],[-114.9959459999031,36.01425400030731],[-114.99607499977456,36.01426599972474],[-114.99642600030214,36.014447999869134],[-114.99691800039675,36.01368600011799],[-114.99712900028392,36.01361599982674],[-114.99834699992654,36.014073000274294],[-115.0116369996333,35.99899100008371],[-115.01362400027823,35.999003999667906],[-115.01372999968511,35.998681000028085]]]},"properties":{"zcta":"89002"}},{"type":"Feature","geometry":{"type":"Polygon","coordinates":[[[-115.22537799979817,35.47588900002358],[-115.22263000034344,35.47366799981876],[-115.21951000044474,35.471102999897155],[-115.21298400041704,35.46596300033736],[-115.19516299992681,35.45183600001352],[-115.17697499991378,35.43744599994593],[-115.16490399967451,35.42786700006322],[-115.16105700040288,35.4239579998453],[-115.12415699959682,35.3943350002845],[-115.100957000373,35.375681000058215],[-115.09589099983725,35.37178700034877],[-115.08536500037704,35.36433199996946],[-115.08400200007118,35.363393999992084],[-115.06769899969751,35.349735999788976],[-115.02180399996662,35.313789999915436],[-114.99466600033625,35.292511000135214],[-114.98436799958337,35.28397499982976],[-114.94761900018668,35.25481899964923],[-114.94775800010385,35.259028999636136],[-114.94770399967719,35.26278399969038],[-114.94471100000008,35.26326599970931],[-114.93980600002111,35.2651260002361],[-114.9385570004164,35.26562600010756],[-114.93755899998348,35.26591999974739],[-114.92524699971979,35.26896499991183],[-114.92516399987913,35.27339199994965],[-114.92513100026717,35.277375999845226],[-114.92501999993908,35.278085999801945],[-114.92494700014416,35.2849830000592],[-114.9248669997782,35.28782400022786],[-114.92493500044861,35.29515500021503],[-114.92458399992098,35.31663600021326],[-114.92448799966152,35.33055999972538],[-114.92445400022466,35.33797400002997],[-114.92445000002668,35.348014999905324],[-114.92427099992656,35.353237999708746],[-114.92423699959137,35.35471699968183],[-114.92422300024597,35.35656499998583],[-114.90647200007592,35.35651499975879],[-114.89721000028906,35.35644600002469],[-114.88997999955635,35.35649200009815],[-114.87988199971835,35.35644099977618],[-114.86664399989012,35.35640300007558],[-114.86595000012915,35.35528700008506],[-114.8655300000046,35.354440000033264],[-114.86541799985159,35.354394000256214],[-114.86483100022078,35.35258600033872],[-114.86407499963723,35.3504799998804],[-114.86362799974846,35.3499529997298],[-114.86343199992989,35.3495869996541],[-114.86346000041728,35.34935800001245],[-114.86301199980531,35.34848800031887],[-114.86264799975723,35.34727499974362],[-114.86172600039066,35.345994000311926],[-114.86167000031418,35.3457189996885],[-114.86155800016117,35.34562699969993],[-114.86155800016117,35.345467000203],[-114.8611659996257,35.34487199968284],[-114.86102599988361,35.3443909999531],[-114.86074700022435,35.34388800017663],[-114.86046699984186,35.34329299975124],[-114.85999200036403,35.342559999653666],[-114.859179999704,35.340683000101926],[-114.85904099978683,35.340546000151186],[-114.85901300019772,35.3403630002611],[-114.85809000010792,35.33846299983723],[-114.8573350002476,35.337226999682734],[-114.85641200015777,35.33521299989624],[-114.85571300037395,35.33409099978538],[-114.85490200043714,35.33200800017356],[-114.85481799987323,35.331962000081504],[-114.85481799987323,35.33173399993977],[-114.85445499965007,35.33090899989657],[-114.85400699993642,35.33003999979348],[-114.85397900034731,35.32981099971378],[-114.85383899970695,35.329673000005386],[-114.85378299963043,35.32937599986559],[-114.8535600000477,35.3289870002207],[-114.8533080001526,35.32830000007934],[-114.85277699969993,35.32745299997522],[-114.8526620000722,35.3272000002787],[-114.8523869997126,35.326860000297],[-114.85212999979464,35.32619199966909],[-114.85201599999185,35.32543399999106],[-114.85188200009755,35.325301000117186],[-114.85154700036178,35.32429500017878],[-114.8512949995684,35.323402999783724],[-114.85095900000772,35.32255599967919],[-114.85014899989581,35.320930000288875],[-114.85014899989581,35.32079299983749],[-114.84953399977758,35.319625999658186],[-114.84869500025165,35.317886000098056],[-114.84841499986919,35.31715400026164],[-114.84824699963967,35.31680999985244],[-114.8481909995632,35.31653500033945],[-114.84799499974463,35.316306999935584],[-114.84729599996079,35.31440699991597],[-114.84710000014222,35.31378900007081],[-114.84696100022505,35.31367400026409],[-114.84573099998858,35.31083600034548],[-114.84556299975908,35.3105610003122],[-114.84545099960607,35.3101260002564],[-114.84503200020472,35.30934800006315],[-114.84500399971733,35.309141999972695],[-114.84394199971034,35.306738000277306],[-114.84385800004475,35.30669299966899],[-114.84349499982162,35.30577700000977],[-114.84232200038485,35.303716999665816],[-114.84215400015533,35.303487999814266],[-114.8416229997027,35.302434999767875],[-114.84047700003013,35.29998600025441],[-114.84028200003647,35.29973399968901],[-114.84028200003647,35.29959699999204],[-114.84019800037088,35.29955099979024],[-114.84016999988349,35.29936800021086],[-114.83983500014772,35.29877199978167],[-114.83980699966033,35.29858899990697],[-114.83947199992456,35.29797100019231],[-114.83874499965334,35.296346000042554],[-114.83852200007057,35.29597999990548],[-114.83835399984109,35.29547600016889],[-114.8381859996116,35.295246999724384],[-114.83799099961793,35.294767000273005],[-114.83754399972918,35.294239999801164],[-114.8375160001401,35.29407999977601],[-114.83732000032148,35.293850999780936],[-114.83698499968743,35.292615000260504],[-114.83659399987516,35.29172200011329],[-114.83651000020959,35.29133299972344],[-114.83636899974428,35.29119599973671],[-114.83603099963547,35.29039100015602],[-114.83566499993759,35.28972700024922],[-114.83532699982878,35.28894599996884],[-114.83507400010879,35.28853199992197],[-114.83507300028387,35.288395000327604],[-114.83420000042278,35.28669700017178],[-114.83400299988098,35.286168000317076],[-114.83380600023746,35.28591700018056],[-114.83377699992518,35.285664000348085],[-114.83360899969566,35.28545699989709],[-114.83358000028169,35.28520500029159],[-114.83315699978408,35.28433200030738],[-114.83312900019497,35.28412600032863],[-114.83304399980615,35.28408000013361],[-114.83304399980615,35.283942000125194],[-114.83250800022894,35.28281800024534],[-114.83234099982438,35.28265799964365],[-114.83208700027947,35.28201499996346],[-114.83197500012646,35.281945999695544],[-114.83183299983627,35.28151000029914],[-114.83163700001768,35.281211999784965],[-114.83146700013835,35.28070700024617],[-114.83135400016045,35.28059200035382],[-114.83081900040817,35.27935299998783],[-114.83070700025516,35.27928399965167],[-114.83059299955404,35.27891699983054],[-114.83025600016845,35.27836499985693],[-114.83008700011406,35.27774600018618],[-114.83000199972524,35.27770000003361],[-114.82997300031126,35.277447999754614],[-114.82988899974734,35.277378999995484],[-114.82963400037752,35.27662200010622],[-114.82847899958581,35.2742110001345],[-114.82808500029884,35.27329300032533],[-114.82791600024443,35.27315500026939],[-114.8278030002665,35.2727649997967],[-114.8276619998012,35.27255899972943],[-114.82763400021211,35.27237499964648],[-114.82746599998264,35.272145999864314],[-114.82746500015772,35.2720069996936],[-114.8271830001254,35.271479999950756],[-114.82692799985728,35.270784999799],[-114.82668600000794,35.27026299988591],[-114.82652399962625,35.2697909999013],[-114.82616399977614,35.26901999980439],[-114.825731999956,35.26816400024591],[-114.82540700026598,35.267388000178435],[-114.82506699960904,35.26639399967449],[-114.82444800019117,35.26518599982614],[-114.8241550002882,35.26449300013045],[-114.82365800017075,35.26352100002966],[-114.82271499998944,35.26138699995321],[-114.8222880001922,35.26029999990901],[-114.82202399970323,35.25957100006409],[-114.82181299981603,35.25906100016809],[-114.82139600006451,35.25817899967717],[-114.82079500018999,35.256812000100965],[-114.82025700006463,35.255692999930254],[-114.81947200006708,35.25399699974918],[-114.81922199982182,35.253338000041815],[-114.81889200010896,35.252289000112484],[-114.81858400013735,35.25152800027868],[-114.81848399967993,35.25134099973894],[-114.81845899956558,35.251157999773895],[-114.81776300015481,35.25001399964496],[-114.81699099967774,35.24835400026195],[-114.81679900005712,35.2480789999882],[-114.8159460002875,35.24548699982703],[-114.81559200028519,35.24489099973564],[-114.81556700017082,35.24466200004965],[-114.8154039999642,35.24440899975673],[-114.81540599961404,35.244271999634066],[-114.81516100028995,35.243835999973726],[-114.81513799982542,35.24356099978338],[-114.81481399996032,35.24285000030157],[-114.81478999967086,35.24259800021486],[-114.81470699983021,35.24255199991652],[-114.8143620000487,35.24135999989806],[-114.81384900003772,35.24018999967553],[-114.81341499966945,35.23883800032612],[-114.81330300041476,35.23879300013334],[-114.81330300041476,35.238631999858654],[-114.81277299978701,35.237076000312044],[-114.81179699999377,35.235061000068065],[-114.81112800034718,35.233457999833234],[-114.81040199990086,35.232245000165626],[-114.81017799959484,35.23160399983707],[-114.80978799960752,35.23098599971705],[-114.80939699979528,35.230070000007565],[-114.80917400021251,35.22860500004515],[-114.80844899959109,35.227276999756064],[-114.80814200034276,35.226498999744585],[-114.80766799979153,35.22484999978179],[-114.8070819999856,35.22372899984654],[-114.80641300033899,35.22272100008579],[-114.80588299971127,35.2209579998054],[-114.80524199965375,35.219264000246575],[-114.80513100022398,35.21809699998666],[-114.80398700020123,35.21523500027243],[-114.80351299965,35.21390699989888],[-114.80340200022022,35.213793000243655],[-114.80184100044595,35.20932800012393],[-114.80136699989473,35.20751999968165],[-114.80097699990739,35.207038999758275],[-114.8006139996842,35.206879000028124],[-114.79963799989098,35.20678700000386],[-114.79935900023172,35.20655799992163],[-114.7993030001552,35.206145999701974],[-114.80016799962038,35.20534499966156],[-114.80022399969685,35.20472699995992],[-114.79988899996113,35.20385699992049],[-114.79977799963304,35.20369600005719],[-114.79966600037834,35.20328399999756],[-114.79897000006926,35.20174999998648],[-114.79827299993526,35.199666999698785],[-114.79810600042899,35.199347000236486],[-114.79810600042899,35.19914100008075],[-114.79763199987777,35.197744000003],[-114.79760400028869,35.1974459998571],[-114.79740900029499,35.19694300004493],[-114.7973809998076,35.19664499989682],[-114.79729700014198,35.19662200030549],[-114.7972979999669,35.196347000123644],[-114.79711200019408,35.19594699966538],[-114.79916599988786,35.19597199984346],[-114.80077100004306,35.19595200028888],[-114.7997330003255,35.19372600015101],[-114.797846000138,35.189925000063305],[-114.79370600006509,35.179963999755785],[-114.79356799997285,35.179345000029535],[-114.79342999988057,35.179184000045865],[-114.79334799986484,35.17861200015173],[-114.79271400037831,35.17678000020887],[-114.79265999995165,35.17675800020154],[-114.79265900012673,35.1765059997599],[-114.79241100042962,35.17590899964324],[-114.7925229996843,35.175726999990225],[-114.77527500037783,35.169928999635644],[-114.77338200034254,35.16939799984675],[-114.7720089999909,35.16913700011071],[-114.77045999991222,35.16897900022643],[-114.769183999645,35.16892400005989],[-114.7679249999945,35.168954999984784],[-114.76641699992368,35.16908499980158],[-114.74344399958227,35.17355600019438],[-114.74127500026077,35.17383799966299],[-114.73961499985398,35.173986000107206],[-114.73778600029112,35.17406100032863],[-114.7361169996635,35.17404699965617],[-114.73358400029394,35.17391899989977],[-114.72883900014853,35.173361999840985],[-114.72648699963061,35.173048999634794],[-114.72482999959688,35.17276099966854],[-114.72309800011837,35.172425000254336],[-114.72156999995607,35.172226000259045],[-114.72082000011862,35.17216999996223],[-114.71930299982695,35.17212500025959],[-114.71255900023938,35.17232899964213],[-114.71051700024118,35.17225799978193],[-114.70869799982573,35.17199799980595],[-114.70074400009315,35.17047199989538],[-114.69936999991666,35.170220999943346],[-114.69795100043258,35.17001199966129],[-114.69592000030507,35.16975099969311],[-114.68789999955193,35.16883000004961],[-114.68664500009939,35.16878700029774],[-114.68595999966095,35.16887000002038],[-114.68498499969262,35.169162999885664],[-114.68417100028105,35.16954500013954],[-114.68347599979687,35.17002399999419],[-114.68283499973937,35.17069000027232],[-114.68248599975993,35.171166000317086],[-114.68216100006991,35.17187099988826],[-114.68198899964247,35.17263500032632],[-114.6819769999469,35.17323000003231],[-114.68210800036645,35.17423399989033],[-114.68289400018894,35.17864800027401],[-114.68289400018894,35.178920000030054],[-114.68264300011876,35.1807719998273],[-114.68241600033805,35.18204900008961],[-114.68244999977493,35.18296399981922],[-114.68311400029695,35.18495899969416],[-114.68330500009267,35.18710199984253],[-114.68338100026065,35.187465999927994],[-114.68375600017936,35.18823700011166],[-114.68455600024552,35.189437999983895],[-114.68473899964533,35.1900790000026],[-114.6846730004214,35.19092800010998],[-114.68459800007832,35.19124199963359],[-114.68445800033624,35.19153000019178],[-114.68335600014628,35.193047000206334],[-114.68317100019837,35.19350199998669],[-114.68303800012897,35.19399200023212],[-114.68299100027328,35.19449300026642],[-114.68304999982452,35.1952179998683],[-114.6835889997748,35.19745699999769],[-114.68370099992778,35.19817200006861],[-114.68366099974483,35.19858999989391],[-114.68357200005634,35.19899999995449],[-114.68344300018492,35.19938900018271],[-114.68326599973462,35.19974799988578],[-114.68305300019757,35.20006400011474],[-114.68279399973147,35.200362999975276],[-114.6824840001101,35.200649000216224],[-114.68206099961247,35.200958000022226],[-114.68172500005183,35.20115499986929],[-114.68148900005028,35.20127000015157],[-114.68096900036659,35.20147300002269],[-114.6804210001955,35.201614000260065],[-114.67988300007016,35.20168399967273],[-114.67956199967979,35.20169199995831],[-114.67908700020195,35.20166400005641],[-114.67752800007749,35.20143599997188],[-114.67709299988432,35.20139699964217],[-114.67665600004132,35.201379000217734],[-114.67621199962728,35.201391000323845],[-114.67580499992152,35.20142699989748],[-114.67488500020477,35.20158400007389],[-114.67415899975845,35.20166499981715],[-114.67361099958737,35.201692999718645],[-114.67327099982873,35.20169100019789],[-114.67275100014506,35.20165299975152],[-114.67203200026975,35.20151699986274],[-114.66823799980324,35.20043100018029],[-114.66635700036183,35.19992300012268],[-114.66542800042424,35.199642999709475],[-114.66419999983759,35.19919400003889],[-114.66321700037166,35.19877400005895],[-114.66262900001756,35.19849099995585],[-114.66209000006734,35.19820900013815],[-114.66130599989468,35.1977540002944],[-114.660277000398,35.1972179996773],[-114.65982399976315,35.19695999989968],[-114.65912800035235,35.196593000300886],[-114.65798199978146,35.19605799992756],[-114.65743100013566,35.19584999984111],[-114.65709899987463,35.19575899963577],[-114.65669999966647,35.195698000231694],[-114.65637300032662,35.19566800006267],[-114.65574399996468,35.1956699997317],[-114.65536999987087,35.19570999970891],[-114.65470899972188,35.195862000029976],[-114.65410799984734,35.19596100023588],[-114.65365099991286,35.19599399978828],[-114.65290299972521,35.195966999955296],[-114.65080999967341,35.19574999966643],[-114.64702299977792,35.19531700012495],[-114.64608200014474,35.195177999648834],[-114.6455020001866,35.19505099997767],[-114.64504899955175,35.194899000341415],[-114.64461099988385,35.194717999746786],[-114.64422400026956,35.19452300013524],[-114.64385400037372,35.19430499980832],[-114.64325599997392,35.193920000351305],[-114.64245900028078,35.19337200030949],[-114.6415599995821,35.192724999883595],[-114.6402630002968,35.19175499980285],[-114.63969099983626,35.19135400033905],[-114.63861399976068,35.19068799977278],[-114.63825999975833,35.19049900015541],[-114.63773300040195,35.19026699996187],[-114.63722500041384,35.19006300007972],[-114.63676900030426,35.18992400015813],[-114.6362930001032,35.18978499999875],[-114.63523500029417,35.18951499971735],[-114.63289000034726,35.189047999907935],[-114.62379699971649,35.18708700000775],[-114.61682299997514,35.18550599998682],[-114.60479000026903,35.18287199987328],[-114.60149100027019,35.182163000251784],[-114.60069700005181,35.18196699987412],[-114.60050999955574,35.18239900007936],[-114.60036999981365,35.18261300006476],[-114.60018400004083,35.18276999989131],[-114.59981300032005,35.18301600006179],[-114.59961099975538,35.18311299979005],[-114.59939599967021,35.18319100036558],[-114.59912500040687,35.18325600029848],[-114.59874499956697,35.183303999673434],[-114.5977119998723,35.18349499984215],[-114.5971700004473,35.18361999999013],[-114.59631199975651,35.1838460001926],[-114.58772799983707,35.18649199967816],[-114.58655200002728,35.1868359999632],[-114.58587900018271,35.186974000086586],[-114.58498200003217,35.187091999708265],[-114.58440600027198,35.18712399998679],[-114.58368400002365,35.18711800034851],[-114.58291900011757,35.18705000001191],[-114.58204700008139,35.18691000013301],[-114.58062199985123,35.18659000034311],[-114.58011899988601,35.18653399966298],[-114.57974200031745,35.186532999716],[-114.57949200007221,35.18654900033402],[-114.57930399975123,35.186571999840254],[-114.57892399980962,35.18665099997812],[-114.57872200014327,35.186709999677774],[-114.57831500043748,35.18686299989404],[-114.57804299955262,35.18699600026549],[-114.57777999978686,35.187157000192],[-114.57740900006611,35.187443999876336],[-114.57720999987448,35.18764499992658],[-114.57693100021523,35.188039999771185],[-114.57669699986349,35.18850600031212],[-114.57661499984773,35.18878299971063],[-114.57655799994632,35.189061000283246],[-114.57629799965532,35.19077899978527],[-114.57622099966243,35.191388000181774],[-114.57598200018614,35.19289700022845],[-114.57596700011753,35.193099999735864],[-114.57577700014673,35.194422999795236],[-114.57551699985575,35.196013000236384],[-114.57518899979269,35.19831799990786],[-114.57510299957896,35.198763999893124],[-114.57503900000485,35.19890200031085],[-114.57493100004982,35.199050999684815],[-114.57472900038346,35.19928299975232],[-114.57458899974304,35.199401999637374],[-114.57435500028964,35.19955500017718],[-114.57420200012875,35.199632999650646],[-114.57386599966978,35.19974799988578],[-114.57369699961538,35.1997759997141],[-114.57328300023691,35.1997670001898],[-114.57180199993027,35.19950700012522],[-114.57186100037981,35.20020000023442],[-114.57208399996257,35.20079400023595],[-114.57403700027233,35.20379000011644],[-114.57430699971076,35.20491199988875],[-114.57423300009091,35.20548099974603],[-114.57451000010033,35.206122999865094],[-114.57495799981399,35.20671400002208],[-114.57649000017425,35.207331000324764],[-114.57777399993908,35.20776599978186],[-114.57858099967795,35.20811300004348],[-114.5795349997299,35.20891100018818],[-114.5797310004468,35.20988700033374],[-114.57989700012816,35.2109700001315],[-114.57992100041761,35.215521000243086],[-114.58031399987968,35.2181130002584],[-114.58031200022985,35.220095000164534],[-114.58173499991186,35.22407199998302],[-114.58342799993062,35.229737000297575],[-114.58352300036515,35.23034800013771],[-114.58343799997635,35.23099400005028],[-114.58292599979028,35.23210200005617],[-114.58247999972643,35.233173000076334],[-114.58243000039604,35.234537000278586],[-114.58284200012467,35.23870299967282],[-114.58303899976818,35.23935499999984],[-114.58370699958986,35.24028500004732],[-114.58451099985399,35.24171300034405],[-114.58499299990284,35.242716999701216],[-114.58521600038391,35.24402000029804],[-114.58552199980734,35.246902000308744],[-114.58605300026001,35.24889099988138],[-114.5858840002056,35.25195599992584],[-114.58571400032628,35.253145000115055],[-114.58571299960305,35.25561599987617],[-114.58576799985462,35.257742999984394],[-114.58626999999497,35.260098000252576],[-114.58660399990582,35.26238599973244],[-114.58716299994754,35.264101000315534],[-114.5874969998584,35.26547300017232],[-114.58872700009486,35.2678749998068],[-114.5898429996302,35.27038900029933],[-114.59051300000004,35.27233399969466],[-114.59098699965297,35.27487200016833],[-114.59266100030345,35.28179999999766],[-114.59324700010937,35.28436099975328],[-114.59377799966373,35.28591599999149],[-114.59511900022827,35.28820100015213],[-114.59570500003419,35.28993900001181],[-114.59626400007593,35.2919279998284],[-114.59668199965236,35.29455700012195],[-114.5972680003566,35.299565000077585],[-114.59720999973197,35.30322300021437],[-114.5968740001713,35.305761000176496],[-114.59645400004673,35.308345999967116],[-114.59516299971088,35.32188299994799],[-114.59516199988599,35.3242380002942],[-114.59555299969823,35.32654699996372],[-114.59750799965778,35.33313100022623],[-114.59977099958893,35.341110000196444],[-114.60460699997094,35.35523899992858],[-114.60617299976808,35.35965100034818],[-114.60748699967012,35.362417000329],[-114.60950100007926,35.36641699968354],[-114.61120599979355,35.370118999675284],[-114.613137000362,35.37338899985725],[-114.61705399995384,35.37908000010215],[-114.6176980003844,35.380130999801615],[-114.61803300012012,35.38127400022144],[-114.61825700042614,35.38264600018709],[-114.6183129996043,35.3844980000643],[-114.61898399979904,35.38939099964114],[-114.62088699988007,35.39686699976254],[-114.62178300020571,35.39944999981892],[-114.62363000021024,35.403335999723424],[-114.62446999956107,35.4052560000474],[-114.62570200034568,35.407976000015346],[-114.62676500017756,35.4096439998946],[-114.62732500004422,35.41019300015886],[-114.62906099972066,35.41117500023257],[-114.63043300024736,35.41240799990745],[-114.63197300010525,35.41382499979167],[-114.65073500022864,35.42887700034918],[-114.65208000009284,35.43013399972315],[-114.65275200011247,35.43081900025123],[-114.65339700036796,35.43193900006598],[-114.65381699959421,35.43285300036405],[-114.65387400039393,35.43463600025198],[-114.65401400013602,35.43587099983613],[-114.6542950003434,35.436853999968704],[-114.65533100041114,35.43836200020903],[-114.65810499980512,35.44183499995132],[-114.66017799976547,35.44357100013745],[-114.66174699993566,35.444734999817975],[-114.66289599998126,35.446448999705474],[-114.66354100023673,35.4477970002182],[-114.66393399969881,35.44946599994084],[-114.6642149999062,35.45170699971792],[-114.66399200032345,35.453468000360495],[-114.66388000017047,35.454656999665396],[-114.66421699955602,35.45584500014456],[-114.66514200019398,35.457331000302],[-114.66615099959921,35.45819799977296],[-114.66693599959675,35.45947799968402],[-114.66721699980415,35.46036999992319],[-114.66704899957465,35.461284000083104],[-114.66676900009047,35.4620849999149],[-114.66626500030033,35.46306899983117],[-114.66578999992419,35.463915000258375],[-114.66559400010559,35.46482999981591],[-114.66551000044001,35.465836000324686],[-114.66565100000702,35.4669110003465],[-114.66598800029091,35.46798499977048],[-114.6673890002316,35.46990399971674],[-114.6687630004081,35.471068999724636],[-114.67235000028705,35.47373999964732],[-114.67316399969862,35.4748140000432],[-114.6735849996481,35.475843000028874],[-114.6734730003934,35.476849000299545],[-114.67308099985793,35.477969999672034],[-114.67207400010254,35.479708999971194],[-114.67179399972007,35.480805999681806],[-114.67190699969795,35.4820870003636],[-114.67353399959445,35.4856749999101],[-114.67560900010295,35.488301999816834],[-114.67650700007842,35.48928400028235],[-114.67681500004997,35.48978700016939],[-114.67695599961698,35.490336000337784],[-114.67670399972191,35.49184500005381],[-114.67639599975033,35.4925310002482],[-114.67625699983313,35.49310300014167],[-114.67681800042301,35.49417700000852],[-114.67774300016266,35.49518199994379],[-114.67816400011215,35.49627899982152],[-114.67864199996302,35.49762800019905],[-114.6787259996286,35.49865699992247],[-114.67858699971143,35.49984600026907],[-114.67865500038181,35.49999799981409],[-114.67885500039834,35.500567000027],[-114.67889200020828,35.501275999653096],[-114.67868399979581,35.5028670000765],[-114.67843199990074,35.50428999985252],[-114.67806799985266,35.50564499968072],[-114.6775909998267,35.50897300012335],[-114.67748000039693,35.51094799990501],[-114.67714300011303,35.512945000154275],[-114.676302000039,35.51446000022473],[-114.67568500027093,35.51562999989211],[-114.6740850001386,35.51730399972047],[-114.67276700003856,35.51842799987013],[-114.67043799998521,35.520101999842865],[-114.66954000000972,35.52078999965675],[-114.66858599995781,35.521225000096365],[-114.66656499987597,35.52099299981409],[-114.66541400018055,35.52115200020908],[-114.66460099969558,35.521519000102124],[-114.66398300010263,35.52216099966887],[-114.66345000000014,35.52319400012281],[-114.66266400017767,35.52486900027928],[-114.66168199963833,35.52668199966127],[-114.65988599968742,35.52791899998056],[-114.65887499973405,35.529135000340204],[-114.65775300035092,35.53074099968811],[-114.65716300034705,35.53230099995205],[-114.65682600006313,35.533770999786206],[-114.65676999998666,35.534964000021354],[-114.65713499985964,35.53586000027109],[-114.65780900042742,35.53696299999859],[-114.65870700040288,35.53815800025295],[-114.65954900030184,35.53923799968912],[-114.66033500012429,35.54043299967513],[-114.66075600007379,35.54169599994853],[-114.66109199963445,35.54293700020053],[-114.66145700040573,35.54406200012115],[-114.66157000038365,35.54569199995515],[-114.66114900043416,35.54778099987574],[-114.66112000012184,35.54902099966531],[-114.66140100032923,35.550238000118256],[-114.66173799971482,35.551523999715386],[-114.66196299984573,35.552603999678034],[-114.66199100033312,35.554600999658206],[-114.66196299984573,35.55588700015987],[-114.66243999987168,35.557517999788296],[-114.66345099982505,35.55988400007403],[-114.66353500038896,35.56096300024419],[-114.66311400043949,35.56259299993896],[-114.6628330002321,35.56337299990956],[-114.66280499974465,35.564268000228275],[-114.66322599969416,35.56516399970132],[-114.66390000026195,35.56629000012778],[-114.6644330003644,35.568426000323676],[-114.66623099996514,35.5716419997508],[-114.66839299961393,35.57433100011637],[-114.6700220000586,35.57559600024153],[-114.67156699993932,35.57621700024564],[-114.67389799964253,35.57771199991108],[-114.67488100000679,35.57837900004441],[-114.67541400010928,35.578908000155955],[-114.67575100039318,35.57945899977515],[-114.67566699982928,35.58003300010464],[-114.6749930001598,35.58065199967074],[-114.67019100011298,35.58347100025115],[-114.66892700043965,35.583791000230555],[-114.66763500027888,35.584318000108134],[-114.66617499988865,35.58511999968901],[-114.66420900005843,35.58594399976278],[-114.66184999986781,35.58628599975213],[-114.66055799970704,35.58658299974964],[-114.65968700039411,35.58704100012746],[-114.65923799995721,35.58747700001496],[-114.6565969997343,35.59284600034746],[-114.65558599978094,35.59481900007433],[-114.65451799992616,35.59660900023341],[-114.65390000033318,35.598491000289336],[-114.65373100027881,35.600372999916274],[-114.65398399999877,35.60301399970521],[-114.65437700035918,35.604300000214806],[-114.65448899961386,35.60517300012066],[-114.65420800030476,35.60595300029243],[-114.65361800030088,35.60719199977614],[-114.6534779996605,35.608225000191844],[-114.65353399973701,35.60967199999097],[-114.65392700009737,35.61173899992506],[-114.65521900025813,35.61405899977709],[-114.65724100016483,35.61704600028148],[-114.6594610004383,35.61955199980374],[-114.66064100044605,35.62033400009939],[-114.6620180000973,35.62070300024377],[-114.66364699964363,35.620773000237364],[-114.66538900006618,35.62155599995361],[-114.66668200005185,35.623072999742256],[-114.66693499977185,35.62394599996963],[-114.66808700019051,35.62711500022455],[-114.66901500030319,35.628860999994345],[-114.67027899997655,35.63076799999516],[-114.67213400037699,35.63336499979502],[-114.67328699972227,35.63540899967207],[-114.67500099965741,35.63830400005108],[-114.67649100018488,35.64046400005027],[-114.67761500011615,35.64177400002574],[-114.67941500026502,35.643428999686456],[-114.68346199955319,35.646096000260215],[-114.68613299991333,35.64752199998595],[-114.6880450002152,35.649291999966145],[-114.68900099991696,35.650279999696004],[-114.68950700025526,35.65142899999577],[-114.68922600004787,35.65289800006254],[-114.68947999959275,35.65473500010358],[-114.69001600006827,35.66001599991649],[-114.69049399991917,35.66265699981697],[-114.69046700015498,35.663782000142184],[-114.69021400043499,35.66515899965715],[-114.68956800035463,35.66626100035398],[-114.68889299996195,35.6671549997517],[-114.68785299969625,35.66837100000256],[-114.68605500009554,35.67064199966938],[-114.68231699970552,35.67782500018715],[-114.68153000005815,35.679959999818145],[-114.68082700007636,35.682254999838655],[-114.68063100025779,35.684045999878975],[-114.6809969999557,35.68592899967073],[-114.68189699958097,35.687559999828814],[-114.68265700036247,35.688570999837594],[-114.68375399963124,35.689305999875636],[-114.68569400042051,35.6903409996879],[-114.68811299998725,35.69135399999509],[-114.6912630000232,35.693125000343684],[-114.69621400003292,35.696550000123494],[-114.69947799987168,35.699331000220546],[-114.70002100001989,35.69986600003644],[-114.70051999978719,35.70027200026499],[-114.70141600011281,35.70108400035608],[-114.70221299980592,35.70219899973762],[-114.70360799989884,35.70392200005642],[-114.70450099985143,35.70599300013646],[-114.70495899961082,35.70636600027456],[-114.70484200033327,35.706743999744766],[-114.70503200030407,35.70716300006943],[-114.70559700019359,35.708274000304655],[-114.70534699994833,35.70834400015214],[-114.70547400016994,35.709025000306205],[-114.70555899966045,35.71040300031641],[-114.70544700040575,35.711756999687616],[-114.70325499972144,35.717540999743996],[-114.69940500007674,35.726928999902036],[-114.69785900037108,35.73165700017854],[-114.69712899972681,35.735261000026405],[-114.69654000044616,35.738933999658556],[-114.69639999980576,35.74265299972407],[-114.69665500007389,35.7461430002624],[-114.69693700010619,35.74724499969506],[-114.69758499983638,35.74841700027414],[-114.6977260003017,35.74979499987696],[-114.6977260003017,35.75096599984524],[-114.6968540002655,35.75275600005489],[-114.6967699997016,35.75381199971735],[-114.69654600029394,35.75463800008413],[-114.69601099964333,35.755372000136504],[-114.69502599962924,35.75583099987487],[-114.69426699957094,35.75663299993846],[-114.69454799977837,35.75723100011878],[-114.69471699983274,35.75789699990825],[-114.69522399999596,35.75854000019175],[-114.69626599991146,35.75925299996163],[-114.69682900015115,35.75985000000078],[-114.69741999997994,35.760676999771455],[-114.70026600024228,35.76687900025961],[-114.70068899984157,35.76828000000213],[-114.70102699995039,35.76967999984003],[-114.70119699982969,35.77179300016317],[-114.70117000006553,35.77411199969949],[-114.70066399972723,35.777257000309206],[-114.70007399972334,35.78012599988692],[-114.69968100026126,35.78292700000766],[-114.69903600000579,35.788045999753976],[-114.6990920000823,35.789469000188205],[-114.6993180000381,35.790479999703],[-114.69988200010272,35.79112300034451],[-114.70145899977052,35.79273199989526],[-114.70317799972854,35.79468499997869],[-114.70424800013144,35.79663699975176],[-114.70582700034737,35.79888900031591],[-114.70861599980996,35.80146199999288],[-114.71148999966138,35.804380000294074],[-114.711913000159,35.80495499968769],[-114.71202600013693,35.80552899973275],[-114.71129399984282,35.80667600022048],[-114.71053399995964,35.807525000261386],[-114.71008399969782,35.80855799986284],[-114.70971799999994,35.80945300014492],[-114.70932399981463,35.81004999990519],[-114.70881800037466,35.81057700004705],[-114.70634000035835,35.81202199993097],[-114.70422800003993,35.81404000001078],[-114.70366499980027,35.81461399995501],[-114.70327099961494,35.81523300021181],[-114.70065399968149,35.822003999865494],[-114.69913399991512,35.82423000023995],[-114.6972760000399,35.82677600001092],[-114.69553000031772,35.8298969998126],[-114.69527699969942,35.8310909998345],[-114.69524900011031,35.83228500009806],[-114.69575700009842,35.833387000090845],[-114.7014780000371,35.83931599991439],[-114.7020849997594,35.84023900020178],[-114.70229300017188,35.84079199971523],[-114.70240500032489,35.84152500035024],[-114.70233900020261,35.84215099996177],[-114.70352699970799,35.84184499993599],[-114.70378100015122,35.84222199984423],[-114.70417299978836,35.84266899980882],[-114.7042029999256,35.84427400006227],[-114.70452299959274,35.84440600018801],[-114.70607599986941,35.845872999755514],[-114.7062879995815,35.84621800016211],[-114.70652500030629,35.84734899987303],[-114.70653199997899,35.84902699989921],[-114.70585599976137,35.850508000345044],[-114.70486800027254,35.85163499975883],[-114.703598999678,35.85259499968851],[-114.70190400000945,35.85322300012213],[-114.69998500003489,35.85359099979004],[-114.69658099955575,35.8537269998682],[-114.6952909999431,35.85398700031049],[-114.69437000040143,35.854463000098335],[-114.6934459995884,35.85512499969607],[-114.6929459999962,35.85621400005244],[-114.69239000032752,35.85718399986275],[-114.69145600036703,35.858661000192185],[-114.6895809998751,35.85991600012819],[-114.687798000343,35.860727999886855],[-114.68204999974182,35.86295000027999],[-114.6801600000796,35.86324800029647],[-114.67818599985345,35.8633110001174],[-114.67603000005244,35.863911000339684],[-114.67549000027726,35.86416000003009],[-114.67489299970238,35.86435700007584],[-114.67356000043205,35.86464699993214],[-114.67228900018772,35.86501100011263],[-114.66968700032281,35.865083999709526],[-114.66967999975184,35.86503600016163],[-114.66939900044274,35.865280000109685],[-114.66910700036469,35.865770999971986],[-114.66747100024736,35.86706099978284],[-114.6626230001698,35.869213000058124],[-114.66197999956414,35.86985000024691],[-114.66163599960757,35.870545000056765],[-114.66163599960757,35.871232999750745],[-114.66276299991189,35.87316299972188],[-114.6632139999986,35.87369200030037],[-114.66422900014992,35.87417499999081],[-114.66642799960863,35.87452199981502],[-114.66719400023791,35.87478699971869],[-114.66720900030653,35.87488400021448],[-114.66730899986564,35.87488400021448],[-114.66710999967403,35.874984000278545],[-114.6681449999168,35.87520100015087],[-114.66907700022745,35.87583399973022],[-114.67200899980521,35.878018000048016],[-114.6773649998709,35.88378700005464],[-114.67801400032431,35.88475200001396],[-114.67897199967591,35.885509999737764],[-114.68074699971041,35.886728999863905],[-114.6845539996974,35.889441999816846],[-114.69086999966282,35.89348899971729],[-114.69360200012233,35.89531100005197],[-114.69454000028075,35.896587000288484],[-114.69606400024507,35.896463999996854],[-114.69492799971994,35.897594000363476],[-114.69613200001716,35.8986619996802],[-114.6975580000722,35.89936000014266],[-114.69934300015247,35.90082799965702],[-114.70016999998282,35.90178100026182],[-114.70025799984636,35.90175699996675],[-114.70076900020753,35.90306400019787],[-114.70294900029798,35.90573800023581],[-114.70353799957864,35.90670700009587],[-114.70428900013931,35.907308000233655],[-114.7051190003427,35.907637000243774],[-114.7059910003789,35.908598000240104],[-114.70571400036947,35.90931600030218],[-114.70676700015562,35.908949999846335],[-114.70811200001982,35.90993299978652],[-114.70832299990703,35.91141599989204],[-114.70903799958437,35.91602400014522],[-114.70918700044558,35.91682700009315],[-114.70883000007022,35.91669699978486],[-114.70778399995675,35.91699299989645],[-114.70739800016737,35.918057000215384],[-114.70780499987318,35.91879699988085],[-114.70788000021624,35.91920700032302],[-114.70779900002537,35.92027499967955],[-114.70752299984086,35.92164500028024],[-114.70732899967211,35.926176999823625],[-114.70760300020679,35.92795000028146],[-114.7084690003952,35.928814000339294],[-114.70857800017515,35.92888499967247],[-114.71100099993987,35.93076699995023],[-114.71296500012026,35.93215900015213],[-114.71275599988287,35.932638999881334],[-114.71341299983392,35.93189999968326],[-114.7132349995587,35.93303500017339],[-114.71331199955158,35.93384399979332],[-114.71378399955468,35.93462500036262],[-114.72025900042708,35.944692000010605],[-114.7224930000459,35.948196999989534],[-114.72781800014941,35.95679599965675],[-114.72976200023835,35.95989500025546],[-114.72849600001686,35.96039500030557],[-114.72866599989617,35.96175699967003],[-114.72932799987008,35.962428000211965],[-114.72971200000964,35.96246400030095],[-114.7300900003014,35.962690999999296],[-114.73055300008367,35.96329499997446],[-114.73112299999606,35.9641050000202],[-114.7324560001647,35.96589100027709],[-114.7347090000501,35.9680470001391],[-114.73619500037961,35.96942100026908],[-114.74053600029397,35.97554500006092],[-114.74349399981098,35.983552999743864],[-114.74367100026132,35.98491699980693],[-114.74363799975102,35.98578499992761],[-114.74335700044195,35.98678599984711],[-114.74311700024244,35.987387000313284],[-114.74004300037447,35.990533999979334],[-114.73941300018764,35.99136299974789],[-114.73931799975307,35.99180400014743],[-114.7394809999597,35.99254200025534],[-114.73986900029719,35.99313799999082],[-114.74054399979158,35.99485300006233],[-114.74082900019692,35.996159999784915],[-114.74081499995323,35.99746400024933],[-114.74153600037668,35.999689999955095],[-114.74167899959349,36.00228300021227],[-114.74231600035137,36.004279999809874],[-114.7431630002732,36.00672199998216],[-114.74300500008945,36.00844999989724],[-114.74262400032295,36.00930700020648],[-114.74230100028274,36.01033499995452],[-114.74171200010377,36.01124899991226],[-114.74086600000687,36.01292799965564],[-114.73992399965049,36.013798999854984],[-114.73855500039515,36.01522300006293],[-114.738039999836,36.01568899967601],[-114.73728999999855,36.016178999874306],[-114.73746499990075,36.0163300002274],[-114.73789300042124,36.01653300015957],[-114.73806999997325,36.01658199986441],[-114.7385880000071,36.01661799995442],[-114.73869599996213,36.01660699996903],[-114.73901300015456,36.01653099982995],[-114.73942999990608,36.01639099987899],[-114.73956399980038,36.01631500025818],[-114.73998999977273,36.01600299967025],[-114.74085900033415,36.01530700000024],[-114.74102199964246,36.0151599998695],[-114.74238499994833,36.01367399988566],[-114.74255800020067,36.013524000096744],[-114.7426569999349,36.013494999654135],[-114.74292800009654,36.013511999839714],[-114.74302000015805,36.013559000290996],[-114.7430789997093,36.013640000307326],[-114.74311100039466,36.01373100006483],[-114.74311100039466,36.01382800018574],[-114.74308799993011,36.01387899978947],[-114.74301400031027,36.01396299970593],[-114.74291899987573,36.01402299990286],[-114.74283000018725,36.01406100010084],[-114.74254099958394,36.014139000105644],[-114.74231700017629,36.01425199991978],[-114.74203400031907,36.0144529997354],[-114.74188199998308,36.01459499987462],[-114.74175499976148,36.01475200002744],[-114.74170600025599,36.0148370002898],[-114.7416290002631,36.01504799972421],[-114.74161099982145,36.01523800023991],[-114.74164599998153,36.01540200000317],[-114.74169399966212,36.0155049998617],[-114.74204699983953,36.01587199997747],[-114.74223900035847,36.01603500006687],[-114.74245299972038,36.01615999992487],[-114.74259099981265,36.01621500014835],[-114.74288399971562,36.01629499981041],[-114.74304799974716,36.016323000145256],[-114.7442050001887,36.01641600004418],[-114.74463299981086,36.01637900005845],[-114.7449809999654,36.01628399977998],[-114.74708099968993,36.01558399970429],[-114.747268000186,36.01554499969988],[-114.74750099981449,36.01552499978333],[-114.74777899964884,36.01554700005458],[-114.74804700033576,36.01561700008414],[-114.74894699996103,36.015970000178626],[-114.7494010004208,36.01609800028749],[-114.74968099990497,36.01614199977731],[-114.74999800009735,36.01615100021492],[-114.75031500028977,36.016125999965666],[-114.7504929996667,36.01609299979892],[-114.75078800011781,36.016008999972684],[-114.75102099974629,36.01591700012944],[-114.75138599961927,36.015690000214825],[-114.75160200042765,36.015500999876714],[-114.75231999957975,36.01474099978165],[-114.75259699958917,36.014519999802275],[-114.75275499977292,36.01442100014973],[-114.75305000022402,36.014280000253805],[-114.75331899983755,36.01419100006598],[-114.75378699964268,36.01410300033657],[-114.75407299987295,36.01407499993967],[-114.75438500004249,36.01408099966225],[-114.75453700037845,36.01410300033657],[-114.75504199999354,36.01423099984438],[-114.75581399957228,36.01447799978869],[-114.75713599987027,36.014950999651504],[-114.75788400005787,36.01518399987989],[-114.75812900028026,36.01523100006079],[-114.7583650002818,36.015255000049606],[-114.75859299988745,36.015251999869754],[-114.75884599960744,36.015215000064195],[-114.75905099964686,36.01515500004804],[-114.75926400008218,36.01505099991184],[-114.75947199959633,36.01491699989738],[-114.75966999996305,36.01475500022633],[-114.75982499977373,36.01456400017308],[-114.75994299977452,36.01435499982788],[-114.76023400002765,36.01347700035123],[-114.76029599995195,36.01335100002935],[-114.76039899988412,36.013198999938204],[-114.76053199995349,36.013066000253815],[-114.76072100009937,36.01294300026946],[-114.76090900042036,36.01286599965577],[-114.76134500043844,36.012733000136144],[-114.76157800006696,36.012621000175365],[-114.76181900009139,36.01246499999075],[-114.76198899997067,36.01227199976363],[-114.76204699969699,36.01216200031508],[-114.76220999990363,36.011755999938195],[-114.76229100009448,36.01161399977096],[-114.76237899995805,36.01151699983206],[-114.76260099971587,36.01136700029831],[-114.76277999981602,36.01129000032503],[-114.76309799983333,36.011224000288145],[-114.7634540003838,36.01118600017573],[-114.76363699978359,36.01114200009917],[-114.7637999999902,36.01107699980907],[-114.76397400006748,36.01096700014622],[-114.7641089997867,36.0108379998242],[-114.76427100016839,36.01064599984962],[-114.76443100000198,36.01051200033966],[-114.76465299975982,36.0104159996505],[-114.7648820000887,36.010358999980774],[-114.76505299979293,36.010342999721885],[-114.76521099997667,36.01034899972853],[-114.76540900034337,36.01038599963824],[-114.7655929995681,36.01045599989133],[-114.76575800032285,36.01055299968248],[-114.7658479998362,36.01062799989616],[-114.7661630003788,36.010961000186626],[-114.76631700036457,36.01109499966002],[-114.76646999962713,36.01119399985672],[-114.76667300001672,36.011270999923724],[-114.76692300026198,36.01132699979312],[-114.76706899985183,36.01134199998496],[-114.76771999995509,36.0113059996651],[-114.76794799956072,36.011324000190406],[-114.76813500005677,36.011362000236254],[-114.76857899957247,36.01151400023657],[-114.76879899968051,36.011606999996566],[-114.7704099996835,36.01235000008554],[-114.7707820001275,36.012484000104266],[-114.77104499989323,36.01254099969072],[-114.7712909999405,36.012552000243595],[-114.77184499995937,36.01252900001068],[-114.77446100006794,36.012306999787214],[-114.77474200027534,36.01226000004264],[-114.77489999956077,36.012214999982646],[-114.77518199959309,36.012109999742826],[-114.77542000014276,36.011985000001594],[-114.7757530002287,36.011760999975216],[-114.77643399957086,36.011259999918785],[-114.7767039999076,36.011092999918986],[-114.77693200041155,36.01097900006405],[-114.77709399989493,36.01092000032934],[-114.77744000039966,36.010826999758834],[-114.77872199961637,36.01050800010135],[-114.78020999959568,36.010208999696864],[-114.78393200009216,36.0095020002078],[-114.78714099967935,36.008847999942866],[-114.78898699985898,36.008500000170336],[-114.78951099974063,36.00842199967228],[-114.79004800004104,36.0083630002039],[-114.7906449997176,36.00832099981645],[-114.79185400003769,36.00832699997698],[-114.7922909998807,36.008352999698445],[-114.79271199983017,36.00839500006885],[-114.79327199969683,36.00848600006798],[-114.79408400035688,36.0086560002082],[-114.79519700041746,36.00894099994146],[-114.79576700032987,36.00906999973441],[-114.79618599973122,36.00913999970272],[-114.79683600000956,36.00922799988604],[-114.79724899956314,36.009243999644625],[-114.79762000018219,36.00924600015919],[-114.79834999992813,36.00921300001864],[-114.79881299971044,36.00916400009276],[-114.80388900029195,36.00828099994567],[-114.80760699969215,36.00756100025484],[-114.80988300004209,36.00716099968462],[-114.81130700044733,36.00688500009907],[-114.81315399955353,36.006553999887956],[-114.81425999994143,36.00633200027848],[-114.8149460002048,36.00611700030636],[-114.81530000020712,36.00597500015539],[-114.81588400036324,36.00569099981293],[-114.81618700031191,36.005519999878416],[-114.81670399962256,36.00517599973228],[-114.81722599985439,36.00476200010573],[-114.81758999990244,36.00438900012705],[-114.81798400008776,36.003929000338154],[-114.82092900008429,36.0002970002674],[-114.8109259997825,36.00028800019993],[-114.78773700042932,36.000216000349795],[-114.78772400001053,35.988251999674695],[-114.78778699975973,35.979141999790215],[-114.78774199955387,35.96907300030038],[-114.7878420000113,35.94938999995604],[-114.76994100005344,35.94915600034709],[-114.76996500034289,35.94052299985675],[-114.77000399980263,35.93450399978586],[-114.76960600031771,35.920528999673465],[-114.78743699995535,35.920581999775514],[-114.80540599968526,35.92031200035378],[-114.80544699969316,35.91852999967816],[-114.80552399968606,35.906073000154535],[-114.79888300003063,35.90607499964587],[-114.7989089999699,35.895373999847074],[-114.79515999970926,35.89535599980677],[-114.79512299989932,35.808192000153035],[-114.77485400042832,35.808192000153035],[-114.77525000026345,35.79289800032767],[-114.79497499976132,35.79289499972153],[-114.80697599968038,35.79292799982452],[-114.82083600019786,35.79294200021731],[-114.86408200020824,35.7929090001202],[-114.88296399998224,35.79299499970434],[-114.88295999978426,35.80331999981511],[-114.88848400007943,35.79204399979649],[-114.8957900000818,35.783240000118305],[-114.90295200014414,35.77418399989343],[-114.91051599988937,35.76501600021091],[-114.91236600026696,35.76273999979164],[-114.913720000352,35.759915999927905],[-114.91691899989341,35.75223600007029],[-114.92108499990559,35.74279900008672],[-114.9274579997724,35.72887299967495],[-114.92745299974953,35.72051399994542],[-114.93634800001357,35.72051499984216],[-114.93635899988423,35.71991399981511],[-114.93630100015794,35.67697999971015],[-115.0253599998834,35.67698999975945],[-115.02538900019574,35.719840000298014],[-115.02537599977695,35.72052399964185],[-115.04553200016835,35.72052600016446],[-115.04585600003345,35.720052000347295],[-115.0467830003212,35.718335000342236],[-115.06095400028502,35.69381600003344],[-115.06133199967844,35.6933849996773],[-115.06909299996552,35.67971999992385],[-115.06921099996629,35.67925400012293],[-115.06921099996629,35.67900700029156],[-115.06937599982273,35.67860200023104],[-115.07347400006283,35.662499999752825],[-115.07361399980492,35.66185899986755],[-115.0757169999025,35.653582999895924],[-115.0757169999025,35.65325100009227],[-115.07602499987408,35.652404000031964],[-115.08107100031833,35.632457999768405],[-115.08100199982307,35.632208999916664],[-115.0814139995517,35.63129099970011],[-115.0816949997591,35.629993000171446],[-115.08296400035363,35.624987000154725],[-115.0831650001951,35.62397099989937],[-115.0842580001642,35.61918600003967],[-115.0842580001642,35.618797000134215],[-115.08406200034564,35.61868199967029],[-115.08400500044421,35.618453999868045],[-115.08408999993472,35.61824700007079],[-115.08504399998665,35.61767299990113],[-115.08535100013333,35.617399999951125],[-115.08546300028634,35.617170999683665],[-115.08531799962304,35.61693900028746],[-115.08487400010735,35.61670400027599],[-115.08481700020594,35.61650999987052],[-115.08492599998591,35.615493000239546],[-115.08567499999843,35.61287100003786],[-115.0864189999881,35.60862900015678],[-115.0864330002318,35.608249000080434],[-115.08585800029655,35.60525100033398],[-115.0864469995772,35.60500500013348],[-115.08723199957475,35.60455600001463],[-115.08734499955264,35.604215999714],[-115.08723199957475,35.60267599998196],[-115.08731699996355,35.601656999923314],[-115.08754100026954,35.60118099967516],[-115.088074000372,35.599756000050995],[-115.088804000118,35.59894200002714],[-115.08899999993658,35.59848900035933],[-115.08905600001304,35.59762800028872],[-115.08942099988604,35.59608900014195],[-115.08939400012186,35.59540899992583],[-115.08894499968497,35.595025999863765],[-115.0888049999429,35.594777000337544],[-115.08888899960849,35.59441399976379],[-115.08911299991448,35.59421099992657],[-115.08970299991836,35.59398699986139],[-115.08995499981343,35.593784999695565],[-115.0903199996864,35.59283399992047],[-115.09051600040331,35.59167900007352],[-115.09043100001449,35.591179999821755],[-115.09085299978886,35.589934999644065],[-115.09092899995687,35.58962700029055],[-115.08007200006055,35.58966200001109],[-115.0786040001727,35.58964099988842],[-115.07483900001851,35.58954199965315],[-115.06935900010427,35.58955900022618],[-115.03726899974096,35.58873199983759],[-115.03701600002097,35.58885199994859],[-115.03682100002729,35.58904400004427],[-115.0366729998893,35.58915400033299],[-115.03625600013778,35.58931799967256],[-115.03396899991719,35.5891309999132],[-115.0259850000474,35.58889199970212],[-115.00984800025338,35.58857299974227],[-114.99841100039895,35.588396999976034],[-114.93484599979057,35.588579000275374],[-114.9343219999089,35.582292000127524],[-114.93251799956208,35.55743000018126],[-114.93228999995647,35.554068999737595],[-114.93220700011577,35.553324000096985],[-114.93209499996279,35.549935999916],[-114.93201100029721,35.54945499995813],[-114.93195299967255,35.54940799985458],[-114.93143899983666,35.542294000270246],[-114.93142499959295,35.54224599968784],[-114.93143299998887,35.54221700006823],[-114.93094000006936,35.53538400005953],[-114.9324079999572,35.52352600010239],[-114.93362399995,35.5227329998424],[-114.93371299963846,35.52203800001289],[-114.93533500041042,35.5093429996983],[-114.93523999997583,35.5093429996983],[-114.93487500010286,35.50920100011439],[-114.93461800018493,35.50907399967645],[-114.93445499997827,35.5090630002164],[-114.93468599995698,35.50767699988396],[-114.93539599961144,35.4999890000367],[-114.93595800002626,35.496845999775914],[-114.93672299993231,35.49213999995213],[-114.9370529996452,35.48911799988603],[-114.93746299972402,35.485722999948536],[-114.93755399996061,35.48555900006466],[-114.93755399996061,35.48496999979196],[-114.93771600034233,35.48362899996343],[-114.93804100003233,35.476628000083586],[-114.9384610001569,35.47316099974947],[-114.93927000044391,35.47024600007129],[-114.94204899986075,35.471101999806244],[-114.94836900002413,35.47308700000153],[-114.94993499982127,35.47356500025681],[-114.99163900032394,35.48658700012646],[-115.07712000039132,35.51318200032854],[-115.07837099964587,35.513517999756104],[-115.07975499986813,35.51378700024508],[-115.08118599994609,35.51395100027217],[-115.08177400030013,35.51398900027519],[-115.08290699955391,35.51402999966182],[-115.08808299969454,35.51411199983467],[-115.08976499984263,35.51412499990789],[-115.09412800039661,35.514229999972066],[-115.09818499973053,35.514298999897676],[-115.12036999970134,35.51464799975743],[-115.1224989997382,35.51466500013299],[-115.12511700039487,35.51472699992367],[-115.12622999955718,35.514704000077685],[-115.12752199971793,35.514605999674465],[-115.12788099974311,35.51456499985077],[-115.1287720000459,35.514408000136214],[-115.12982099963408,35.5141670002425],[-115.13067799960164,35.513931999898304],[-115.1312459998642,35.513746000003124],[-115.13253200017719,35.51324300023549],[-115.1330100000281,35.51302899984254],[-115.13347199998545,35.512793999823366],[-115.13429399979293,35.512332999772774],[-115.13478599988751,35.5120240001844],[-115.13522899957829,35.511722000161676],[-115.13578299959717,35.51130800032331],[-115.13615400021625,35.5110070001268],[-115.13662700004426,35.510588000066356],[-115.13704100032105,35.510187999815024],[-115.13758699994398,35.509614999847926],[-115.13793099990059,35.50921000032207],[-115.13825499976566,35.50879500034106],[-115.13919399974903,35.50753199990359],[-115.13996299985305,35.506452000058026],[-115.14034199996973,35.50597499979834],[-115.14108699978432,35.50512100002306],[-115.14157399985604,35.504661000201786],[-115.14221099971556,35.504132000111845],[-115.14304500011693,35.50350399971732],[-115.14926399999794,35.49901399989599],[-115.15050099990714,35.49816800019854],[-115.15142800019488,35.497617999663724],[-115.15196100029738,35.49733800025867],[-115.15289600008276,35.49688300005823],[-115.16184900007312,35.49281799979334],[-115.16656699955601,35.490654000082706],[-115.16756099979094,35.490258000166804],[-115.16913499998402,35.48973600005527],[-115.17346000000484,35.48840799987279],[-115.17514399980274,35.48787500001085],[-115.17940100005153,35.486589999821355],[-115.18106899995591,35.486058000241286],[-115.18256899963082,35.48555800015352],[-115.19066899985157,35.48279000027725],[-115.19216500022684,35.48230600029888],[-115.19281200013212,35.4821200003119],[-115.19523900009479,35.481536000245356],[-115.22319100003502,35.476270000112805],[-115.22537799979817,35.47588900002358]]]},"properties":{"zcta":"89046"}},{"type":"Feature","geometry":{"type":"Polygon","coordinates":[[[-115.15478300027024,36.15914700012066],[-115.15477800024739,36.15911099997084],[-115.15471700014803,36.159073999638494],[-115.15406799969458,36.15906400015332],[-115.15420300031212,36.15889299983878],[-115.1535250004447,36.15889600034375],[-115.15345099992653,36.15984800030701],[-115.15318200031301,36.160288000333324],[-115.15271199995972,36.160997000153245],[-115.1520540001838,36.16071500035659],[-115.1528219995646,36.159555999856],[-115.15193299980997,36.15913500031433],[-115.15211199991009,36.1590470002278],[-115.15218399988012,36.158973999652524],[-115.15221800021531,36.15889299983878],[-115.15046800029516,36.158886000110634],[-115.14941899980866,36.15890800018667],[-115.14741899964325,36.158886000110634],[-115.1459309996639,36.158887999722154],[-115.14587299993758,36.15903499968091],[-115.1456190003927,36.159437000321574],[-115.1446429997011,36.15900700008993],[-115.14448700006551,36.15895200032029],[-115.14455999986043,36.158832999869034],[-115.14308399957667,36.158831999699956],[-115.1425730001138,36.159626000137756],[-115.14075899972124,36.15883900015822],[-115.13693199964278,36.15887999982504],[-115.1368909996349,36.15924999965207],[-115.13684399977924,36.15938700021341],[-115.13662200002139,36.15979499999045],[-115.13645499961682,36.16000899989926],[-115.13581199990948,36.159720999953905],[-115.13532200036303,36.159523999810055],[-115.13534400010433,36.15935900002284],[-115.13534699957908,36.158878000213306],[-115.13398800036946,36.15889000005899],[-115.13397099975275,36.15922099997375],[-115.1339130000264,36.159450000242956],[-115.133848999554,36.159582999816664],[-115.13345799974174,36.16016600000312],[-115.13226799968822,36.15966800027678],[-115.13277700039959,36.158878000213306],[-115.13131600018443,36.15888099999357],[-115.13131700000935,36.1590269997988],[-115.13128500022229,36.159306000101054],[-115.1312509998871,36.15943499999875],[-115.13002700039672,36.159423999672796],[-115.1290130000703,36.15943200023964],[-115.12883899999305,36.15944799992042],[-115.12516800044853,36.15944000008043],[-115.12231600033837,36.15941599983037],[-115.12230899976737,36.15981400006699],[-115.12158800024227,36.15980900000916],[-115.12159300026511,36.15957600015012],[-115.12058200031177,36.15956300024963],[-115.1205799997636,36.15962499997879],[-115.12012500037726,36.15961599999773],[-115.12012700002711,36.159563999684146],[-115.12010100008784,36.159563999684146],[-115.12010299973763,36.15950400022796],[-115.11970299970457,36.159495999668415],[-115.11970600007763,36.15941800015367],[-115.1186850000785,36.159413000070536],[-115.11848000003909,36.15967100002687],[-115.11716100011418,36.159108000199396],[-115.11675400040839,36.15888099999357],[-115.11613000006932,36.15888300033051],[-115.11609400008432,36.15953900003722],[-115.11541299984384,36.15954000019728],[-115.11528599962223,36.15953199964145],[-115.11502299985649,36.15947200016073],[-115.11389300007744,36.15942700015745],[-115.11384299984873,36.15941800015367],[-115.11384399967362,36.15932500029609],[-115.1113969996195,36.15930899986493],[-115.11139400014476,36.15971599989009],[-115.11021900015989,36.159713000141785],[-115.1102230003578,36.159527000290886],[-115.1095320000716,36.159522000214686],[-115.10950600013233,36.16088000019098],[-115.10953399972144,36.161027000041045],[-115.10953399972144,36.16126999986968],[-115.10864999998967,36.16127499983439],[-115.10864199959374,36.159387999650164],[-115.10546200031888,36.1593730001194],[-115.10545499974788,36.158887000279016],[-115.09801400002628,36.158873000095724],[-115.09810899956253,36.161539999682276],[-115.0981200003315,36.16229300021784],[-115.09809500021716,36.16247799991106],[-115.09833399969344,36.16253799999225],[-115.09850199992292,36.162551000124694],[-115.09868299967289,36.16262200002871],[-115.09900200041344,36.16270700009488],[-115.09890600015397,36.16281800024732],[-115.09866799960427,36.16316600001997],[-115.09847000013586,36.163524000066296],[-115.09838300009726,36.16371900009861],[-115.09797800004128,36.16363399967925],[-115.09723599970147,36.16364600024747],[-115.09720800011236,36.16393900007333],[-115.09712899957132,36.16392999986234],[-115.09703300021016,36.16389100014469],[-115.09701099957056,36.163553999712335],[-115.09463700020964,36.163573999711744],[-115.09464999973011,36.163807000017506],[-115.09440500040601,36.163802000214346],[-115.09439299981217,36.16364000032618],[-115.09369099965528,36.16364899984528],[-115.0936990000512,36.163920999650266],[-115.09383299994553,36.1640629998134],[-115.09423100032878,36.164454999806956],[-115.09452199968361,36.164708000105065],[-115.09485499976952,36.16497999986154],[-115.09523100041147,36.165253000211884],[-115.09603499977729,36.1657569997552],[-115.09663300017708,36.16606500009681],[-115.09737499961861,36.16638700024767],[-115.09781400000976,36.16655199974707],[-115.0982170004159,36.16668300018788],[-115.09820399999708,36.1697899998462],[-115.09823999998211,36.17296700030626],[-115.09825000002785,36.17715700006202],[-115.09828000016509,36.180909000311374],[-115.09826500009646,36.18111599993608],[-115.09829900043165,36.185545000295555],[-115.09829000021082,36.186234999825636],[-115.09830199990641,36.1873589997902],[-115.09828400036304,36.1881290003519],[-115.09924400026277,36.188137000163586],[-115.10241699986494,36.18820800008776],[-115.1024150002151,36.18777200012978],[-115.1037390001629,36.18779499987229],[-115.10372699956903,36.18824000002232],[-115.10417500018102,36.188249000341386],[-115.10422600023463,36.18780800016505],[-115.10721100041414,36.18786299998553],[-115.107208999866,36.188311999646025],[-115.10864800033984,36.188344000263115],[-115.11610800032803,36.18848300029959],[-115.12898700013103,36.1884280001895],[-115.1297510002122,36.188452000255474],[-115.13541000022659,36.18842899998089],[-115.13583600019894,36.18777999997793],[-115.13644899976903,36.18796399988491],[-115.13684999962703,36.18798800009308],[-115.13684899980211,36.18735700018002],[-115.13852699975223,36.18735000009389],[-115.1385240002775,36.18653299982791],[-115.13667399989991,36.18649799974767],[-115.13779600018137,36.184804000080575],[-115.13980100036964,36.18170000007614],[-115.1401500003491,36.18118900019165],[-115.14113799983792,36.18132799987443],[-115.14185900026138,36.18137199974872],[-115.14256200024316,36.18006199972907],[-115.14439300035417,36.17730100004007],[-115.14501500014508,36.17639300008196],[-115.14549200017109,36.17561099998986],[-115.14559799957799,36.1754720003156],[-115.1458090003635,36.17507299985495],[-115.14688600043908,36.1734119998495],[-115.14721600015197,36.172858000003494],[-115.14832500001461,36.171225999781704],[-115.1483790004413,36.171049999824824],[-115.14903999969198,36.17002799993562],[-115.14977199998609,36.16894200013033],[-115.15139600040783,36.16640600017692],[-115.15015799977546,36.165883999757774],[-115.15112500024621,36.16442399968277],[-115.15124099969881,36.164159000155884],[-115.15127000001117,36.16398200018086],[-115.15126900018625,36.16389100014469],[-115.15155000039363,36.163941000281234],[-115.15165499997562,36.163913000266724],[-115.15172100009785,36.16383700028049],[-115.15331600020731,36.16138400029081],[-115.15431200009205,36.15991099996607],[-115.15478300027024,36.15914700012066]]]},"properties":{"zcta":"89101"}},{"type":"Feature","geometry":{"type":"Polygon","coordinates":[[[-115.09875399981802,36.163031999881966],[-115.09900200041344,36.16270700009488],[-115.09868299967289,36.16262200002871],[-115.09850199992292,36.162551000124694],[-115.09833399969344,36.16253799999225],[-115.09809500021716,36.16247799991106],[-115.0981200003315,36.16229300021784],[-115.09810899956253,36.161539999682276],[-115.09801400002628,36.158873000095724],[-115.09468200041549,36.15889699978677],[-115.09471199965438,36.16068099976734],[-115.09363399975388,36.160671999907514],[-115.09363100027915,36.16001399994433],[-115.09358900044636,36.15889699978677],[-115.09062500018327,36.15888899989057],[-115.08854600037512,36.15896099965226],[-115.08523700033054,36.15895900004254],[-115.08347499981649,36.15897200004318],[-115.08201500032456,36.159004999756085],[-115.08019799955893,36.15900599992302],[-115.0802589996583,36.160556999754455],[-115.07718999981319,36.16057900008694],[-115.0771909996381,36.16064699988862],[-115.07581700035992,36.160651999893],[-115.07565800035125,36.160561999764646],[-115.07458299992547,36.16057199978405],[-115.07439999962737,36.160661999900924],[-115.07396600015743,36.16054000015273],[-115.07332900029787,36.16009899993717],[-115.06812800004289,36.16012000024548],[-115.06817200042381,36.15992200022369],[-115.06816900005079,36.15906000021384],[-115.06648299970472,36.159075999970526],[-115.06375500034149,36.159072000031664],[-115.06222499963104,36.159108000199396],[-115.06060299975739,36.159095999661794],[-115.05781199974666,36.1592080000144],[-115.05774899999747,36.162827999978894],[-115.05767799985237,36.162922000149514],[-115.05752200021675,36.16295099990935],[-115.05593600032813,36.163034000112994],[-115.0560180003439,36.159272000351315],[-115.0533510001817,36.15938499988931],[-115.05148599973552,36.15937999980407],[-115.0473950000664,36.159416999992004],[-115.04571399974323,36.15940000014307],[-115.04433500044213,36.15940500022699],[-115.04258499962366,36.159437000321574],[-115.03534599956845,36.159468000242065],[-115.03390899964273,36.15944500016185],[-115.03306699974378,36.15939899998117],[-115.03184499990321,36.159375999880716],[-115.03061700021489,36.15932699989647],[-115.0293280004272,36.159312000353985],[-115.0263499999204,36.159218999645375],[-115.02317800014312,36.15919200028466],[-115.02137100032157,36.159152000220715],[-115.01998799992423,36.15916900012348],[-115.0170089995925,36.15915700032049],[-115.0107980001074,36.15895900004254],[-115.00800399972358,36.15890199990282],[-115.00812400027249,36.173672000099614],[-115.01648999973374,36.17385899972105],[-115.0165650000768,36.17387899999153],[-115.01671999988748,36.173825999735],[-115.01676599991825,36.173910999978574],[-115.01675099984962,36.17754999975533],[-115.01676400026841,36.18061899979467],[-115.0167419996288,36.18116799972782],[-115.01900200008521,36.18122800000236],[-115.0211960004194,36.18124299970129],[-115.02116000043436,36.18470299973154],[-115.0211689997569,36.186931999926536],[-115.0211550004115,36.18864600009591],[-115.022590999614,36.188678999639755],[-115.02339200040336,36.18865300006619],[-115.02741199992737,36.18871499998309],[-115.02952000004778,36.18877799963789],[-115.0301469998616,36.18877299997782],[-115.03190699982748,36.18883499979971],[-115.03471200008195,36.188870000285576],[-115.03473700019633,36.18930699971117],[-115.03927999977702,36.189342999765884],[-115.03927099955621,36.18971399982841],[-115.0394179998693,36.189778999678005],[-115.04113699982729,36.18978399999882],[-115.04114299967509,36.18888599975672],[-115.0424449998816,36.18889299970557],[-115.04286699965597,36.18888000031793],[-115.04379800014172,36.188897000297544],[-115.04471700003356,36.188888999838476],[-115.04827200012546,36.18891100019263],[-115.0491190000473,36.18892899995058],[-115.05049900007161,36.18891800013929],[-115.05325699957207,36.18893599989558],[-115.05985700011792,36.188824999761614],[-115.06177600009248,36.18880799976637],[-115.0622630001642,36.188820999890986],[-115.06435700004093,36.18874299983594],[-115.06435299984295,36.19059399990502],[-115.06543699959124,36.19055099990036],[-115.06542800026875,36.18920600009376],[-115.06649299975045,36.189173000047],[-115.06648799972761,36.18865399985477],[-115.06866000032046,36.18856799986651],[-115.0686989997802,36.190333999988844],[-115.06977400020595,36.190293999869404],[-115.06975599976433,36.18944799977037],[-115.07069800012071,36.18941300026785],[-115.07070200031866,36.1896399997667],[-115.07082299979419,36.18964200004359],[-115.07078500015932,36.188466000230115],[-115.07083100019008,36.18848000020229],[-115.07189400002198,36.18850899992954],[-115.07388499996658,36.18849700026874],[-115.07987399969383,36.18850599983325],[-115.08623499986508,36.18839099992227],[-115.08852600028364,36.18833299964463],[-115.09364499962454,36.18825199972256],[-115.09370099970101,36.18962399972455],[-115.09369099965528,36.18970200035224],[-115.09374000005907,36.190268999874945],[-115.09417799972701,36.19054400009971],[-115.0945509999959,36.19083000035303],[-115.09470699963151,36.191000000099926],[-115.0949379996102,36.191138000015435],[-115.09558799988855,36.19143999994877],[-115.09574400042246,36.191533000121],[-115.09599499959432,36.19179700012499],[-115.09605499986877,36.191886999906515],[-115.09607699961006,36.19158500024705],[-115.09600999966293,36.1883410001605],[-115.09612500018896,36.18818799985011],[-115.09828400036304,36.1881290003519],[-115.09830199990641,36.1873589997902],[-115.09829000021082,36.186234999825636],[-115.09829900043165,36.185545000295555],[-115.09826500009646,36.18111599993608],[-115.09828000016509,36.180909000311374],[-115.09825000002785,36.17715700006202],[-115.09823999998211,36.17296700030626],[-115.09820399999708,36.1697899998462],[-115.0982170004159,36.16668300018788],[-115.09781400000976,36.16655199974707],[-115.09737499961861,36.16638700024767],[-115.09663300017708,36.16606500009681],[-115.09603499977729,36.1657569997552],[-115.09523100041147,36.165253000211884],[-115.09485499976952,36.16497999986154],[-115.09452199968361,36.164708000105065],[-115.09423100032878,36.164454999806956],[-115.09383299994553,36.1640629998134],[-115.0936990000512,36.163920999650266],[-115.09369099965528,36.16364899984528],[-115.09439299981217,36.16364000032618],[-115.09440500040601,36.163802000214346],[-115.09464999973011,36.163807000017506],[-115.09463700020964,36.163573999711744],[-115.09701099957056,36.163553999712335],[-115.09703300021016,36.16389100014469],[-115.09712899957132,36.16392999986234],[-115.09720800011236,36.16393900007333],[-115.09723599970147,36.16364600024747],[-115.09797800004128,36.16363399967925],[-115.09838300009726,36.16371900009861],[-115.09855999964924,36.163349999717234],[-115.09875399981802,36.163031999881966]]]},"properties":{"zcta":"89110"}},{"type":"Feature","geometry":{"type":"Polygon","coordinates":[[[-115.11892500027801,36.099946999650214],[-115.1189160000572,36.0973699997804],[-115.11889500014081,36.09650699969004],[-115.11772900037674,36.09653199982255],[-115.11772799965351,36.09295999968627],[-115.11801899990667,36.09295900012928],[-115.11797600024894,36.092417000272185],[-115.11807499998314,36.09241400012865],[-115.11803599962508,36.08670500007859],[-115.11879800005643,36.08668999972148],[-115.11881300012503,36.08618100003999],[-115.11811000014325,36.08617799965848],[-115.11657000028538,36.086233999986554],[-115.11653799960003,36.08550300018771],[-115.11652599990445,36.08456599997239],[-115.11654900036898,36.08365899990636],[-115.11653799960003,36.08257899981041],[-115.11655100001882,36.082430999961616],[-115.11656799973724,36.08059200025088],[-115.11651199966073,36.07891499980427],[-115.11759600030734,36.078883000272725],[-115.11874399962974,36.07890000013891],[-115.11874000033008,36.077198000168586],[-115.11867500003277,36.07249800011412],[-115.11868699972834,36.07156700000198],[-115.11866199961398,36.07130199985274],[-115.11864499989555,36.070140000176686],[-115.11848900025993,36.06454899973493],[-115.11829799956591,36.05686599965038],[-115.11826900015191,36.055028999944085],[-115.11810599994527,36.05501800023852],[-115.11766099970635,36.05520400007069],[-115.1174170002072,36.055268000231464],[-115.11726200039651,36.05524200001356],[-115.11706300020488,36.055252999687816],[-115.11684499974666,36.05520400007069],[-115.11664399990522,36.055252999687816],[-115.1160020000228,36.05520600014456],[-115.1160020000228,36.05321899971314],[-115.11823399999182,36.053199999981835],[-115.11818100028836,36.050951000307435],[-115.11817700009041,36.0500229997215],[-115.11815600017398,36.04953900004934],[-115.109256999712,36.04962700014507],[-115.10925400023726,36.05328700028094],[-115.10801399995503,36.05327899978993],[-115.10750900033997,36.05329800022839],[-115.1003010002469,36.053381000178746],[-115.10034800010256,36.05794299990194],[-115.10045600005756,36.06066200018468],[-115.09601300003598,36.06052500014655],[-115.09606400008961,36.06168700024263],[-115.09456600006453,36.06295499996429],[-115.09406200027436,36.063621999661684],[-115.09370099970101,36.06405699995406],[-115.09348899998892,36.06404699998271],[-115.0932260002232,36.06400099980757],[-115.09292199955125,36.06404300028425],[-115.09161900041818,36.06400700008453],[-115.09167999961922,36.066878999754444],[-115.09173099967285,36.06763700024193],[-115.08938699955087,36.06754999983283],[-115.08941300038845,36.06936000008976],[-115.08849799979622,36.069314000116776],[-115.08852799993346,36.07054200014462],[-115.08761200041465,36.07050799969945],[-115.08762599976002,36.07107399998529],[-115.08493299965859,36.07095800013025],[-115.08491699976507,36.07099999979706],[-115.08496399962073,36.07124700034011],[-115.08491699976507,36.07148299979924],[-115.0847999995892,36.071844000069355],[-115.08474100003797,36.07208799994707],[-115.08461899983922,36.07236799981439],[-115.08432199973831,36.07296700009646],[-115.08413199976751,36.07332899989658],[-115.08392199970523,36.07367499974476],[-115.08392900027623,36.074214000196235],[-115.08395000019264,36.07445000019158],[-115.08397699995682,36.07458200026167],[-115.0840239998125,36.0747030002523],[-115.0840239998125,36.074851000125726],[-115.08418000034641,36.07554900027794],[-115.08413299959243,36.07573599999777],[-115.08404499972887,36.07585699966496],[-115.08392300042847,36.07614200021556],[-115.08388200042057,36.07632899997744],[-115.08374699980303,36.0766640001124],[-115.0836589999395,36.07684599982371],[-115.08357100007593,36.07698299975539],[-115.08348300021241,36.07720799992023],[-115.08344300002943,36.07732399999573],[-115.08344999970211,36.07755400012761],[-115.08346999979362,36.077575999770325],[-115.08338899960275,36.07770799967572],[-115.08309999989774,36.07781900026618],[-115.08296000015568,36.0777069999248],[-115.08287099956888,36.077770000181836],[-115.08264700016124,36.07784699978214],[-115.08244899979451,36.07788199970751],[-115.08227999974008,36.07786900006893],[-115.08227499971724,36.07823899994426],[-115.0732170001449,36.07813900005154],[-115.0720210002436,36.07818499994539],[-115.07171499992184,36.078216999760976],[-115.06884299972023,36.07818799990596],[-115.06862500016035,36.07816100025665],[-115.06843600001447,36.07809500034886],[-115.0642499999108,36.07804100025106],[-115.06398899979489,36.08563299982654],[-115.06399800001574,36.086963000255146],[-115.06392500022079,36.088036000138445],[-115.06396799987851,36.08907500021692],[-115.06395799983275,36.09046200029236],[-115.06397499955119,36.09099199977431],[-115.0639689997034,36.09241400012865],[-115.0639460001372,36.092892000019965],[-115.06395100016006,36.09424600016792],[-115.06392299967267,36.09828500014397],[-115.0639400002894,36.09987800002824],[-115.06393100006859,36.100234000352195],[-115.06632399969608,36.10025099995626],[-115.06635300000839,36.09974200026973],[-115.06795700033867,36.09973599981601],[-115.0680739996162,36.099723000161994],[-115.0682970000973,36.09966800020621],[-115.06849700011384,36.09956600031825],[-115.06877499994818,36.09984799998431],[-115.06915099969181,36.09954700016793],[-115.06944600014293,36.09978399980401],[-115.07021400042201,36.09978200013777],[-115.07020199982817,36.10026300005883],[-115.07117199977364,36.10026700009256],[-115.07116199972788,36.099098000244965],[-115.07120899958353,36.09901200000893],[-115.07130800021608,36.09898200036026],[-115.07320000042644,36.0990009999213],[-115.07321600031997,36.10028099984628],[-115.07434799974885,36.10026800028243],[-115.08165600029935,36.10031099972488],[-115.08523099958443,36.10027399996972],[-115.09914399980534,36.10006099990283],[-115.09913299993468,36.09919599992649],[-115.09953299996779,36.09916800002992],[-115.09961400015864,36.099141999806015],[-115.099747000228,36.099063999808386],[-115.09982099984786,36.09898400004685],[-115.09987000025166,36.09888499989339],[-115.09988500032028,36.09876700000216],[-115.09988100012231,36.09844299985701],[-115.10103000016795,36.098445000283185],[-115.10101500009932,36.095699999675205],[-115.10382500037666,36.095629999704244],[-115.10382700002647,36.09648599977579],[-115.10385499961558,36.09678900017243],[-115.10388300010295,36.09690799963743],[-115.1039640002938,36.097102999755684],[-115.10401899964708,36.097199000015834],[-115.10412099975433,36.09732299999678],[-115.10439600011394,36.09727000026887],[-115.10478799975112,36.0972839998307],[-115.10641600037084,36.09728300032871],[-115.1094690003224,36.097250000060946],[-115.10955800001086,36.09750600001512],[-115.1096169995621,36.09758899977592],[-115.10980300023324,36.09766999972899],[-115.10993499957941,36.097676999837525],[-115.10997200028766,36.09863300019375],[-115.10997899996033,36.09939999980477],[-115.10996300006684,36.0999809997047],[-115.118220999573,36.09993699988763],[-115.11892500027801,36.099946999650214]]]},"properties":{"zcta":"89120"}},{"type":"Feature","geometry":{"type":"Polygon","coordinates":[[[-115.18095699980292,36.02841399998524],[-115.18095299960495,36.0277409996619],[-115.18082399973353,36.02243799976867],[-115.18058400043233,36.01317999999704],[-115.17858500009184,36.013268000030244],[-115.17738900019054,36.01346400024661],[-115.1760920000069,36.013605999987675],[-115.17238200010434,36.013735999976625],[-115.17106400000429,36.013704000099814],[-115.171042000263,36.01398899974842],[-115.16601000006243,36.01384200006602],[-115.16341800024331,36.013786999639805],[-115.16337399986239,36.01619900035151],[-115.15903499959784,36.01609400033261],[-115.1590399996207,36.01518499969855],[-115.15481400023239,36.0150599997474],[-115.1546319997592,36.01511500001193],[-115.15194399968061,36.015083999788295],[-115.15192699996219,36.01510500036299],[-115.15031799960902,36.01509899999179],[-115.15041800006645,36.013240000063355],[-115.14663299982078,36.013255999734284],[-115.14419499998746,36.01323799965016],[-115.13896500031848,36.013263999931795],[-115.13890800041705,36.01508799979439],[-115.1366439997627,36.01509800017205],[-115.1367219995805,36.01326600034439],[-115.12643299994677,36.01333299996698],[-115.12643399977166,36.01381000023224],[-115.12427299994778,36.01381100006833],[-115.12425200003138,36.014815999643695],[-115.1242169998713,36.014915000253296],[-115.12253499972317,36.014895999999155],[-115.12249100024057,36.01691300011257],[-115.11869799959898,36.0169090001991],[-115.11877799996493,36.013338999746026],[-115.11766499990432,36.013323000091965],[-115.11695100005187,36.01327100028562],[-115.11648200042181,36.01331599974275],[-115.11647099965286,36.014194000286174],[-115.11428800008765,36.01420199966189],[-115.11416000004114,36.019607999755735],[-115.11642999964496,36.01960099996476],[-115.11640500042894,36.02047900024375],[-115.11860499971257,36.02048099974666],[-115.11853500029069,36.02192999970054],[-115.11853299974254,36.02271999990602],[-115.11846999999335,36.024622000133256],[-115.11845699957456,36.02763900020035],[-115.11399099998674,36.02763900020035],[-115.11398099994099,36.02944999970684],[-115.11547999979098,36.029471000085515],[-115.11842700033564,36.0294479997051],[-115.1183810003049,36.033336999808824],[-115.11833199990107,36.03559200023514],[-115.11826699960379,36.040411999753374],[-115.11602700013715,36.04042899994268],[-115.11600100019788,36.04225800028323],[-115.11822999979384,36.04227099999541],[-115.11822800014401,36.044058000178694],[-115.11815600017398,36.04953900004934],[-115.11817700009041,36.0500229997215],[-115.11818100028836,36.050951000307435],[-115.11823399999182,36.053199999981835],[-115.1160020000228,36.05321899971314],[-115.1160020000228,36.05520600014456],[-115.11664399990522,36.055252999687816],[-115.11684499974666,36.05520400007069],[-115.11706300020488,36.055252999687816],[-115.11726200039651,36.05524200001356],[-115.1174170002072,36.055268000231464],[-115.11766099970635,36.05520400007069],[-115.11810599994527,36.05501800023852],[-115.11826900015191,36.055028999944085],[-115.1186209996061,36.054883999938625],[-115.11924900014311,36.0557859998217],[-115.11931000024249,36.05575799971513],[-115.11931899956502,36.05619900005526],[-115.12061800029677,36.056180000317156],[-115.12056600041824,36.05332599975768],[-115.12263699983042,36.05345600029484],[-115.1228379996719,36.05347199978746],[-115.12286899963404,36.05389500035439],[-115.12276300022714,36.05388000027532],[-115.12278400014354,36.0551579998095],[-115.1230629998028,36.05515899984704],[-115.12307200002364,36.05540600001524],[-115.12403299974825,36.05539699970519],[-115.12401799967965,36.05475000013679],[-115.12506399979313,36.05479399982593],[-115.12507499966378,36.05525799986937],[-115.1252110001062,36.055265000122986],[-115.1252029997103,36.055931000343996],[-115.1252250003499,36.05671700005369],[-115.12641000038056,36.05677400031779],[-115.12640600018258,36.05649600018117],[-115.12742499963356,36.056565000115974],[-115.12741299993797,36.05666199978524],[-115.12905200042836,36.05664000010286],[-115.12910199975876,36.05655499991869],[-115.12976100025794,36.05656400009631],[-115.12979399986992,36.05757799972074],[-115.13616699973672,36.057421999958585],[-115.1379250000528,36.057365000163905],[-115.13848599974433,36.05732599978366],[-115.14044800027493,36.057279000026],[-115.1414039999767,36.057292000162654],[-115.14209100006497,36.05728100004713],[-115.14407000031399,36.05722600017287],[-115.14572999982245,36.057159000115625],[-115.14945200031893,36.057062000332714],[-115.15437400001633,36.05696899976226],[-115.15439400010784,36.05539400032783],[-115.15437700038939,36.05422299981971],[-115.15497700043899,36.05422700001734],[-115.15497200041615,36.05508099978578],[-115.1583559999055,36.05507600031925],[-115.1583480004079,36.05464900011371],[-115.15949900010332,36.05466099991472],[-115.15949499990538,36.05565600022818],[-115.16271600008642,36.05565400016568],[-115.16271699991134,36.05452499964211],[-115.16335600031903,36.05453099991542],[-115.16335499959581,36.0569400000617],[-115.16786200008983,36.05692699986689],[-115.1710849999207,36.056898000150845],[-115.17310099997962,36.0569400000617],[-115.17458200028626,36.0569890000504],[-115.17682799960066,36.0569890000504],[-115.18060600017364,36.0570540002255],[-115.18058100005928,36.04981200026482],[-115.18063100028802,36.048360000049534],[-115.1806460003566,36.04476700011491],[-115.18060699999857,36.04356300029649],[-115.18061200002144,36.04284100007118],[-115.18051099973908,36.039924000359264],[-115.1805619997927,36.0371359997126],[-115.18063600031086,36.03486099981407],[-115.18064200015866,36.031444999789265],[-115.18062700009004,36.02843800031807],[-115.18095699980292,36.02841399998524]]]},"properties":{"zcta":"89123"}},{"type":"Feature","geometry":{"type":"Polygon","coordinates":[[[-115.24350600043508,36.02242999977583],[-115.24347399974971,36.020534000359376],[-115.2434949996661,36.013066000253815],[-115.23973999955767,36.011012000192],[-115.23756399966514,36.00978500001508],[-115.23697100018657,36.009476000138655],[-115.23667999993341,36.009221999794086],[-115.23637299978674,36.008777999715285],[-115.23628900012118,36.00851199973701],[-115.23626200035697,36.008260999639326],[-115.23639500042637,36.007790000151],[-115.23693100000357,36.00665200004695],[-115.23726099971647,36.00606699997534],[-115.23733900043257,36.00577800027475],[-115.2353359998941,36.00944300009433],[-115.23447899992655,36.01121599988353],[-115.23234499986684,36.01524300005612],[-115.23162199979355,36.01653300015957],[-115.23043500011309,36.01872500034947],[-115.22901099970788,36.02119199999381],[-115.2280399999375,36.02280800018541],[-115.22676100019554,36.025258000043294],[-115.2256899999677,36.0254590001227],[-115.22565099960967,36.02062800012453],[-115.22566400002846,36.01755599973182],[-115.22561399979972,36.01598900017387],[-115.22561499962464,36.01331999983856],[-115.21847100000399,36.01336199974256],[-115.209975999773,36.01344200012057],[-115.20777499976616,36.0134380000309],[-115.20786299962968,36.009797000112826],[-115.19431400035515,36.00985099980346],[-115.19431299963193,36.01079099993046],[-115.19432900042375,36.01119700019104],[-115.19430199976128,36.01277299992786],[-115.1943109999821,36.013470000015694],[-115.19207900001311,36.013489999727064],[-115.18989499972467,36.01356800029693],[-115.18824299971381,36.01353800003102],[-115.1873690000278,36.013433000100264],[-115.18624000007367,36.0131930001485],[-115.18410500018904,36.01293000007676],[-115.18319299996989,36.012922999692655],[-115.18338100029085,36.008061999839335],[-115.18364400005657,36.000377000095376],[-115.1836730003689,35.999044999907845],[-115.18079699996935,35.99898399991536],[-115.18053300037869,36.00761899968216],[-115.18048599962472,36.00978599990216],[-115.18049700039369,36.01107099985784],[-115.18059299975485,36.01339299991683],[-115.18095299960495,36.0277409996619],[-115.18095699980292,36.028401000165175],[-115.18095699980292,36.02841399998524],[-115.18062700009004,36.02843800031807],[-115.18064200015866,36.031444999789265],[-115.18063600031086,36.03486099981407],[-115.1805619997927,36.0371359997126],[-115.18051099973908,36.039924000359264],[-115.18061200002144,36.04284100007118],[-115.18060699999857,36.04356300029649],[-115.1806460003566,36.04476700011491],[-115.18063100028802,36.048360000049534],[-115.18058100005928,36.04981200026482],[-115.18060600017364,36.0570540002255],[-115.18353600010157,36.05709500004017],[-115.18353799975137,36.05705300021205],[-115.1880579997659,36.05712299967111],[-115.19002600014426,36.057171000260155],[-115.19095400025692,36.05721800008232],[-115.1992970001519,36.05715100001827],[-115.20094499996485,36.05711900034692],[-115.20157099995373,36.057090999988375],[-115.20366099963249,36.05706799968637],[-115.20617800000686,36.05707799981852],[-115.20782599981976,36.057059000292625],[-115.20851600028108,36.0570239998162],[-115.21031399988182,36.05697399983479],[-115.21229499978064,36.056885999964685],[-115.22494000013027,36.05644299980073],[-115.22494099995517,36.05636100019684],[-115.22526900001824,36.05636899964831],[-115.2262759997736,36.05634499983908],[-115.22969500032141,36.05623000007673],[-115.2315530001966,36.05620800027359],[-115.23265899968621,36.056140000050846],[-115.23332599968296,36.056133999900204],[-115.23357400027841,36.05614100007589],[-115.23397400031146,36.056180000317156],[-115.23464899980586,36.0561810003417],[-115.23561600027661,36.05611100004474],[-115.23622100034909,36.05604799986949],[-115.24024500007104,36.05585499965281],[-115.24168299982168,36.05580699971353],[-115.24304799977736,36.055812999889106],[-115.24321000015905,36.048524999986746],[-115.2433170002892,36.04492600004067],[-115.24333900003049,36.0430579997483],[-115.2433940002821,36.041201000357354],[-115.24341199982544,36.03396799974637],[-115.24344000031283,36.03034500012278],[-115.24343399956675,36.026709999802364],[-115.24346200005415,36.02516100018661],[-115.24346500042721,36.023931999996954],[-115.24350600043508,36.02242999977583]]]},"properties":{"zcta":"89139"}},{"type":"Feature","geometry":{"type":"Polygon","coordinates":[[[-115.11917499962496,36.11475000028469],[-115.11912000027169,36.1109700003606],[-115.11825599973312,36.11099899973281],[-115.11825200043347,36.110807000161394],[-115.11705800018201,36.110818000047495],[-115.11702399984682,36.109573000127924],[-115.1170310004178,36.10948400025458],[-115.11706900005267,36.10940500029064],[-115.1171140002585,36.10937300010812],[-115.11722999971113,36.109343000061244],[-115.11807599980803,36.10931799965057],[-115.11874799982769,36.10998199996162],[-115.1191219999215,36.10997600028996],[-115.11906699966993,36.10730000017264],[-115.1167400001647,36.10732699997415],[-115.11673000011893,36.10637100016699],[-115.11675400040839,36.10428800018255],[-115.11674299963941,36.10363399966017],[-115.11899200022518,36.10361200005179],[-115.11892500027801,36.099946999650214],[-115.118220999573,36.09993699988763],[-115.10996300006684,36.0999809997047],[-115.10997899996033,36.09939999980477],[-115.10997200028766,36.09863300019375],[-115.10993499957941,36.097676999837525],[-115.10980300023324,36.09766999972899],[-115.1096169995621,36.09758899977592],[-115.10955800001086,36.09750600001512],[-115.1094690003224,36.097250000060946],[-115.10641600037084,36.09728300032871],[-115.10478799975112,36.0972839998307],[-115.10439600011394,36.09727000026887],[-115.10412099975433,36.09732299999678],[-115.10401899964708,36.097199000015834],[-115.1039640002938,36.097102999755684],[-115.10388300010295,36.09690799963743],[-115.10385499961558,36.09678900017243],[-115.10382700002647,36.09648599977579],[-115.10382500037666,36.095629999704244],[-115.10101500009932,36.095699999675205],[-115.10103000016795,36.098445000283185],[-115.09988100012231,36.09844299985701],[-115.09988500032028,36.09876700000216],[-115.09987000025166,36.09888499989339],[-115.09982099984786,36.09898400004685],[-115.099747000228,36.099063999808386],[-115.09961400015864,36.099141999806015],[-115.09953299996779,36.09916800002992],[-115.09913299993468,36.09919599992649],[-115.09914399980534,36.10006099990283],[-115.08523099958443,36.10027399996972],[-115.08165600029935,36.10031099972488],[-115.07434799974885,36.10026800028243],[-115.07321600031997,36.10028099984628],[-115.07320000042644,36.0990009999213],[-115.07130800021608,36.09898200036026],[-115.07120899958353,36.09901200000893],[-115.07116199972788,36.099098000244965],[-115.07117199977364,36.10026700009256],[-115.07020199982817,36.10026300005883],[-115.07021400042201,36.09978200013777],[-115.06944600014293,36.09978399980401],[-115.06915099969181,36.09954700016793],[-115.06877499994818,36.09984799998431],[-115.06849700011384,36.09956600031825],[-115.0682970000973,36.09966800020621],[-115.0680739996162,36.099723000161994],[-115.06795700033867,36.09973599981601],[-115.06635300000839,36.09974200026973],[-115.06632399969608,36.10025099995626],[-115.06393100006859,36.100234000352195],[-115.06399399981777,36.101571000249585],[-115.06412400041242,36.10340200004881],[-115.0642499999108,36.105745000032705],[-115.06447900023967,36.11057900019684],[-115.06454399963869,36.111451000000365],[-115.06460300008824,36.11173499991033],[-115.06464900011898,36.112833999795164],[-115.06485400015839,36.11635299996387],[-115.0649589997404,36.11863200034534],[-115.06043700007606,36.11862200005862],[-115.06055400025191,36.12165799986822],[-115.06423099964424,36.12158300021444],[-115.06426400015451,36.12228400015269],[-115.06512399959684,36.12227700006004],[-115.0651560002822,36.12276600005613],[-115.06529900039732,36.12675100009583],[-115.0654319995684,36.12959799981922],[-115.06074199967456,36.12965200004237],[-115.06069900001688,36.13335499996764],[-115.06071300026059,36.13703299972046],[-115.06439200020101,36.13696699992664],[-115.06558999975213,36.13696999981958],[-115.06552399962992,36.14233199990868],[-115.07867500031782,36.142272000325576],[-115.07906100010719,36.14229399998459],[-115.08183799987424,36.14294199983598],[-115.08211599970856,36.14298000017165],[-115.082724999979,36.14301300008548],[-115.08898900006591,36.1430439999699],[-115.08957200039708,36.14306699978259],[-115.0900390003773,36.14293900017146],[-115.09030700016594,36.14278700008991],[-115.0906219998102,36.14254200026444],[-115.09107399972183,36.14228300015584],[-115.09119699974546,36.14611799990937],[-115.09144199996786,36.14619699992694],[-115.091657000053,36.146237000070776],[-115.09207600035266,36.14626400026511],[-115.09204299984239,36.1446450000692],[-115.09209100042128,36.144488000082156],[-115.09217599991177,36.14443399991235],[-115.09583999978359,36.144427999971775],[-115.0964380001834,36.14444799977187],[-115.09950500037868,36.14443799987246],[-115.10006799972007,36.1444530000838],[-115.09995300009234,36.14435999988795],[-115.10113599957482,36.14436199986989],[-115.10234499989491,36.14433600010029],[-115.10255900015517,36.14434699964115],[-115.10271200031605,36.14438899998426],[-115.10278699976078,36.144439999852466],[-115.1030200002876,36.14473099966091],[-115.10348600044294,36.14458500007892],[-115.10374400018578,36.14452399969111],[-115.10410999988368,36.14446800029227],[-115.10455599994752,36.14444399981227],[-115.10543200018166,36.144435000265126],[-115.10541399974001,36.1406940001851],[-115.10986900035549,36.14066599984911],[-115.10986699980735,36.14161900025122],[-115.10990100014254,36.144369999797306],[-115.11187500036868,36.144373999760674],[-115.11637899959136,36.144459999649484],[-115.11732199977264,36.14444199983237],[-115.11764200033811,36.144400999870854],[-115.11794100008883,36.14438500002165],[-115.11876299989632,36.14438300004024],[-115.11874799982769,36.14176399988844],[-115.11869099992629,36.14070199976104],[-115.11693599998327,36.140694999860095],[-115.11693599998327,36.140484999638424],[-115.11697100014338,36.137970000290714],[-115.11699799990754,36.137027999661086],[-115.1185720001006,36.137027999661086],[-115.11858399979617,36.13627399982822],[-115.11855200000912,36.133420000129746],[-115.11780200017168,36.13342099989742],[-115.11780600036963,36.13241400030728],[-115.11778700010306,36.132268000295674],[-115.11770400026238,36.13209700032435],[-115.1179109999516,36.13201099994337],[-115.11790699975366,36.13175499998934],[-115.11743300010072,36.131752999686036],[-115.11742899990277,36.13131200011692],[-115.11817100024263,36.13131900012944],[-115.1181789997402,36.13077399998193],[-115.11851600002412,36.13079299983379],[-115.1185019997804,36.13056000011136],[-115.1185140003743,36.13016600011865],[-115.11854899963606,36.12982700024162],[-115.11860700026071,36.12871399972453],[-115.11878999966048,36.1237099996908],[-115.11890000016368,36.1216159996936],[-115.11900200027091,36.1187749997346],[-115.1190290000351,36.11844199975934],[-115.11848800043501,36.1184470002772],[-115.11676100008107,36.11850500001988],[-115.11675299968515,36.118324000218095],[-115.11678199999747,36.11662699974808],[-115.11684999976956,36.11566899994281],[-115.11686200036343,36.114828999952145],[-115.11917499962496,36.11475000028469]]]},"properties":{"zcta":"89121"}},{"type":"Feature","geometry":{"type":"Polygon","coordinates":[[[-115.34240799973047,36.191623999956484],[-115.34163299977868,36.19153800032981],[-115.34146500044749,36.19143600021171],[-115.3398770000107,36.191318000264765],[-115.33920099979314,36.19129599986174],[-115.33845400032871,36.19131600003061],[-115.3381069999991,36.191354000119965],[-115.33735999963636,36.191477999977906],[-115.3367780000284,36.191606999843884],[-115.33152800026794,36.19293599964655],[-115.32969299995897,36.19337799967335],[-115.328738999907,36.19356599983052],[-115.32777200033459,36.1936730001465],[-115.32728199988982,36.193704000298816],[-115.32634000043174,36.19371700033566],[-115.32580700032929,36.19369100025982],[-115.3251100001953,36.19364100025707],[-115.32251699965295,36.19340300012518],[-115.321902000433,36.193326999741835],[-115.32069599958767,36.19313899973577],[-115.31922699987491,36.19285000001077],[-115.3185430001597,36.19268700026491],[-115.31744400034279,36.192398000321695],[-115.31586000010398,36.1918929998399],[-115.3144950001483,36.19139099971226],[-115.3127209999387,36.190624999826255],[-115.31208499990407,36.19030099969239],[-115.31111099976063,36.189767000211745],[-115.31095199975196,36.189715000328455],[-115.31034900022763,36.1893649999925],[-115.30947200016857,36.18880699997981],[-115.30799199968683,36.18778300010204],[-115.30739300036042,36.18735000009389],[-115.3051320000791,36.185663000240446],[-115.3040559998284,36.18480999983161],[-115.30285400007935,36.18390299974525],[-115.30280999969843,36.183835999669256],[-115.30223700031131,36.183440999896],[-115.29817800042925,36.18047400022133],[-115.29776400015245,36.18017800016423],[-115.29722500020218,36.179834000123336],[-115.29644900042548,36.179413999914125],[-115.29563699976545,36.17905799976222],[-115.29478900001871,36.17874600006693],[-115.29389299969307,36.17849200021089],[-115.29305199961901,36.17831400005511],[-115.2915500002943,36.178112999816705],[-115.29114100004037,36.1780880002849],[-115.29022100032361,36.17799699994952],[-115.28812400007382,36.177750999987836],[-115.28717199967168,36.177662999772764],[-115.28754599976553,36.18656200027607],[-115.28759000014645,36.18861699969437],[-115.28766899978916,36.1903610002211],[-115.28764200002497,36.19105499985374],[-115.2875800001007,36.191615999776054],[-115.2874739997955,36.19204600016181],[-115.28724700001476,36.192800000195994],[-115.28708299998326,36.193245999910246],[-115.28675400009529,36.19400099970934],[-115.28641099996359,36.19471100016179],[-115.28626299982558,36.19498100002261],[-115.28571600037773,36.19591299978289],[-115.28540400020819,36.1963880003235],[-115.28503099993928,36.19690799968685],[-115.2845749998297,36.197470000123],[-115.2841580000782,36.19796600023172],[-115.28372000041027,36.198449999787336],[-115.28234899970849,36.19983000023271],[-115.28037299983252,36.20186800008094],[-115.27992500011887,36.202384999725695],[-115.27955799969776,36.20294199978279],[-115.27927700038866,36.20353200003376],[-115.27905599955743,36.20427999992746],[-115.27901000042498,36.20458000001614],[-115.27897899956453,36.205029999805404],[-115.27894500012764,36.20626199970184],[-115.27892900023413,36.21015799990269],[-115.27890499994469,36.210522999953234],[-115.27882200010399,36.214080999687894],[-115.27878399957086,36.21730500001199],[-115.27878600011898,36.21863399983531],[-115.28335399981405,36.21860099987252],[-115.29830700030068,36.21855499963768],[-115.2994570001712,36.2185270003007],[-115.31565400023965,36.21831699988112],[-115.31796599967629,36.21831500033687],[-115.31969399985516,36.218340000071926],[-115.32816999981954,36.21838300003235],[-115.32905199990147,36.217318999900364],[-115.33053999988078,36.215659999670585],[-115.33186600037675,36.214485000201186],[-115.33329999992938,36.2133480000418],[-115.33623400005528,36.21110499995356],[-115.33701300020505,36.21048100025649],[-115.33776999971519,36.209841999915774],[-115.33814299998409,36.209465000241586],[-115.33848299974271,36.20907900010267],[-115.33886299968432,36.20860300020167],[-115.33939499996188,36.20783500001349],[-115.33973800009355,36.20723799982251],[-115.33998300031593,36.20673100026589],[-115.34032700027251,36.205855000068915],[-115.34053399996175,36.205172999700906],[-115.34068899977245,36.20441800035749],[-115.34165399969505,36.197094999661964],[-115.34240799973047,36.191623999956484]]]},"properties":{"zcta":"89134"}},{"type":"Feature","geometry":{"type":"Polygon","coordinates":[[[-115.24810400026739,36.15531000018331],[-115.24799899978709,36.153415999834166],[-115.24794299971059,36.152924000046305],[-115.24787699958834,36.151550000249486],[-115.2455700001746,36.15158800004173],[-115.2455009996793,36.150005999760026],[-115.24535699973926,36.147847999753324],[-115.24528599959415,36.14596099996888],[-115.24309200015828,36.14601499981291],[-115.24303000023401,36.1444080001666],[-115.24302699986096,36.14378800004963],[-115.24298599985309,36.14231799967154],[-115.24515400024798,36.142264999839256],[-115.24516400029373,36.14043100034042],[-115.24297400015752,36.14048300028306],[-115.24297900018038,36.13695300018313],[-115.24298300037836,36.13681199998375],[-115.24517199979132,36.13676299968538],[-115.24518799968486,36.13492300004591],[-115.2430159999903,36.134974000263604],[-115.24301799964012,36.13460800027134],[-115.24305600017328,36.13130100019966],[-115.24521799982207,36.13126900023369],[-115.24523799991357,36.12943800001473],[-115.24523600026376,36.12570099978728],[-115.24297099978446,36.12572799979283],[-115.2289780000959,36.125493999677786],[-115.22491800038895,36.12544600016334],[-115.21860700044641,36.125742000087676],[-115.2100600003369,36.12618199989321],[-115.20810500037733,36.126264999829],[-115.208080000263,36.12991200030124],[-115.20806400036946,36.130396999947266],[-115.20808100008789,36.13433400012313],[-115.20864199977946,36.134314999677564],[-115.20864699980233,36.13540400022638],[-115.2083060002188,36.13541500029405],[-115.2080900003087,36.13535799972873],[-115.20809100013362,36.13578300035056],[-115.20864199977946,36.13576499999365],[-115.2086519998252,36.13734900036039],[-115.20881900022978,36.13734400032115],[-115.20881400020689,36.137673000337905],[-115.21022099999539,36.13763199974074],[-115.21024199991179,36.13900499989286],[-115.20918300027786,36.13904900031147],[-115.20919800034645,36.14086199981474],[-115.21239900043604,36.140801000159215],[-115.21239699988789,36.14249000023563],[-115.21242600020021,36.14453099997588],[-115.21000699973516,36.14460299986317],[-115.20813799998929,36.144596000310294],[-115.208144999662,36.14815200031937],[-115.21029799998828,36.14813000012708],[-115.2103070002091,36.15176799976194],[-115.20815300005792,36.15176799976194],[-115.20812000044594,36.152123000316365],[-115.2079970004223,36.152739000294666],[-115.2079610004373,36.15310199984236],[-115.2080109997677,36.15463999969535],[-115.20799599969907,36.154896999906505],[-115.20794899984342,36.15513999987616],[-115.2078640003529,36.155401000025606],[-115.20765099991759,36.15581500003137],[-115.20728699986951,36.156245999838454],[-115.2065620001464,36.15698300026948],[-115.20615399971743,36.15749100005563],[-115.20605699963305,36.15767900002729],[-115.20596100027188,36.15791800008121],[-115.20588799957862,36.15817099971773],[-115.2058559997916,36.15838499970755],[-115.20585900016465,36.16001100020744],[-115.2193930002689,36.160076000042075],[-115.21937999985008,36.16098100006337],[-115.22162699988772,36.16098100006337],[-115.22164199995629,36.16123399996948],[-115.22161500019213,36.162228000045594],[-115.22166500042086,36.16229900024222],[-115.22175900013217,36.162324999858896],[-115.22273099972747,36.16233499965335],[-115.22274400014628,36.16246599988937],[-115.22284399970539,36.162695000108236],[-115.22284899972826,36.16314800014465],[-115.22385499965874,36.16314700003062],[-115.22394199969739,36.15925400030714],[-115.2255479996775,36.159258000236726],[-115.22817899985466,36.15923799986149],[-115.22815700011336,36.16011000016842],[-115.23091799998687,36.16011900009276],[-115.23103199978969,36.16014400028003],[-115.2310750003457,36.1601920003272],[-115.23108799986618,36.16026999979719],[-115.23107699999554,36.16081199986613],[-115.23121400026287,36.16080400016533],[-115.23157599976281,36.16070099977445],[-115.23307200013805,36.16070500035542],[-115.23331599963723,36.1607669999067],[-115.23338599995742,36.16067699991035],[-115.23358400032414,36.160505000065065],[-115.23440600013163,36.15995500026208],[-115.23454599987372,36.15984499983842],[-115.234651000354,36.159720999953905],[-115.23474199969228,36.159549000187056],[-115.23478000022544,36.159419999751684],[-115.23479399957081,36.15920599968574],[-115.23703599958556,36.15920000014994],[-115.2370020001487,36.15954400011226],[-115.23694500024727,36.15968299975116],[-115.23669400017711,36.16005599987557],[-115.23663399990265,36.16021100030752],[-115.23659799991765,36.16039199996554],[-115.23659500044292,36.16071599977642],[-115.23670699969757,36.16071300006633],[-115.23687400010218,36.1607369999194],[-115.23716600018022,36.16080500030931],[-115.23957800007429,36.161434999986525],[-115.23965900026514,36.16148000028779],[-115.23969100005219,36.16154300008594],[-115.239664000288,36.16288099969547],[-115.24143099992658,36.16290300010097],[-115.24146400043688,36.16363300029661],[-115.24200300038713,36.16361200020416],[-115.2418950004321,36.1591899999556],[-115.24379099994212,36.15918399969326],[-115.24377400022368,36.15851399967003],[-115.24358599990269,36.15534599990238],[-115.24520299975349,36.155335999941805],[-115.24618000026996,36.15531199988604],[-115.24810400026739,36.15531000018331]]]},"properties":{"zcta":"89146"}},{"type":"Feature","geometry":{"type":"Polygon","coordinates":[[[-115.18188499991561,35.96344899976106],[-115.18191599987775,35.96175400036348],[-115.1789070003071,35.9630299997849],[-115.17771999972835,35.963663999692656],[-115.17690899979151,35.964060000114465],[-115.17285999995521,35.96582299989567],[-115.17172900035126,35.966399999743125],[-115.17018600012034,35.96722400008665],[-115.16921799982468,35.96781299981675],[-115.16825999957474,35.96846200020441],[-115.15568600026859,35.97751600010175],[-115.15505100005886,35.97795200011482],[-115.15517699955724,35.97806399988274],[-115.15526199994603,35.978168000096105],[-115.15535300018264,35.97833699987792],[-115.15537999994683,35.97858400030607],[-115.15537599974886,35.97887699972328],[-115.15530499960374,35.97919600011712],[-115.15521799956511,35.97945200030281],[-115.1549349997079,35.980118999884695],[-115.15484699984435,35.98038499967575],[-115.15478900011803,35.98084500011727],[-115.15480300036174,35.9811940000508],[-115.15700799966824,35.98118800000664],[-115.15697800042935,35.984754000078496],[-115.15472100034597,35.984812999764905],[-115.15468500036097,35.98518099974532],[-115.15469200003365,35.98574299987196],[-115.15477099967637,35.98976000000248],[-115.15480400018663,35.99023799982939],[-115.15483199977574,35.9910659996767],[-115.15481400023239,35.99216099973812],[-115.154829000301,35.992946999897626],[-115.15035399959402,35.99290100034263],[-115.15036299981486,35.99380700035386],[-115.14780100013297,35.993772000112656],[-115.147247999939,35.99422400032997],[-115.14683299983732,35.994526999897055],[-115.14637400025302,35.99482800032699],[-115.14587700013556,35.99507399993648],[-115.14565600020259,35.99516900033664],[-115.1452829999337,35.99528499993567],[-115.1449309995812,35.99537200024982],[-115.14418599976662,35.995485000071746],[-115.14363500012082,35.99550600005301],[-115.14138499971013,35.99548999968708],[-115.14122599970146,35.99551299980322],[-115.13841200012452,35.99549800023384],[-115.13718799973583,35.99545500019268],[-115.136785000228,35.99546199994745],[-115.13640399956319,35.995522999756815],[-115.13626899984396,35.99552499989276],[-115.13453499981733,35.9954709998389],[-115.13438199965645,35.99548199986632],[-115.13407899970775,35.99554000018381],[-115.13392800009503,35.99558999992204],[-115.13364799971254,35.99573299994319],[-115.13312200018107,35.99608400028346],[-115.1330879998459,35.9960820001617],[-115.13301900024891,35.99603899971213],[-115.13226699986333,35.99536100020702],[-115.13158099959996,35.99479399988928],[-115.12598299968498,35.99883499981888],[-115.12664600038211,35.9993909999491],[-115.12695199980553,35.999677999772494],[-115.12727900004369,36.00004400015911],[-115.12746399999162,36.00027700011605],[-115.12761799997739,36.00052300017185],[-115.12777699998605,36.00089200027019],[-115.12785099960591,36.00116499976931],[-115.12790099983462,36.0015139999329],[-115.1279150000783,36.00184800019015],[-115.12789800035988,36.00266099986669],[-115.12341299960715,36.00261800009731],[-115.12339199969074,36.004330999777004],[-115.12114700020129,36.004329999820726],[-115.12108199990396,36.003892000304845],[-115.1210149999568,36.00366899977592],[-115.12094600035982,36.00350299965053],[-115.1207399995972,36.003146999770486],[-115.12041999993005,36.002777000074005],[-115.11845499992475,36.00420500009749],[-115.11436799955528,36.0072969996411],[-115.11708400012128,36.00961699990794],[-115.1178749999666,36.01032499969923],[-115.1180869996787,36.01055500016388],[-115.11823900001468,36.01074999998475],[-115.11843300018346,36.011057000212084],[-115.11854100013846,36.01127000005547],[-115.11862999982692,36.0114880001043],[-115.11869900032221,36.01171100031715],[-115.11875000037584,36.01193800006502],[-115.1188030000793,36.012340000085814],[-115.11869799959898,36.0169090001991],[-115.12249100024057,36.01691300011257],[-115.12253499972317,36.014895999999155],[-115.1242169998713,36.014915000253296],[-115.12425200003138,36.014815999643695],[-115.12427299994778,36.01381100006833],[-115.12643399977166,36.01381000023224],[-115.12643299994677,36.01333299996698],[-115.1367219995805,36.01326600034439],[-115.1366439997627,36.01509800017205],[-115.13890800041705,36.01508799979439],[-115.13896500031848,36.013263999931795],[-115.14419499998746,36.01323799965016],[-115.14663299982078,36.013255999734284],[-115.15041800006645,36.013240000063355],[-115.15031799960902,36.01509899999179],[-115.15192699996219,36.01510500036299],[-115.15194399968061,36.015083999788295],[-115.1546319997592,36.01511500001193],[-115.15481400023239,36.0150599997474],[-115.1590399996207,36.01518499969855],[-115.15903499959784,36.01609400033261],[-115.16337399986239,36.01619900035151],[-115.16341800024331,36.013786999639805],[-115.16601000006243,36.01384200006602],[-115.171042000263,36.01398899974842],[-115.17106400000429,36.013704000099814],[-115.17238200010434,36.013735999976625],[-115.1760920000069,36.013605999987675],[-115.17738900019054,36.01346400024661],[-115.17858500009184,36.013268000030244],[-115.18058400043233,36.01317999999704],[-115.18049700039369,36.01107099985784],[-115.18048599962472,36.00978599990216],[-115.18053300037869,36.00761899968216],[-115.18124399985808,35.984300999907816],[-115.18130599978238,35.982913999951755],[-115.181757999694,35.967117000165246],[-115.18188499991561,35.96344899976106]]]},"properties":{"zcta":"89183"}},{"type":"Feature","geometry":{"type":"MultiPolygon","coordinates":[[[[-115.40577800034517,36.18890299973504],[-115.4065750000383,36.1744539999644],[-115.4056739996898,36.16668300018788],[-115.40516300022696,36.162468000134844],[-115.40387199989111,36.1616460000959],[-115.40085999994744,36.1588719999271],[-115.38865900001181,36.15885899990994],[-115.38828400009311,36.15368100013323],[-115.38413499979936,36.15372700004197],[-115.38320500003684,36.15371599964048],[-115.38318099974742,36.15285499982926],[-115.38266600008662,36.146494999855484],[-115.37281099992282,36.14956400021548],[-115.37214300010113,36.149792999673416],[-115.37159599975497,36.15003100027031],[-115.37130899969979,36.150178000150206],[-115.37021999992864,36.150837000237054],[-115.369183000036,36.15142199997387],[-115.36614000013017,36.1530980003241],[-115.36520899964445,36.15367299970484],[-115.36468899996075,36.154068000116254],[-115.36372300021324,36.154891000041026],[-115.36191700021658,36.15653800028671],[-115.36081000000377,36.157500000280606],[-115.36047100007005,36.15781599970729],[-115.36012600028855,36.15806199987119],[-115.35952399969078,36.15838999985619],[-115.35910899958908,36.15856899974692],[-115.35863099973821,36.1587280001742],[-115.35810799968148,36.15885600012879],[-115.35782499982426,36.158907000018495],[-115.357249999889,36.158956999707534],[-115.35484700021577,36.158973999652524],[-115.35204100013641,36.15894899981746],[-115.35024799966023,36.15896900026635],[-115.34119500011074,36.15896400015464],[-115.33837700033584,36.158986999650665],[-115.33707500012932,36.15897499981983],[-115.33725199968133,36.16331400004696],[-115.33724900020663,36.164487000015896],[-115.33735399978858,36.166709999869525],[-115.33744500002518,36.169181999968345],[-115.33752899969078,36.170361000002394],[-115.33755700017817,36.17142500026631],[-115.33759999983589,36.17195400005218],[-115.33769400044552,36.17269699997089],[-115.33787900039346,36.17370600012988],[-115.33812700009058,36.17470200005895],[-115.33842099981842,36.1756250000842],[-115.34120099995855,36.181527000081225],[-115.34197000006255,36.18365700020235],[-115.34252900010429,36.185786999683764],[-115.34260799974702,36.188418999890956],[-115.34240799973047,36.191623999956484],[-115.34165399969505,36.197094999661964],[-115.34068899977245,36.20441800035749],[-115.34053399996175,36.205172999700906],[-115.34032700027251,36.205855000068915],[-115.33998300031593,36.20673100026589],[-115.33973800009355,36.20723799982251],[-115.33939499996188,36.20783500001349],[-115.33907299974659,36.20831300003659],[-115.33875399990437,36.20874600009245],[-115.33814299998409,36.209465000241586],[-115.33776999971519,36.209841999915774],[-115.33701300020505,36.21048100025649],[-115.33623400005528,36.21110499995356],[-115.33312199965417,36.21348599970287],[-115.33186600037675,36.214485000201186],[-115.33053999988078,36.215659999670585],[-115.32905199990147,36.217318999900364],[-115.32816999981954,36.21838300003235],[-115.3295330001254,36.218394000052115],[-115.3303780003974,36.21837499968757],[-115.33415000022428,36.21841299968735],[-115.35196800034149,36.21796099975254],[-115.37052000040259,36.21820200027527],[-115.37063000000745,36.21070500031136],[-115.3888129999976,36.2104449997737],[-115.39186900032223,36.210468000104186],[-115.39192600022363,36.210481999766344],[-115.3920080002394,36.21046900033897],[-115.39770099969064,36.21051100004216],[-115.39770200041387,36.208893000016985],[-115.39765499965992,36.203274000240185],[-115.39728700031219,36.1960629996926],[-115.40315300001579,36.19609299993005],[-115.40316600043458,36.194668000242984],[-115.40607899974574,36.19465800022477],[-115.40577800034517,36.18890299973504]]],[[[-115.36948199978673,36.24801200000146],[-115.36948299961166,36.246198999850414],[-115.36045699982634,36.246136000051244],[-115.36044599995569,36.247961000178144],[-115.35598899969038,36.24788599965305],[-115.35599500043647,36.24972299989875],[-115.35150399983597,36.24964699988205],[-115.3515060003841,36.251484000022835],[-115.34694000033885,36.25149100016789],[-115.34693799979073,36.25059199979171],[-115.34513900036507,36.25093799981355],[-115.34471500004256,36.25107299992577],[-115.3442820003975,36.25117199995643],[-115.34357900041572,36.25123500004238],[-115.34158699974789,36.25126200027063],[-115.3405869996652,36.25131699968718],[-115.34021699976934,36.25135300019312],[-115.3395589999934,36.25151499972917],[-115.33904500015751,36.25158699981763],[-115.33861300033738,36.2516049996483],[-115.33848699994068,36.25164100002155],[-115.33815300002982,36.251811999938134],[-115.33790100013478,36.251993000141134],[-115.33771100016396,36.25217300022339],[-115.33756700022393,36.252335000232634],[-115.33745900026888,36.252597000001785],[-115.33735999963636,36.252749999712236],[-115.33723400013798,36.252839999657645],[-115.33694500043299,36.252939000347155],[-115.33631400042121,36.252975000105835],[-115.33589099992362,36.252939000347155],[-115.33558399977694,36.25288500031593],[-115.33534100010269,36.25277700014141],[-115.33499799997101,36.252479000280836],[-115.33439399972345,36.25200199964802],[-115.33389900015412,36.25170399972936],[-115.33359200000746,36.25158699981763],[-115.33330499995228,36.25151900001757],[-115.33347099963363,36.26247400006336],[-115.33348200040261,36.265474000166975],[-115.33348200040261,36.26552599967813],[-115.33327700036317,36.266155000312835],[-115.33342100030323,36.28431599985761],[-115.33334699978508,36.29180500028307],[-115.33358699998456,36.30627000035106],[-115.33357100009107,36.308160999919174],[-115.33406499983546,36.30813800010341],[-115.34268700028804,36.308103000150496],[-115.34271900007509,36.30617800026423],[-115.34249899996706,36.29529899981874],[-115.34477100011904,36.29526899998935],[-115.34469499995106,36.29161600030334],[-115.34242500034723,36.291653000254975],[-115.34243600021787,36.28802199996853],[-115.34470599982171,36.288000999940664],[-115.34471800041558,36.284386000096134],[-115.34698800001941,36.28438200004281],[-115.34699899989008,36.28078400012542],[-115.35153899999608,36.280809000159486],[-115.35157300033127,36.26254400033095],[-115.35598500039075,36.26255600022566],[-115.35598600021565,36.25887600019336],[-115.35820300011602,36.258889000267175],[-115.35821399998667,36.25521399964433],[-115.3604409999328,36.255232999750554],[-115.36046299967413,36.251571999834894],[-115.36494000003093,36.25161600006595],[-115.36498299968865,36.24798700033371],[-115.36948199978673,36.24801200000146]]]]},"properties":{"zcta":"89138"}},{"type":"Feature","geometry":{"type":"Polygon","coordinates":[[[-115.32331699971911,36.16376700013253],[-115.32320299991628,36.16334499988487],[-115.32314900038793,36.16306100032636],[-115.3231069996568,36.1626789996396],[-115.3230909997633,36.16074500035231],[-115.32223799999369,36.160758000056745],[-115.32176900036363,36.160805999728],[-115.32131300025404,36.16090600027827],[-115.32029300007986,36.16123899993644],[-115.31978500009174,36.161368000279865],[-115.31926399968484,36.16145200011952],[-115.3187339999554,36.16149299987041],[-115.31833700029537,36.16149600027588],[-115.31803799964632,36.16148000028779],[-115.31769200003991,36.16143899980484],[-115.31647900042019,36.161205999713296],[-115.31597599955663,36.16114499992357],[-115.3152700001001,36.16111799977559],[-115.31431900042121,36.161120000055504],[-115.31408300041967,36.158946000039755],[-115.29140700017918,36.159021999690715],[-115.29141999969963,36.15981299991042],[-115.28938899957211,36.15983800019527],[-115.28935000011234,36.16164100015485],[-115.28816900027968,36.16169000014337],[-115.28815000001309,36.162264000214606],[-115.28533800008594,36.16226799999062],[-115.2853480001317,36.160842999968224],[-115.28453399982183,36.16085699979972],[-115.2802230000447,36.16085500023842],[-115.27988599976081,36.16095899984371],[-115.28004499976947,36.160730999775524],[-115.28016299977025,36.160505000065065],[-115.28028900016695,36.160035000275414],[-115.28032000012908,36.15978800034284],[-115.28032099995397,36.15965099975699],[-115.28026900007546,36.15911499990772],[-115.27960999957628,36.15912799988249],[-115.2778499996104,36.15912399994628],[-115.27786200020427,36.16078599974767],[-115.27780000028,36.16089600030152],[-115.27769499979968,36.1609599999857],[-115.27691900002296,36.16094799973158],[-115.27694599978715,36.161757999706666],[-115.27681100006795,36.16179299996019],[-115.27681699991571,36.16271599972109],[-115.2756960003575,36.16272500007146],[-115.27563299971,36.16272399995204],[-115.27570899987798,36.16100800025849],[-115.27566299984721,36.16089000016983],[-115.27174899973014,36.16090199970754],[-115.271753999753,36.15998700013211],[-115.27103999990055,36.15999200017865],[-115.27108699975625,36.15987000011311],[-115.27114000035799,36.15963900002779],[-115.27115700007641,36.159410000310636],[-115.27115100022864,36.159140999855055],[-115.267297000386,36.15914300018542],[-115.26260900014199,36.159173000057386],[-115.2603689997771,36.159161000255025],[-115.2578630001717,36.15918800035172],[-115.25242699974007,36.159164000024454],[-115.24357500003202,36.159183000253904],[-115.2437469995612,36.161272000145686],[-115.24398400028595,36.163551000110886],[-115.24410300011165,36.16492100029051],[-115.24414300029463,36.166441999877634],[-115.24422899961002,36.172002000119235],[-115.24376199962981,36.17201800013505],[-115.24378799956907,36.17223700002319],[-115.2435840002529,36.17223400002885],[-115.24359000010067,36.17201700013414],[-115.2421980003808,36.17200900012656],[-115.2422269997948,36.17361999968355],[-115.24223500019072,36.17368299987644],[-115.24228600024435,36.17375799976378],[-115.2422340003658,36.17375499982767],[-115.24222299959685,36.174976999828],[-115.24317199962591,36.175898000336765],[-115.24372300017006,36.17659700020959],[-115.24380900038378,36.176679999739854],[-115.24405799990582,36.176482000217185],[-115.24456400024413,36.176841000290295],[-115.24508599957761,36.17712499995035],[-115.24575599994742,36.17743399977965],[-115.2462399996461,36.17759500023097],[-115.24668700043316,36.177716000334385],[-115.24788900018224,36.17788299976268],[-115.25303400036071,36.17790600023353],[-115.25433700039213,36.177928999972494],[-115.25556699973028,36.17804799971227],[-115.25829099979386,36.178394000183275],[-115.25875699994921,36.17843100009713],[-115.26013399960044,36.17846899991203],[-115.26122400009484,36.17840200026415],[-115.2626590003707,36.17825900005558],[-115.26337099967505,36.17816799991877],[-115.26553999989484,36.1779389999515],[-115.26634199961084,36.17789600025031],[-115.27741699996534,36.17771299982469],[-115.27787899992269,36.17768700023676],[-115.2787939996166,36.177592999646414],[-115.28049300038143,36.17733899967795],[-115.28108099983719,36.177275000315404],[-115.2817229997196,36.17722799978714],[-115.28316899986615,36.17728600031152],[-115.28717199967168,36.177662999772764],[-115.28717699969458,36.177086000272496],[-115.28706000041701,36.17402900004439],[-115.28706700008969,36.17344000009638],[-115.28700599999033,36.169685000323554],[-115.28702100005896,36.16880600035518],[-115.28704000032553,36.16858400017257],[-115.28708200015834,36.16835599980083],[-115.28713400003686,36.168188999648436],[-115.28739599997768,36.167545999834104],[-115.28748200019139,36.16739400030602],[-115.28768200020795,36.16712300028724],[-115.28792400005729,36.166868999740146],[-115.28801399957067,36.16679699998919],[-115.28838600001467,36.16705500030141],[-115.2887850002228,36.16726000014358],[-115.28917699985999,36.16739400030602],[-115.28954400028111,36.16746999974429],[-115.29006200031498,36.16750500034822],[-115.29206900015306,36.167404000179054],[-115.29250900036912,36.16739999993988],[-115.2930359997255,36.16745599964337],[-115.29354600026176,36.16757800023153],[-115.29402599976244,36.167763999835486],[-115.29447699984917,36.16801200007123],[-115.2947410003381,36.16820399966801],[-115.29579800032224,36.169055000233215],[-115.2962460000359,36.16933799979523],[-115.29661000008397,36.16951600003663],[-115.29706199999559,36.16968300026219],[-115.29726299983705,36.16973999981478],[-115.29792099961297,36.169876000144775],[-115.29871900002931,36.16992600008943],[-115.2998870003415,36.169958000240314],[-115.30272600003283,36.17000700010609],[-115.30993699960065,36.17005599994129],[-115.31036099992319,36.17003100001439],[-115.31071099972755,36.169983000190435],[-115.31118899957843,36.169875000116534],[-115.31151900018963,36.16976899995297],[-115.31183600038203,36.16963999965624],[-115.31225399995849,36.16942399986459],[-115.31356399966258,36.16858400017257],[-115.31392900043387,36.16840599999],[-115.31431500022323,36.168261000296255],[-115.31471799973106,36.16814899982403],[-115.31880500010051,36.16720300023772],[-115.31915300025507,36.16714600029046],[-115.31957699967928,36.16711100025138],[-115.3200019998267,36.16711100025138],[-115.32028499968393,36.16713100006841],[-115.32083399967992,36.16721799972077],[-115.32216699984858,36.16750400028978],[-115.32224700021453,36.16734500025692],[-115.32245499972865,36.16671300007532],[-115.32123000041338,36.16390600026153],[-115.32331699971911,36.16376700013253]]]},"properties":{"zcta":"89145"}},{"type":"Feature","geometry":{"type":"Polygon","coordinates":[[[-115.32619700031663,36.1220109997046],[-115.326619000091,36.12147999983798],[-115.32513600013453,36.12082199980217],[-115.32461399990272,36.12061599981979],[-115.32410900028766,36.12044000019576],[-115.3228589999597,36.12006199993351],[-115.32112400010816,36.11962199993158],[-115.32080100006797,36.119551000287345],[-115.32018299957667,36.119449000093276],[-115.31899300042147,36.11927399997806],[-115.31577499971516,36.11887899998442],[-115.3149450004101,36.118794000313834],[-115.31491899957251,36.117073999674425],[-115.31487099989194,36.116140999940995],[-115.31493000034149,36.11481299987892],[-115.31499200026576,36.10924700012452],[-115.31506800043377,36.10620199989888],[-115.31514200005358,36.1051979999102],[-115.31519399993212,36.10376899979441],[-115.31518499971128,36.101534000362015],[-115.31523900013796,36.10022399990023],[-115.31086200023859,36.100142000210994],[-115.31093099983558,36.0963979998321],[-115.30809799999203,36.09637599964936],[-115.30804699993841,36.09821299986619],[-115.30795099967894,36.09823500026049],[-115.30636899998827,36.098232999828966],[-115.30629700001826,36.10009899995026],[-115.30489100005468,36.10012899989831],[-115.30266499993347,36.10010100033428],[-115.29982600024215,36.100021999644035],[-115.29798000006252,36.10006099990283],[-115.29538200039562,36.100030999928826],[-115.29459099965199,36.10006099990283],[-115.2930850001293,36.10004700010992],[-115.29213600010023,36.10006300028781],[-115.28376899991578,36.100036000167194],[-115.28149799958871,36.10004800030259],[-115.2801259999603,36.100083999971915],[-115.2759859998874,36.099970999946386],[-115.27231799981762,36.099891999851266],[-115.27174299988235,36.09986199981269],[-115.2691000000096,36.09981900012457],[-115.26109699987323,36.09960100001007],[-115.2538510001453,36.09964900008054],[-115.25323799967688,36.09966500033948],[-115.2524490003797,36.09973000008764],[-115.25209200000434,36.099739999876626],[-115.24744899996618,36.09977999974564],[-115.24306299984596,36.09979499978203],[-115.24314800023478,36.10023199997157],[-115.2431549999075,36.10089700033029],[-115.24311100042486,36.103837000209694],[-115.24304899960228,36.11062600003362],[-115.24302799968588,36.11475600031736],[-115.24305600017328,36.12572699992715],[-115.25447200011132,36.125617000113614],[-115.25609200033514,36.1255890002024],[-115.26099099956804,36.12555899982003],[-115.26504799980025,36.1256210003074],[-115.26926099966809,36.12571599995276],[-115.27056899972236,36.125725000195814],[-115.27299200038541,36.12578799969139],[-115.27937399957474,36.12591300011875],[-115.28247699975502,36.125887999904066],[-115.28346500014214,36.12593099983303],[-115.29704000025427,36.12610700020791],[-115.31309800040555,36.12617600000806],[-115.31304999982667,36.12381100026392],[-115.3129739996587,36.12253000000646],[-115.31477700018061,36.122542000333596],[-115.31692700013384,36.12249399973974],[-115.31763299959034,36.12243899976398],[-115.31945399965564,36.12225100022872],[-115.31990899994031,36.12224799977322],[-115.32016800040637,36.1222660003278],[-115.32042500032433,36.12230000015486],[-115.32080299971778,36.12237599975758],[-115.32208700038093,36.12275299985973],[-115.3224380000102,36.12281800009467],[-115.3235639995913,36.12298199993483],[-115.32381499966145,36.123036000355874],[-115.32430000008335,36.123185999718],[-115.32513600013453,36.12351600020831],[-115.32619700031663,36.1220109997046]]]},"properties":{"zcta":"89147"}},{"type":"Feature","geometry":{"type":"Polygon","coordinates":[[[-115.31576200019471,36.07005500005401],[-115.3157689998674,36.03315900024544],[-115.30681699970192,36.03337199992048],[-115.30691200013649,36.03356199984029],[-115.30693899990068,36.0345769996768],[-115.30700699967274,36.03458400031664],[-115.30699300032734,36.03519400013377],[-115.30730999962144,36.03518400012719],[-115.30733100043615,36.03572700024342],[-115.30759400020187,36.03574399999129],[-115.30761000009541,36.036090999769215],[-115.30771800005044,36.036132000332785],[-115.30772200024839,36.037449999955996],[-115.30778900019553,36.03801700002313],[-115.30781299958669,36.03864699999104],[-115.30779900024129,36.039229999638295],[-115.30772200024839,36.04027900023914],[-115.30781599995974,36.04027900023914],[-115.30780599991398,36.04058600019319],[-115.29941000031552,36.04067700006556],[-115.29930200036051,36.04078099979087],[-115.29903000037395,36.04094900028628],[-115.2989519996578,36.04090900026999],[-115.29871200035663,36.040835000041106],[-115.29856699969335,36.04082900017652],[-115.29830800012557,36.04082200009186],[-115.29760599996871,36.04085200013909],[-115.29687000037497,36.040859999713945],[-115.29685399958312,36.04049500021572],[-115.29697199958389,36.038101999886294],[-115.29708799993485,36.03692199977787],[-115.2972810002787,36.03366800013932],[-115.29774400006097,36.02331599967885],[-115.29788700017609,36.02047600026281],[-115.2972820001036,36.02044899970221],[-115.29556599962032,36.02043300003837],[-115.29323599974204,36.02038500030087],[-115.2792239997869,36.020289999765374],[-115.27914900034214,36.02079099982258],[-115.27908700041787,36.022695000287605],[-115.27898600013553,36.023611000192645],[-115.27957199994144,36.02362100021535],[-115.28078799993422,36.02367799973923],[-115.28196299991912,36.02368600033189],[-115.28249799967142,36.02365900014472],[-115.28229299963198,36.02618299995737],[-115.27877400042344,36.02615399981393],[-115.27872599984454,36.027903999901866],[-115.27879299979168,36.02983100020639],[-115.27887599963236,36.03350599978924],[-115.27886700030984,36.03483899985028],[-115.2789350000819,36.037160000293575],[-115.27894199975461,36.038958000017296],[-115.27909400009057,36.04807300027688],[-115.27917699993125,36.055558000012766],[-115.28253700002945,36.05551900018947],[-115.28355300000571,36.05552200028832],[-115.28354399978488,36.05587900033766],[-115.28297999972024,36.055885999809846],[-115.28301200040562,36.05713399980866],[-115.28368500025016,36.057121999658484],[-115.28368000022732,36.05751900002394],[-115.28373100028092,36.05920399978002],[-115.28094399956983,36.059218000310835],[-115.27924999972618,36.059242999955735],[-115.2793719999249,36.06627699989418],[-115.27942499962835,36.068434999806165],[-115.27940500043519,36.07038000015541],[-115.28401400013816,36.070339999846794],[-115.2839630000845,36.07404899966502],[-115.27935500020648,36.07408500035172],[-115.27931900022145,36.07778800003855],[-115.27926700034293,36.081025000208705],[-115.2792740000156,36.08150600022152],[-115.27920500041866,36.08521299971602],[-115.27920100022068,36.086599999696745],[-115.27923499965755,36.087504999972765],[-115.27924600042653,36.08893500002598],[-115.28248299960279,36.08892900019892],[-115.28379400003014,36.088905000160025],[-115.28383599986292,36.0917040001997],[-115.28389699996228,36.091943999697065],[-115.28402400018388,36.09210800012987],[-115.28416300010106,36.09224900004244],[-115.28437999983605,36.092417000272185],[-115.28378599963419,36.09261899975319],[-115.28039999959671,36.09263199985652],[-115.28037100018271,36.100077000077874],[-115.28149799958871,36.10004800030259],[-115.28376899991578,36.100036000167194],[-115.29213600010023,36.10006300028781],[-115.2930850001293,36.10004700010992],[-115.29459099965199,36.10006099990283],[-115.29538200039562,36.100030999928826],[-115.29798000006252,36.10006099990283],[-115.29982600024215,36.100021999644035],[-115.30266499993347,36.10010100033428],[-115.30489100005468,36.10012899989831],[-115.30629700001826,36.10009899995026],[-115.30636899998827,36.098232999828966],[-115.30795099967894,36.09823500026049],[-115.30804699993841,36.09821299986619],[-115.30809799999203,36.09637599964936],[-115.31093099983558,36.0963979998321],[-115.31086200023859,36.100142000210994],[-115.31523900013796,36.10022399990023],[-115.31536999965924,36.09347199985355],[-115.31532399962848,36.092621999888905],[-115.31534799991792,36.09115099993826],[-115.31539399994865,36.088899000330656],[-115.31543300030674,36.08764299983171],[-115.31546400026888,36.08729600010913],[-115.3154800001624,36.086757999671875],[-115.31545400022311,36.08512900029584],[-115.31545900024601,36.08324699976206],[-115.31557499969863,36.0793800003532],[-115.31568799967656,36.0743830002803],[-115.31564699966866,36.07370900027307],[-115.31576200019471,36.07005500005401]]]},"properties":{"zcta":"89148"}}]}